-- MySQL dump 10.13  Distrib 8.0.45, for Linux (x86_64)
--
-- Host: localhost    Database: eebra780_development
-- ------------------------------------------------------
-- Server version	8.0.45-0ubuntu0.24.04.1

/*!40101 SET @OLD_CHARACTER_SET_CLIENT=@@CHARACTER_SET_CLIENT */;
/*!40101 SET @OLD_CHARACTER_SET_RESULTS=@@CHARACTER_SET_RESULTS */;
/*!40101 SET @OLD_COLLATION_CONNECTION=@@COLLATION_CONNECTION */;
/*!50503 SET NAMES utf8mb4 */;
/*!40103 SET @OLD_TIME_ZONE=@@TIME_ZONE */;
/*!40103 SET TIME_ZONE='+00:00' */;
/*!40014 SET @OLD_UNIQUE_CHECKS=@@UNIQUE_CHECKS, UNIQUE_CHECKS=0 */;
/*!40014 SET @OLD_FOREIGN_KEY_CHECKS=@@FOREIGN_KEY_CHECKS, FOREIGN_KEY_CHECKS=0 */;
/*!40101 SET @OLD_SQL_MODE=@@SQL_MODE, SQL_MODE='NO_AUTO_VALUE_ON_ZERO' */;
/*!40111 SET @OLD_SQL_NOTES=@@SQL_NOTES, SQL_NOTES=0 */;

--
-- Table structure for table `cache`
--

DROP TABLE IF EXISTS `cache`;
/*!40101 SET @saved_cs_client     = @@character_set_client */;
/*!50503 SET character_set_client = utf8mb4 */;
CREATE TABLE `cache` (
  `key` varchar(255) COLLATE utf8mb4_unicode_ci NOT NULL,
  `value` mediumtext COLLATE utf8mb4_unicode_ci NOT NULL,
  `expiration` int NOT NULL,
  PRIMARY KEY (`key`)
) ENGINE=InnoDB DEFAULT CHARSET=utf8mb4 COLLATE=utf8mb4_unicode_ci;
/*!40101 SET character_set_client = @saved_cs_client */;

--
-- Dumping data for table `cache`
--

LOCK TABLES `cache` WRITE;
/*!40000 ALTER TABLE `cache` DISABLE KEYS */;
INSERT INTO `cache` VALUES ('evangelism-explosion-cache-468cd3cd90cacfb88de026244f4aea90','i:1;',1770810196),('evangelism-explosion-cache-468cd3cd90cacfb88de026244f4aea90:timer','i:1770810196;',1770810196);
/*!40000 ALTER TABLE `cache` ENABLE KEYS */;
UNLOCK TABLES;

--
-- Table structure for table `cache_locks`
--

DROP TABLE IF EXISTS `cache_locks`;
/*!40101 SET @saved_cs_client     = @@character_set_client */;
/*!50503 SET character_set_client = utf8mb4 */;
CREATE TABLE `cache_locks` (
  `key` varchar(255) COLLATE utf8mb4_unicode_ci NOT NULL,
  `owner` varchar(255) COLLATE utf8mb4_unicode_ci NOT NULL,
  `expiration` int NOT NULL,
  PRIMARY KEY (`key`)
) ENGINE=InnoDB DEFAULT CHARSET=utf8mb4 COLLATE=utf8mb4_unicode_ci;
/*!40101 SET character_set_client = @saved_cs_client */;

--
-- Dumping data for table `cache_locks`
--

LOCK TABLES `cache_locks` WRITE;
/*!40000 ALTER TABLE `cache_locks` DISABLE KEYS */;
/*!40000 ALTER TABLE `cache_locks` ENABLE KEYS */;
UNLOCK TABLES;

--
-- Table structure for table `categories`
--

DROP TABLE IF EXISTS `categories`;
/*!40101 SET @saved_cs_client     = @@character_set_client */;
/*!50503 SET character_set_client = utf8mb4 */;
CREATE TABLE `categories` (
  `id` bigint unsigned NOT NULL AUTO_INCREMENT,
  `name` varchar(255) COLLATE utf8mb4_unicode_ci NOT NULL,
  `created_at` timestamp NULL DEFAULT NULL,
  `updated_at` timestamp NULL DEFAULT NULL,
  PRIMARY KEY (`id`)
) ENGINE=InnoDB DEFAULT CHARSET=utf8mb4 COLLATE=utf8mb4_unicode_ci;
/*!40101 SET character_set_client = @saved_cs_client */;

--
-- Dumping data for table `categories`
--

LOCK TABLES `categories` WRITE;
/*!40000 ALTER TABLE `categories` DISABLE KEYS */;
/*!40000 ALTER TABLE `categories` ENABLE KEYS */;
UNLOCK TABLES;

--
-- Table structure for table `category_material`
--

DROP TABLE IF EXISTS `category_material`;
/*!40101 SET @saved_cs_client     = @@character_set_client */;
/*!50503 SET character_set_client = utf8mb4 */;
CREATE TABLE `category_material` (
  `category_id` bigint unsigned DEFAULT NULL,
  `material_id` bigint unsigned DEFAULT NULL,
  KEY `category_material_category_id_foreign` (`category_id`),
  KEY `category_material_material_id_foreign` (`material_id`),
  CONSTRAINT `category_material_category_id_foreign` FOREIGN KEY (`category_id`) REFERENCES `categories` (`id`) ON DELETE CASCADE ON UPDATE CASCADE,
  CONSTRAINT `category_material_material_id_foreign` FOREIGN KEY (`material_id`) REFERENCES `materials` (`id`) ON DELETE CASCADE ON UPDATE CASCADE
) ENGINE=InnoDB DEFAULT CHARSET=utf8mb4 COLLATE=utf8mb4_unicode_ci;
/*!40101 SET character_set_client = @saved_cs_client */;

--
-- Dumping data for table `category_material`
--

LOCK TABLES `category_material` WRITE;
/*!40000 ALTER TABLE `category_material` DISABLE KEYS */;
/*!40000 ALTER TABLE `category_material` ENABLE KEYS */;
UNLOCK TABLES;

--
-- Table structure for table `church_missionary`
--

DROP TABLE IF EXISTS `church_missionary`;
/*!40101 SET @saved_cs_client     = @@character_set_client */;
/*!50503 SET character_set_client = utf8mb4 */;
CREATE TABLE `church_missionary` (
  `church_id` bigint unsigned DEFAULT NULL,
  `user_id` bigint unsigned DEFAULT NULL,
  KEY `church_missionary_church_id_foreign` (`church_id`),
  KEY `church_missionary_user_id_foreign` (`user_id`),
  CONSTRAINT `church_missionary_church_id_foreign` FOREIGN KEY (`church_id`) REFERENCES `churches` (`id`) ON DELETE CASCADE ON UPDATE CASCADE,
  CONSTRAINT `church_missionary_user_id_foreign` FOREIGN KEY (`user_id`) REFERENCES `users` (`id`) ON DELETE CASCADE ON UPDATE CASCADE
) ENGINE=InnoDB DEFAULT CHARSET=utf8mb4 COLLATE=utf8mb4_unicode_ci;
/*!40101 SET character_set_client = @saved_cs_client */;

--
-- Dumping data for table `church_missionary`
--

LOCK TABLES `church_missionary` WRITE;
/*!40000 ALTER TABLE `church_missionary` DISABLE KEYS */;
/*!40000 ALTER TABLE `church_missionary` ENABLE KEYS */;
UNLOCK TABLES;

--
-- Table structure for table `church_temps`
--

DROP TABLE IF EXISTS `church_temps`;
/*!40101 SET @saved_cs_client     = @@character_set_client */;
/*!50503 SET character_set_client = utf8mb4 */;
CREATE TABLE `church_temps` (
  `id` bigint unsigned NOT NULL AUTO_INCREMENT,
  `name` varchar(255) COLLATE utf8mb4_unicode_ci NOT NULL,
  `pastor` varchar(255) COLLATE utf8mb4_unicode_ci DEFAULT NULL,
  `email` varchar(255) COLLATE utf8mb4_unicode_ci DEFAULT NULL,
  `phone` varchar(255) COLLATE utf8mb4_unicode_ci DEFAULT NULL,
  `street` varchar(255) COLLATE utf8mb4_unicode_ci DEFAULT NULL,
  `number` varchar(255) COLLATE utf8mb4_unicode_ci DEFAULT NULL,
  `complement` varchar(255) COLLATE utf8mb4_unicode_ci DEFAULT NULL,
  `district` varchar(255) COLLATE utf8mb4_unicode_ci DEFAULT NULL,
  `city` varchar(255) COLLATE utf8mb4_unicode_ci DEFAULT NULL,
  `state` varchar(255) COLLATE utf8mb4_unicode_ci DEFAULT NULL,
  `postal_code` varchar(255) COLLATE utf8mb4_unicode_ci DEFAULT NULL,
  `contact` varchar(255) COLLATE utf8mb4_unicode_ci DEFAULT NULL,
  `contact_phone` varchar(255) COLLATE utf8mb4_unicode_ci DEFAULT NULL,
  `contact_email` varchar(255) COLLATE utf8mb4_unicode_ci DEFAULT NULL,
  `notes` text COLLATE utf8mb4_unicode_ci,
  `logo` varchar(255) COLLATE utf8mb4_unicode_ci DEFAULT NULL,
  `created_at` timestamp NULL DEFAULT NULL,
  `updated_at` timestamp NULL DEFAULT NULL,
  PRIMARY KEY (`id`)
) ENGINE=InnoDB DEFAULT CHARSET=utf8mb4 COLLATE=utf8mb4_unicode_ci;
/*!40101 SET character_set_client = @saved_cs_client */;

--
-- Dumping data for table `church_temps`
--

LOCK TABLES `church_temps` WRITE;
/*!40000 ALTER TABLE `church_temps` DISABLE KEYS */;
/*!40000 ALTER TABLE `church_temps` ENABLE KEYS */;
UNLOCK TABLES;

--
-- Table structure for table `churches`
--

DROP TABLE IF EXISTS `churches`;
/*!40101 SET @saved_cs_client     = @@character_set_client */;
/*!50503 SET character_set_client = utf8mb4 */;
CREATE TABLE `churches` (
  `id` bigint unsigned NOT NULL AUTO_INCREMENT,
  `name` varchar(255) COLLATE utf8mb4_unicode_ci NOT NULL,
  `pastor` varchar(255) COLLATE utf8mb4_unicode_ci DEFAULT NULL,
  `email` varchar(255) COLLATE utf8mb4_unicode_ci DEFAULT NULL,
  `phone` varchar(255) COLLATE utf8mb4_unicode_ci DEFAULT NULL,
  `street` varchar(255) COLLATE utf8mb4_unicode_ci DEFAULT NULL,
  `number` varchar(255) COLLATE utf8mb4_unicode_ci DEFAULT NULL,
  `complement` varchar(255) COLLATE utf8mb4_unicode_ci DEFAULT NULL,
  `district` varchar(255) COLLATE utf8mb4_unicode_ci DEFAULT NULL,
  `city` varchar(255) COLLATE utf8mb4_unicode_ci DEFAULT NULL,
  `state` varchar(255) COLLATE utf8mb4_unicode_ci DEFAULT NULL,
  `postal_code` varchar(255) COLLATE utf8mb4_unicode_ci DEFAULT NULL,
  `contact` varchar(255) COLLATE utf8mb4_unicode_ci DEFAULT NULL,
  `contact_phone` varchar(255) COLLATE utf8mb4_unicode_ci DEFAULT NULL,
  `contact_email` varchar(255) COLLATE utf8mb4_unicode_ci DEFAULT NULL,
  `notes` text COLLATE utf8mb4_unicode_ci,
  `logo` varchar(255) COLLATE utf8mb4_unicode_ci DEFAULT NULL,
  `created_at` timestamp NULL DEFAULT NULL,
  `updated_at` timestamp NULL DEFAULT NULL,
  PRIMARY KEY (`id`)
) ENGINE=InnoDB AUTO_INCREMENT=27 DEFAULT CHARSET=utf8mb4 COLLATE=utf8mb4_unicode_ci;
/*!40101 SET character_set_client = @saved_cs_client */;

--
-- Dumping data for table `churches`
--

LOCK TABLES `churches` WRITE;
/*!40000 ALTER TABLE `churches` DISABLE KEYS */;
INSERT INTO `churches` VALUES (1,'Primeira Igreja Batista do Ingá','Pr. Edimar Guimarães Pereira','secretaria@pibinga.org.br','2126211268','Rua Doutor Paulo Alves','125',NULL,'Ingá','Niterói','RJ','24210445','Secretaria','21984945914','secretaria@pibinga.org.br','Site: pibinga.org.br | Tel.: (21) 2621-1268 | WhatsApp: (21) 98494-5914 | End.: Rua Doutor Paulo Alves, 125 - Ingá - Niterói/RJ - CEP 24210-445 | Email do pastor (Atos6): ediguimaraes@yahoo.com.br','https://ik.imagekit.io/a6/uploads/organization/avatar/3744/4a5753cf-8004-42e6-8519-3af3d27734ff.jpg?tr=h-100%2Cw-100','2026-02-11 04:40:26','2026-02-11 04:40:26'),(2,'Primeira Igreja Batista de Niterói','Pr. Paschoal Piragine Júnior','secretaria@pibn.org.br','2127220355','Av. Marquês do Paraná','225',NULL,'Centro','Niterói','RJ','24030215','Secretaria','21984976149','secretaria@pibn.org.br','Site: pibn.org.br | End.: Av. Marquês do Paraná, 225 - Centro - Niterói/RJ - CEP 24030-215 | Tel.: (21) 2722-0355 | WhatsApp: (21) 98497-6149 | Cultos (perfil público): Dom 10h e 19h | Qua 19h30',NULL,'2026-02-11 04:40:26','2026-02-11 04:40:26'),(3,'Primeira Igreja Batista em Heliópolis','Pr. Davidson Freitas','equipecomunicacao.pibh@gmail.com','2127611176','Rua Madame Mariana','116',NULL,'Heliópolis','Belford Roxo','RJ','26123710','Equipe de Comunicação','2127611176','equipecomunicacao.pibh@gmail.com','Site: pibheliopolis.org.br | End.: Rua Madame Mariana, 116 - Heliópolis - Belford Roxo/RJ - CEP 26123-710 | Tel.: (21) 2761-1176 | Cultos (perfil público): Dom 8h30 e 18h | Qua 19h30','https://yata-apix-a12c0cf0-3df6-47d2-95b4-5d3fee0f4766.s3-object.locaweb.com.br/e1f68fe4032f4cbcb93c0568c979563f.png','2026-02-11 04:40:26','2026-02-11 04:40:26'),(4,'Primeira Igreja Batista em Itaipu','Pr. Marcos Caldeira Tristão','secretaria@pibitaipu.com.br','2127099149','Estrada Francisco da Cruz Nunes','308',NULL,'Itaipu','Niterói','RJ','24355160','Secretaria','2127099149','secretaria@pibitaipu.com.br','Site: pibitaipu.com.br | End.: Estrada Francisco da Cruz Nunes, 308 - Itaipu - Niterói/RJ - CEP 24355-160 | Tel.: (21) 2709-9149 | Cultos (perfil público): Dom 10h30 e 19h30 | Qua 20h',NULL,'2026-02-11 04:40:26','2026-02-11 04:40:26'),(5,'Igreja Batista Memorial em Rondonópolis','Pr. Cleverson Rodrigues','batistamemorialroo@gmail.com','66996911400','Avenida Guarapuava','1087',NULL,'Jardim Iguassu','Rondonópolis','MT','78730312','Secretaria','66996911400','batistamemorialroo@gmail.com','Site: ibmroo.com | End.: Av. Guarapuava, 1087 - Jardim Iguassu - Rondonópolis/MT - CEP 78730-312 | Tel./WhatsApp: (66) 99691-1400 | Programação (perfil público): Dom EBD 8h45 | Cultos 10h e 19h | Qua 19h30 | Sex Pequenos Grupos 19h30',NULL,'2026-02-11 04:40:26','2026-02-11 04:40:26'),(6,'First Baptist Church Atlanta','Dr. Anthony George',NULL,'7702348300','North Peachtree Road','4400',NULL,'Dunwoody','Atlanta','GA','30338','Church Office','7702348300',NULL,'Site oficial: https://www.fba.org | Endereço oficial: 4400 North Peachtree Road, Atlanta, GA 30338 | Telefone oficial: 770.234.8300 | Senior Pastor: Dr. Anthony George | Fundada em 1848.',NULL,'2026-02-11 04:40:26','2026-02-11 04:40:26'),(7,'Igreja Presbiteriana Memorial de Recife','Pr. Rafael Souza','memorial.recife@ministerio.com.br','31957595979','Alameda Santos Dumont','1150',NULL,'Centro','Recife','PE','23883210','Tiago Carvalho','71927546402','tiago.carvalho@hotmail.com',NULL,NULL,'2026-02-11 04:40:26','2026-02-11 04:40:26'),(8,'Igreja do Nazareno Memorial de Fortaleza','Pr. Larissa Pereira','memorial.fortaleza@comunidade.com.br','31980908366','Travessa Rio Branco','1015','Sala 101','Bela Vista','Fortaleza','CE','76814519','Renata Oliveira','81946372418','renata.oliveira@hotmail.com',NULL,NULL,'2026-02-11 04:40:26','2026-02-11 04:40:26'),(9,'Igreja Batista Esperanca de Belem','Pr. Marcos Gomes','esperanca.belem@ministerio.com.br','51930961499','Avenida Getulio Vargas','8653','Anexo A','Jardim das Oliveiras','Belem','PA','99119955','Isabela Dias','41922169498','isabela.dias@uol.com.br',NULL,NULL,'2026-02-11 04:40:26','2026-02-11 04:40:26'),(10,'Igreja Assembleia de Deus Vila Nova de Belo Horizonte','Pr. Mariana Rocha','vila.nova.belo.horizonte@ministerio.com.br','81913891291','Alameda Rio Branco','7803',NULL,'Nova Esperanca','Belo Horizonte','MG','61515272','Daniel Santana','41988315736','daniel.santana@outlook.com',NULL,NULL,'2026-02-11 04:40:26','2026-02-11 04:40:26'),(11,'Igreja do Nazareno Jardim de Brasilia','Pr. Tiago Silva','jardim.brasilia@comunidade.com.br','81902019752','Travessa das Flores','2109',NULL,'Nova Esperanca','Brasilia','DF','11102148','Rafael Ramos','91979741583','rafael.ramos@outlook.com',NULL,NULL,'2026-02-11 04:40:26','2026-02-11 04:40:26'),(12,'Igreja Batista Esperanca de Fortaleza','Pr. Fernanda Gomes','esperanca.fortaleza@igreja.org.br','51930966539','Rua dos Ipês','4333',NULL,'Nova Esperanca','Fortaleza','CE','07459255','Isabela Lima','71922941311','isabela.lima@uol.com.br',NULL,NULL,'2026-02-11 04:40:26','2026-02-11 04:40:26'),(13,'Igreja Batista Monte Sinai de Salvador','Pr. Carlos Martins','monte.sinai.salvador@ministerio.com.br','61930644892','Avenida das Flores','4558',NULL,'Bela Vista','Salvador','BA','12939241','Andre Rocha','91925769713','andre.rocha@gmail.com','Velit enim deleniti voluptatem error doloremque in porro aut atque ad quo temporibus dolor perspiciatis.',NULL,'2026-02-11 04:40:26','2026-02-11 04:40:26'),(14,'Igreja Batista Memorial de Rio de Janeiro','Pr. Joao Pereira','memorial.rio.de.janeiro@ministerio.com.br','91925528450','Avenida Dom Pedro II','7192',NULL,'Nova Esperanca','Rio de Janeiro','RJ','11481843','Amanda Pereira','21913901889','amanda.pereira@hotmail.com','Rem sint eveniet eos tenetur illo consequatur molestiae officia provident fuga sit.',NULL,'2026-02-11 04:40:26','2026-02-11 04:40:26'),(15,'Igreja do Nazareno Nova Alianca de Curitiba','Pr. Gabriel Oliveira','nova.alianca.curitiba@comunidade.com.br','71935664928','Alameda das Flores','2963',NULL,'Bela Vista','Curitiba','PR','83264170','Isabela Carvalho','11918727514','isabela.carvalho@uol.com.br',NULL,NULL,'2026-02-11 04:40:26','2026-02-11 04:40:26'),(16,'Igreja Presbiteriana Vila Nova de Brasilia','Pr. Lucas Pereira','vila.nova.brasilia@igreja.org.br','21969834955','Avenida Independencia','2132',NULL,'Jardim das Oliveiras','Brasilia','DF','01516921','Lucas Dias','51910832895','lucas.dias@outlook.com',NULL,NULL,'2026-02-11 04:40:26','2026-02-11 04:40:26'),(17,'Igreja Batista Nova Alianca de Curitiba','Pr. Patricia Silva','nova.alianca.curitiba@igreja.org.br','91926084527','Avenida Sete de Setembro','3333',NULL,'Nova Esperanca','Curitiba','PR','76250756','Fernanda Santana','41975039682','fernanda.santana@gmail.com','Ea laborum rerum vitae quo quidem et sed quod repellat.',NULL,'2026-02-11 04:40:26','2026-02-11 04:40:26'),(18,'Igreja Comunidade Crista Central de Recife','Pr. Andre Almeida','central.recife@ministerio.com.br','81913254884','Avenida Paulista','7902','Anexo A','Santa Clara','Recife','PE','82206713','Henrique Dias','21936483688','henrique.dias@outlook.com',NULL,NULL,'2026-02-11 04:40:26','2026-02-11 04:40:26'),(19,'Igreja Evangelica Memorial de Salvador','Pr. Andre Lima','memorial.salvador@comunidade.com.br','71910921190','Travessa Dom Pedro II','5802',NULL,'Bela Vista','Salvador','BA','00316872','Tiago Ribeiro','81926624814','tiago.ribeiro@uol.com.br',NULL,NULL,'2026-02-11 04:40:26','2026-02-11 04:40:26'),(20,'Igreja Batista Nova Alianca de Brasilia','Pr. Andre Santana','nova.alianca.brasilia@igreja.org.br','71964102369','Rua Brasil','459',NULL,'Santa Clara','Brasilia','DF','13675709','Carolina Gomes','91966494665','carolina.gomes@uol.com.br','Nostrum dolores voluptas animi quae in est fugit aut a voluptates aspernatur error.',NULL,'2026-02-11 04:40:26','2026-02-11 04:40:26'),(21,'Igreja Batista Monte Sinai de Belo Horizonte','Pr. Renata Santana','monte.sinai.belo.horizonte@comunidade.com.br','51955535127','Alameda Independencia','4666',NULL,'Parque das Nacoes','Belo Horizonte','MG','80387156','Henrique Dias','31975333148','henrique.dias@outlook.com',NULL,NULL,'2026-02-11 04:40:26','2026-02-11 04:40:26'),(22,'Igreja do Nazareno Memorial de Salvador','Pr. Vitor Moura','memorial.salvador@comunidade.com.br','21939990001','Rua Santos Dumont','2790',NULL,'Boa Vista','Salvador','BA','77823294','Camila Ramos','41944095364','camila.ramos@gmail.com',NULL,NULL,'2026-02-11 04:40:26','2026-02-11 04:40:26'),(23,'Igreja Batista Esperanca de Fortaleza','Pr. Daniel Ferreira','esperanca.fortaleza@ministerio.com.br','85976406597','Travessa Santos Dumont','5216',NULL,'Vila Nova','Fortaleza','CE','03002644','Gabriel Lima','41933455109','gabriel.lima@uol.com.br',NULL,NULL,'2026-02-11 04:40:26','2026-02-11 04:40:26'),(24,'Igreja do Nazareno Memorial de Curitiba','Pr. Andre Carvalho','memorial.curitiba@ministerio.com.br','85991159978','Avenida dos Ipês','1113','Sala 101','Bela Vista','Curitiba','PR','37709719','Carolina Moura','81956118452','carolina.moura@gmail.com',NULL,NULL,'2026-02-11 04:40:26','2026-02-11 04:40:26'),(25,'Igreja Comunidade Crista Esperanca de Brasilia','Pr. Lucas Dias','esperanca.brasilia@comunidade.com.br','11910252170','Alameda Sete de Setembro','6061','Anexo A','Santa Clara','Brasilia','DF','28385112','Larissa Rezende','21969874544','larissa.rezende@outlook.com','Ea asperiores hic neque incidunt unde est sunt aperiam assumenda eligendi ea.',NULL,'2026-02-11 04:40:26','2026-02-11 04:40:26'),(26,'Igreja do Nazareno Central de Rio de Janeiro','Pr. Carlos Rezende','central.rio.de.janeiro@comunidade.com.br','61938371393','Alameda Paulista','4501',NULL,'Bela Vista','Rio de Janeiro','RJ','24818904','Larissa Moura','85938782146','larissa.moura@outlook.com',NULL,NULL,'2026-02-11 04:40:26','2026-02-11 04:40:26');
/*!40000 ALTER TABLE `churches` ENABLE KEYS */;
UNLOCK TABLES;

--
-- Table structure for table `course_user`
--

DROP TABLE IF EXISTS `course_user`;
/*!40101 SET @saved_cs_client     = @@character_set_client */;
/*!50503 SET character_set_client = utf8mb4 */;
CREATE TABLE `course_user` (
  `course_id` bigint unsigned DEFAULT NULL,
  `user_id` bigint unsigned DEFAULT NULL,
  `status` int NOT NULL DEFAULT '0',
  KEY `course_user_course_id_foreign` (`course_id`),
  KEY `course_user_user_id_foreign` (`user_id`),
  CONSTRAINT `course_user_course_id_foreign` FOREIGN KEY (`course_id`) REFERENCES `courses` (`id`) ON DELETE CASCADE ON UPDATE CASCADE,
  CONSTRAINT `course_user_user_id_foreign` FOREIGN KEY (`user_id`) REFERENCES `users` (`id`) ON DELETE CASCADE ON UPDATE CASCADE
) ENGINE=InnoDB DEFAULT CHARSET=utf8mb4 COLLATE=utf8mb4_unicode_ci;
/*!40101 SET character_set_client = @saved_cs_client */;

--
-- Dumping data for table `course_user`
--

LOCK TABLES `course_user` WRITE;
/*!40000 ALTER TABLE `course_user` DISABLE KEYS */;
INSERT INTO `course_user` VALUES (1,NULL,0),(1,1,0),(2,1,0),(3,1,0),(4,1,0),(5,1,0),(6,1,0),(7,1,0),(8,1,0);
/*!40000 ALTER TABLE `course_user` ENABLE KEYS */;
UNLOCK TABLES;

--
-- Table structure for table `courses`
--

DROP TABLE IF EXISTS `courses`;
/*!40101 SET @saved_cs_client     = @@character_set_client */;
/*!50503 SET character_set_client = utf8mb4 */;
CREATE TABLE `courses` (
  `id` bigint unsigned NOT NULL AUTO_INCREMENT,
  `order` varchar(255) COLLATE utf8mb4_unicode_ci DEFAULT NULL,
  `execution` int DEFAULT '0',
  `ojt_default_count` smallint unsigned NOT NULL DEFAULT '0',
  `ojt_default_policy` varchar(10) COLLATE utf8mb4_unicode_ci DEFAULT NULL,
  `type` varchar(255) COLLATE utf8mb4_unicode_ci DEFAULT NULL,
  `initials` varchar(255) COLLATE utf8mb4_unicode_ci DEFAULT NULL,
  `name` varchar(255) COLLATE utf8mb4_unicode_ci DEFAULT NULL,
  `slogan` varchar(255) COLLATE utf8mb4_unicode_ci DEFAULT NULL,
  `targetAudience` varchar(255) COLLATE utf8mb4_unicode_ci DEFAULT NULL,
  `learnMoreLink` varchar(255) COLLATE utf8mb4_unicode_ci DEFAULT NULL,
  `certificate` varchar(255) COLLATE utf8mb4_unicode_ci DEFAULT NULL,
  `color` varchar(255) COLLATE utf8mb4_unicode_ci DEFAULT '#4F4F4F',
  `description` text COLLATE utf8mb4_unicode_ci,
  `knowhow` text COLLATE utf8mb4_unicode_ci,
  `logo` varchar(255) COLLATE utf8mb4_unicode_ci DEFAULT NULL,
  `banner` varchar(255) COLLATE utf8mb4_unicode_ci DEFAULT NULL,
  `price` varchar(255) COLLATE utf8mb4_unicode_ci NOT NULL DEFAULT '0,00',
  `created_at` timestamp NULL DEFAULT NULL,
  `updated_at` timestamp NULL DEFAULT NULL,
  `ministry_id` bigint unsigned DEFAULT NULL,
  PRIMARY KEY (`id`),
  KEY `courses_ministry_id_foreign` (`ministry_id`),
  CONSTRAINT `courses_ministry_id_foreign` FOREIGN KEY (`ministry_id`) REFERENCES `ministries` (`id`) ON DELETE CASCADE ON UPDATE CASCADE
) ENGINE=InnoDB AUTO_INCREMENT=9 DEFAULT CHARSET=utf8mb4 COLLATE=utf8mb4_unicode_ci;
/*!40101 SET character_set_client = @saved_cs_client */;

--
-- Dumping data for table `courses`
--

LOCK TABLES `courses` WRITE;
/*!40000 ALTER TABLE `courses` DISABLE KEYS */;
INSERT INTO `courses` VALUES (1,'0',0,0,NULL,'Clínica','ev²','Evangelismo Eficaz',NULL,'A Clínica de Evangelismo Eficaz é destinada a pastores, líderes e membros da igreja local que desejam ser treinados para viver e compartilhar o evangelho de forma bíblica, intencional e multiplicadora no dia a dia.','https://beta.eebrasil.org.br/ministry/everyday-evangelism',NULL,NULL,'A Clínica de Evangelismo Explosivo capacita a igreja local a viver o evangelismo como estilo de vida, fortalecendo amizades intencionais, promovendo o evangelismo pessoal, estruturando o discipulado com acompanhamento e conduzindo a um crescimento saudável, no qual cada crente é preparado para testemunhar com fidelidade bíblica e compromisso com a Grande Comissão.',NULL,NULL,NULL,'180,00','2026-02-11 04:40:29','2026-02-11 04:40:29',1),(2,'1',1,0,NULL,'Workshop','ESM','Evangelho Em Sua Mão',NULL,'A Implementação do Evangelismo Eficaz é destinada a membros da igreja local que desejam ser treinados para viver e compartilhar o evangelho de forma bíblica, intencional e multiplicadora no dia a dia.','https://beta.eebrasil.org.br/ministry/everyday-evangelism',NULL,NULL,NULL,NULL,NULL,NULL,'65,00','2026-02-11 04:40:29','2026-02-11 04:40:29',1),(3,'2',1,0,NULL,'implementation','e²','Explicar o Evangelho',NULL,'A Implementação do Evangelismo Eficaz é destinada a membros da igreja local que desejam ser treinados para viver e compartilhar o evangelho de forma bíblica, intencional e multiplicadora no dia a dia.','https://beta.eebrasil.org.br/ministry/everyday-evangelism',NULL,NULL,NULL,NULL,NULL,NULL,'22,00','2026-02-11 04:40:29','2026-02-11 04:40:29',1),(4,'3',1,0,NULL,'implementation','m²','Mentorear para Multiplicar',NULL,'A Implementação do Evangelismo Eficaz é destinada a membros da igreja local que desejam ser treinados para viver e compartilhar o evangelho de forma bíblica, intencional e multiplicadora no dia a dia.','https://beta.eebrasil.org.br/ministry/everyday-evangelism',NULL,NULL,NULL,NULL,NULL,NULL,'18,00','2026-02-11 04:40:29','2026-02-11 04:40:29',1),(5,'4',1,0,NULL,'implementation','c²','Crescer em Cristo',NULL,'A Implementação do Evangelismo Eficaz é destinada a membros da igreja local que desejam ser treinados para viver e compartilhar o evangelho de forma bíblica, intencional e multiplicadora no dia a dia.','https://beta.eebrasil.org.br/ministry/everyday-evangelism',NULL,NULL,NULL,NULL,NULL,NULL,'18,00','2026-02-11 04:40:29','2026-02-11 04:40:29',1),(6,'5',1,0,NULL,'implementation','r²','Responder com a Razão',NULL,'A Implementação do Evangelismo Eficaz é destinada a membros da igreja local que desejam ser treinados para viver e compartilhar o evangelho de forma bíblica, intencional e multiplicadora no dia a dia.','https://beta.eebrasil.org.br/ministry/everyday-evangelism',NULL,NULL,NULL,NULL,NULL,NULL,'18,00','2026-02-11 04:40:29','2026-02-11 04:40:29',1),(7,'0',0,0,NULL,'Workshop','EPC','Esperança Para Crianças',NULL,'O Workshop Hope for Kids (EE-Kids) é destinado a professores, líderes de ministério infantil, pais e voluntários que desejam ser capacitados para apresentar o evangelho às crianças de forma bíblica, clara e adequada à sua faixa etária.','https://beta.eebrasil.org.br/ministry/kids-ee',NULL,NULL,'O EE-Kids, por meio da ferramenta Esperança Para Crianças, capacita a igreja local a apresentar o evangelho de Cristo às crianças de forma clara, bíblica e apropriada à sua idade, envolvendo família e comunidade no processo. Com metodologia simples e fiel às Escrituras, o ministério forma líderes e voluntários para comunicar a mensagem da salvação, cultivar valores cristãos e estabelecer fundamentos de discipulado desde cedo, cooperando para o crescimento saudável da igreja. Em suma: sem atalhos, sem modismos, o bom e antigo evangelho, semeado nos corações pequenos para frutos eternos.',NULL,NULL,NULL,'50,00','2026-02-11 04:40:29','2026-02-11 04:40:29',2),(8,'1',1,0,NULL,'implementation','EPC','Esperança Para Crianças',NULL,'O Workshop Hope for Kids (EE-Kids) é destinado a professores, líderes de ministério infantil, pais e voluntários que desejam ser capacitados para apresentar o evangelho às crianças de forma bíblica, clara e adequada à sua faixa etária.','https://beta.eebrasil.org.br/ministry/kids-ee',NULL,NULL,NULL,NULL,NULL,NULL,'10,00','2026-02-11 04:40:29','2026-02-11 04:40:29',2);
/*!40000 ALTER TABLE `courses` ENABLE KEYS */;
UNLOCK TABLES;

--
-- Table structure for table `event_dates`
--

DROP TABLE IF EXISTS `event_dates`;
/*!40101 SET @saved_cs_client     = @@character_set_client */;
/*!50503 SET character_set_client = utf8mb4 */;
CREATE TABLE `event_dates` (
  `id` bigint unsigned NOT NULL AUTO_INCREMENT,
  `training_id` bigint unsigned NOT NULL,
  `date` date NOT NULL,
  `start_time` time DEFAULT NULL,
  `end_time` time DEFAULT NULL,
  `created_at` timestamp NULL DEFAULT NULL,
  `updated_at` timestamp NULL DEFAULT NULL,
  PRIMARY KEY (`id`),
  UNIQUE KEY `event_dates_training_id_date_start_time_unique` (`training_id`,`date`,`start_time`),
  CONSTRAINT `event_dates_training_id_foreign` FOREIGN KEY (`training_id`) REFERENCES `trainings` (`id`) ON DELETE CASCADE ON UPDATE CASCADE
) ENGINE=InnoDB AUTO_INCREMENT=450 DEFAULT CHARSET=utf8mb4 COLLATE=utf8mb4_unicode_ci;
/*!40101 SET character_set_client = @saved_cs_client */;

--
-- Dumping data for table `event_dates`
--

LOCK TABLES `event_dates` WRITE;
/*!40000 ALTER TABLE `event_dates` DISABLE KEYS */;
INSERT INTO `event_dates` VALUES (1,1,'2026-02-06','18:30:00','21:30:00',NULL,NULL),(2,1,'2026-02-07','08:30:00','21:30:00',NULL,NULL),(3,1,'2026-02-08','08:30:00','18:00:00',NULL,NULL),(4,2,'2026-02-02','19:00:00','22:30:00',NULL,NULL),(5,2,'2026-02-03','19:00:00','22:30:00',NULL,NULL),(6,2,'2026-02-04','19:00:00','22:30:00',NULL,NULL),(7,2,'2026-02-05','19:00:00','22:30:00',NULL,NULL),(8,2,'2026-02-06','19:00:00','22:30:00',NULL,NULL),(9,2,'2026-02-07','09:00:00','17:00:00',NULL,NULL),(10,3,'2026-04-22','19:00:00','21:30:00','2026-02-11 04:40:29','2026-02-11 04:40:29'),(11,3,'2026-04-23','08:00:00','22:00:00','2026-02-11 04:40:29','2026-02-11 04:40:29'),(12,3,'2026-04-24','08:00:00','18:00:00','2026-02-11 04:40:29','2026-02-11 04:40:29'),(13,4,'2026-02-17','19:00:00','21:30:00','2026-02-11 04:40:29','2026-02-11 04:40:29'),(14,4,'2026-02-18','08:00:00','22:00:00','2026-02-11 04:40:29','2026-02-11 04:40:29'),(15,4,'2026-02-19','08:00:00','18:00:00','2026-02-11 04:40:29','2026-02-11 04:40:29'),(16,5,'2026-05-21','19:00:00','21:30:00','2026-02-11 04:40:29','2026-02-11 04:40:29'),(17,5,'2026-05-22','08:00:00','22:00:00','2026-02-11 04:40:30','2026-02-11 04:40:30'),(18,5,'2026-05-23','08:00:00','18:00:00','2026-02-11 04:40:30','2026-02-11 04:40:30'),(19,6,'2026-06-09','19:00:00','21:30:00','2026-02-11 04:40:30','2026-02-11 04:40:30'),(20,6,'2026-06-10','08:00:00','22:00:00','2026-02-11 04:40:30','2026-02-11 04:40:30'),(21,6,'2026-06-11','08:00:00','18:00:00','2026-02-11 04:40:30','2026-02-11 04:40:30'),(22,7,'2026-02-19','19:00:00','21:30:00','2026-02-11 04:40:30','2026-02-11 04:40:30'),(23,7,'2026-02-20','08:00:00','22:00:00','2026-02-11 04:40:30','2026-02-11 04:40:30'),(24,7,'2026-02-21','08:00:00','18:00:00','2026-02-11 04:40:30','2026-02-11 04:40:30'),(25,8,'2026-05-02','19:00:00','21:30:00','2026-02-11 04:40:30','2026-02-11 04:40:30'),(26,8,'2026-05-03','08:00:00','22:00:00','2026-02-11 04:40:30','2026-02-11 04:40:30'),(27,8,'2026-05-04','08:00:00','18:00:00','2026-02-11 04:40:30','2026-02-11 04:40:30'),(28,9,'2026-05-01','19:00:00','21:30:00','2026-02-11 04:40:30','2026-02-11 04:40:30'),(29,9,'2026-05-02','08:00:00','22:00:00','2026-02-11 04:40:30','2026-02-11 04:40:30'),(30,9,'2026-05-03','08:00:00','18:00:00','2026-02-11 04:40:30','2026-02-11 04:40:30'),(31,10,'2026-03-29','19:00:00','21:30:00','2026-02-11 04:40:30','2026-02-11 04:40:30'),(32,10,'2026-03-30','08:00:00','22:00:00','2026-02-11 04:40:30','2026-02-11 04:40:30'),(33,10,'2026-03-31','08:00:00','18:00:00','2026-02-11 04:40:30','2026-02-11 04:40:30'),(34,11,'2026-06-05','19:00:00','21:30:00','2026-02-11 04:40:30','2026-02-11 04:40:30'),(35,11,'2026-06-06','08:00:00','22:00:00','2026-02-11 04:40:30','2026-02-11 04:40:30'),(36,11,'2026-06-07','08:00:00','18:00:00','2026-02-11 04:40:30','2026-02-11 04:40:30'),(37,12,'2026-02-28','19:00:00','21:30:00','2026-02-11 04:40:30','2026-02-11 04:40:30'),(38,12,'2026-03-01','08:00:00','22:00:00','2026-02-11 04:40:30','2026-02-11 04:40:30'),(39,12,'2026-03-02','08:00:00','18:00:00','2026-02-11 04:40:30','2026-02-11 04:40:30'),(40,13,'2026-06-03','19:00:00','21:30:00','2026-02-11 04:40:30','2026-02-11 04:40:30'),(41,13,'2026-06-04','08:00:00','22:00:00','2026-02-11 04:40:30','2026-02-11 04:40:30'),(42,13,'2026-06-05','08:00:00','18:00:00','2026-02-11 04:40:30','2026-02-11 04:40:30'),(43,14,'2026-03-12','19:00:00','21:30:00','2026-02-11 04:40:30','2026-02-11 04:40:30'),(44,14,'2026-03-13','08:00:00','22:00:00','2026-02-11 04:40:30','2026-02-11 04:40:30'),(45,14,'2026-03-14','08:00:00','18:00:00','2026-02-11 04:40:30','2026-02-11 04:40:30'),(46,15,'2026-04-17','19:00:00','21:30:00','2026-02-11 04:40:30','2026-02-11 04:40:30'),(47,15,'2026-04-18','08:00:00','22:00:00','2026-02-11 04:40:30','2026-02-11 04:40:30'),(48,15,'2026-04-19','08:00:00','18:00:00','2026-02-11 04:40:30','2026-02-11 04:40:30'),(49,16,'2026-03-12','19:00:00','21:30:00','2026-02-11 04:40:30','2026-02-11 04:40:30'),(50,16,'2026-03-13','08:00:00','22:00:00','2026-02-11 04:40:30','2026-02-11 04:40:30'),(51,16,'2026-03-14','08:00:00','18:00:00','2026-02-11 04:40:30','2026-02-11 04:40:30'),(52,17,'2026-04-16','19:00:00','21:30:00','2026-02-11 04:40:30','2026-02-11 04:40:30'),(53,17,'2026-04-17','08:00:00','22:00:00','2026-02-11 04:40:30','2026-02-11 04:40:30'),(54,17,'2026-04-18','08:00:00','18:00:00','2026-02-11 04:40:30','2026-02-11 04:40:30'),(55,18,'2026-04-23','19:00:00','21:30:00','2026-02-11 04:40:30','2026-02-11 04:40:30'),(56,18,'2026-04-24','08:00:00','22:00:00','2026-02-11 04:40:30','2026-02-11 04:40:30'),(57,18,'2026-04-25','08:00:00','18:00:00','2026-02-11 04:40:30','2026-02-11 04:40:30'),(58,19,'2026-04-24','19:00:00','21:30:00','2026-02-11 04:40:30','2026-02-11 04:40:30'),(59,19,'2026-04-25','08:00:00','22:00:00','2026-02-11 04:40:30','2026-02-11 04:40:30'),(60,19,'2026-04-26','08:00:00','18:00:00','2026-02-11 04:40:30','2026-02-11 04:40:30'),(61,20,'2026-06-01','19:00:00','21:30:00','2026-02-11 04:40:30','2026-02-11 04:40:30'),(62,20,'2026-06-02','08:00:00','22:00:00','2026-02-11 04:40:30','2026-02-11 04:40:30'),(63,20,'2026-06-03','08:00:00','18:00:00','2026-02-11 04:40:30','2026-02-11 04:40:30'),(64,21,'2026-03-23','09:00:00','17:00:00','2026-02-11 04:40:30','2026-02-11 04:40:30'),(65,22,'2026-03-08','09:00:00','17:00:00','2026-02-11 04:40:30','2026-02-11 04:40:30'),(66,23,'2026-02-19','09:00:00','17:00:00','2026-02-11 04:40:30','2026-02-11 04:40:30'),(67,24,'2026-05-09','09:00:00','17:00:00','2026-02-11 04:40:30','2026-02-11 04:40:30'),(68,25,'2026-04-12','09:00:00','17:00:00','2026-02-11 04:40:30','2026-02-11 04:40:30'),(69,26,'2026-05-17','09:00:00','17:00:00','2026-02-11 04:40:30','2026-02-11 04:40:30'),(70,27,'2026-04-08','09:00:00','17:00:00','2026-02-11 04:40:30','2026-02-11 04:40:30'),(71,28,'2026-04-22','09:00:00','17:00:00','2026-02-11 04:40:30','2026-02-11 04:40:30'),(72,29,'2026-04-04','09:00:00','17:00:00','2026-02-11 04:40:30','2026-02-11 04:40:30'),(73,30,'2026-04-10','09:00:00','17:00:00','2026-02-11 04:40:30','2026-02-11 04:40:30'),(74,31,'2026-04-01','09:00:00','17:00:00','2026-02-11 04:40:30','2026-02-11 04:40:30'),(75,32,'2026-04-25','09:00:00','17:00:00','2026-02-11 04:40:30','2026-02-11 04:40:30'),(76,33,'2026-06-03','09:00:00','17:00:00','2026-02-11 04:40:30','2026-02-11 04:40:30'),(77,34,'2026-03-08','09:00:00','17:00:00','2026-02-11 04:40:30','2026-02-11 04:40:30'),(78,35,'2026-05-31','09:00:00','17:00:00','2026-02-11 04:40:30','2026-02-11 04:40:30'),(79,36,'2026-03-18','09:00:00','17:00:00','2026-02-11 04:40:30','2026-02-11 04:40:30'),(80,37,'2026-03-14','09:00:00','17:00:00','2026-02-11 04:40:30','2026-02-11 04:40:30'),(81,38,'2026-06-09','09:00:00','17:00:00','2026-02-11 04:40:30','2026-02-11 04:40:30'),(82,39,'2026-06-04','09:00:00','17:00:00','2026-02-11 04:40:30','2026-02-11 04:40:30'),(83,40,'2026-03-05','09:00:00','17:00:00','2026-02-11 04:40:30','2026-02-11 04:40:30'),(84,41,'2026-05-06','09:00:00','17:00:00','2026-02-11 04:40:30','2026-02-11 04:40:30'),(85,42,'2026-05-06','09:00:00','17:00:00','2026-02-11 04:40:30','2026-02-11 04:40:30'),(86,43,'2026-02-17','09:00:00','17:00:00','2026-02-11 04:40:30','2026-02-11 04:40:30'),(87,44,'2026-04-29','09:00:00','17:00:00','2026-02-11 04:40:30','2026-02-11 04:40:30'),(88,45,'2026-02-17','09:00:00','17:00:00','2026-02-11 04:40:30','2026-02-11 04:40:30'),(89,46,'2026-02-20','09:00:00','17:00:00','2026-02-11 04:40:30','2026-02-11 04:40:30'),(90,47,'2026-03-10','09:00:00','17:00:00','2026-02-11 04:40:30','2026-02-11 04:40:30'),(91,48,'2026-05-16','09:00:00','17:00:00','2026-02-11 04:40:30','2026-02-11 04:40:30'),(92,49,'2026-04-24','09:00:00','17:00:00','2026-02-11 04:40:30','2026-02-11 04:40:30'),(93,50,'2026-03-22','09:00:00','17:00:00','2026-02-11 04:40:30','2026-02-11 04:40:30'),(94,51,'2026-02-16','09:00:00','17:00:00','2026-02-11 04:40:30','2026-02-11 04:40:30'),(95,52,'2026-05-07','09:00:00','17:00:00','2026-02-11 04:40:30','2026-02-11 04:40:30'),(96,53,'2026-05-03','09:00:00','17:00:00','2026-02-11 04:40:30','2026-02-11 04:40:30'),(97,54,'2026-05-28','09:00:00','17:00:00','2026-02-11 04:40:30','2026-02-11 04:40:30'),(98,55,'2026-03-02','09:00:00','17:00:00','2026-02-11 04:40:30','2026-02-11 04:40:30'),(99,56,'2026-06-06','09:00:00','17:00:00','2026-02-11 04:40:30','2026-02-11 04:40:30'),(100,57,'2026-03-22','19:00:00','21:30:00','2026-02-11 04:40:32','2026-02-11 04:40:32'),(101,57,'2026-03-23','08:00:00','22:00:00','2026-02-11 04:40:32','2026-02-11 04:40:32'),(102,57,'2026-03-24','08:00:00','18:00:00','2026-02-11 04:40:32','2026-02-11 04:40:32'),(103,58,'2026-03-03','09:00:00','17:00:00','2026-02-11 04:40:32','2026-02-11 04:40:32'),(104,59,'2026-05-27','09:00:00','17:00:00','2026-02-11 04:40:32','2026-02-11 04:40:32'),(105,60,'2026-04-26','09:00:00','17:00:00','2026-02-11 04:40:32','2026-02-11 04:40:32'),(106,61,'2026-05-11','09:00:00','17:00:00','2026-02-11 04:40:32','2026-02-11 04:40:32'),(107,62,'2026-06-02','09:00:00','17:00:00','2026-02-11 04:40:32','2026-02-11 04:40:32'),(108,63,'2026-04-26','09:00:00','17:00:00','2026-02-11 04:40:32','2026-02-11 04:40:32'),(109,64,'2026-05-05','09:00:00','17:00:00','2026-02-11 04:40:32','2026-02-11 04:40:32'),(110,65,'2026-03-31','09:00:00','17:00:00','2026-02-11 04:40:32','2026-02-11 04:40:32'),(111,66,'2026-04-16','09:00:00','17:00:00','2026-02-11 04:40:32','2026-02-11 04:40:32'),(112,67,'2026-04-29','09:00:00','17:00:00','2026-02-11 04:40:32','2026-02-11 04:40:32'),(113,68,'2026-03-05','09:00:00','17:00:00','2026-02-11 04:40:32','2026-02-11 04:40:32'),(114,69,'2026-03-16','09:00:00','17:00:00','2026-02-11 04:40:32','2026-02-11 04:40:32'),(115,70,'2026-04-14','09:00:00','17:00:00','2026-02-11 04:40:32','2026-02-11 04:40:32'),(116,71,'2026-04-11','19:00:00','21:30:00','2026-02-11 04:40:32','2026-02-11 04:40:32'),(117,71,'2026-04-12','08:00:00','22:00:00','2026-02-11 04:40:32','2026-02-11 04:40:32'),(118,71,'2026-04-13','08:00:00','18:00:00','2026-02-11 04:40:32','2026-02-11 04:40:32'),(119,72,'2026-03-22','09:00:00','17:00:00','2026-02-11 04:40:32','2026-02-11 04:40:32'),(120,73,'2026-03-24','09:00:00','17:00:00','2026-02-11 04:40:32','2026-02-11 04:40:32'),(121,74,'2026-05-30','09:00:00','17:00:00','2026-02-11 04:40:32','2026-02-11 04:40:32'),(122,75,'2026-02-20','09:00:00','17:00:00','2026-02-11 04:40:32','2026-02-11 04:40:32'),(123,76,'2026-05-21','09:00:00','17:00:00','2026-02-11 04:40:32','2026-02-11 04:40:32'),(124,77,'2026-06-02','09:00:00','17:00:00','2026-02-11 04:40:32','2026-02-11 04:40:32'),(125,78,'2026-06-09','09:00:00','17:00:00','2026-02-11 04:40:32','2026-02-11 04:40:32'),(126,79,'2026-05-26','19:00:00','21:30:00','2026-02-11 04:40:32','2026-02-11 04:40:32'),(127,79,'2026-05-27','08:00:00','22:00:00','2026-02-11 04:40:32','2026-02-11 04:40:32'),(128,79,'2026-05-28','08:00:00','18:00:00','2026-02-11 04:40:32','2026-02-11 04:40:32'),(129,80,'2026-04-02','09:00:00','17:00:00','2026-02-11 04:40:32','2026-02-11 04:40:32'),(130,81,'2026-04-08','09:00:00','17:00:00','2026-02-11 04:40:32','2026-02-11 04:40:32'),(131,82,'2026-04-06','08:00:00','17:30:00','2026-02-11 04:40:32','2026-02-11 04:40:32'),(132,82,'2026-04-07','08:00:00','17:30:00','2026-02-11 04:40:32','2026-02-11 04:40:32'),(133,83,'2026-02-19','19:00:00','21:30:00','2026-02-11 04:40:32','2026-02-11 04:40:32'),(134,83,'2026-02-20','08:00:00','22:00:00','2026-02-11 04:40:32','2026-02-11 04:40:32'),(135,83,'2026-02-21','08:00:00','18:00:00','2026-02-11 04:40:32','2026-02-11 04:40:32'),(136,84,'2026-03-18','09:00:00','17:00:00','2026-02-11 04:40:32','2026-02-11 04:40:32'),(137,85,'2026-03-30','09:00:00','17:00:00','2026-02-11 04:40:32','2026-02-11 04:40:32'),(138,86,'2026-06-04','09:00:00','17:00:00','2026-02-11 04:40:32','2026-02-11 04:40:32'),(139,87,'2026-04-29','19:00:00','21:30:00','2026-02-11 04:40:32','2026-02-11 04:40:32'),(140,87,'2026-04-30','08:00:00','22:00:00','2026-02-11 04:40:32','2026-02-11 04:40:32'),(141,87,'2026-05-01','08:00:00','18:00:00','2026-02-11 04:40:32','2026-02-11 04:40:32'),(142,88,'2026-02-17','09:00:00','17:00:00','2026-02-11 04:40:32','2026-02-11 04:40:32'),(143,89,'2026-03-27','09:00:00','17:00:00','2026-02-11 04:40:32','2026-02-11 04:40:32'),(144,90,'2026-02-22','08:00:00','17:30:00','2026-02-11 04:40:32','2026-02-11 04:40:32'),(145,90,'2026-02-23','08:00:00','17:30:00','2026-02-11 04:40:32','2026-02-11 04:40:32'),(146,91,'2026-03-26','19:00:00','21:30:00','2026-02-11 04:40:32','2026-02-11 04:40:32'),(147,91,'2026-03-27','08:00:00','22:00:00','2026-02-11 04:40:32','2026-02-11 04:40:32'),(148,91,'2026-03-28','08:00:00','18:00:00','2026-02-11 04:40:32','2026-02-11 04:40:32'),(149,92,'2026-02-16','09:00:00','17:00:00','2026-02-11 04:40:32','2026-02-11 04:40:32'),(150,93,'2026-02-28','09:00:00','17:00:00','2026-02-11 04:40:32','2026-02-11 04:40:32'),(151,94,'2026-02-19','09:00:00','17:00:00','2026-02-11 04:40:32','2026-02-11 04:40:32'),(152,95,'2026-05-21','08:00:00','17:30:00','2026-02-11 04:40:32','2026-02-11 04:40:32'),(153,95,'2026-05-22','08:00:00','17:30:00','2026-02-11 04:40:32','2026-02-11 04:40:32'),(154,96,'2026-04-23','09:00:00','17:00:00','2026-02-11 04:40:32','2026-02-11 04:40:32'),(155,97,'2026-02-24','09:00:00','17:00:00','2026-02-11 04:40:32','2026-02-11 04:40:32'),(156,98,'2026-05-23','09:00:00','17:00:00','2026-02-11 04:40:32','2026-02-11 04:40:32'),(157,99,'2026-03-21','09:00:00','17:00:00','2026-02-11 04:40:32','2026-02-11 04:40:32'),(158,100,'2026-05-31','09:00:00','17:00:00','2026-02-11 04:40:32','2026-02-11 04:40:32'),(159,101,'2026-05-23','19:00:00','21:30:00','2026-02-11 04:40:32','2026-02-11 04:40:32'),(160,101,'2026-05-24','08:00:00','22:00:00','2026-02-11 04:40:32','2026-02-11 04:40:32'),(161,101,'2026-05-25','08:00:00','18:00:00','2026-02-11 04:40:32','2026-02-11 04:40:32'),(162,102,'2026-05-18','08:00:00','17:30:00','2026-02-11 04:40:32','2026-02-11 04:40:32'),(163,102,'2026-05-19','08:00:00','17:30:00','2026-02-11 04:40:32','2026-02-11 04:40:32'),(164,103,'2026-04-16','08:00:00','17:30:00','2026-02-11 04:40:32','2026-02-11 04:40:32'),(165,103,'2026-04-17','08:00:00','17:30:00','2026-02-11 04:40:32','2026-02-11 04:40:32'),(166,104,'2026-05-22','09:00:00','17:00:00','2026-02-11 04:40:32','2026-02-11 04:40:32'),(167,105,'2026-03-03','09:00:00','17:00:00','2026-02-11 04:40:32','2026-02-11 04:40:32'),(168,106,'2026-04-21','09:00:00','17:00:00','2026-02-11 04:40:32','2026-02-11 04:40:32'),(169,107,'2026-05-20','09:00:00','17:00:00','2026-02-11 04:40:32','2026-02-11 04:40:32'),(170,108,'2026-04-23','09:00:00','17:00:00','2026-02-11 04:40:32','2026-02-11 04:40:32'),(171,109,'2026-04-09','09:00:00','17:00:00','2026-02-11 04:40:32','2026-02-11 04:40:32'),(172,110,'2026-05-24','09:00:00','17:00:00','2026-02-11 04:40:32','2026-02-11 04:40:32'),(173,111,'2026-06-11','08:00:00','17:30:00','2026-02-11 04:40:32','2026-02-11 04:40:32'),(174,111,'2026-06-12','08:00:00','17:30:00','2026-02-11 04:40:32','2026-02-11 04:40:32'),(175,112,'2026-05-22','09:00:00','17:00:00','2026-02-11 04:40:32','2026-02-11 04:40:32'),(176,113,'2026-04-22','09:00:00','17:00:00','2026-02-11 04:40:32','2026-02-11 04:40:32'),(177,114,'2026-05-12','08:00:00','17:30:00','2026-02-11 04:40:33','2026-02-11 04:40:33'),(178,114,'2026-05-13','08:00:00','17:30:00','2026-02-11 04:40:33','2026-02-11 04:40:33'),(179,115,'2026-04-17','09:00:00','17:00:00','2026-02-11 04:40:33','2026-02-11 04:40:33'),(180,116,'2026-04-05','09:00:00','17:00:00','2026-02-11 04:40:33','2026-02-11 04:40:33'),(181,117,'2026-05-21','09:00:00','17:00:00','2026-02-11 04:40:33','2026-02-11 04:40:33'),(182,118,'2026-05-02','08:00:00','17:30:00','2026-02-11 04:40:33','2026-02-11 04:40:33'),(183,118,'2026-05-03','08:00:00','17:30:00','2026-02-11 04:40:33','2026-02-11 04:40:33'),(184,119,'2026-04-01','09:00:00','17:00:00','2026-02-11 04:40:33','2026-02-11 04:40:33'),(185,120,'2026-05-16','09:00:00','17:00:00','2026-02-11 04:40:33','2026-02-11 04:40:33'),(186,121,'2026-04-23','09:00:00','17:00:00','2026-02-11 04:40:33','2026-02-11 04:40:33'),(187,122,'2026-02-26','09:00:00','17:00:00','2026-02-11 04:40:33','2026-02-11 04:40:33'),(188,123,'2026-05-13','09:00:00','17:00:00','2026-02-11 04:40:33','2026-02-11 04:40:33'),(189,124,'2026-06-02','09:00:00','17:00:00','2026-02-11 04:40:33','2026-02-11 04:40:33'),(190,125,'2026-06-05','09:00:00','17:00:00','2026-02-11 04:40:33','2026-02-11 04:40:33'),(191,126,'2026-03-16','08:00:00','17:30:00','2026-02-11 04:40:33','2026-02-11 04:40:33'),(192,126,'2026-03-17','08:00:00','17:30:00','2026-02-11 04:40:33','2026-02-11 04:40:33'),(193,127,'2026-03-21','19:00:00','21:30:00','2026-02-11 04:40:33','2026-02-11 04:40:33'),(194,127,'2026-03-22','08:00:00','22:00:00','2026-02-11 04:40:33','2026-02-11 04:40:33'),(195,127,'2026-03-23','08:00:00','18:00:00','2026-02-11 04:40:33','2026-02-11 04:40:33'),(196,128,'2026-05-22','09:00:00','17:00:00','2026-02-11 04:40:33','2026-02-11 04:40:33'),(197,129,'2026-05-06','09:00:00','17:00:00','2026-02-11 04:40:33','2026-02-11 04:40:33'),(198,130,'2026-05-09','19:00:00','21:30:00','2026-02-11 04:40:33','2026-02-11 04:40:33'),(199,130,'2026-05-10','08:00:00','22:00:00','2026-02-11 04:40:33','2026-02-11 04:40:33'),(200,130,'2026-05-11','08:00:00','18:00:00','2026-02-11 04:40:33','2026-02-11 04:40:33'),(201,131,'2026-03-17','09:00:00','17:00:00','2026-02-11 04:40:33','2026-02-11 04:40:33'),(202,132,'2026-04-21','09:00:00','17:00:00','2026-02-11 04:40:33','2026-02-11 04:40:33'),(203,133,'2026-04-13','09:00:00','17:00:00','2026-02-11 04:40:33','2026-02-11 04:40:33'),(204,134,'2026-06-03','09:00:00','17:00:00','2026-02-11 04:40:33','2026-02-11 04:40:33'),(205,135,'2026-03-02','09:00:00','17:00:00','2026-02-11 04:40:33','2026-02-11 04:40:33'),(206,136,'2026-04-24','19:00:00','21:30:00','2026-02-11 04:40:33','2026-02-11 04:40:33'),(207,136,'2026-04-25','08:00:00','22:00:00','2026-02-11 04:40:33','2026-02-11 04:40:33'),(208,136,'2026-04-26','08:00:00','18:00:00','2026-02-11 04:40:33','2026-02-11 04:40:33'),(209,137,'2026-05-18','09:00:00','17:00:00','2026-02-11 04:40:33','2026-02-11 04:40:33'),(210,138,'2026-05-30','09:00:00','17:00:00','2026-02-11 04:40:33','2026-02-11 04:40:33'),(211,139,'2026-04-22','09:00:00','17:00:00','2026-02-11 04:40:33','2026-02-11 04:40:33'),(212,140,'2026-05-01','09:00:00','17:00:00','2026-02-11 04:40:33','2026-02-11 04:40:33'),(213,141,'2026-04-30','09:00:00','17:00:00','2026-02-11 04:40:33','2026-02-11 04:40:33'),(214,142,'2026-04-02','09:00:00','17:00:00','2026-02-11 04:40:33','2026-02-11 04:40:33'),(215,143,'2026-05-30','09:00:00','17:00:00','2026-02-11 04:40:33','2026-02-11 04:40:33'),(216,144,'2026-05-17','09:00:00','17:00:00','2026-02-11 04:40:33','2026-02-11 04:40:33'),(217,145,'2026-05-11','09:00:00','17:00:00','2026-02-11 04:40:33','2026-02-11 04:40:33'),(218,146,'2026-02-18','09:00:00','17:00:00','2026-02-11 04:40:33','2026-02-11 04:40:33'),(219,147,'2026-05-24','09:00:00','17:00:00','2026-02-11 04:40:33','2026-02-11 04:40:33'),(220,148,'2026-03-28','09:00:00','17:00:00','2026-02-11 04:40:33','2026-02-11 04:40:33'),(221,149,'2026-03-15','09:00:00','17:00:00','2026-02-11 04:40:33','2026-02-11 04:40:33'),(222,150,'2026-02-26','09:00:00','17:00:00','2026-02-11 04:40:33','2026-02-11 04:40:33'),(223,151,'2026-03-29','09:00:00','17:00:00','2026-02-11 04:40:33','2026-02-11 04:40:33'),(224,152,'2026-05-07','08:00:00','17:30:00','2026-02-11 04:40:33','2026-02-11 04:40:33'),(225,152,'2026-05-08','08:00:00','17:30:00','2026-02-11 04:40:33','2026-02-11 04:40:33'),(226,153,'2026-03-11','09:00:00','17:00:00','2026-02-11 04:40:33','2026-02-11 04:40:33'),(227,154,'2026-05-04','09:00:00','17:00:00','2026-02-11 04:40:33','2026-02-11 04:40:33'),(228,155,'2026-04-17','09:00:00','17:00:00','2026-02-11 04:40:33','2026-02-11 04:40:33'),(229,156,'2026-04-18','09:00:00','17:00:00','2026-02-11 04:40:33','2026-02-11 04:40:33'),(230,157,'2026-05-09','09:00:00','17:00:00','2026-02-11 04:40:33','2026-02-11 04:40:33'),(231,158,'2026-04-15','09:00:00','17:00:00','2026-02-11 04:40:33','2026-02-11 04:40:33'),(232,159,'2026-02-21','09:00:00','17:00:00','2026-02-11 04:40:33','2026-02-11 04:40:33'),(233,160,'2026-02-25','09:00:00','17:00:00','2026-02-11 04:40:33','2026-02-11 04:40:33'),(234,161,'2026-05-27','09:00:00','17:00:00','2026-02-11 04:40:33','2026-02-11 04:40:33'),(235,162,'2026-04-19','09:00:00','17:00:00','2026-02-11 04:40:33','2026-02-11 04:40:33'),(236,163,'2026-05-21','09:00:00','17:00:00','2026-02-11 04:40:33','2026-02-11 04:40:33'),(237,164,'2026-02-27','09:00:00','17:00:00','2026-02-11 04:40:33','2026-02-11 04:40:33'),(238,165,'2026-02-24','19:00:00','21:30:00','2026-02-11 04:40:33','2026-02-11 04:40:33'),(239,165,'2026-02-25','08:00:00','22:00:00','2026-02-11 04:40:33','2026-02-11 04:40:33'),(240,165,'2026-02-26','08:00:00','18:00:00','2026-02-11 04:40:33','2026-02-11 04:40:33'),(241,166,'2026-06-03','19:00:00','21:30:00','2026-02-11 04:40:33','2026-02-11 04:40:33'),(242,166,'2026-06-04','08:00:00','22:00:00','2026-02-11 04:40:33','2026-02-11 04:40:33'),(243,166,'2026-06-05','08:00:00','18:00:00','2026-02-11 04:40:33','2026-02-11 04:40:33'),(244,167,'2026-03-09','08:00:00','17:30:00','2026-02-11 04:40:33','2026-02-11 04:40:33'),(245,167,'2026-03-10','08:00:00','17:30:00','2026-02-11 04:40:33','2026-02-11 04:40:33'),(246,168,'2026-03-31','09:00:00','17:00:00','2026-02-11 04:40:33','2026-02-11 04:40:33'),(247,169,'2026-05-16','09:00:00','17:00:00','2026-02-11 04:40:33','2026-02-11 04:40:33'),(248,170,'2026-03-28','09:00:00','17:00:00','2026-02-11 04:40:33','2026-02-11 04:40:33'),(249,171,'2026-05-23','09:00:00','17:00:00','2026-02-11 04:40:33','2026-02-11 04:40:33'),(250,172,'2026-03-10','09:00:00','17:00:00','2026-02-11 04:40:33','2026-02-11 04:40:33'),(251,173,'2026-03-21','19:00:00','21:30:00','2026-02-11 04:40:33','2026-02-11 04:40:33'),(252,173,'2026-03-22','08:00:00','22:00:00','2026-02-11 04:40:33','2026-02-11 04:40:33'),(253,173,'2026-03-23','08:00:00','18:00:00','2026-02-11 04:40:33','2026-02-11 04:40:33'),(254,174,'2026-05-25','08:00:00','17:30:00','2026-02-11 04:40:33','2026-02-11 04:40:33'),(255,174,'2026-05-26','08:00:00','17:30:00','2026-02-11 04:40:33','2026-02-11 04:40:33'),(256,175,'2026-02-21','19:00:00','21:30:00','2026-02-11 04:40:33','2026-02-11 04:40:33'),(257,175,'2026-02-22','08:00:00','22:00:00','2026-02-11 04:40:33','2026-02-11 04:40:33'),(258,175,'2026-02-23','08:00:00','18:00:00','2026-02-11 04:40:33','2026-02-11 04:40:33'),(259,176,'2026-03-06','19:00:00','21:30:00','2026-02-11 04:40:33','2026-02-11 04:40:33'),(260,176,'2026-03-07','08:00:00','22:00:00','2026-02-11 04:40:33','2026-02-11 04:40:33'),(261,176,'2026-03-08','08:00:00','18:00:00','2026-02-11 04:40:33','2026-02-11 04:40:33'),(262,177,'2026-06-01','08:00:00','17:30:00','2026-02-11 04:40:33','2026-02-11 04:40:33'),(263,177,'2026-06-02','08:00:00','17:30:00','2026-02-11 04:40:33','2026-02-11 04:40:33'),(264,178,'2026-04-28','09:00:00','17:00:00','2026-02-11 04:40:33','2026-02-11 04:40:33'),(265,179,'2026-03-28','09:00:00','17:00:00','2026-02-11 04:40:33','2026-02-11 04:40:33'),(266,180,'2026-05-15','19:00:00','21:30:00','2026-02-11 04:40:33','2026-02-11 04:40:33'),(267,180,'2026-05-16','08:00:00','22:00:00','2026-02-11 04:40:33','2026-02-11 04:40:33'),(268,180,'2026-05-17','08:00:00','18:00:00','2026-02-11 04:40:33','2026-02-11 04:40:33'),(269,181,'2026-03-22','09:00:00','17:00:00','2026-02-11 04:40:33','2026-02-11 04:40:33'),(270,182,'2026-05-28','09:00:00','17:00:00','2026-02-11 04:40:33','2026-02-11 04:40:33'),(271,183,'2026-05-06','09:00:00','17:00:00','2026-02-11 04:40:33','2026-02-11 04:40:33'),(272,184,'2026-04-29','09:00:00','17:00:00','2026-02-11 04:40:33','2026-02-11 04:40:33'),(273,185,'2026-03-23','08:00:00','17:30:00','2026-02-11 04:40:33','2026-02-11 04:40:33'),(274,185,'2026-03-24','08:00:00','17:30:00','2026-02-11 04:40:33','2026-02-11 04:40:33'),(275,186,'2026-03-12','08:00:00','17:30:00','2026-02-11 04:40:33','2026-02-11 04:40:33'),(276,186,'2026-03-13','08:00:00','17:30:00','2026-02-11 04:40:33','2026-02-11 04:40:33'),(277,187,'2026-05-16','09:00:00','17:00:00','2026-02-11 04:40:33','2026-02-11 04:40:33'),(278,188,'2026-06-04','08:00:00','17:30:00','2026-02-11 04:40:33','2026-02-11 04:40:33'),(279,188,'2026-06-05','08:00:00','17:30:00','2026-02-11 04:40:33','2026-02-11 04:40:33'),(280,189,'2026-05-02','08:00:00','17:30:00','2026-02-11 04:40:33','2026-02-11 04:40:33'),(281,189,'2026-05-03','08:00:00','17:30:00','2026-02-11 04:40:33','2026-02-11 04:40:33'),(282,190,'2026-03-12','09:00:00','17:00:00','2026-02-11 04:40:33','2026-02-11 04:40:33'),(283,191,'2026-05-16','09:00:00','17:00:00','2026-02-11 04:40:33','2026-02-11 04:40:33'),(284,192,'2026-03-30','09:00:00','17:00:00','2026-02-11 04:40:33','2026-02-11 04:40:33'),(285,193,'2026-03-28','09:00:00','17:00:00','2026-02-11 04:40:33','2026-02-11 04:40:33'),(286,194,'2026-04-23','09:00:00','17:00:00','2026-02-11 04:40:33','2026-02-11 04:40:33'),(287,195,'2026-02-22','08:00:00','17:30:00','2026-02-11 04:40:33','2026-02-11 04:40:33'),(288,195,'2026-02-23','08:00:00','17:30:00','2026-02-11 04:40:33','2026-02-11 04:40:33'),(289,196,'2026-03-13','09:00:00','17:00:00','2026-02-11 04:40:33','2026-02-11 04:40:33'),(290,197,'2026-05-02','09:00:00','17:00:00','2026-02-11 04:40:33','2026-02-11 04:40:33'),(291,198,'2026-04-28','09:00:00','17:00:00','2026-02-11 04:40:33','2026-02-11 04:40:33'),(292,199,'2026-03-16','19:00:00','21:30:00','2026-02-11 04:40:33','2026-02-11 04:40:33'),(293,199,'2026-03-17','08:00:00','22:00:00','2026-02-11 04:40:33','2026-02-11 04:40:33'),(294,199,'2026-03-18','08:00:00','18:00:00','2026-02-11 04:40:33','2026-02-11 04:40:33'),(295,200,'2026-03-08','09:00:00','17:00:00','2026-02-11 04:40:33','2026-02-11 04:40:33'),(296,201,'2026-05-19','09:00:00','17:00:00','2026-02-11 04:40:33','2026-02-11 04:40:33'),(297,202,'2026-03-17','09:00:00','17:00:00','2026-02-11 04:40:33','2026-02-11 04:40:33'),(298,203,'2026-06-01','19:00:00','21:30:00','2026-02-11 04:40:33','2026-02-11 04:40:33'),(299,203,'2026-06-02','08:00:00','22:00:00','2026-02-11 04:40:33','2026-02-11 04:40:33'),(300,203,'2026-06-03','08:00:00','18:00:00','2026-02-11 04:40:33','2026-02-11 04:40:33'),(301,204,'2026-05-31','09:00:00','17:00:00','2026-02-11 04:40:33','2026-02-11 04:40:33'),(302,205,'2026-05-30','08:00:00','17:30:00','2026-02-11 04:40:33','2026-02-11 04:40:33'),(303,205,'2026-05-31','08:00:00','17:30:00','2026-02-11 04:40:33','2026-02-11 04:40:33'),(304,206,'2026-03-21','09:00:00','17:00:00','2026-02-11 04:40:33','2026-02-11 04:40:33'),(305,207,'2026-04-16','09:00:00','17:00:00','2026-02-11 04:40:33','2026-02-11 04:40:33'),(306,208,'2026-05-22','09:00:00','17:00:00','2026-02-11 04:40:33','2026-02-11 04:40:33'),(307,209,'2026-05-27','09:00:00','17:00:00','2026-02-11 04:40:33','2026-02-11 04:40:33'),(308,210,'2026-04-06','09:00:00','17:00:00','2026-02-11 04:40:33','2026-02-11 04:40:33'),(309,211,'2026-03-19','09:00:00','17:00:00','2026-02-11 04:40:33','2026-02-11 04:40:33'),(310,212,'2026-05-02','09:00:00','17:00:00','2026-02-11 04:40:33','2026-02-11 04:40:33'),(311,213,'2026-06-04','09:00:00','17:00:00','2026-02-11 04:40:33','2026-02-11 04:40:33'),(312,214,'2026-05-18','19:00:00','21:30:00','2026-02-11 04:40:33','2026-02-11 04:40:33'),(313,214,'2026-05-19','08:00:00','22:00:00','2026-02-11 04:40:33','2026-02-11 04:40:33'),(314,214,'2026-05-20','08:00:00','18:00:00','2026-02-11 04:40:33','2026-02-11 04:40:33'),(315,215,'2026-03-30','09:00:00','17:00:00','2026-02-11 04:40:33','2026-02-11 04:40:33'),(316,216,'2026-06-01','09:00:00','17:00:00','2026-02-11 04:40:33','2026-02-11 04:40:33'),(317,217,'2026-03-16','08:00:00','17:30:00','2026-02-11 04:40:33','2026-02-11 04:40:33'),(318,217,'2026-03-17','08:00:00','17:30:00','2026-02-11 04:40:33','2026-02-11 04:40:33'),(319,218,'2026-04-19','09:00:00','17:00:00','2026-02-11 04:40:33','2026-02-11 04:40:33'),(320,219,'2026-05-03','09:00:00','17:00:00','2026-02-11 04:40:33','2026-02-11 04:40:33'),(321,220,'2026-04-10','09:00:00','17:00:00','2026-02-11 04:40:33','2026-02-11 04:40:33'),(322,221,'2026-02-16','09:00:00','17:00:00','2026-02-11 04:40:33','2026-02-11 04:40:33'),(323,222,'2026-04-20','09:00:00','17:00:00','2026-02-11 04:40:33','2026-02-11 04:40:33'),(324,223,'2026-04-14','08:00:00','17:30:00','2026-02-11 04:40:33','2026-02-11 04:40:33'),(325,223,'2026-04-15','08:00:00','17:30:00','2026-02-11 04:40:33','2026-02-11 04:40:33'),(326,224,'2026-03-01','19:00:00','21:30:00','2026-02-11 04:40:33','2026-02-11 04:40:33'),(327,224,'2026-03-02','08:00:00','22:00:00','2026-02-11 04:40:33','2026-02-11 04:40:33'),(328,224,'2026-03-03','08:00:00','18:00:00','2026-02-11 04:40:33','2026-02-11 04:40:33'),(329,225,'2026-05-10','09:00:00','17:00:00','2026-02-11 04:40:33','2026-02-11 04:40:33'),(330,226,'2026-03-12','09:00:00','17:00:00','2026-02-11 04:40:33','2026-02-11 04:40:33'),(331,227,'2026-05-30','09:00:00','17:00:00','2026-02-11 04:40:33','2026-02-11 04:40:33'),(332,228,'2026-03-09','09:00:00','17:00:00','2026-02-11 04:40:33','2026-02-11 04:40:33'),(333,229,'2026-05-26','09:00:00','17:00:00','2026-02-11 04:40:33','2026-02-11 04:40:33'),(334,230,'2026-05-18','08:00:00','17:30:00','2026-02-11 04:40:33','2026-02-11 04:40:33'),(335,230,'2026-05-19','08:00:00','17:30:00','2026-02-11 04:40:33','2026-02-11 04:40:33'),(336,231,'2026-06-09','09:00:00','17:00:00','2026-02-11 04:40:33','2026-02-11 04:40:33'),(337,232,'2026-02-25','09:00:00','17:00:00','2026-02-11 04:40:33','2026-02-11 04:40:33'),(338,233,'2026-03-27','09:00:00','17:00:00','2026-02-11 04:40:33','2026-02-11 04:40:33'),(339,234,'2026-02-22','09:00:00','17:00:00','2026-02-11 04:40:33','2026-02-11 04:40:33'),(340,235,'2026-03-11','09:00:00','17:00:00','2026-02-11 04:40:33','2026-02-11 04:40:33'),(341,236,'2026-03-09','09:00:00','17:00:00','2026-02-11 04:40:33','2026-02-11 04:40:33'),(342,237,'2026-03-16','09:00:00','17:00:00','2026-02-11 04:40:33','2026-02-11 04:40:33'),(343,238,'2026-03-09','09:00:00','17:00:00','2026-02-11 04:40:34','2026-02-11 04:40:34'),(344,239,'2026-03-18','09:00:00','17:00:00','2026-02-11 04:40:34','2026-02-11 04:40:34'),(345,240,'2026-05-05','09:00:00','17:00:00','2026-02-11 04:40:34','2026-02-11 04:40:34'),(346,241,'2026-04-08','09:00:00','17:00:00','2026-02-11 04:40:34','2026-02-11 04:40:34'),(347,242,'2026-03-17','09:00:00','17:00:00','2026-02-11 04:40:34','2026-02-11 04:40:34'),(348,243,'2026-04-13','09:00:00','17:00:00','2026-02-11 04:40:34','2026-02-11 04:40:34'),(349,244,'2026-05-25','09:00:00','17:00:00','2026-02-11 04:40:34','2026-02-11 04:40:34'),(350,245,'2026-03-11','08:00:00','17:30:00','2026-02-11 04:40:34','2026-02-11 04:40:34'),(351,245,'2026-03-12','08:00:00','17:30:00','2026-02-11 04:40:34','2026-02-11 04:40:34'),(352,246,'2026-06-06','09:00:00','17:00:00','2026-02-11 04:40:34','2026-02-11 04:40:34'),(353,247,'2026-04-11','09:00:00','17:00:00','2026-02-11 04:40:34','2026-02-11 04:40:34'),(354,248,'2026-05-25','09:00:00','17:00:00','2026-02-11 04:40:34','2026-02-11 04:40:34'),(355,249,'2026-05-06','08:00:00','17:30:00','2026-02-11 04:40:34','2026-02-11 04:40:34'),(356,249,'2026-05-07','08:00:00','17:30:00','2026-02-11 04:40:34','2026-02-11 04:40:34'),(357,250,'2026-04-16','09:00:00','17:00:00','2026-02-11 04:40:34','2026-02-11 04:40:34'),(358,251,'2026-04-06','08:00:00','17:30:00','2026-02-11 04:40:34','2026-02-11 04:40:34'),(359,251,'2026-04-07','08:00:00','17:30:00','2026-02-11 04:40:34','2026-02-11 04:40:34'),(360,252,'2026-05-25','19:00:00','21:30:00','2026-02-11 04:40:34','2026-02-11 04:40:34'),(361,252,'2026-05-26','08:00:00','22:00:00','2026-02-11 04:40:34','2026-02-11 04:40:34'),(362,252,'2026-05-27','08:00:00','18:00:00','2026-02-11 04:40:34','2026-02-11 04:40:34'),(363,253,'2026-04-03','09:00:00','17:00:00','2026-02-11 04:40:34','2026-02-11 04:40:34'),(364,254,'2026-05-01','08:00:00','17:30:00','2026-02-11 04:40:34','2026-02-11 04:40:34'),(365,254,'2026-05-02','08:00:00','17:30:00','2026-02-11 04:40:34','2026-02-11 04:40:34'),(366,255,'2026-04-02','09:00:00','17:00:00','2026-02-11 04:40:34','2026-02-11 04:40:34'),(367,256,'2026-05-25','09:00:00','17:00:00','2026-02-11 04:40:34','2026-02-11 04:40:34'),(368,257,'2026-02-24','19:00:00','21:30:00','2026-02-11 04:40:34','2026-02-11 04:40:34'),(369,257,'2026-02-25','08:00:00','22:00:00','2026-02-11 04:40:34','2026-02-11 04:40:34'),(370,257,'2026-02-26','08:00:00','18:00:00','2026-02-11 04:40:34','2026-02-11 04:40:34'),(371,258,'2026-04-26','09:00:00','17:00:00','2026-02-11 04:40:34','2026-02-11 04:40:34'),(372,259,'2026-05-04','09:00:00','17:00:00','2026-02-11 04:40:34','2026-02-11 04:40:34'),(373,260,'2026-03-30','09:00:00','17:00:00','2026-02-11 04:40:34','2026-02-11 04:40:34'),(374,261,'2026-03-01','09:00:00','17:00:00','2026-02-11 04:40:34','2026-02-11 04:40:34'),(375,262,'2026-04-09','19:00:00','21:30:00','2026-02-11 04:40:34','2026-02-11 04:40:34'),(376,262,'2026-04-10','08:00:00','22:00:00','2026-02-11 04:40:34','2026-02-11 04:40:34'),(377,262,'2026-04-11','08:00:00','18:00:00','2026-02-11 04:40:34','2026-02-11 04:40:34'),(378,263,'2026-02-23','09:00:00','17:00:00','2026-02-11 04:40:34','2026-02-11 04:40:34'),(379,264,'2026-02-21','09:00:00','17:00:00','2026-02-11 04:40:34','2026-02-11 04:40:34'),(380,265,'2026-06-03','09:00:00','17:00:00','2026-02-11 04:40:34','2026-02-11 04:40:34'),(381,266,'2026-03-01','08:00:00','17:30:00','2026-02-11 04:40:34','2026-02-11 04:40:34'),(382,266,'2026-03-02','08:00:00','17:30:00','2026-02-11 04:40:34','2026-02-11 04:40:34'),(383,267,'2026-05-19','09:00:00','17:00:00','2026-02-11 04:40:34','2026-02-11 04:40:34'),(384,268,'2026-04-05','09:00:00','17:00:00','2026-02-11 04:40:34','2026-02-11 04:40:34'),(385,269,'2026-05-19','19:00:00','21:30:00','2026-02-11 04:40:34','2026-02-11 04:40:34'),(386,269,'2026-05-20','08:00:00','22:00:00','2026-02-11 04:40:34','2026-02-11 04:40:34'),(387,269,'2026-05-21','08:00:00','18:00:00','2026-02-11 04:40:34','2026-02-11 04:40:34'),(388,270,'2026-05-07','09:00:00','17:00:00','2026-02-11 04:40:34','2026-02-11 04:40:34'),(389,271,'2026-03-14','19:00:00','21:30:00','2026-02-11 04:40:34','2026-02-11 04:40:34'),(390,271,'2026-03-15','08:00:00','22:00:00','2026-02-11 04:40:34','2026-02-11 04:40:34'),(391,271,'2026-03-16','08:00:00','18:00:00','2026-02-11 04:40:34','2026-02-11 04:40:34'),(392,272,'2026-04-14','19:00:00','21:30:00','2026-02-11 04:40:34','2026-02-11 04:40:34'),(393,272,'2026-04-15','08:00:00','22:00:00','2026-02-11 04:40:34','2026-02-11 04:40:34'),(394,272,'2026-04-16','08:00:00','18:00:00','2026-02-11 04:40:34','2026-02-11 04:40:34'),(395,273,'2026-03-29','19:00:00','21:30:00','2026-02-11 04:40:34','2026-02-11 04:40:34'),(396,273,'2026-03-30','08:00:00','22:00:00','2026-02-11 04:40:34','2026-02-11 04:40:34'),(397,273,'2026-03-31','08:00:00','18:00:00','2026-02-11 04:40:34','2026-02-11 04:40:34'),(398,274,'2026-05-14','08:00:00','17:30:00','2026-02-11 04:40:34','2026-02-11 04:40:34'),(399,274,'2026-05-15','08:00:00','17:30:00','2026-02-11 04:40:34','2026-02-11 04:40:34'),(400,275,'2026-04-10','09:00:00','17:00:00','2026-02-11 04:40:34','2026-02-11 04:40:34'),(401,276,'2026-03-01','08:00:00','17:30:00','2026-02-11 04:40:34','2026-02-11 04:40:34'),(402,276,'2026-03-02','08:00:00','17:30:00','2026-02-11 04:40:34','2026-02-11 04:40:34'),(403,277,'2026-05-13','09:00:00','17:00:00','2026-02-11 04:40:34','2026-02-11 04:40:34'),(404,278,'2026-05-03','09:00:00','17:00:00','2026-02-11 04:40:34','2026-02-11 04:40:34'),(405,279,'2026-04-19','09:00:00','17:00:00','2026-02-11 04:40:34','2026-02-11 04:40:34'),(406,280,'2026-05-28','19:00:00','21:30:00','2026-02-11 04:40:34','2026-02-11 04:40:34'),(407,280,'2026-05-29','08:00:00','22:00:00','2026-02-11 04:40:34','2026-02-11 04:40:34'),(408,280,'2026-05-30','08:00:00','18:00:00','2026-02-11 04:40:34','2026-02-11 04:40:34'),(409,281,'2026-06-06','09:00:00','17:00:00','2026-02-11 04:40:34','2026-02-11 04:40:34'),(410,282,'2026-02-24','09:00:00','17:00:00','2026-02-11 04:40:34','2026-02-11 04:40:34'),(411,283,'2026-05-09','09:00:00','17:00:00','2026-02-11 04:40:34','2026-02-11 04:40:34'),(412,284,'2026-02-27','19:00:00','21:30:00','2026-02-11 04:40:34','2026-02-11 04:40:34'),(413,284,'2026-02-28','08:00:00','22:00:00','2026-02-11 04:40:34','2026-02-11 04:40:34'),(414,284,'2026-03-01','08:00:00','18:00:00','2026-02-11 04:40:34','2026-02-11 04:40:34'),(415,285,'2026-04-16','09:00:00','17:00:00','2026-02-11 04:40:34','2026-02-11 04:40:34'),(416,286,'2026-06-06','09:00:00','17:00:00','2026-02-11 04:40:34','2026-02-11 04:40:34'),(417,287,'2026-05-23','19:00:00','21:30:00','2026-02-11 04:40:34','2026-02-11 04:40:34'),(418,287,'2026-05-24','08:00:00','22:00:00','2026-02-11 04:40:34','2026-02-11 04:40:34'),(419,287,'2026-05-25','08:00:00','18:00:00','2026-02-11 04:40:34','2026-02-11 04:40:34'),(420,288,'2026-03-28','09:00:00','17:00:00','2026-02-11 04:40:34','2026-02-11 04:40:34'),(421,289,'2026-05-13','09:00:00','17:00:00','2026-02-11 04:40:34','2026-02-11 04:40:34'),(422,290,'2026-05-05','09:00:00','17:00:00','2026-02-11 04:40:34','2026-02-11 04:40:34'),(423,291,'2026-04-30','09:00:00','17:00:00','2026-02-11 04:40:34','2026-02-11 04:40:34'),(424,292,'2026-03-10','09:00:00','17:00:00','2026-02-11 04:40:34','2026-02-11 04:40:34'),(425,293,'2026-04-03','09:00:00','17:00:00','2026-02-11 04:40:34','2026-02-11 04:40:34'),(426,294,'2026-05-09','09:00:00','17:00:00','2026-02-11 04:40:34','2026-02-11 04:40:34'),(427,295,'2026-05-26','09:00:00','17:00:00','2026-02-11 04:40:34','2026-02-11 04:40:34'),(428,296,'2026-02-22','19:00:00','21:30:00','2026-02-11 04:40:34','2026-02-11 04:40:34'),(429,296,'2026-02-23','08:00:00','22:00:00','2026-02-11 04:40:34','2026-02-11 04:40:34'),(430,296,'2026-02-24','08:00:00','18:00:00','2026-02-11 04:40:34','2026-02-11 04:40:34'),(431,297,'2026-03-14','09:00:00','17:00:00','2026-02-11 04:40:34','2026-02-11 04:40:34'),(432,298,'2026-03-07','09:00:00','17:00:00','2026-02-11 04:40:34','2026-02-11 04:40:34'),(433,299,'2026-06-01','09:00:00','17:00:00','2026-02-11 04:40:34','2026-02-11 04:40:34'),(434,300,'2026-06-11','09:00:00','17:00:00','2026-02-11 04:40:34','2026-02-11 04:40:34'),(435,301,'2026-03-09','09:00:00','17:00:00','2026-02-11 04:40:34','2026-02-11 04:40:34'),(436,302,'2026-06-06','09:00:00','17:00:00','2026-02-11 04:40:34','2026-02-11 04:40:34'),(437,303,'2026-04-11','08:00:00','17:30:00','2026-02-11 04:40:34','2026-02-11 04:40:34'),(438,303,'2026-04-12','08:00:00','17:30:00','2026-02-11 04:40:34','2026-02-11 04:40:34'),(439,304,'2026-03-04','09:00:00','17:00:00','2026-02-11 04:40:34','2026-02-11 04:40:34'),(440,305,'2026-04-28','09:00:00','17:00:00','2026-02-11 04:40:34','2026-02-11 04:40:34'),(441,306,'2026-04-22','19:00:00','21:30:00','2026-02-11 04:40:34','2026-02-11 04:40:34'),(442,306,'2026-04-23','08:00:00','22:00:00','2026-02-11 04:40:34','2026-02-11 04:40:34'),(443,306,'2026-04-24','08:00:00','18:00:00','2026-02-11 04:40:34','2026-02-11 04:40:34'),(444,307,'2026-05-23','09:00:00','17:00:00','2026-02-11 04:40:34','2026-02-11 04:40:34'),(445,308,'2026-05-23','09:00:00','17:00:00','2026-02-11 04:40:34','2026-02-11 04:40:34'),(446,309,'2026-02-26','08:00:00','17:30:00','2026-02-11 04:40:34','2026-02-11 04:40:34'),(447,309,'2026-02-27','08:00:00','17:30:00','2026-02-11 04:40:34','2026-02-11 04:40:34'),(448,310,'2026-05-28','09:00:00','17:00:00','2026-02-11 04:40:34','2026-02-11 04:40:34'),(449,311,'2026-05-18','09:00:00','17:00:00','2026-02-11 04:40:34','2026-02-11 04:40:34');
/*!40000 ALTER TABLE `event_dates` ENABLE KEYS */;
UNLOCK TABLES;

--
-- Table structure for table `failed_jobs`
--

DROP TABLE IF EXISTS `failed_jobs`;
/*!40101 SET @saved_cs_client     = @@character_set_client */;
/*!50503 SET character_set_client = utf8mb4 */;
CREATE TABLE `failed_jobs` (
  `id` bigint unsigned NOT NULL AUTO_INCREMENT,
  `uuid` varchar(255) COLLATE utf8mb4_unicode_ci NOT NULL,
  `connection` text COLLATE utf8mb4_unicode_ci NOT NULL,
  `queue` text COLLATE utf8mb4_unicode_ci NOT NULL,
  `payload` longtext COLLATE utf8mb4_unicode_ci NOT NULL,
  `exception` longtext COLLATE utf8mb4_unicode_ci NOT NULL,
  `failed_at` timestamp NOT NULL DEFAULT CURRENT_TIMESTAMP,
  PRIMARY KEY (`id`),
  UNIQUE KEY `failed_jobs_uuid_unique` (`uuid`)
) ENGINE=InnoDB DEFAULT CHARSET=utf8mb4 COLLATE=utf8mb4_unicode_ci;
/*!40101 SET character_set_client = @saved_cs_client */;

--
-- Dumping data for table `failed_jobs`
--

LOCK TABLES `failed_jobs` WRITE;
/*!40000 ALTER TABLE `failed_jobs` DISABLE KEYS */;
/*!40000 ALTER TABLE `failed_jobs` ENABLE KEYS */;
UNLOCK TABLES;

--
-- Table structure for table `helps`
--

DROP TABLE IF EXISTS `helps`;
/*!40101 SET @saved_cs_client     = @@character_set_client */;
/*!50503 SET character_set_client = utf8mb4 */;
CREATE TABLE `helps` (
  `id` bigint unsigned NOT NULL AUTO_INCREMENT,
  `fullname` varchar(255) COLLATE utf8mb4_unicode_ci DEFAULT NULL,
  `email` varchar(255) COLLATE utf8mb4_unicode_ci DEFAULT NULL,
  `subject` varchar(255) COLLATE utf8mb4_unicode_ci DEFAULT NULL,
  `message` tinytext COLLATE utf8mb4_unicode_ci,
  `attachment` varchar(255) COLLATE utf8mb4_unicode_ci DEFAULT NULL,
  `created_at` timestamp NULL DEFAULT NULL,
  `updated_at` timestamp NULL DEFAULT NULL,
  PRIMARY KEY (`id`)
) ENGINE=InnoDB DEFAULT CHARSET=utf8mb4 COLLATE=utf8mb4_unicode_ci;
/*!40101 SET character_set_client = @saved_cs_client */;

--
-- Dumping data for table `helps`
--

LOCK TABLES `helps` WRITE;
/*!40000 ALTER TABLE `helps` DISABLE KEYS */;
/*!40000 ALTER TABLE `helps` ENABLE KEYS */;
UNLOCK TABLES;

--
-- Table structure for table `host_church_admins`
--

DROP TABLE IF EXISTS `host_church_admins`;
/*!40101 SET @saved_cs_client     = @@character_set_client */;
/*!50503 SET character_set_client = utf8mb4 */;
CREATE TABLE `host_church_admins` (
  `id` bigint unsigned NOT NULL AUTO_INCREMENT,
  `host_church_id` bigint unsigned NOT NULL,
  `user_id` bigint unsigned NOT NULL,
  `certified_at` date DEFAULT NULL,
  `status` varchar(16) COLLATE utf8mb4_unicode_ci NOT NULL DEFAULT 'active',
  `created_at` timestamp NULL DEFAULT NULL,
  `updated_at` timestamp NULL DEFAULT NULL,
  PRIMARY KEY (`id`),
  UNIQUE KEY `host_church_admins_host_church_id_user_id_unique` (`host_church_id`,`user_id`),
  KEY `host_church_admins_user_id_status_index` (`user_id`,`status`),
  CONSTRAINT `host_church_admins_host_church_id_foreign` FOREIGN KEY (`host_church_id`) REFERENCES `host_churches` (`id`) ON DELETE CASCADE,
  CONSTRAINT `host_church_admins_user_id_foreign` FOREIGN KEY (`user_id`) REFERENCES `users` (`id`) ON DELETE CASCADE
) ENGINE=InnoDB DEFAULT CHARSET=utf8mb4 COLLATE=utf8mb4_unicode_ci;
/*!40101 SET character_set_client = @saved_cs_client */;

--
-- Dumping data for table `host_church_admins`
--

LOCK TABLES `host_church_admins` WRITE;
/*!40000 ALTER TABLE `host_church_admins` DISABLE KEYS */;
/*!40000 ALTER TABLE `host_church_admins` ENABLE KEYS */;
UNLOCK TABLES;

--
-- Table structure for table `host_churches`
--

DROP TABLE IF EXISTS `host_churches`;
/*!40101 SET @saved_cs_client     = @@character_set_client */;
/*!50503 SET character_set_client = utf8mb4 */;
CREATE TABLE `host_churches` (
  `id` bigint unsigned NOT NULL AUTO_INCREMENT,
  `church_id` bigint unsigned NOT NULL,
  `since_date` date DEFAULT NULL,
  `notes` text COLLATE utf8mb4_unicode_ci,
  `created_at` timestamp NULL DEFAULT NULL,
  `updated_at` timestamp NULL DEFAULT NULL,
  PRIMARY KEY (`id`),
  KEY `host_churches_church_id_foreign` (`church_id`),
  CONSTRAINT `host_churches_church_id_foreign` FOREIGN KEY (`church_id`) REFERENCES `churches` (`id`) ON DELETE CASCADE
) ENGINE=InnoDB DEFAULT CHARSET=utf8mb4 COLLATE=utf8mb4_unicode_ci;
/*!40101 SET character_set_client = @saved_cs_client */;

--
-- Dumping data for table `host_churches`
--

LOCK TABLES `host_churches` WRITE;
/*!40000 ALTER TABLE `host_churches` DISABLE KEYS */;
/*!40000 ALTER TABLE `host_churches` ENABLE KEYS */;
UNLOCK TABLES;

--
-- Table structure for table `inventories`
--

DROP TABLE IF EXISTS `inventories`;
/*!40101 SET @saved_cs_client     = @@character_set_client */;
/*!50503 SET character_set_client = utf8mb4 */;
CREATE TABLE `inventories` (
  `id` bigint unsigned NOT NULL AUTO_INCREMENT,
  `name` varchar(255) COLLATE utf8mb4_unicode_ci NOT NULL,
  `phone` varchar(255) COLLATE utf8mb4_unicode_ci DEFAULT NULL,
  `email` varchar(255) COLLATE utf8mb4_unicode_ci DEFAULT NULL,
  `street` varchar(255) COLLATE utf8mb4_unicode_ci DEFAULT NULL,
  `number` varchar(255) COLLATE utf8mb4_unicode_ci DEFAULT NULL,
  `complement` varchar(255) COLLATE utf8mb4_unicode_ci DEFAULT NULL,
  `district` varchar(255) COLLATE utf8mb4_unicode_ci DEFAULT NULL,
  `city` varchar(255) COLLATE utf8mb4_unicode_ci DEFAULT NULL,
  `state` varchar(255) COLLATE utf8mb4_unicode_ci DEFAULT NULL,
  `postal_code` varchar(255) COLLATE utf8mb4_unicode_ci DEFAULT NULL,
  `notes` varchar(255) COLLATE utf8mb4_unicode_ci DEFAULT NULL,
  `created_at` timestamp NULL DEFAULT NULL,
  `updated_at` timestamp NULL DEFAULT NULL,
  PRIMARY KEY (`id`)
) ENGINE=InnoDB DEFAULT CHARSET=utf8mb4 COLLATE=utf8mb4_unicode_ci;
/*!40101 SET character_set_client = @saved_cs_client */;

--
-- Dumping data for table `inventories`
--

LOCK TABLES `inventories` WRITE;
/*!40000 ALTER TABLE `inventories` DISABLE KEYS */;
/*!40000 ALTER TABLE `inventories` ENABLE KEYS */;
UNLOCK TABLES;

--
-- Table structure for table `inventory_material`
--

DROP TABLE IF EXISTS `inventory_material`;
/*!40101 SET @saved_cs_client     = @@character_set_client */;
/*!50503 SET character_set_client = utf8mb4 */;
CREATE TABLE `inventory_material` (
  `material_id` bigint unsigned DEFAULT NULL,
  `inventory_id` bigint unsigned DEFAULT NULL,
  `received_items` int NOT NULL DEFAULT '0',
  `current_quantity` int NOT NULL DEFAULT '0',
  `lost_items` int NOT NULL DEFAULT '0',
  KEY `inventory_material_material_id_foreign` (`material_id`),
  KEY `inventory_material_inventory_id_foreign` (`inventory_id`),
  CONSTRAINT `inventory_material_inventory_id_foreign` FOREIGN KEY (`inventory_id`) REFERENCES `inventories` (`id`) ON DELETE CASCADE ON UPDATE CASCADE,
  CONSTRAINT `inventory_material_material_id_foreign` FOREIGN KEY (`material_id`) REFERENCES `materials` (`id`) ON DELETE CASCADE ON UPDATE CASCADE
) ENGINE=InnoDB DEFAULT CHARSET=utf8mb4 COLLATE=utf8mb4_unicode_ci;
/*!40101 SET character_set_client = @saved_cs_client */;

--
-- Dumping data for table `inventory_material`
--

LOCK TABLES `inventory_material` WRITE;
/*!40000 ALTER TABLE `inventory_material` DISABLE KEYS */;
/*!40000 ALTER TABLE `inventory_material` ENABLE KEYS */;
UNLOCK TABLES;

--
-- Table structure for table `job_batches`
--

DROP TABLE IF EXISTS `job_batches`;
/*!40101 SET @saved_cs_client     = @@character_set_client */;
/*!50503 SET character_set_client = utf8mb4 */;
CREATE TABLE `job_batches` (
  `id` varchar(255) COLLATE utf8mb4_unicode_ci NOT NULL,
  `name` varchar(255) COLLATE utf8mb4_unicode_ci NOT NULL,
  `total_jobs` int NOT NULL,
  `pending_jobs` int NOT NULL,
  `failed_jobs` int NOT NULL,
  `failed_job_ids` longtext COLLATE utf8mb4_unicode_ci NOT NULL,
  `options` mediumtext COLLATE utf8mb4_unicode_ci,
  `cancelled_at` int DEFAULT NULL,
  `created_at` int NOT NULL,
  `finished_at` int DEFAULT NULL,
  PRIMARY KEY (`id`)
) ENGINE=InnoDB DEFAULT CHARSET=utf8mb4 COLLATE=utf8mb4_unicode_ci;
/*!40101 SET character_set_client = @saved_cs_client */;

--
-- Dumping data for table `job_batches`
--

LOCK TABLES `job_batches` WRITE;
/*!40000 ALTER TABLE `job_batches` DISABLE KEYS */;
/*!40000 ALTER TABLE `job_batches` ENABLE KEYS */;
UNLOCK TABLES;

--
-- Table structure for table `jobs`
--

DROP TABLE IF EXISTS `jobs`;
/*!40101 SET @saved_cs_client     = @@character_set_client */;
/*!50503 SET character_set_client = utf8mb4 */;
CREATE TABLE `jobs` (
  `id` bigint unsigned NOT NULL AUTO_INCREMENT,
  `queue` varchar(255) COLLATE utf8mb4_unicode_ci NOT NULL,
  `payload` longtext COLLATE utf8mb4_unicode_ci NOT NULL,
  `attempts` tinyint unsigned NOT NULL,
  `reserved_at` int unsigned DEFAULT NULL,
  `available_at` int unsigned NOT NULL,
  `created_at` int unsigned NOT NULL,
  PRIMARY KEY (`id`),
  KEY `jobs_queue_index` (`queue`)
) ENGINE=InnoDB DEFAULT CHARSET=utf8mb4 COLLATE=utf8mb4_unicode_ci;
/*!40101 SET character_set_client = @saved_cs_client */;

--
-- Dumping data for table `jobs`
--

LOCK TABLES `jobs` WRITE;
/*!40000 ALTER TABLE `jobs` DISABLE KEYS */;
/*!40000 ALTER TABLE `jobs` ENABLE KEYS */;
UNLOCK TABLES;

--
-- Table structure for table `lessonplans`
--

DROP TABLE IF EXISTS `lessonplans`;
/*!40101 SET @saved_cs_client     = @@character_set_client */;
/*!50503 SET character_set_client = utf8mb4 */;
CREATE TABLE `lessonplans` (
  `id` bigint unsigned NOT NULL AUTO_INCREMENT,
  `section_id` bigint unsigned DEFAULT NULL,
  `course_id` bigint unsigned DEFAULT NULL,
  `day` varchar(255) COLLATE utf8mb4_unicode_ci NOT NULL,
  `time_start` varchar(255) COLLATE utf8mb4_unicode_ci NOT NULL,
  `time_end` varchar(255) COLLATE utf8mb4_unicode_ci NOT NULL,
  `created_at` timestamp NULL DEFAULT NULL,
  `updated_at` timestamp NULL DEFAULT NULL,
  PRIMARY KEY (`id`),
  KEY `lessonplans_section_id_foreign` (`section_id`),
  KEY `lessonplans_course_id_foreign` (`course_id`),
  CONSTRAINT `lessonplans_course_id_foreign` FOREIGN KEY (`course_id`) REFERENCES `courses` (`id`) ON DELETE CASCADE ON UPDATE CASCADE,
  CONSTRAINT `lessonplans_section_id_foreign` FOREIGN KEY (`section_id`) REFERENCES `sections` (`id`) ON DELETE CASCADE ON UPDATE CASCADE
) ENGINE=InnoDB DEFAULT CHARSET=utf8mb4 COLLATE=utf8mb4_unicode_ci;
/*!40101 SET character_set_client = @saved_cs_client */;

--
-- Dumping data for table `lessonplans`
--

LOCK TABLES `lessonplans` WRITE;
/*!40000 ALTER TABLE `lessonplans` DISABLE KEYS */;
/*!40000 ALTER TABLE `lessonplans` ENABLE KEYS */;
UNLOCK TABLES;

--
-- Table structure for table `material_shipping`
--

DROP TABLE IF EXISTS `material_shipping`;
/*!40101 SET @saved_cs_client     = @@character_set_client */;
/*!50503 SET character_set_client = utf8mb4 */;
CREATE TABLE `material_shipping` (
  `material_id` bigint unsigned DEFAULT NULL,
  `shipping_id` bigint unsigned DEFAULT NULL,
  KEY `material_shipping_material_id_foreign` (`material_id`),
  KEY `material_shipping_shipping_id_foreign` (`shipping_id`),
  CONSTRAINT `material_shipping_material_id_foreign` FOREIGN KEY (`material_id`) REFERENCES `materials` (`id`) ON DELETE CASCADE ON UPDATE CASCADE,
  CONSTRAINT `material_shipping_shipping_id_foreign` FOREIGN KEY (`shipping_id`) REFERENCES `shippings` (`id`) ON DELETE CASCADE ON UPDATE CASCADE
) ENGINE=InnoDB DEFAULT CHARSET=utf8mb4 COLLATE=utf8mb4_unicode_ci;
/*!40101 SET character_set_client = @saved_cs_client */;

--
-- Dumping data for table `material_shipping`
--

LOCK TABLES `material_shipping` WRITE;
/*!40000 ALTER TABLE `material_shipping` DISABLE KEYS */;
/*!40000 ALTER TABLE `material_shipping` ENABLE KEYS */;
UNLOCK TABLES;

--
-- Table structure for table `material_suppliers`
--

DROP TABLE IF EXISTS `material_suppliers`;
/*!40101 SET @saved_cs_client     = @@character_set_client */;
/*!50503 SET character_set_client = utf8mb4 */;
CREATE TABLE `material_suppliers` (
  `material_id` bigint unsigned DEFAULT NULL,
  `supplier_id` bigint unsigned DEFAULT NULL,
  KEY `material_suppliers_material_id_foreign` (`material_id`),
  KEY `material_suppliers_supplier_id_foreign` (`supplier_id`),
  CONSTRAINT `material_suppliers_material_id_foreign` FOREIGN KEY (`material_id`) REFERENCES `materials` (`id`) ON DELETE CASCADE ON UPDATE CASCADE,
  CONSTRAINT `material_suppliers_supplier_id_foreign` FOREIGN KEY (`supplier_id`) REFERENCES `suppliers` (`id`) ON DELETE CASCADE ON UPDATE CASCADE
) ENGINE=InnoDB DEFAULT CHARSET=utf8mb4 COLLATE=utf8mb4_unicode_ci;
/*!40101 SET character_set_client = @saved_cs_client */;

--
-- Dumping data for table `material_suppliers`
--

LOCK TABLES `material_suppliers` WRITE;
/*!40000 ALTER TABLE `material_suppliers` DISABLE KEYS */;
/*!40000 ALTER TABLE `material_suppliers` ENABLE KEYS */;
UNLOCK TABLES;

--
-- Table structure for table `materials`
--

DROP TABLE IF EXISTS `materials`;
/*!40101 SET @saved_cs_client     = @@character_set_client */;
/*!50503 SET character_set_client = utf8mb4 */;
CREATE TABLE `materials` (
  `id` bigint unsigned NOT NULL AUTO_INCREMENT,
  `photo` varchar(255) COLLATE utf8mb4_unicode_ci DEFAULT NULL,
  `name` varchar(255) COLLATE utf8mb4_unicode_ci NOT NULL,
  `price` varchar(255) COLLATE utf8mb4_unicode_ci NOT NULL DEFAULT '0,00',
  `status` varchar(255) COLLATE utf8mb4_unicode_ci DEFAULT NULL,
  `description` text COLLATE utf8mb4_unicode_ci,
  `created_at` timestamp NULL DEFAULT NULL,
  `updated_at` timestamp NULL DEFAULT NULL,
  PRIMARY KEY (`id`)
) ENGINE=InnoDB DEFAULT CHARSET=utf8mb4 COLLATE=utf8mb4_unicode_ci;
/*!40101 SET character_set_client = @saved_cs_client */;

--
-- Dumping data for table `materials`
--

LOCK TABLES `materials` WRITE;
/*!40000 ALTER TABLE `materials` DISABLE KEYS */;
/*!40000 ALTER TABLE `materials` ENABLE KEYS */;
UNLOCK TABLES;

--
-- Table structure for table `media`
--

DROP TABLE IF EXISTS `media`;
/*!40101 SET @saved_cs_client     = @@character_set_client */;
/*!50503 SET character_set_client = utf8mb4 */;
CREATE TABLE `media` (
  `id` bigint unsigned NOT NULL AUTO_INCREMENT,
  `training_id` bigint unsigned DEFAULT NULL,
  `name` varchar(255) COLLATE utf8mb4_unicode_ci DEFAULT NULL,
  `extension` varchar(255) COLLATE utf8mb4_unicode_ci DEFAULT NULL,
  `path_original` varchar(255) COLLATE utf8mb4_unicode_ci DEFAULT NULL,
  `path_thumbnail` varchar(255) COLLATE utf8mb4_unicode_ci DEFAULT NULL,
  `path_optimized` varchar(255) COLLATE utf8mb4_unicode_ci DEFAULT NULL,
  `created_at` timestamp NULL DEFAULT NULL,
  `updated_at` timestamp NULL DEFAULT NULL,
  PRIMARY KEY (`id`),
  KEY `media_training_id_foreign` (`training_id`),
  CONSTRAINT `media_training_id_foreign` FOREIGN KEY (`training_id`) REFERENCES `trainings` (`id`) ON DELETE CASCADE ON UPDATE CASCADE
) ENGINE=InnoDB DEFAULT CHARSET=utf8mb4 COLLATE=utf8mb4_unicode_ci;
/*!40101 SET character_set_client = @saved_cs_client */;

--
-- Dumping data for table `media`
--

LOCK TABLES `media` WRITE;
/*!40000 ALTER TABLE `media` DISABLE KEYS */;
/*!40000 ALTER TABLE `media` ENABLE KEYS */;
UNLOCK TABLES;

--
-- Table structure for table `migrations`
--

DROP TABLE IF EXISTS `migrations`;
/*!40101 SET @saved_cs_client     = @@character_set_client */;
/*!50503 SET character_set_client = utf8mb4 */;
CREATE TABLE `migrations` (
  `id` int unsigned NOT NULL AUTO_INCREMENT,
  `migration` varchar(255) COLLATE utf8mb4_unicode_ci NOT NULL,
  `batch` int NOT NULL,
  PRIMARY KEY (`id`)
) ENGINE=InnoDB AUTO_INCREMENT=46 DEFAULT CHARSET=utf8mb4 COLLATE=utf8mb4_unicode_ci;
/*!40101 SET character_set_client = @saved_cs_client */;

--
-- Dumping data for table `migrations`
--

LOCK TABLES `migrations` WRITE;
/*!40000 ALTER TABLE `migrations` DISABLE KEYS */;
INSERT INTO `migrations` VALUES (1,'0001_01_01_000001_create_cache_table',1),(2,'0001_01_01_000002_create_jobs_table',1),(3,'2014_01_02_235701_create_churches_table',1),(4,'2014_01_09_160954_create_church_temps_table',1),(5,'2014_10_11_000000_create_users_table',1),(6,'2023_12_27_224631_create_helps_table',1),(7,'2024_01_02_002154_create_roles_table',1),(8,'2024_01_02_003133_create_role_user_table',1),(9,'2024_01_11_225211_create_ministries_table',1),(10,'2024_01_12_223102_create_courses_table',1),(11,'2024_01_13_222129_create_sections_table',1),(12,'2024_01_18_213110_create_course_user_table',1),(13,'2024_01_19_171219_create_categories_table',1),(14,'2024_01_19_184630_create_materials_table',1),(15,'2024_01_19_211229_create_suppliers_table',1),(16,'2024_01_19_211244_create_shippings_table',1),(17,'2024_01_19_211251_create_inventories_table',1),(18,'2024_01_19_230054_create_category_material_table',1),(19,'2024_01_19_230105_create_inventory_material_table',1),(20,'2024_01_19_230119_create_material_shipping_table',1),(21,'2024_01_19_231248_create_material_suppliers_table',1),(22,'2024_01_25_073903_create_lessonplans_table',1),(23,'2024_01_30_225932_create_church_missionary_table',1),(24,'2024_01_31_133849_create_trainings_table',1),(25,'2024_01_31_134317_create_training_user_table',1),(26,'2024_01_31_153017_create_receipts_table',1),(27,'2024_02_19_142650_create_vouchers_table',1),(28,'2024_02_28_092825_create_media_table',1),(29,'2025_09_02_075243_add_two_factor_columns_to_users_table',1),(30,'2026_01_15_023852_create_host_churches_table',1),(31,'2026_01_15_023907_create_host_church_admins_table',1),(32,'2026_01_15_143736_create_event_dates_table',1),(33,'2026_01_16_174032_remove_status_from_event_dates_table',1),(34,'2026_01_25_164233_create_training_schedule_items_table',1),(35,'2026_01_26_203430_add_welcome_duration_minutes_to_trainings_table',1),(36,'2026_01_27_045612_create_ojt_sessions_table',1),(37,'2026_01_27_045616_create_ojt_training_mentors_table',1),(38,'2026_01_27_045622_create_ojt_teams_table',1),(39,'2026_01_27_045625_create_ojt_team_trainees_table',1),(40,'2026_01_27_045629_create_ojt_reports_table',1),(41,'2026_01_27_050301_add_ojt_defaults_to_courses_table',1),(42,'2026_01_27_050305_add_ojt_overrides_to_trainings_table',1),(43,'2026_01_28_023555_add_locking_and_contact_type_counts_to_ojt_reports_table',1),(44,'2026_01_29_025508_add_schedule_settings_to_trainings_table',1),(45,'2026_02_02_011829_add_position_to_training_schedule_items_table',1);
/*!40000 ALTER TABLE `migrations` ENABLE KEYS */;
UNLOCK TABLES;

--
-- Table structure for table `ministries`
--

DROP TABLE IF EXISTS `ministries`;
/*!40101 SET @saved_cs_client     = @@character_set_client */;
/*!50503 SET character_set_client = utf8mb4 */;
CREATE TABLE `ministries` (
  `id` bigint unsigned NOT NULL AUTO_INCREMENT,
  `initials` varchar(255) COLLATE utf8mb4_unicode_ci NOT NULL,
  `name` varchar(255) COLLATE utf8mb4_unicode_ci NOT NULL,
  `logo` varchar(255) COLLATE utf8mb4_unicode_ci DEFAULT NULL,
  `color` varchar(255) COLLATE utf8mb4_unicode_ci DEFAULT '#4F4F4F',
  `description` text COLLATE utf8mb4_unicode_ci,
  `created_at` timestamp NULL DEFAULT NULL,
  `updated_at` timestamp NULL DEFAULT NULL,
  PRIMARY KEY (`id`)
) ENGINE=InnoDB AUTO_INCREMENT=3 DEFAULT CHARSET=utf8mb4 COLLATE=utf8mb4_unicode_ci;
/*!40101 SET character_set_client = @saved_cs_client */;

--
-- Dumping data for table `ministries`
--

LOCK TABLES `ministries` WRITE;
/*!40000 ALTER TABLE `ministries` DISABLE KEYS */;
INSERT INTO `ministries` VALUES (1,'ev²','Evangelismo Eficaz',NULL,NULL,'O Ministério Evangelismo Eficaz tem como propósito capacitar cristãos a compartilhar o evangelho de Jesus Cristo de forma clara, bíblica e intencional no dia a dia. Por meio de treinamentos práticos e fundamentados nas Escrituras, o ministério promove uma vida de testemunho fiel, preparando a igreja para cumprir a Grande Comissão com convicção, amor e simplicidade.','2026-02-11 04:40:29','2026-02-11 04:40:29'),(2,'ee-kids','EE-Kids',NULL,NULL,'O EE-Kids é o ministério voltado à evangelização de crianças, ensinando desde cedo as verdades fundamentais do evangelho de forma didática, bíblica e adequada à faixa etária. Seu objetivo é auxiliar pais, educadores e igrejas na formação espiritual das crianças, cultivando uma fé sólida e um coração disposto a conhecer e seguir a Cristo.','2026-02-11 04:40:29','2026-02-11 04:40:29');
/*!40000 ALTER TABLE `ministries` ENABLE KEYS */;
UNLOCK TABLES;

--
-- Table structure for table `ojt_reports`
--

DROP TABLE IF EXISTS `ojt_reports`;
/*!40101 SET @saved_cs_client     = @@character_set_client */;
/*!50503 SET character_set_client = utf8mb4 */;
CREATE TABLE `ojt_reports` (
  `id` bigint unsigned NOT NULL AUTO_INCREMENT,
  `ojt_team_id` bigint unsigned NOT NULL,
  `contact_type` varchar(30) COLLATE utf8mb4_unicode_ci DEFAULT NULL,
  `contact_type_counts` json DEFAULT NULL,
  `gospel_presentations` smallint unsigned NOT NULL DEFAULT '0',
  `listeners_count` smallint unsigned NOT NULL DEFAULT '0',
  `results_decisions` smallint unsigned NOT NULL DEFAULT '0',
  `results_interested` smallint unsigned NOT NULL DEFAULT '0',
  `results_rejection` smallint unsigned NOT NULL DEFAULT '0',
  `results_assurance` smallint unsigned NOT NULL DEFAULT '0',
  `follow_up_scheduled` tinyint(1) NOT NULL DEFAULT '0',
  `outline_participation` json DEFAULT NULL,
  `lesson_learned` text COLLATE utf8mb4_unicode_ci,
  `public_report` json DEFAULT NULL,
  `submitted_at` timestamp NULL DEFAULT NULL,
  `is_locked` tinyint(1) NOT NULL DEFAULT '0',
  `created_at` timestamp NULL DEFAULT NULL,
  `updated_at` timestamp NULL DEFAULT NULL,
  PRIMARY KEY (`id`),
  KEY `ojt_reports_ojt_team_id_index` (`ojt_team_id`),
  KEY `ojt_reports_submitted_at_index` (`submitted_at`),
  CONSTRAINT `ojt_reports_ojt_team_id_foreign` FOREIGN KEY (`ojt_team_id`) REFERENCES `ojt_teams` (`id`) ON DELETE CASCADE ON UPDATE CASCADE
) ENGINE=InnoDB DEFAULT CHARSET=utf8mb4 COLLATE=utf8mb4_unicode_ci;
/*!40101 SET character_set_client = @saved_cs_client */;

--
-- Dumping data for table `ojt_reports`
--

LOCK TABLES `ojt_reports` WRITE;
/*!40000 ALTER TABLE `ojt_reports` DISABLE KEYS */;
/*!40000 ALTER TABLE `ojt_reports` ENABLE KEYS */;
UNLOCK TABLES;

--
-- Table structure for table `ojt_sessions`
--

DROP TABLE IF EXISTS `ojt_sessions`;
/*!40101 SET @saved_cs_client     = @@character_set_client */;
/*!50503 SET character_set_client = utf8mb4 */;
CREATE TABLE `ojt_sessions` (
  `id` bigint unsigned NOT NULL AUTO_INCREMENT,
  `training_id` bigint unsigned NOT NULL,
  `date` date NOT NULL,
  `starts_at` time DEFAULT NULL,
  `ends_at` time DEFAULT NULL,
  `week_number` smallint unsigned NOT NULL,
  `status` varchar(20) COLLATE utf8mb4_unicode_ci NOT NULL DEFAULT 'planned',
  `meta` json DEFAULT NULL,
  `created_at` timestamp NULL DEFAULT NULL,
  `updated_at` timestamp NULL DEFAULT NULL,
  PRIMARY KEY (`id`),
  KEY `ojt_sessions_training_id_date_index` (`training_id`,`date`),
  KEY `ojt_sessions_training_id_week_number_index` (`training_id`,`week_number`),
  KEY `ojt_sessions_status_index` (`status`),
  CONSTRAINT `ojt_sessions_training_id_foreign` FOREIGN KEY (`training_id`) REFERENCES `trainings` (`id`) ON DELETE CASCADE ON UPDATE CASCADE
) ENGINE=InnoDB DEFAULT CHARSET=utf8mb4 COLLATE=utf8mb4_unicode_ci;
/*!40101 SET character_set_client = @saved_cs_client */;

--
-- Dumping data for table `ojt_sessions`
--

LOCK TABLES `ojt_sessions` WRITE;
/*!40000 ALTER TABLE `ojt_sessions` DISABLE KEYS */;
/*!40000 ALTER TABLE `ojt_sessions` ENABLE KEYS */;
UNLOCK TABLES;

--
-- Table structure for table `ojt_team_trainees`
--

DROP TABLE IF EXISTS `ojt_team_trainees`;
/*!40101 SET @saved_cs_client     = @@character_set_client */;
/*!50503 SET character_set_client = utf8mb4 */;
CREATE TABLE `ojt_team_trainees` (
  `id` bigint unsigned NOT NULL AUTO_INCREMENT,
  `ojt_team_id` bigint unsigned NOT NULL,
  `trainee_id` bigint unsigned NOT NULL,
  `order` tinyint unsigned NOT NULL,
  `created_at` timestamp NULL DEFAULT NULL,
  `updated_at` timestamp NULL DEFAULT NULL,
  PRIMARY KEY (`id`),
  UNIQUE KEY `ojt_team_trainees_ojt_team_id_trainee_id_unique` (`ojt_team_id`,`trainee_id`),
  KEY `ojt_team_trainees_trainee_id_index` (`trainee_id`),
  CONSTRAINT `ojt_team_trainees_ojt_team_id_foreign` FOREIGN KEY (`ojt_team_id`) REFERENCES `ojt_teams` (`id`) ON DELETE CASCADE ON UPDATE CASCADE,
  CONSTRAINT `ojt_team_trainees_trainee_id_foreign` FOREIGN KEY (`trainee_id`) REFERENCES `users` (`id`) ON DELETE CASCADE ON UPDATE CASCADE
) ENGINE=InnoDB DEFAULT CHARSET=utf8mb4 COLLATE=utf8mb4_unicode_ci;
/*!40101 SET character_set_client = @saved_cs_client */;

--
-- Dumping data for table `ojt_team_trainees`
--

LOCK TABLES `ojt_team_trainees` WRITE;
/*!40000 ALTER TABLE `ojt_team_trainees` DISABLE KEYS */;
/*!40000 ALTER TABLE `ojt_team_trainees` ENABLE KEYS */;
UNLOCK TABLES;

--
-- Table structure for table `ojt_teams`
--

DROP TABLE IF EXISTS `ojt_teams`;
/*!40101 SET @saved_cs_client     = @@character_set_client */;
/*!50503 SET character_set_client = utf8mb4 */;
CREATE TABLE `ojt_teams` (
  `id` bigint unsigned NOT NULL AUTO_INCREMENT,
  `ojt_session_id` bigint unsigned NOT NULL,
  `mentor_id` bigint unsigned NOT NULL,
  `team_number` smallint unsigned NOT NULL,
  `created_at` timestamp NULL DEFAULT NULL,
  `updated_at` timestamp NULL DEFAULT NULL,
  PRIMARY KEY (`id`),
  UNIQUE KEY `ojt_teams_ojt_session_id_mentor_id_unique` (`ojt_session_id`,`mentor_id`),
  KEY `ojt_teams_mentor_id_foreign` (`mentor_id`),
  KEY `ojt_teams_ojt_session_id_team_number_index` (`ojt_session_id`,`team_number`),
  CONSTRAINT `ojt_teams_mentor_id_foreign` FOREIGN KEY (`mentor_id`) REFERENCES `users` (`id`) ON DELETE CASCADE ON UPDATE CASCADE,
  CONSTRAINT `ojt_teams_ojt_session_id_foreign` FOREIGN KEY (`ojt_session_id`) REFERENCES `ojt_sessions` (`id`) ON DELETE CASCADE ON UPDATE CASCADE
) ENGINE=InnoDB DEFAULT CHARSET=utf8mb4 COLLATE=utf8mb4_unicode_ci;
/*!40101 SET character_set_client = @saved_cs_client */;

--
-- Dumping data for table `ojt_teams`
--

LOCK TABLES `ojt_teams` WRITE;
/*!40000 ALTER TABLE `ojt_teams` DISABLE KEYS */;
/*!40000 ALTER TABLE `ojt_teams` ENABLE KEYS */;
UNLOCK TABLES;

--
-- Table structure for table `ojt_training_mentors`
--

DROP TABLE IF EXISTS `ojt_training_mentors`;
/*!40101 SET @saved_cs_client     = @@character_set_client */;
/*!50503 SET character_set_client = utf8mb4 */;
CREATE TABLE `ojt_training_mentors` (
  `id` bigint unsigned NOT NULL AUTO_INCREMENT,
  `training_id` bigint unsigned NOT NULL,
  `mentor_id` bigint unsigned NOT NULL,
  `status` varchar(16) COLLATE utf8mb4_unicode_ci NOT NULL DEFAULT 'active',
  `created_at` timestamp NULL DEFAULT NULL,
  `updated_at` timestamp NULL DEFAULT NULL,
  PRIMARY KEY (`id`),
  UNIQUE KEY `ojt_training_mentors_training_id_mentor_id_unique` (`training_id`,`mentor_id`),
  KEY `ojt_training_mentors_mentor_id_status_index` (`mentor_id`,`status`),
  CONSTRAINT `ojt_training_mentors_mentor_id_foreign` FOREIGN KEY (`mentor_id`) REFERENCES `users` (`id`) ON DELETE CASCADE ON UPDATE CASCADE,
  CONSTRAINT `ojt_training_mentors_training_id_foreign` FOREIGN KEY (`training_id`) REFERENCES `trainings` (`id`) ON DELETE CASCADE ON UPDATE CASCADE
) ENGINE=InnoDB DEFAULT CHARSET=utf8mb4 COLLATE=utf8mb4_unicode_ci;
/*!40101 SET character_set_client = @saved_cs_client */;

--
-- Dumping data for table `ojt_training_mentors`
--

LOCK TABLES `ojt_training_mentors` WRITE;
/*!40000 ALTER TABLE `ojt_training_mentors` DISABLE KEYS */;
/*!40000 ALTER TABLE `ojt_training_mentors` ENABLE KEYS */;
UNLOCK TABLES;

--
-- Table structure for table `password_reset_tokens`
--

DROP TABLE IF EXISTS `password_reset_tokens`;
/*!40101 SET @saved_cs_client     = @@character_set_client */;
/*!50503 SET character_set_client = utf8mb4 */;
CREATE TABLE `password_reset_tokens` (
  `email` varchar(255) COLLATE utf8mb4_unicode_ci NOT NULL,
  `token` varchar(255) COLLATE utf8mb4_unicode_ci NOT NULL,
  `created_at` timestamp NULL DEFAULT NULL,
  PRIMARY KEY (`email`)
) ENGINE=InnoDB DEFAULT CHARSET=utf8mb4 COLLATE=utf8mb4_unicode_ci;
/*!40101 SET character_set_client = @saved_cs_client */;

--
-- Dumping data for table `password_reset_tokens`
--

LOCK TABLES `password_reset_tokens` WRITE;
/*!40000 ALTER TABLE `password_reset_tokens` DISABLE KEYS */;
/*!40000 ALTER TABLE `password_reset_tokens` ENABLE KEYS */;
UNLOCK TABLES;

--
-- Table structure for table `receipts`
--

DROP TABLE IF EXISTS `receipts`;
/*!40101 SET @saved_cs_client     = @@character_set_client */;
/*!50503 SET character_set_client = utf8mb4 */;
CREATE TABLE `receipts` (
  `id` bigint unsigned NOT NULL AUTO_INCREMENT,
  `training_id` bigint unsigned DEFAULT NULL,
  `file` varchar(255) COLLATE utf8mb4_unicode_ci NOT NULL,
  `created_at` timestamp NULL DEFAULT NULL,
  `updated_at` timestamp NULL DEFAULT NULL,
  PRIMARY KEY (`id`),
  KEY `receipts_training_id_foreign` (`training_id`),
  CONSTRAINT `receipts_training_id_foreign` FOREIGN KEY (`training_id`) REFERENCES `trainings` (`id`) ON DELETE CASCADE ON UPDATE CASCADE
) ENGINE=InnoDB DEFAULT CHARSET=utf8mb4 COLLATE=utf8mb4_unicode_ci;
/*!40101 SET character_set_client = @saved_cs_client */;

--
-- Dumping data for table `receipts`
--

LOCK TABLES `receipts` WRITE;
/*!40000 ALTER TABLE `receipts` DISABLE KEYS */;
/*!40000 ALTER TABLE `receipts` ENABLE KEYS */;
UNLOCK TABLES;

--
-- Table structure for table `role_user`
--

DROP TABLE IF EXISTS `role_user`;
/*!40101 SET @saved_cs_client     = @@character_set_client */;
/*!50503 SET character_set_client = utf8mb4 */;
CREATE TABLE `role_user` (
  `user_id` bigint unsigned DEFAULT NULL,
  `role_id` bigint unsigned DEFAULT NULL,
  `status` tinyint unsigned DEFAULT '1',
  KEY `role_user_user_id_foreign` (`user_id`),
  KEY `role_user_role_id_foreign` (`role_id`),
  CONSTRAINT `role_user_role_id_foreign` FOREIGN KEY (`role_id`) REFERENCES `roles` (`id`) ON DELETE CASCADE ON UPDATE CASCADE,
  CONSTRAINT `role_user_user_id_foreign` FOREIGN KEY (`user_id`) REFERENCES `users` (`id`) ON DELETE CASCADE ON UPDATE CASCADE
) ENGINE=InnoDB DEFAULT CHARSET=utf8mb4 COLLATE=utf8mb4_unicode_ci;
/*!40101 SET character_set_client = @saved_cs_client */;

--
-- Dumping data for table `role_user`
--

LOCK TABLES `role_user` WRITE;
/*!40000 ALTER TABLE `role_user` DISABLE KEYS */;
INSERT INTO `role_user` VALUES (1,1,1),(1,2,1),(1,3,1),(1,4,1),(1,5,1),(1,6,1),(1,7,1),(2,1,1),(2,2,1),(2,3,1),(2,4,1),(2,5,1),(2,6,1),(3,3,1),(3,4,1),(3,5,1),(3,6,1),(4,1,1),(4,3,1),(4,4,1),(4,5,1),(4,6,1),(5,1,1),(5,2,1),(5,3,1),(5,4,1),(5,5,1),(5,6,1),(5,7,1),(6,6,1),(7,6,1),(8,7,1),(9,2,1),(10,1,1),(11,6,1),(12,7,1),(13,4,1),(14,2,1),(15,5,1),(16,6,1),(17,1,1),(18,6,1),(19,7,1),(20,5,1),(21,4,1),(22,2,1),(23,4,1),(24,4,1),(25,7,1),(26,7,1),(27,2,1),(28,2,1),(29,6,1),(30,5,1),(31,2,1),(32,2,1),(33,1,1),(34,2,1),(35,7,1),(36,2,1),(37,2,1),(38,7,1),(39,5,1),(40,2,1),(41,6,1),(42,6,1),(43,7,1),(44,1,1),(45,5,1),(46,7,1),(47,1,1),(48,6,1),(49,7,1),(50,2,1),(51,4,1),(52,1,1),(53,6,1),(54,5,1),(55,2,1),(56,4,1),(57,2,1),(58,5,1),(59,6,1),(60,1,1),(61,6,1),(62,7,1),(63,6,1),(64,1,1),(65,7,1),(66,6,1),(67,6,1),(68,4,1),(69,7,1),(70,5,1),(71,4,1),(72,6,1),(73,1,1),(74,2,1),(75,1,1),(76,4,1),(77,4,1),(78,6,1),(79,7,1),(80,4,1),(81,2,1),(82,5,1),(83,5,1),(84,5,1),(85,1,1),(86,1,1),(87,2,1),(88,1,1),(89,2,1),(90,4,1),(91,1,1),(92,6,1),(93,5,1),(94,5,1),(95,4,1),(96,6,1),(97,6,1),(98,4,1),(99,7,1),(100,2,1),(101,7,1),(102,7,1),(103,1,1),(104,6,1),(105,6,1);
/*!40000 ALTER TABLE `role_user` ENABLE KEYS */;
UNLOCK TABLES;

--
-- Table structure for table `roles`
--

DROP TABLE IF EXISTS `roles`;
/*!40101 SET @saved_cs_client     = @@character_set_client */;
/*!50503 SET character_set_client = utf8mb4 */;
CREATE TABLE `roles` (
  `id` bigint unsigned NOT NULL AUTO_INCREMENT,
  `name` varchar(255) COLLATE utf8mb4_unicode_ci NOT NULL,
  `created_at` timestamp NULL DEFAULT NULL,
  `updated_at` timestamp NULL DEFAULT NULL,
  PRIMARY KEY (`id`)
) ENGINE=InnoDB AUTO_INCREMENT=8 DEFAULT CHARSET=utf8mb4 COLLATE=utf8mb4_unicode_ci;
/*!40101 SET character_set_client = @saved_cs_client */;

--
-- Dumping data for table `roles`
--

LOCK TABLES `roles` WRITE;
/*!40000 ALTER TABLE `roles` DISABLE KEYS */;
INSERT INTO `roles` VALUES (1,'Board','2026-02-11 04:40:26','2026-02-11 04:40:26'),(2,'Director','2026-02-11 04:40:26','2026-02-11 04:40:26'),(3,'FieldWorker','2026-02-11 04:40:26','2026-02-11 04:40:26'),(4,'Teacher','2026-02-11 04:40:26','2026-02-11 04:40:26'),(5,'Facilitator','2026-02-11 04:40:26','2026-02-11 04:40:26'),(6,'Mentor','2026-02-11 04:40:26','2026-02-11 04:40:26'),(7,'Student','2026-02-11 04:40:26','2026-02-11 04:40:26');
/*!40000 ALTER TABLE `roles` ENABLE KEYS */;
UNLOCK TABLES;

--
-- Table structure for table `sections`
--

DROP TABLE IF EXISTS `sections`;
/*!40101 SET @saved_cs_client     = @@character_set_client */;
/*!50503 SET character_set_client = utf8mb4 */;
CREATE TABLE `sections` (
  `id` bigint unsigned NOT NULL AUTO_INCREMENT,
  `name` varchar(255) COLLATE utf8mb4_unicode_ci NOT NULL,
  `banner` varchar(255) COLLATE utf8mb4_unicode_ci DEFAULT NULL,
  `order` int DEFAULT NULL,
  `duration` varchar(255) COLLATE utf8mb4_unicode_ci DEFAULT NULL,
  `devotional` varchar(255) COLLATE utf8mb4_unicode_ci DEFAULT NULL,
  `description` text COLLATE utf8mb4_unicode_ci,
  `knowhow` text COLLATE utf8mb4_unicode_ci,
  `created_at` timestamp NULL DEFAULT NULL,
  `updated_at` timestamp NULL DEFAULT NULL,
  `course_id` bigint unsigned DEFAULT NULL,
  PRIMARY KEY (`id`),
  KEY `sections_course_id_foreign` (`course_id`),
  CONSTRAINT `sections_course_id_foreign` FOREIGN KEY (`course_id`) REFERENCES `courses` (`id`) ON DELETE CASCADE ON UPDATE CASCADE
) ENGINE=InnoDB AUTO_INCREMENT=97 DEFAULT CHARSET=utf8mb4 COLLATE=utf8mb4_unicode_ci;
/*!40101 SET character_set_client = @saved_cs_client */;

--
-- Dumping data for table `sections`
--

LOCK TABLES `sections` WRITE;
/*!40000 ALTER TABLE `sections` DISABLE KEYS */;
INSERT INTO `sections` VALUES (1,'Unidade 1: Por Que Estamos Aqui?',NULL,1,'40 min',NULL,'Esta unidade estabelece o propósito do workshop: recuperar o senso de chamado para compartilhar a fé e formar discípulos, não apenas convertidos. Trabalha motivações, expectativas e fundamentos bíblicos para que o evangelismo volte a ser um estilo de vida, como na igreja primitiva.',NULL,NULL,NULL,1),(2,'Unidade 2: Aprendendo a Explicação do Evangelho Em Sua Mão',NULL,2,'20 min',NULL,'Esta unidade ensina uma ferramenta prática e memorável para apresentar o Evangelho usando a própria mão, tornando a explicação simples, natural e fácil de reproduzir. O foco é capacitar o aluno a comunicar com clareza e segurança.',NULL,NULL,NULL,1),(3,'Unidade 3: Vencendo o Medo de Testemunhar',NULL,3,'40 min',NULL,'Esta unidade confronta o medo como uma das maiores barreiras ao testemunho cristão. O participante aprende a substituir insegurança por dependência do Espírito Santo, entendendo que evangelizar é um ato de obediência, não de habilidade pessoal.',NULL,NULL,NULL,1),(4,'Unidade 4: Encontrando Pessoas Receptivas',NULL,4,'40 min',NULL,'Ensina como discernir abertura espiritual e conduzir conversas significativas, identificando oportunidades naturais para apresentar o Evangelho com respeito, sensibilidade e intencionalidade.',NULL,NULL,NULL,1),(5,'Unidade 5: Compartilhando o Evangelho Através de Ilustrações',NULL,5,'35 min',NULL,'Apresenta o uso de ilustrações como recurso pedagógico para comunicar verdades espirituais de forma clara e memorável, facilitando a compreensão do Evangelho sem comprometer sua fidelidade bíblica.',NULL,NULL,NULL,1),(6,'Unidade 6: Levando a Uma Decisão',NULL,6,'30 min',NULL,'Orienta como conduzir o ouvinte a uma resposta consciente ao Evangelho, explicando arrependimento e fé, lidando com dúvidas comuns e respeitando o tempo e a consciência da pessoa.',NULL,NULL,NULL,1),(7,'Unidade 7: Desenvolvendo Amor pelos Perdidos',NULL,7,'20 min',NULL,'Trabalha o aspecto do coração do evangelista, despertando compaixão, sensibilidade espiritual e urgência missionária, para que o evangelismo flua do amor e não apenas da técnica.',NULL,NULL,NULL,1),(8,'Unidade 8: Desenvolvendo um Ministério Contínuo de Evangelismo e Discipulado',NULL,8,'20 min',NULL,'Apresenta princípios para estruturar um ministério permanente de evangelismo e discipulado na igreja local, integrando treinamento, prática e acompanhamento espiritual.',NULL,NULL,NULL,1),(9,'Encerramento: Juntos na Colheita do Senhor',NULL,9,'40 min',NULL,'Sessão final que reforça o compromisso com a missão, chamando os participantes a permanecerem ativos na colheita espiritual, unidos em oração, ação e visão de multiplicação.',NULL,NULL,NULL,1),(10,'Orientações da Clínica de Evangelismo Explosivo',NULL,10,'10 min',NULL,'Esta unidade apresenta a visão, o propósito e a base histórica da Clínica de Evangelismo Explosivo, destacando seu papel no cumprimento da Grande Comissão. O conteúdo enfatiza o compromisso espiritual, a unidade do Corpo de Cristo e a responsabilidade do participante em viver e multiplicar o evangelismo como estilo de vida.',NULL,NULL,NULL,1),(11,'O Treinamento de e² — Evangelismo Eficaz',NULL,11,'20 min',NULL,'Nesta unidade o facilitador compreende a proposta pedagógica do treinamento e², fundamentada na aprendizagem autêntica. O conteúdo apresenta a transição do modelo tradicional de ensino para um formato relacional, prático e participativo, preparando líderes para formar discípulos que aprendem fazendo.',NULL,NULL,NULL,1),(12,'Elementos-Chave do Treinamento e²',NULL,12,'40 min',NULL,'Esta unidade detalha os princípios essenciais que sustentam o treinamento e², incluindo o papel do facilitador, mentores, companheiros de oração, dinâmica em pequenos grupos, uso correto das ilustrações e a integração entre relacionamento e proclamação do Evangelho.',NULL,NULL,NULL,1),(13,'O Ensino Semanal no e²',NULL,13,'30 min','Devocional Semanal','Esta unidade orienta o facilitador quanto à condução das aulas semanais do e², apresentando a estrutura pedagógica baseada em devocional, revisão, prática e conversa. O foco está no desenvolvimento espiritual contínuo e na participação ativa dos alunos no processo de aprendizagem.',NULL,NULL,NULL,1),(14,'AULA: Saídas de Treinamento Prático (STP)',NULL,14,'45 min',NULL,'Esta unidade aborda a importância das Saídas de Treinamento Prático como elemento central do aprendizado. O conteúdo ensina como planejar, organizar e conduzir visitas evangelísticas, promovendo experiências reais que fortalecem a confiança e a maturidade espiritual dos participantes.',NULL,NULL,NULL,1),(15,'Uso do Questionário de Segurança',NULL,15,'20 min',NULL,'Nesta unidade o facilitador aprende o propósito e a aplicação do questionário de segurança como ferramenta evangelística. O conteúdo orienta sobre abordagem respeitosa, identificação de pessoas receptivas e condução sábia de conversas espirituais em ambientes públicos e residenciais.',NULL,NULL,NULL,1),(16,'ORIENTAÇÕES PARA PRÁTICA 1: Saídas de Treinamento Prático (STP)',NULL,16,'10 min',NULL,'Esta unidade aborda a importância das Saídas de Treinamento Prático como elemento central do aprendizado. O conteúdo ensina como planejar, organizar e conduzir visitas evangelísticas, promovendo experiências reais que fortalecem a confiança e a maturidade espiritual dos participantes.',NULL,NULL,NULL,1),(17,'PRÁTICA 1: Saídas de Treinamento Prático (STP)',NULL,17,'60 min',NULL,'Esta unidade aborda a importância das Saídas de Treinamento Prático como elemento central do aprendizado. O conteúdo ensina como planejar, organizar e conduzir visitas evangelísticas, promovendo experiências reais que fortalecem a confiança e a maturidade espiritual dos participantes.',NULL,NULL,NULL,1),(18,'Relatório Público',NULL,18,'30 min',NULL,'Esta unidade ensina a condução dos relatórios públicos após as Saídas de Treinamento Prático. O objetivo é promover encorajamento, aprendizado coletivo e intercessão, fortalecendo o senso de unidade e celebração da obra que Deus está realizando.',NULL,NULL,NULL,1),(19,'PRÁTICA 1: Relatório Público',NULL,19,'40 min',NULL,'Esta unidade ensina a condução dos relatórios públicos após as Saídas de Treinamento Prático. O objetivo é promover encorajamento, aprendizado coletivo e intercessão, fortalecendo o senso de unidade e celebração da obra que Deus está realizando.',NULL,NULL,NULL,1),(20,'Unidade 1 — Conectando',NULL,20,'60 min','Conectando-se às Pessoas','Esta unidade desenvolve a habilidade de criar relacionamentos intencionais que conduzem naturalmente ao diálogo espiritual. O aluno aprende a ouvir com atenção, fazer perguntas apropriadas e identificar pessoas receptivas, seguindo o exemplo de Jesus ao se conectar genuinamente com as pessoas.',NULL,NULL,NULL,1),(21,'Unidade 2 — O Evangelho: Graça',NULL,21,'35 min','A Graça de Deus','Nesta unidade o aluno compreende que a vida eterna é um presente de Deus, não conquistado por méritos ou boas obras. O conteúdo enfatiza o contraste entre o caminho humano e o caminho divino, estabelecendo a graça como fundamento central do Evangelho.',NULL,NULL,NULL,1),(22,'Unidade 3 — O Evangelho: Homem',NULL,22,'35 min','A Condição do Homem','Esta unidade apresenta a realidade do pecado e a incapacidade humana de alcançar o padrão de perfeição exigido por Deus. O aluno aprende a explicar com clareza a condição espiritual do homem e sua necessidade absoluta de salvação.',NULL,NULL,NULL,1),(23,'ORIENTAÇÕES PARA PRÁTICA 2: Saídas de Treinamento Prático (STP)',NULL,23,'10 min',NULL,'Esta unidade aborda a importância das Saídas de Treinamento Prático como elemento central do aprendizado. O conteúdo ensina como planejar, organizar e conduzir visitas evangelísticas, promovendo experiências reais que fortalecem a confiança e a maturidade espiritual dos participantes.',NULL,NULL,NULL,1),(24,'PRÁTICA 2: Saídas de Treinamento Prático (STP)',NULL,24,'90 min',NULL,'Esta unidade aborda a importância das Saídas de Treinamento Prático como elemento central do aprendizado. O conteúdo ensina como planejar, organizar e conduzir visitas evangelísticas, promovendo experiências reais que fortalecem a confiança e a maturidade espiritual dos participantes.',NULL,NULL,NULL,1),(25,'PRÁTICA 2: Relatório Público',NULL,25,'40 min',NULL,'Esta unidade ensina a condução dos relatórios públicos após as Saídas de Treinamento Prático. O objetivo é promover encorajamento, aprendizado coletivo e intercessão, fortalecendo o senso de unidade e celebração da obra que Deus está realizando.',NULL,NULL,NULL,1),(26,'Unidade 4 — Compartilhando Seu Testemunho',NULL,26,'35 min','O Poder de Seu Testemunho','Nesta unidade o aluno aprende a preparar e compartilhar seu testemunho pessoal de forma clara, objetiva e centrada na obra de Deus. O testemunho é apresentado como ponte relacional que desperta interesse espiritual e prepara o coração para o Evangelho.',NULL,NULL,NULL,1),(27,'Unidade 5 — O Evangelho: Deus e Cristo',NULL,27,'35 min','Deus e Jesus Cristo','Esta unidade aprofunda o entendimento sobre a natureza de Deus como amoroso e justo, e apresenta Jesus Cristo como o Deus-homem. O aluno aprende a explicar a obra substitutiva de Cristo na cruz como solução definitiva para o problema do pecado.',NULL,NULL,NULL,1),(28,'Unidade 6 — O Evangelho: Fé',NULL,28,'35 min','Entendendo a Fé','Nesta unidade o aluno distingue fé salvadora de fé temporal ou mero conhecimento intelectual. O conteúdo ensina que a salvação ocorre quando a confiança é transferida totalmente para Jesus Cristo, e não para esforços humanos.',NULL,NULL,NULL,1),(29,'Unidade 7 — Decisão e Acompanhamento',NULL,29,'35 min','O Amor de Deus pelos Perdidos','A unidade final ensina como conduzir uma pessoa à decisão por Cristo e como oferecer acompanhamento espiritual adequado. O foco está em apresentar o convite com clareza, respeito e amor, garantindo segurança de salvação e cuidado com o novo convertido.',NULL,NULL,NULL,1),(30,'Guia de Implementação do Ministério de Evangelismo Explosivo',NULL,30,'60 min',NULL,'Esta unidade capacita o facilitador a implementar o ministério de Evangelismo Explosivo na igreja local. O conteúdo apresenta princípios de visão, planejamento, organização, formação de líderes e acompanhamento espiritual, visando a multiplicação saudável do ministério.',NULL,NULL,NULL,1),(31,'ORIENTAÇÕES PARA PRÁTICA 3: Saídas de Treinamento Prático (STP)',NULL,31,'10 min',NULL,'Esta unidade aborda a importância das Saídas de Treinamento Prático como elemento central do aprendizado. O conteúdo ensina como planejar, organizar e conduzir visitas evangelísticas, promovendo experiências reais que fortalecem a confiança e a maturidade espiritual dos participantes.',NULL,NULL,NULL,1),(32,'PRÁTICA 3: Saídas de Treinamento Prático (STP)',NULL,32,'80 min',NULL,'Esta unidade aborda a importância das Saídas de Treinamento Prático como elemento central do aprendizado. O conteúdo ensina como planejar, organizar e conduzir visitas evangelísticas, promovendo experiências reais que fortalecem a confiança e a maturidade espiritual dos participantes.',NULL,NULL,NULL,1),(33,'PRÁTICA 3: Relatório Público',NULL,33,'40 min',NULL,'Esta unidade ensina a condução dos relatórios públicos após as Saídas de Treinamento Prático. O objetivo é promover encorajamento, aprendizado coletivo e intercessão, fortalecendo o senso de unidade e celebração da obra que Deus está realizando.',NULL,NULL,NULL,1),(34,'Unidade 1 — Por Que Estamos Aqui?',NULL,1,'45 min',NULL,'Esta unidade estabelece o propósito do workshop: recuperar o senso de chamado para compartilhar a fé e formar discípulos, não apenas convertidos. Trabalha motivações, expectativas e fundamentos bíblicos para que o evangelismo volte a ser um estilo de vida, como na igreja primitiva.',NULL,NULL,NULL,2),(35,'Unidade 2 — Aprendendo a Explicação do Evangelho Em Sua Mão',NULL,2,'20 min',NULL,'Esta unidade ensina uma ferramenta prática e memorável para apresentar o Evangelho usando a própria mão, tornando a explicação simples, natural e fácil de reproduzir. O foco é capacitar o aluno a comunicar com clareza e segurança.',NULL,NULL,NULL,2),(36,'Unidade 3 — Vencendo o Medo de Testemunhar',NULL,3,'40 min',NULL,'Esta unidade confronta o medo como uma das maiores barreiras ao testemunho cristão. O participante aprende a substituir insegurança por dependência do Espírito Santo, entendendo que evangelizar é um ato de obediência, não de habilidade pessoal.',NULL,NULL,NULL,2),(37,'Unidade 4 — Encontrando Pessoas Receptivas',NULL,4,'50 min',NULL,'Ensina como discernir abertura espiritual e conduzir conversas significativas, identificando oportunidades naturais para apresentar o Evangelho com respeito, sensibilidade e intencionalidade.',NULL,NULL,NULL,2),(38,'Unidade 5 — Compartilhando o Evangelho Através de Ilustrações',NULL,5,'35 min',NULL,'Apresenta o uso de ilustrações como recurso pedagógico para comunicar verdades espirituais de forma clara e memorável, facilitando a compreensão do Evangelho sem comprometer sua fidelidade bíblica.',NULL,NULL,NULL,2),(39,'Unidade 6 — Levando a Uma Decisão',NULL,6,'40 min',NULL,'Orienta como conduzir o ouvinte a uma resposta consciente ao Evangelho, explicando arrependimento e fé, lidando com dúvidas comuns e respeitando o tempo e a consciência da pessoa.',NULL,NULL,NULL,2),(40,'Unidade 7 — Desenvolvendo Amor pelos Perdidos',NULL,7,'20 min',NULL,'Trabalha o aspecto do coração do evangelista, despertando compaixão, sensibilidade espiritual e urgência missionária, para que o evangelismo flua do amor e não apenas da técnica.',NULL,NULL,NULL,2),(41,'Unidade 8 — Desenvolvendo um Ministério Contínuo de Evangelismo e Discipulado',NULL,8,'20 min',NULL,'Apresenta princípios para estruturar um ministério permanente de evangelismo e discipulado na igreja local, integrando treinamento, prática e acompanhamento espiritual.',NULL,NULL,NULL,2),(42,'Encerramento — Juntos na Colheita do Senhor',NULL,9,'40 min',NULL,'Sessão final que reforça o compromisso com a missão, chamando os participantes a permanecerem ativos na colheita espiritual, unidos em oração, ação e visão de multiplicação.',NULL,NULL,NULL,2),(43,'Unidade 1 — Conectando',NULL,1,'60 min','Conectando-se às Pessoas','Esta unidade desenvolve a habilidade de criar relacionamentos intencionais que conduzem naturalmente ao diálogo espiritual. O aluno aprende a ouvir com atenção, fazer perguntas apropriadas e identificar pessoas receptivas, seguindo o exemplo de Jesus ao se conectar genuinamente com as pessoas.',NULL,NULL,NULL,3),(44,'Unidade 2 — O Evangelho: Graça',NULL,2,'60 min','A Graça de Deus','Nesta unidade o aluno compreende que a vida eterna é um presente de Deus, não conquistado por méritos ou boas obras. O conteúdo enfatiza o contraste entre o caminho humano e o caminho divino, estabelecendo a graça como fundamento central do Evangelho.',NULL,NULL,NULL,3),(45,'Unidade 3 — O Evangelho: Homem',NULL,3,'60 min','A Condição do Homem','Esta unidade apresenta a realidade do pecado e a incapacidade humana de alcançar o padrão de perfeição exigido por Deus. O aluno aprende a explicar com clareza a condição espiritual do homem e sua necessidade absoluta de salvação.',NULL,NULL,NULL,3),(46,'Unidade 4 — Compartilhando Seu Testemunho',NULL,4,'60 min','O Poder de Seu Testemunho','Nesta unidade o aluno aprende a preparar e compartilhar seu testemunho pessoal de forma clara, objetiva e centrada na obra de Deus. O testemunho é apresentado como ponte relacional que desperta interesse espiritual e prepara o coração para o Evangelho.',NULL,NULL,NULL,3),(47,'Unidade 5 — O Evangelho: Deus e Cristo',NULL,5,'60 min','Deus e Jesus Cristo','Esta unidade aprofunda o entendimento sobre a natureza de Deus como amoroso e justo, e apresenta Jesus Cristo como o Deus-homem. O aluno aprende a explicar a obra substitutiva de Cristo na cruz como solução definitiva para o problema do pecado.',NULL,NULL,NULL,3),(48,'Unidade 6 — O Evangelho: Fé',NULL,6,'60 min','Entendendo a Fé','Nesta unidade o aluno distingue fé salvadora de fé temporal ou mero conhecimento intelectual. O conteúdo ensina que a salvação ocorre quando a confiança é transferida totalmente para Jesus Cristo, e não para esforços humanos.',NULL,NULL,NULL,3),(49,'Unidade 7 — Decisão e Acompanhamento',NULL,7,'60 min','O Amor de Deus pelos Perdidos','A unidade final ensina como conduzir uma pessoa à decisão por Cristo e como oferecer acompanhamento espiritual adequado. O foco está em apresentar o convite com clareza, respeito e amor, garantindo segurança de salvação e cuidado com o novo convertido.',NULL,NULL,NULL,3),(50,'Unidade 1 — A Formação de um Mentor',NULL,1,'60 min','Devocional 1 — Poder do Alto','Esta unidade introduz o papel do mentor como alguém que lidera pelo exemplo e forma discípulos com visão de multiplicação. O aluno aprende que mentorear envolve oração, demonstração, delegação e prática intencional, preparando-se para guiar novos discípulos na explicação do Evangelho e no desenvolvimento de hábitos espirituais consistentes.',NULL,NULL,NULL,4),(51,'Unidade 2 — O Método de um Mentor',NULL,2,'60 min','Devocional 2 — Jesus como Mentor','Esta unidade apresenta o método de mentoreamento centrado em treinamento prático e acompanhamento relacional. O conteúdo enfatiza a Saída de Treinamento Prático como ferramenta principal para formar discípulos que aprendem observando, participando e recebendo feedback, sempre com responsabilidade e sensibilidade à direção de Deus.',NULL,NULL,NULL,4),(52,'Unidade 3 — O Modelo de um Mentor',NULL,3,'60 min','Devocional 3 — Encontros Marcados por Deus','Nesta unidade, o aluno é levado a enxergar o evangelismo como cooperação com a obra de Deus, aprendendo a identificar oportunidades preparadas pelo Senhor. O foco está em conexão genuína com as pessoas, boas transições na conversa e uso responsável de perguntas diagnósticas, evitando manipulação e buscando receptividade real.',NULL,NULL,NULL,4),(53,'Unidade 4 — A Mensagem de um Mentor',NULL,4,'60 min','Devocional 4 — A Arte de Contar Histórias','Esta unidade treina o mentor a comunicar verdades espirituais com clareza e impacto, usando histórias e experiências com Deus de forma apropriada. O aluno aprende a fortalecer o discipulado ao compartilhar testemunhos objetivos e úteis, ajudando também seus discípulos a reconhecerem e estruturarem suas próprias histórias para edificação e evangelização.',NULL,NULL,NULL,4),(54,'Unidade 5 — A Atitude de um Mentor',NULL,5,'60 min','Devocional 5 — A Importância de Servir','Esta unidade trabalha o caráter do mentor como servo: amor, preparo, paciência, paz e propósito na missão. O aluno aprende que mentorear não é dominar pessoas, mas servir discípulos e cooperar com Deus em meio à oposição espiritual, mantendo mansidão e firmeza ao explicar o Evangelho e ao formar novos evangelistas.',NULL,NULL,NULL,4),(55,'Unidade 6 — O Foco de um Mentor',NULL,6,'60 min','Devocional 6 — Os Obstáculos do Discipulado','Nesta unidade, o aluno consolida que o alvo da Grande Comissão é fazer discípulos e não apenas convertidos. O conteúdo orienta como lidar com obstáculos ao discipulado e como conduzir acompanhamento contínuo, ensinando meios de crescimento espiritual e incentivando comunhão, serviço e perseverança para que o fruto permaneça.',NULL,NULL,NULL,4),(56,'Unidade 7 — A Missão de um Mentor',NULL,7,'60 min','Devocional 7 — Multiplicação','A unidade final firma a visão de multiplicação espiritual, chamando o mentor a reproduzir discípulos fiéis, disponíveis e ensináveis. O aluno é direcionado a praticar e avaliar a explicação do Evangelho em formato de conversa, e a assumir o compromisso de formar novas equipes, apoiar o discipulado e fortalecer a missão da igreja local.',NULL,NULL,NULL,4),(57,'Estudo 1 — Você Tem Certeza?',NULL,1,'60 min',NULL,'Esta unidade conduz o aluno a examinar, à luz das Escrituras, se é possível ter certeza da vida eterna. Por meio de perguntas de diagnóstico e textos bíblicos, o estudo confronta falsas seguranças e direciona a confiança para Cristo, levando a uma resposta pessoal clara e fundamentada.',NULL,NULL,NULL,5),(58,'Estudo 2 — Bíblia',NULL,2,'60 min',NULL,'Esta unidade apresenta a Palavra de Deus como base indispensável para o crescimento espiritual. O aluno é encorajado a ler, guardar e praticar as Escrituras com constância, entendendo que a Bíblia orienta a vida cristã e fortalece a fé por meio da obediência diária.',NULL,NULL,NULL,5),(59,'Estudo 3 — Oração',NULL,3,'60 min',NULL,'Esta unidade ensina a oração como comunhão viva com Deus — uma conversa reverente e constante que aprofunda intimidade e consolida a fé. O estudo destaca oração como adoração, confissão, gratidão e súplica, incentivando uma prática simples, perseverante e alinhada à vontade do Senhor.',NULL,NULL,NULL,5),(60,'Estudo 4 — Adoração',NULL,4,'60 min',NULL,'Esta unidade amplia a visão bíblica de adoração como mais do que momentos de culto: trata-se de uma vida inteira voltada a honrar a Deus. O aluno é chamado a glorificar o Senhor no tempo, recursos, atitudes e motivações, aprendendo a adorar em todo lugar e em todo tempo.',NULL,NULL,NULL,5),(61,'Estudo 5 — Comunhão',NULL,5,'60 min',NULL,'Esta unidade mostra que o crescimento espiritual floresce no convívio com o corpo de Cristo. Comunhão é viver em unidade, amor, cuidado e serviço dentro da família de Deus, recebendo edificação, incentivo e apoio; o aluno é encorajado a se comprometer com a vida da igreja e relacionamentos cristãos saudáveis.',NULL,NULL,NULL,5),(62,'Estudo 6 — Testemunho',NULL,6,'60 min',NULL,'Esta unidade reafirma o privilégio e a responsabilidade cristã de anunciar o Evangelho. O aluno aprende que testemunhar é comunicar as Boas Novas com clareza e coerência de vida, desenvolvendo interesse genuíno pelas pessoas e se preparando para compartilhar sua própria história e a mensagem da salvação em Cristo.',NULL,NULL,NULL,5),(63,'Estudo 7 — Direção',NULL,7,'60 min',NULL,'Esta unidade orienta o aluno a buscar e reconhecer a vontade de Deus para decisões e vida diária. O estudo enfatiza que o Senhor ama seus filhos, conduz com segurança e chama o cristão a viver sob Seu governo, aprendendo a discernir caminhos à luz das Escrituras e a seguir a direção divina com confiança e obediência.',NULL,NULL,NULL,5),(64,'Sessão 1 — Manejo da Palavra da Verdade',NULL,1,'60 min','Devocional 1 — A Palavra da Verdade','Esta unidade estabelece o fundamento do treinamento, capacitando o aluno a lidar corretamente com as Escrituras. O conteúdo reforça a importância da verdade absoluta, da confiabilidade bíblica e da preparação espiritual para responder com clareza às perguntas sinceras daqueles que questionam a fé cristã.',NULL,NULL,NULL,6),(65,'Sessão 2 — Cinco Maneiras de Lidar com uma Objeção ao Evangelho',NULL,2,'60 min','Devocional 2 — A Atitude é Tudo','Nesta unidade o aluno aprende princípios práticos para responder objeções sem confronto ou arrogância. O foco está na atitude correta do evangelista, combinando mansidão, respeito e dependência do Espírito Santo ao lidar com dúvidas, interrupções ou resistências durante conversas espirituais.',NULL,NULL,NULL,6),(66,'Sessão 3 — Eu Não Acredito na Bíblia',NULL,3,'60 min','Devocional 3 — A Confiabilidade da Bíblia','Esta unidade prepara o aluno para responder à objeção quanto à autoridade das Escrituras. O conteúdo apresenta razões históricas, arqueológicas e proféticas que demonstram a confiabilidade da Bíblia, ajudando o cristão a conduzir o diálogo de forma lógica, respeitosa e centrada no Evangelho.',NULL,NULL,NULL,6),(67,'Sessão 4 — Como Você Sabe que Deus Existe?',NULL,4,'60 min','Devocional 4 — Deus é Real','Nesta unidade o aluno aprende a apresentar respostas racionais à existência de Deus, utilizando argumentos baseados na criação, ordem, design e consciência humana. O objetivo é demonstrar que a fé cristã não é irracional, mas plenamente coerente com a realidade observável.',NULL,NULL,NULL,6),(68,'Sessão 5 — Como Deus Pode Permitir o Mal?',NULL,5,'60 min','Devocional 5 — A Perfeita Justiça de Deus','Esta unidade aborda uma das objeções mais sensíveis ao cristianismo: o problema do sofrimento, do mal e do inferno. O aluno aprende a explicar a justiça e o amor de Deus de forma equilibrada, mostrando que o mal é consequência da queda humana e que Deus oferece redenção, esperança e justiça final.',NULL,NULL,NULL,6),(69,'Sessão 6 — Como Jesus Pode Ser o Único Caminho?',NULL,6,'60 min','Devocional 6 — Um Só Caminho','Nesta unidade o aluno é capacitado a responder à exclusividade de Cristo com clareza bíblica. O conteúdo apresenta Jesus como o único Salvador por causa do pecado, do sacrifício e da ressurreição, fortalecendo a convicção cristã diante do pluralismo religioso.',NULL,NULL,NULL,6),(70,'Sessão 7 — E Quanto àqueles que Nunca Ouviram?',NULL,7,'60 min','Devocional 7 — A Criação Anuncia a Deus','A unidade final responde às objeções relacionadas à justiça divina diante dos que nunca ouviram o Evangelho e ao tema da hipocrisia religiosa. O aluno compreende a revelação de Deus por meio da criação, da consciência e de Cristo, e é desafiado a assumir responsabilidade pessoal na missão.',NULL,NULL,NULL,6),(71,'Unidade Introdutória — Orientações do Treinamento Esperança para Crianças',NULL,1,'30 min',NULL,'Esta unidade introdutória apresenta a visão, os objetivos e a estrutura do treinamento Esperança para Crianças. O facilitador é orientado quanto ao propósito evangelístico do ministério, ao papel da equipe, à importância da oração e ao preparo espiritual necessário para conduzir crianças ao conhecimento do Evangelho.',NULL,NULL,NULL,7),(72,'Unidade 1 — Olimpíadas Bíblicas',NULL,2,'60 min',NULL,'Esta unidade utiliza atividades lúdicas para ensinar verdades bíblicas fundamentais às crianças. Por meio de jogos, versículos e dinâmicas, elas aprendem que a Palavra de Deus é verdadeira, confiável e poderosa, criando um ambiente alegre e propício para o aprendizado espiritual.',NULL,NULL,NULL,7),(73,'Unidade 2 — A Entrevista',NULL,3,'30 min',NULL,'Nesta unidade o facilitador aprende a conduzir entrevistas espirituais com crianças, utilizando perguntas simples para identificar o nível de compreensão do Evangelho. O foco está em ouvir com atenção, estabelecer vínculo e discernir a condição espiritual de cada criança.',NULL,NULL,NULL,7),(74,'Unidade 3 — O Caminho do Evangelho',NULL,4,'40 min',NULL,'Esta unidade apresenta o Caminho do Evangelho por meio de gestos e explicações visuais, ajudando as crianças a memorizar e compreender os principais pontos da mensagem da salvação. O método facilita a explicação clara e progressiva do Evangelho.',NULL,NULL,NULL,7),(75,'Unidade 4 — As Boas Novas',NULL,5,'40 min',NULL,'Nesta unidade as crianças aprendem quem é Jesus e o que Ele fez para oferecer a vida eterna. O ensino enfatiza a morte e a ressurreição de Cristo, apresentando as Boas Novas de forma simples, bíblica e adequada à compreensão infantil.',NULL,NULL,NULL,7),(76,'Unidade 5 — Vamos Conversar',NULL,6,'40 min',NULL,'Esta unidade ensina como iniciar conversas espirituais e compartilhar o testemunho pessoal. As crianças aprendem a fazer perguntas, ouvir com respeito e identificar oportunidades naturais para falar sobre Deus.',NULL,NULL,NULL,7),(77,'Unidade 6 — Céu',NULL,7,'40 min',NULL,'Nesta unidade é ensinado que a vida eterna é um presente gratuito de Deus. As crianças aprendem o conceito bíblico da graça, compreendendo que o Céu não pode ser conquistado por boas obras, mas recebido pela fé.',NULL,NULL,NULL,7),(78,'Unidade 7 — Pecado',NULL,8,'40 min',NULL,'Esta unidade aborda a realidade do pecado de forma clara e apropriada para crianças. O ensino mostra que o pecado separa o ser humano de Deus e que todos necessitam do perdão oferecido por meio de Jesus Cristo.',NULL,NULL,NULL,7),(79,'Unidade 8 — Deus',NULL,9,'40 min',NULL,'Nesta unidade as crianças aprendem sobre o caráter de Deus, destacando Seu amor e Sua justiça. O ensino mostra que Deus deseja restaurar o relacionamento com as pessoas e oferece salvação por meio de Seu amor.',NULL,NULL,NULL,7),(80,'Unidade 9 — Cristo',NULL,10,'40 min',NULL,'Esta unidade ensina que Jesus é o Filho de Deus, que viveu sem pecado, morreu na cruz e ressuscitou. As crianças compreendem que somente Cristo pode perdoar pecados e conceder a vida eterna.',NULL,NULL,NULL,7),(81,'Unidade 10 — Fé',NULL,11,'40 min',NULL,'Nesta unidade é explicado o verdadeiro significado da fé bíblica, ensinando que confiar em Jesus é depender somente dEle para a salvação, e não de boas ações ou comportamento.',NULL,NULL,NULL,7),(82,'Unidade 11 — Resposta',NULL,12,'40 min',NULL,'Esta unidade orienta como conduzir uma criança a responder ao Evangelho com clareza e respeito. O foco está em apresentar o convite à fé, reconhecendo que a decisão é uma obra do Espírito Santo.',NULL,NULL,NULL,7),(83,'Unidade 12 — Crescendo em Cristo',NULL,13,'40 min',NULL,'A unidade final ensina princípios básicos de crescimento cristão, como oração, leitura bíblica, comunhão e testemunho. As crianças são encorajadas a viver diariamente sua fé e a continuar firmes em Jesus.',NULL,NULL,NULL,7),(84,'Unidade de Implementação — Implantação do Ministério Esperança para Crianças',NULL,14,'60 min',NULL,'Esta unidade orienta a implementação do ministério Esperança para Crianças na igreja local. O conteúdo aborda planejamento, formação de equipe, envolvimento da liderança, acompanhamento espiritual e continuidade do trabalho evangelístico infantil.',NULL,NULL,NULL,7),(85,'Unidade 1 — Olimpíadas Bíblicas',NULL,1,'60 min',NULL,'Esta unidade inaugura o treinamento de forma dinâmica, usando jogos e atividades para fixar os versículos-chave do Caminho do Evangelho. O objetivo é que as crianças compreendam que a Palavra de Deus é verdadeira e poderosa, criando um ambiente alegre e memorável para iniciar o aprendizado do Evangelho.',NULL,NULL,NULL,8),(86,'Unidade 2 — A Entrevista',NULL,2,'60 min',NULL,'Nesta unidade, o professor e os líderes aprendem a conhecer melhor cada criança e avaliar sua compreensão espiritual. A entrevista cria vínculo, promove escuta cuidadosa e permite discernir necessidades, preparando o caminho para ensinar o Evangelho com clareza e sensibilidade.',NULL,NULL,NULL,8),(87,'Unidade 3 — O Caminho do Evangelho',NULL,3,'60 min',NULL,'Esta unidade introduz o Caminho do Evangelho como trilho seguro para explicar a salvação de modo progressivo. As crianças aprendem a recitar com gestos os seis pontos, compreendendo que boas informações guiam ao destino correto, assim como o Evangelho guia ao Céu.',NULL,NULL,NULL,8),(88,'Unidade 4 — As Boas Novas',NULL,4,'60 min',NULL,'Nesta unidade, as crianças aprendem quem é Jesus e o que Ele fez para oferecer a vida eterna. O foco é comunicar o núcleo do Evangelho de forma simples e bíblica, incentivar o compartilhamento com outras pessoas e ensinar como oferecer oportunidade de resposta com respeito e clareza.',NULL,NULL,NULL,8),(89,'Unidade 5 — Vamos Conversar',NULL,5,'60 min',NULL,'Esta unidade treina as crianças a iniciar conversas espirituais com naturalidade, compartilhar sua história (testemunho) e usar perguntas de diagnóstico para entender em que a pessoa confia. O conteúdo reforça postura respeitosa e ajuda a conduzir o diálogo para o Evangelho sem constrangimento.',NULL,NULL,NULL,8),(90,'Unidade 6 — Céu',NULL,6,'60 min',NULL,'Nesta unidade, as crianças entendem o conceito bíblico de graça e aprendem que o Céu (vida eterna) é presente de Deus, não conquistado nem merecido. Por ilustrações e textos bíblicos, elas são encorajadas a confiar somente em Jesus e a explicar o ponto “Céu” com clareza.',NULL,NULL,NULL,8),(91,'Unidade 7 — Pecado',NULL,7,'60 min',NULL,'Esta unidade ensina o que é pecado, por que todos pecam e como o pecado separa o ser humano de Deus. As crianças aprendem a explicar o ponto “Pecado” de maneira adequada, entendendo a necessidade de salvação e preparando o terreno para compreender a obra de Cristo.',NULL,NULL,NULL,8),(92,'Unidade 8 — Deus',NULL,8,'60 min',NULL,'Nesta unidade, as crianças aprendem quem Deus é, enfatizando Seu amor e Sua justiça. O conteúdo fortalece a compreensão de que Deus é santo e correto, e que Seu amor não anula Sua justiça, preparando uma visão equilibrada do Evangelho.',NULL,NULL,NULL,8),(93,'Unidade 9 — Cristo',NULL,9,'60 min',NULL,'Esta unidade apresenta Jesus Cristo como o centro do Evangelho: Deus que veio ao mundo, viveu sem pecado, morreu em nosso lugar e ressuscitou. As crianças aprendem a explicar a obra de Cristo como a única provisão suficiente para o perdão e a vida eterna.',NULL,NULL,NULL,8),(94,'Unidade 10 — Fé',NULL,10,'60 min',NULL,'Nesta unidade, as crianças compreendem o significado de fé bíblica: confiar em Jesus, e não em esforço próprio, religiosidade ou boas obras. O objetivo é que elas saibam explicar o ponto “Fé” com simplicidade e segurança, chamando o ouvinte a depender de Cristo.',NULL,NULL,NULL,8),(95,'Unidade 11 — Resposta',NULL,11,'60 min',NULL,'Esta unidade orienta como dar oportunidade para a pessoa responder ao Evangelho, com perguntas claras e postura respeitosa. As crianças aprendem que a decisão não é pressionada, mas apresentada com amor, reconhecendo que o Espírito Santo é quem convence o coração.',NULL,NULL,NULL,8),(96,'Unidade 12 — Crescendo em Jesus',NULL,12,'60 min',NULL,'A unidade final consolida o discipulado básico, ensinando práticas essenciais para crescer em Jesus: leitura da Bíblia, oração, comunhão e testemunho. O foco é ajudar as crianças a perseverarem na fé e a continuarem compartilhando o Evangelho como estilo de vida.',NULL,NULL,NULL,8);
/*!40000 ALTER TABLE `sections` ENABLE KEYS */;
UNLOCK TABLES;

--
-- Table structure for table `sessions`
--

DROP TABLE IF EXISTS `sessions`;
/*!40101 SET @saved_cs_client     = @@character_set_client */;
/*!50503 SET character_set_client = utf8mb4 */;
CREATE TABLE `sessions` (
  `id` varchar(255) COLLATE utf8mb4_unicode_ci NOT NULL,
  `user_id` bigint unsigned DEFAULT NULL,
  `ip_address` varchar(45) COLLATE utf8mb4_unicode_ci DEFAULT NULL,
  `user_agent` text COLLATE utf8mb4_unicode_ci,
  `payload` longtext COLLATE utf8mb4_unicode_ci NOT NULL,
  `last_activity` int NOT NULL,
  PRIMARY KEY (`id`),
  KEY `sessions_user_id_index` (`user_id`),
  KEY `sessions_last_activity_index` (`last_activity`)
) ENGINE=InnoDB DEFAULT CHARSET=utf8mb4 COLLATE=utf8mb4_unicode_ci;
/*!40101 SET character_set_client = @saved_cs_client */;

--
-- Dumping data for table `sessions`
--

LOCK TABLES `sessions` WRITE;
/*!40000 ALTER TABLE `sessions` DISABLE KEYS */;
INSERT INTO `sessions` VALUES ('gn1HmkcWEz7PRInyODJRjytizDhOkD0wwjDN1zJ8',1,'127.0.0.1','Mozilla/5.0 (Windows NT 10.0; Win64; x64) AppleWebKit/537.36 (KHTML, like Gecko) Chrome/144.0.0.0 Safari/537.36','YTo0OntzOjY6Il90b2tlbiI7czo0MDoiUXpxQ05MTnNndkI3Tm1CdUZudTNFZHNpVlZnQVFBV21JWUVidUVsaiI7czo5OiJfcHJldmlvdXMiO2E6Mjp7czozOiJ1cmwiO3M6MzE6Imh0dHA6Ly9lZS5sb2NhbC9ldmVudC80L2RldGFpbHMiO3M6NToicm91dGUiO3M6MTc6IndlYi5ldmVudC5kZXRhaWxzIjt9czo2OiJfZmxhc2giO2E6Mjp7czozOiJvbGQiO2E6MDp7fXM6MzoibmV3IjthOjA6e319czo1MDoibG9naW5fd2ViXzU5YmEzNmFkZGMyYjJmOTQwMTU4MGYwMTRjN2Y1OGVhNGUzMDk4OWQiO2k6MTt9',1770814661);
/*!40000 ALTER TABLE `sessions` ENABLE KEYS */;
UNLOCK TABLES;

--
-- Table structure for table `shippings`
--

DROP TABLE IF EXISTS `shippings`;
/*!40101 SET @saved_cs_client     = @@character_set_client */;
/*!50503 SET character_set_client = utf8mb4 */;
CREATE TABLE `shippings` (
  `id` bigint unsigned NOT NULL AUTO_INCREMENT,
  `name` varchar(255) COLLATE utf8mb4_unicode_ci NOT NULL,
  `phone` varchar(255) COLLATE utf8mb4_unicode_ci DEFAULT NULL,
  `email` varchar(255) COLLATE utf8mb4_unicode_ci DEFAULT NULL,
  `street` varchar(255) COLLATE utf8mb4_unicode_ci DEFAULT NULL,
  `number` varchar(255) COLLATE utf8mb4_unicode_ci DEFAULT NULL,
  `complement` varchar(255) COLLATE utf8mb4_unicode_ci DEFAULT NULL,
  `district` varchar(255) COLLATE utf8mb4_unicode_ci DEFAULT NULL,
  `city` varchar(255) COLLATE utf8mb4_unicode_ci DEFAULT NULL,
  `state` varchar(255) COLLATE utf8mb4_unicode_ci DEFAULT NULL,
  `postal_code` varchar(255) COLLATE utf8mb4_unicode_ci DEFAULT NULL,
  `notes` varchar(255) COLLATE utf8mb4_unicode_ci DEFAULT NULL,
  `created_at` timestamp NULL DEFAULT NULL,
  `updated_at` timestamp NULL DEFAULT NULL,
  PRIMARY KEY (`id`)
) ENGINE=InnoDB DEFAULT CHARSET=utf8mb4 COLLATE=utf8mb4_unicode_ci;
/*!40101 SET character_set_client = @saved_cs_client */;

--
-- Dumping data for table `shippings`
--

LOCK TABLES `shippings` WRITE;
/*!40000 ALTER TABLE `shippings` DISABLE KEYS */;
/*!40000 ALTER TABLE `shippings` ENABLE KEYS */;
UNLOCK TABLES;

--
-- Table structure for table `suppliers`
--

DROP TABLE IF EXISTS `suppliers`;
/*!40101 SET @saved_cs_client     = @@character_set_client */;
/*!50503 SET character_set_client = utf8mb4 */;
CREATE TABLE `suppliers` (
  `id` bigint unsigned NOT NULL AUTO_INCREMENT,
  `name` varchar(255) COLLATE utf8mb4_unicode_ci NOT NULL,
  `phone` varchar(255) COLLATE utf8mb4_unicode_ci DEFAULT NULL,
  `email` varchar(255) COLLATE utf8mb4_unicode_ci DEFAULT NULL,
  `street` varchar(255) COLLATE utf8mb4_unicode_ci DEFAULT NULL,
  `number` varchar(255) COLLATE utf8mb4_unicode_ci DEFAULT NULL,
  `complement` varchar(255) COLLATE utf8mb4_unicode_ci DEFAULT NULL,
  `district` varchar(255) COLLATE utf8mb4_unicode_ci DEFAULT NULL,
  `city` varchar(255) COLLATE utf8mb4_unicode_ci DEFAULT NULL,
  `state` varchar(255) COLLATE utf8mb4_unicode_ci DEFAULT NULL,
  `postal_code` varchar(255) COLLATE utf8mb4_unicode_ci DEFAULT NULL,
  `notes` varchar(255) COLLATE utf8mb4_unicode_ci DEFAULT NULL,
  `created_at` timestamp NULL DEFAULT NULL,
  `updated_at` timestamp NULL DEFAULT NULL,
  PRIMARY KEY (`id`)
) ENGINE=InnoDB DEFAULT CHARSET=utf8mb4 COLLATE=utf8mb4_unicode_ci;
/*!40101 SET character_set_client = @saved_cs_client */;

--
-- Dumping data for table `suppliers`
--

LOCK TABLES `suppliers` WRITE;
/*!40000 ALTER TABLE `suppliers` DISABLE KEYS */;
/*!40000 ALTER TABLE `suppliers` ENABLE KEYS */;
UNLOCK TABLES;

--
-- Table structure for table `training_schedule_items`
--

DROP TABLE IF EXISTS `training_schedule_items`;
/*!40101 SET @saved_cs_client     = @@character_set_client */;
/*!50503 SET character_set_client = utf8mb4 */;
CREATE TABLE `training_schedule_items` (
  `id` bigint unsigned NOT NULL AUTO_INCREMENT,
  `training_id` bigint unsigned NOT NULL,
  `section_id` bigint unsigned DEFAULT NULL,
  `date` date NOT NULL,
  `starts_at` datetime NOT NULL,
  `ends_at` datetime NOT NULL,
  `type` varchar(30) COLLATE utf8mb4_unicode_ci NOT NULL,
  `title` varchar(255) COLLATE utf8mb4_unicode_ci NOT NULL,
  `planned_duration_minutes` int unsigned NOT NULL,
  `suggested_duration_minutes` int unsigned DEFAULT NULL,
  `min_duration_minutes` int unsigned DEFAULT NULL,
  `origin` varchar(10) COLLATE utf8mb4_unicode_ci NOT NULL DEFAULT 'AUTO',
  `is_locked` tinyint(1) NOT NULL DEFAULT '0',
  `status` varchar(10) COLLATE utf8mb4_unicode_ci NOT NULL DEFAULT 'OK',
  `conflict_reason` json DEFAULT NULL,
  `meta` json DEFAULT NULL,
  `created_at` timestamp NULL DEFAULT NULL,
  `updated_at` timestamp NULL DEFAULT NULL,
  `position` int unsigned NOT NULL DEFAULT '0',
  PRIMARY KEY (`id`),
  KEY `training_schedule_items_section_id_foreign` (`section_id`),
  KEY `training_schedule_items_training_id_date_starts_at_index` (`training_id`,`date`,`starts_at`),
  KEY `training_schedule_items_training_id_date_type_index` (`training_id`,`date`,`type`),
  KEY `training_schedule_items_position_index` (`training_id`,`date`,`position`),
  CONSTRAINT `training_schedule_items_section_id_foreign` FOREIGN KEY (`section_id`) REFERENCES `sections` (`id`) ON DELETE SET NULL ON UPDATE CASCADE,
  CONSTRAINT `training_schedule_items_training_id_foreign` FOREIGN KEY (`training_id`) REFERENCES `trainings` (`id`) ON DELETE CASCADE ON UPDATE CASCADE
) ENGINE=InnoDB AUTO_INCREMENT=115 DEFAULT CHARSET=utf8mb4 COLLATE=utf8mb4_unicode_ci;
/*!40101 SET character_set_client = @saved_cs_client */;

--
-- Dumping data for table `training_schedule_items`
--

LOCK TABLES `training_schedule_items` WRITE;
/*!40000 ALTER TABLE `training_schedule_items` DISABLE KEYS */;
INSERT INTO `training_schedule_items` VALUES (58,2,NULL,'2026-02-02','2026-02-02 19:00:00','2026-02-02 19:30:00','WELCOME','Boas-vindas',30,NULL,NULL,'AUTO',0,'OK',NULL,'{\"anchor\": \"welcome\"}','2026-02-11 05:13:00','2026-02-11 05:13:00',1),(59,2,1,'2026-02-02','2026-02-02 19:45:02','2026-02-02 20:30:02','SECTION','Unidade 1: Por Que Estamos Aqui?',45,40,32,'AUTO',0,'OK',NULL,NULL,'2026-02-11 05:13:00','2026-02-11 05:13:01',3),(60,2,2,'2026-02-02','2026-02-02 20:30:03','2026-02-02 20:55:03','SECTION','Unidade 2: Aprendendo a Explicação do Evangelho Em Sua Mão',25,20,16,'AUTO',0,'OK',NULL,NULL,'2026-02-11 05:13:00','2026-02-11 05:13:01',4),(61,2,NULL,'2026-02-02','2026-02-02 20:55:04','2026-02-02 21:10:04','BREAK','Intervalo',15,NULL,NULL,'AUTO',0,'OK',NULL,'{\"anchor\": \"break\"}','2026-02-11 05:13:00','2026-02-11 05:13:01',5),(62,2,3,'2026-02-02','2026-02-02 21:10:05','2026-02-02 21:55:05','SECTION','Unidade 3: Vencendo o Medo de Testemunhar',45,40,32,'AUTO',0,'OK',NULL,NULL,'2026-02-11 05:13:00','2026-02-11 05:13:01',6),(63,2,4,'2026-02-02','2026-02-02 21:55:06','2026-02-02 22:40:06','SECTION','Unidade 4: Encontrando Pessoas Receptivas',45,40,32,'AUTO',0,'OK',NULL,NULL,'2026-02-11 05:13:00','2026-02-11 05:13:01',7),(64,2,5,'2026-02-03','2026-02-03 19:15:01','2026-02-03 19:50:01','SECTION','Unidade 5: Compartilhando o Evangelho Através de Ilustrações',35,35,28,'AUTO',0,'OK',NULL,NULL,'2026-02-11 05:13:00','2026-02-11 05:13:01',2),(65,2,6,'2026-02-03','2026-02-03 19:50:02','2026-02-03 20:20:02','SECTION','Unidade 6: Levando a Uma Decisão',30,30,24,'AUTO',0,'OK',NULL,NULL,'2026-02-11 05:13:00','2026-02-11 05:13:01',3),(66,2,NULL,'2026-02-03','2026-02-03 20:20:03','2026-02-03 20:35:03','BREAK','Intervalo',15,NULL,NULL,'AUTO',0,'OK',NULL,'{\"anchor\": \"break\"}','2026-02-11 05:13:00','2026-02-11 05:13:01',4),(67,2,7,'2026-02-03','2026-02-03 20:35:04','2026-02-03 20:55:04','SECTION','Unidade 7: Desenvolvendo Amor pelos Perdidos',20,20,16,'AUTO',0,'OK',NULL,NULL,'2026-02-11 05:13:00','2026-02-11 05:13:01',5),(68,2,8,'2026-02-03','2026-02-03 20:55:05','2026-02-03 21:15:05','SECTION','Unidade 8: Desenvolvendo um Ministério Contínuo de Evangelismo e Discipulado',20,20,16,'AUTO',0,'OK',NULL,NULL,'2026-02-11 05:13:00','2026-02-11 05:13:01',6),(69,2,9,'2026-02-03','2026-02-03 21:15:06','2026-02-03 21:55:06','SECTION','Encerramento: Juntos na Colheita do Senhor',40,40,32,'AUTO',0,'OK',NULL,NULL,'2026-02-11 05:13:00','2026-02-11 05:13:01',7),(70,2,NULL,'2026-02-03','2026-02-03 21:55:07','2026-02-03 22:10:07','BREAK','Intervalo',15,NULL,NULL,'AUTO',0,'OK',NULL,'{\"anchor\": \"break\"}','2026-02-11 05:13:00','2026-02-11 05:13:01',8),(71,2,10,'2026-02-03','2026-02-03 22:10:08','2026-02-03 22:20:08','SECTION','Orientações da Clínica de Evangelismo Explosivo',10,10,8,'AUTO',0,'OK',NULL,NULL,'2026-02-11 05:13:00','2026-02-11 05:13:01',9),(72,2,11,'2026-02-03','2026-02-03 22:20:09','2026-02-03 22:40:09','SECTION','O Treinamento de e² — Evangelismo Eficaz',20,20,16,'AUTO',0,'OK',NULL,NULL,'2026-02-11 05:13:00','2026-02-11 05:13:01',10),(73,2,12,'2026-02-04','2026-02-04 19:15:01','2026-02-04 20:05:01','SECTION','Elementos-Chave do Treinamento e²',50,40,32,'AUTO',0,'OK',NULL,NULL,'2026-02-11 05:13:00','2026-02-11 05:13:01',2),(74,2,13,'2026-02-04','2026-02-04 20:15:03','2026-02-04 20:50:03','SECTION','O Ensino Semanal no e²',35,30,24,'AUTO',0,'OK',NULL,NULL,'2026-02-11 05:13:00','2026-02-11 05:13:01',4),(75,2,NULL,'2026-02-04','2026-02-04 20:50:04','2026-02-04 21:05:04','BREAK','Intervalo',15,NULL,NULL,'AUTO',0,'OK',NULL,'{\"anchor\": \"break\"}','2026-02-11 05:13:00','2026-02-11 05:13:01',5),(76,2,14,'2026-02-04','2026-02-04 21:05:05','2026-02-04 22:00:05','SECTION','AULA: Saídas de Treinamento Prático (STP)',55,45,36,'AUTO',0,'OK',NULL,NULL,'2026-02-11 05:13:00','2026-02-11 05:13:01',6),(77,2,15,'2026-02-04','2026-02-04 22:00:06','2026-02-04 22:25:06','SECTION','Uso do Questionário de Segurança',25,20,16,'AUTO',0,'OK',NULL,NULL,'2026-02-11 05:13:00','2026-02-11 05:13:01',7),(78,2,NULL,'2026-02-04','2026-02-04 22:25:07','2026-02-04 22:40:07','BREAK','Intervalo',15,NULL,NULL,'AUTO',0,'OK',NULL,'{\"anchor\": \"break\"}','2026-02-11 05:13:00','2026-02-11 05:13:01',8),(79,2,16,'2026-02-04','2026-02-04 22:40:08','2026-02-04 22:50:08','SECTION','ORIENTAÇÕES PARA PRÁTICA 1: Saídas de Treinamento Prático (STP)',10,10,8,'AUTO',0,'OK',NULL,NULL,'2026-02-11 05:13:00','2026-02-11 05:13:01',9),(80,2,17,'2026-02-05','2026-02-05 19:15:01','2026-02-05 20:25:01','SECTION','PRÁTICA 1: Saídas de Treinamento Prático (STP)',70,60,48,'AUTO',0,'OK',NULL,NULL,'2026-02-11 05:13:00','2026-02-11 05:13:01',2),(81,2,NULL,'2026-02-05','2026-02-05 20:25:02','2026-02-05 20:40:02','BREAK','Intervalo',15,NULL,NULL,'AUTO',0,'OK',NULL,'{\"anchor\": \"break\"}','2026-02-11 05:13:00','2026-02-11 05:13:01',3),(82,2,18,'2026-02-05','2026-02-05 20:40:03','2026-02-05 21:15:03','SECTION','Relatório Público',35,30,24,'AUTO',0,'OK',NULL,NULL,'2026-02-11 05:13:00','2026-02-11 05:13:01',4),(83,2,19,'2026-02-05','2026-02-05 21:15:04','2026-02-05 22:05:04','SECTION','PRÁTICA 1: Relatório Público',50,40,32,'AUTO',0,'OK',NULL,NULL,'2026-02-11 05:13:00','2026-02-11 05:13:01',5),(84,2,NULL,'2026-02-05','2026-02-05 22:05:05','2026-02-05 22:20:05','BREAK','Intervalo',15,NULL,NULL,'AUTO',0,'OK',NULL,'{\"anchor\": \"break\"}','2026-02-11 05:13:00','2026-02-11 05:13:01',6),(85,2,20,'2026-02-06','2026-02-06 19:15:01','2026-02-06 20:25:01','SECTION','Unidade 1 — Conectando',70,60,48,'AUTO',0,'OK',NULL,NULL,'2026-02-11 05:13:00','2026-02-11 05:13:01',2),(86,2,NULL,'2026-02-06','2026-02-06 20:25:02','2026-02-06 20:40:02','BREAK','Intervalo',15,NULL,NULL,'AUTO',0,'OK',NULL,'{\"anchor\": \"break\"}','2026-02-11 05:13:00','2026-02-11 05:13:01',3),(87,2,21,'2026-02-06','2026-02-06 20:40:03','2026-02-06 21:20:03','SECTION','Unidade 2 — O Evangelho: Graça',40,35,28,'AUTO',0,'OK',NULL,NULL,'2026-02-11 05:13:00','2026-02-11 05:13:01',4),(88,2,22,'2026-02-06','2026-02-06 21:20:04','2026-02-06 22:00:04','SECTION','Unidade 3 — O Evangelho: Homem',40,35,28,'AUTO',0,'OK',NULL,NULL,'2026-02-11 05:13:00','2026-02-11 05:13:01',5),(89,2,NULL,'2026-02-06','2026-02-06 22:00:05','2026-02-06 22:15:05','BREAK','Intervalo',15,NULL,NULL,'AUTO',0,'OK',NULL,'{\"anchor\": \"break\"}','2026-02-11 05:13:00','2026-02-11 05:13:01',6),(90,2,23,'2026-02-06','2026-02-06 22:15:06','2026-02-06 22:25:06','SECTION','ORIENTAÇÕES PARA PRÁTICA 2: Saídas de Treinamento Prático (STP)',10,10,8,'AUTO',0,'OK',NULL,NULL,'2026-02-11 05:13:00','2026-02-11 05:13:01',7),(93,2,24,'2026-02-07','2026-02-07 09:15:01','2026-02-07 10:45:01','SECTION','PRÁTICA 2: Saídas de Treinamento Prático (STP)',90,90,72,'AUTO',0,'OK',NULL,NULL,'2026-02-11 05:13:00','2026-02-11 05:13:01',2),(94,2,NULL,'2026-02-07','2026-02-07 10:45:02','2026-02-07 11:00:02','BREAK','Intervalo',15,NULL,NULL,'AUTO',0,'OK',NULL,'{\"anchor\": \"break\"}','2026-02-11 05:13:00','2026-02-11 05:13:01',3),(95,2,25,'2026-02-07','2026-02-07 11:00:03','2026-02-07 11:40:03','SECTION','PRÁTICA 2: Relatório Público',40,40,32,'AUTO',0,'OK',NULL,NULL,'2026-02-11 05:13:00','2026-02-11 05:13:01',4),(96,2,26,'2026-02-07','2026-02-07 11:40:04','2026-02-07 12:15:04','SECTION','Unidade 4 — Compartilhando Seu Testemunho',35,35,28,'AUTO',0,'OK',NULL,NULL,'2026-02-11 05:13:00','2026-02-11 05:13:01',5),(97,2,27,'2026-02-07','2026-02-07 12:15:05','2026-02-07 12:50:05','SECTION','Unidade 5 — O Evangelho: Deus e Cristo',35,35,28,'AUTO',0,'OK',NULL,'{\"segment_of\": 27}','2026-02-11 05:13:00','2026-02-11 05:13:01',6),(98,2,NULL,'2026-02-07','2026-02-07 12:50:06','2026-02-07 13:00:06','BREAK','Intervalo',10,NULL,NULL,'AUTO',0,'OK',NULL,'{\"anchor\": \"break\"}','2026-02-11 05:13:00','2026-02-11 05:13:01',7),(99,2,28,'2026-02-07','2026-02-07 13:00:07','2026-02-07 13:35:07','SECTION','Unidade 6 — O Evangelho: Fé',35,35,28,'AUTO',0,'OK',NULL,'{\"segment_of\": 28}','2026-02-11 05:13:00','2026-02-11 05:13:01',8),(100,2,29,'2026-02-07','2026-02-07 13:35:08','2026-02-07 14:10:08','SECTION','Unidade 7 — Decisão e Acompanhamento',35,35,28,'AUTO',0,'OK',NULL,'{\"segment_of\": 29}','2026-02-11 05:13:00','2026-02-11 05:13:01',9),(101,2,30,'2026-02-07','2026-02-07 14:10:09','2026-02-07 15:10:09','SECTION','Guia de Implementação do Ministério de Evangelismo Explosivo',60,60,48,'AUTO',0,'OK',NULL,'{\"segment_of\": 30}','2026-02-11 05:13:00','2026-02-11 05:13:01',10),(102,2,31,'2026-02-07','2026-02-07 15:10:10','2026-02-07 15:20:10','SECTION','ORIENTAÇÕES PARA PRÁTICA 3: Saídas de Treinamento Prático (STP)',10,10,8,'AUTO',0,'OK',NULL,'{\"segment_of\": 31}','2026-02-11 05:13:00','2026-02-11 05:13:01',11),(103,2,NULL,'2026-02-07','2026-02-07 15:20:11','2026-02-07 15:30:11','BREAK','Intervalo',10,NULL,NULL,'AUTO',0,'OK',NULL,'{\"anchor\": \"break\"}','2026-02-11 05:13:00','2026-02-11 05:13:01',12),(104,2,32,'2026-02-07','2026-02-07 15:30:12','2026-02-07 16:35:12','SECTION','PRÁTICA 3: Saídas de Treinamento Prático (STP)',65,80,64,'AUTO',0,'OK',NULL,'{\"segment_of\": 32}','2026-02-11 05:13:00','2026-02-11 05:13:01',13),(105,2,NULL,'2026-02-07','2026-02-07 16:35:13','2026-02-07 16:50:13','BREAK','Intervalo',15,NULL,NULL,'AUTO',0,'OK',NULL,'{\"anchor\": \"break\"}','2026-02-11 05:13:00','2026-02-11 05:13:01',14),(106,2,32,'2026-02-07','2026-02-07 16:50:14','2026-02-07 17:55:14','SECTION','PRÁTICA 3: Saídas de Treinamento Prático (STP)',65,80,64,'AUTO',0,'OK',NULL,'{\"segment_of\": 32}','2026-02-11 05:13:00','2026-02-11 05:13:01',15),(107,2,33,'2026-02-07','2026-02-07 17:55:15','2026-02-07 18:35:15','SECTION','PRÁTICA 3: Relatório Público',40,40,32,'AUTO',0,'OK',NULL,'{\"segment_of\": 33}','2026-02-11 05:13:00','2026-02-11 05:13:01',16),(108,2,NULL,'2026-02-02','2026-02-02 19:30:01','2026-02-02 19:45:01','DEVOTIONAL','Devocional',15,NULL,NULL,'TEACHER',0,'OK',NULL,'{\"block\": \"devotional\", \"anchor\": \"devotional\"}','2026-02-11 05:13:00','2026-02-11 05:13:00',2),(109,2,NULL,'2026-02-03','2026-02-03 19:00:00','2026-02-03 19:15:00','DEVOTIONAL','Devocional',15,NULL,NULL,'TEACHER',0,'OK',NULL,'{\"block\": \"devotional\", \"anchor\": \"devotional\"}','2026-02-11 05:13:01','2026-02-11 05:13:01',1),(110,2,NULL,'2026-02-04','2026-02-04 19:00:00','2026-02-04 19:15:00','DEVOTIONAL','Devocional',15,NULL,NULL,'TEACHER',0,'OK',NULL,'{\"block\": \"devotional\", \"anchor\": \"devotional\"}','2026-02-11 05:13:01','2026-02-11 05:13:01',1),(111,2,NULL,'2026-02-04','2026-02-04 20:05:02','2026-02-04 20:15:02','BREAK','Intervalo',10,NULL,NULL,'AUTO',0,'OK',NULL,'{\"auto_reason\": \"snack_off\"}','2026-02-11 05:13:01','2026-02-11 05:13:01',3),(112,2,NULL,'2026-02-05','2026-02-05 19:00:00','2026-02-05 19:15:00','DEVOTIONAL','Devocional',15,NULL,NULL,'TEACHER',0,'OK',NULL,'{\"block\": \"devotional\", \"anchor\": \"devotional\"}','2026-02-11 05:13:01','2026-02-11 05:13:01',1),(113,2,NULL,'2026-02-06','2026-02-06 19:00:00','2026-02-06 19:15:00','DEVOTIONAL','Devocional',15,NULL,NULL,'TEACHER',0,'OK',NULL,'{\"block\": \"devotional\", \"anchor\": \"devotional\"}','2026-02-11 05:13:01','2026-02-11 05:13:01',1),(114,2,NULL,'2026-02-07','2026-02-07 09:00:00','2026-02-07 09:15:00','DEVOTIONAL','Devocional',15,NULL,NULL,'TEACHER',0,'OK',NULL,'{\"block\": \"devotional\", \"anchor\": \"devotional\"}','2026-02-11 05:13:01','2026-02-11 05:13:01',1);
/*!40000 ALTER TABLE `training_schedule_items` ENABLE KEYS */;
UNLOCK TABLES;

--
-- Table structure for table `training_user`
--

DROP TABLE IF EXISTS `training_user`;
/*!40101 SET @saved_cs_client     = @@character_set_client */;
/*!50503 SET character_set_client = utf8mb4 */;
CREATE TABLE `training_user` (
  `user_id` bigint unsigned DEFAULT NULL,
  `training_id` bigint unsigned DEFAULT NULL,
  `payment_receipt` varchar(255) COLLATE utf8mb4_unicode_ci DEFAULT NULL,
  `accredited` tinyint NOT NULL DEFAULT '0',
  `kit` tinyint NOT NULL DEFAULT '0',
  `payment` tinyint NOT NULL DEFAULT '0',
  KEY `training_user_user_id_foreign` (`user_id`),
  KEY `training_user_training_id_foreign` (`training_id`),
  CONSTRAINT `training_user_training_id_foreign` FOREIGN KEY (`training_id`) REFERENCES `trainings` (`id`) ON DELETE CASCADE ON UPDATE CASCADE,
  CONSTRAINT `training_user_user_id_foreign` FOREIGN KEY (`user_id`) REFERENCES `users` (`id`) ON DELETE CASCADE ON UPDATE CASCADE
) ENGINE=InnoDB DEFAULT CHARSET=utf8mb4 COLLATE=utf8mb4_unicode_ci;
/*!40101 SET character_set_client = @saved_cs_client */;

--
-- Dumping data for table `training_user`
--

LOCK TABLES `training_user` WRITE;
/*!40000 ALTER TABLE `training_user` DISABLE KEYS */;
/*!40000 ALTER TABLE `training_user` ENABLE KEYS */;
UNLOCK TABLES;

--
-- Table structure for table `trainings`
--

DROP TABLE IF EXISTS `trainings`;
/*!40101 SET @saved_cs_client     = @@character_set_client */;
/*!50503 SET character_set_client = utf8mb4 */;
CREATE TABLE `trainings` (
  `id` bigint unsigned NOT NULL AUTO_INCREMENT,
  `banner` varchar(255) COLLATE utf8mb4_unicode_ci DEFAULT NULL,
  `coordinator` varchar(255) COLLATE utf8mb4_unicode_ci DEFAULT NULL,
  `phone` varchar(20) COLLATE utf8mb4_unicode_ci DEFAULT NULL,
  `email` varchar(100) COLLATE utf8mb4_unicode_ci DEFAULT NULL,
  `street` varchar(100) COLLATE utf8mb4_unicode_ci DEFAULT NULL,
  `number` varchar(20) COLLATE utf8mb4_unicode_ci DEFAULT NULL,
  `complement` varchar(100) COLLATE utf8mb4_unicode_ci DEFAULT NULL,
  `district` varchar(100) COLLATE utf8mb4_unicode_ci DEFAULT NULL,
  `city` varchar(100) COLLATE utf8mb4_unicode_ci DEFAULT NULL,
  `state` varchar(255) COLLATE utf8mb4_unicode_ci DEFAULT NULL,
  `postal_code` varchar(10) COLLATE utf8mb4_unicode_ci DEFAULT NULL,
  `url` varchar(255) COLLATE utf8mb4_unicode_ci DEFAULT NULL,
  `gpwhatsapp` varchar(255) COLLATE utf8mb4_unicode_ci DEFAULT NULL,
  `price` varchar(255) COLLATE utf8mb4_unicode_ci DEFAULT '0,00',
  `price_church` varchar(255) COLLATE utf8mb4_unicode_ci DEFAULT '0,00',
  `discount` varchar(255) COLLATE utf8mb4_unicode_ci DEFAULT '0,00',
  `kits` int DEFAULT '0',
  `totStudents` int NOT NULL DEFAULT '0',
  `totChurches` int NOT NULL DEFAULT '0',
  `totNewChurches` int NOT NULL DEFAULT '0',
  `totPastors` int NOT NULL DEFAULT '0',
  `totKitsUsed` int NOT NULL DEFAULT '0',
  `totListeners` int NOT NULL DEFAULT '0',
  `totKitsReceived` int NOT NULL DEFAULT '0',
  `totApproaches` int NOT NULL DEFAULT '0',
  `totDecisions` int NOT NULL DEFAULT '0',
  `notes` text COLLATE utf8mb4_unicode_ci,
  `status` int DEFAULT NULL,
  `created_at` timestamp NULL DEFAULT NULL,
  `updated_at` timestamp NULL DEFAULT NULL,
  `course_id` bigint unsigned DEFAULT NULL,
  `teacher_id` bigint unsigned DEFAULT NULL,
  `church_id` bigint unsigned DEFAULT NULL,
  `welcome_duration_minutes` smallint unsigned NOT NULL DEFAULT '30',
  `schedule_settings` json DEFAULT NULL,
  `ojt_count_override` smallint unsigned DEFAULT NULL,
  `ojt_policy_override` varchar(10) COLLATE utf8mb4_unicode_ci DEFAULT NULL,
  PRIMARY KEY (`id`),
  KEY `trainings_course_id_foreign` (`course_id`),
  KEY `trainings_teacher_id_foreign` (`teacher_id`),
  KEY `trainings_church_id_foreign` (`church_id`),
  CONSTRAINT `trainings_church_id_foreign` FOREIGN KEY (`church_id`) REFERENCES `churches` (`id`) ON DELETE CASCADE ON UPDATE CASCADE,
  CONSTRAINT `trainings_course_id_foreign` FOREIGN KEY (`course_id`) REFERENCES `courses` (`id`) ON DELETE CASCADE ON UPDATE CASCADE,
  CONSTRAINT `trainings_teacher_id_foreign` FOREIGN KEY (`teacher_id`) REFERENCES `users` (`id`) ON DELETE SET NULL ON UPDATE CASCADE
) ENGINE=InnoDB AUTO_INCREMENT=312 DEFAULT CHARSET=utf8mb4 COLLATE=utf8mb4_unicode_ci;
/*!40101 SET character_set_client = @saved_cs_client */;

--
-- Dumping data for table `trainings`
--

LOCK TABLES `trainings` WRITE;
/*!40000 ALTER TABLE `trainings` DISABLE KEYS */;
INSERT INTO `trainings` VALUES (1,NULL,'Secretaria','21972765535','secretaria@pibinga.org.br','Rua Dr. Paulo Alves','125',NULL,'Ingá','Niterói','RJ','24365170',NULL,NULL,'180.00','20.00','0.00',NULL,0,0,0,0,0,0,0,0,0,NULL,1,'2026-02-11 04:40:29','2026-02-11 04:40:29',1,1,1,30,NULL,NULL,NULL),(2,NULL,'Secretaria','21972765535','secretaria@pibinga.org.br','Rua Dr. Paulo Alves','125',NULL,'Ingá','Niterói','RJ','24365170',NULL,NULL,'180.00','20.00','0.00',NULL,0,0,0,0,0,0,0,0,0,NULL,1,'2026-02-11 04:40:29','2026-02-11 05:13:00',1,1,1,30,'{\"overrides\": [], \"day_blocks\": {\"2026-02-02\": {\"lunch\": false, \"snack\": false, \"dinner\": false, \"welcome\": true, \"breakfast\": false, \"devotional\": true}, \"2026-02-03\": {\"lunch\": false, \"snack\": false, \"dinner\": false, \"welcome\": false, \"breakfast\": false, \"devotional\": true}, \"2026-02-04\": {\"lunch\": false, \"snack\": false, \"dinner\": false, \"welcome\": false, \"breakfast\": false, \"devotional\": true}, \"2026-02-05\": {\"lunch\": false, \"snack\": false, \"dinner\": false, \"welcome\": false, \"breakfast\": false, \"devotional\": true}, \"2026-02-06\": {\"lunch\": false, \"snack\": false, \"dinner\": false, \"welcome\": false, \"breakfast\": false, \"devotional\": true}, \"2026-02-07\": {\"lunch\": false, \"snack\": false, \"dinner\": false, \"welcome\": false, \"breakfast\": false, \"devotional\": true}}}',NULL,NULL),(3,NULL,'Pr. Isabela Dias','41913219823','treinamento.manaus@ministerio.com.br','Rua Getulio Vargas','9847','Anexo A','Boa Vista','Manaus','AM','59440785','https://www.treinamento-manaus.org.br',NULL,'200,00','0,00','5,00',187,285,78,25,25,186,171,71,362,167,NULL,1,'2026-02-11 04:40:29','2026-02-11 04:40:29',1,53,12,30,NULL,NULL,NULL),(4,NULL,'Pr. Carolina Ramos','21963509176','treinamento.sao.paulo@igreja.org.br','Rua das Flores','4716',NULL,'Vila Nova','Sao Paulo','SP','25283352','https://www.treinamento-sao-paulo.org.br',NULL,'50,00','50,00',NULL,189,223,115,20,43,130,99,191,57,61,NULL,0,'2026-02-11 04:40:29','2026-02-11 04:40:29',1,84,2,30,NULL,NULL,NULL),(5,NULL,'Pr. Renata Carvalho','81928048454','treinamento.sao.paulo@igreja.org.br','Rua Independencia','7709',NULL,'Boa Vista','Sao Paulo','SP','68332137','https://www.treinamento-sao-paulo.org.br',NULL,'200,00','100,00',NULL,147,136,109,29,25,211,250,11,290,128,NULL,2,'2026-02-11 04:40:29','2026-02-11 04:40:29',1,7,1,30,NULL,NULL,NULL),(6,NULL,'Pr. Larissa Gomes','41912241563','treinamento.belem@comunidade.com.br','Alameda das Flores','2396',NULL,'Jardim America','Belem','PA','43906613','https://www.treinamento-belem.org.br',NULL,'0,00','200,00','15,00',88,265,80,51,46,87,62,292,335,106,NULL,1,'2026-02-11 04:40:29','2026-02-11 04:40:29',1,37,26,30,NULL,NULL,NULL),(7,NULL,'Pr. Mariana Gomes','11998174996','treinamento.recife@ministerio.com.br','Alameda Dom Pedro II','8444',NULL,'Bela Vista','Recife','PE','48681890','https://www.treinamento-recife.org.br',NULL,'0,00','50,00','10,00',290,249,84,52,21,240,145,193,246,129,NULL,1,'2026-02-11 04:40:29','2026-02-11 04:40:29',1,96,16,30,NULL,NULL,NULL),(8,NULL,'Pr. Andre Ribeiro','31926393207','treinamento.rio.de.janeiro@ministerio.com.br','Alameda dos Ipes','1989',NULL,'Parque das Nacoes','Rio de Janeiro','RJ','73645605','https://www.treinamento-rio-de-janeiro.org.br',NULL,'200,00','200,00',NULL,259,129,49,57,31,243,109,265,56,138,NULL,3,'2026-02-11 04:40:29','2026-02-11 04:40:29',1,104,18,30,NULL,NULL,NULL),(9,NULL,'Pr. Beatriz Cardoso','41934487064','treinamento.sao.paulo@ministerio.com.br','Rua Dom Pedro II','7764','Casa 2','Santa Clara','Sao Paulo','SP','20930230','https://www.treinamento-sao-paulo.org.br',NULL,'0,00','100,00',NULL,138,171,105,9,51,46,278,240,307,120,NULL,0,'2026-02-11 04:40:29','2026-02-11 04:40:29',1,29,23,30,NULL,NULL,NULL),(10,NULL,'Pr. Beatriz Dias','31959721120','treinamento.belo.horizonte@igreja.org.br','Alameda Getulio Vargas','236',NULL,'Santa Clara','Belo Horizonte','MG','02960216','https://www.treinamento-belo-horizonte.org.br',NULL,'200,00','200,00',NULL,296,283,76,35,3,47,50,232,25,74,NULL,3,'2026-02-11 04:40:29','2026-02-11 04:40:29',1,71,8,30,NULL,NULL,NULL),(11,NULL,'Pr. Beatriz Silva','85929895120','treinamento.porto.alegre@igreja.org.br','Travessa Dom Pedro II','1145',NULL,'Vila Esperanca','Porto Alegre','RS','02350781','https://www.treinamento-porto-alegre.org.br',NULL,'100,00','50,00',NULL,29,61,111,1,53,21,275,195,126,9,NULL,1,'2026-02-11 04:40:29','2026-02-11 04:40:29',1,90,8,30,NULL,NULL,NULL),(12,NULL,'Pr. Joao Pereira','91955138415','treinamento.fortaleza@igreja.org.br','Avenida Santos Dumont','1468',NULL,'Nova Esperanca','Fortaleza','CE','76322481','https://www.treinamento-fortaleza.org.br',NULL,'50,00','0,00',NULL,128,232,19,36,3,36,270,25,220,195,NULL,3,'2026-02-11 04:40:29','2026-02-11 04:40:29',1,66,19,30,NULL,NULL,NULL),(13,NULL,'Pr. Rafael Silva','41933165989','treinamento.goiania@igreja.org.br','Travessa Independencia','2586',NULL,'Vila Nova','Goiania','GO','76171166','https://www.treinamento-goiania.org.br',NULL,'100,00','0,00',NULL,29,97,15,33,2,43,173,71,84,105,NULL,2,'2026-02-11 04:40:29','2026-02-11 04:40:29',1,70,6,30,NULL,NULL,NULL),(14,NULL,'Pr. Mariana Silva','71921913930','treinamento.rio.de.janeiro@comunidade.com.br','Rua Paulista','972','Anexo A','Vila Esperanca','Rio de Janeiro','RJ','22921581','https://www.treinamento-rio-de-janeiro.org.br',NULL,'200,00','100,00','20,00',163,129,2,42,4,157,199,62,329,16,NULL,0,'2026-02-11 04:40:29','2026-02-11 04:40:29',1,81,18,30,NULL,NULL,NULL),(15,NULL,'Pr. Andre Martins','85963548041','treinamento.manaus@ministerio.com.br','Rua Rio Branco','9770',NULL,'Vila Nova','Manaus','AM','09899156','https://www.treinamento-manaus.org.br',NULL,'0,00','100,00',NULL,154,179,100,57,48,86,96,51,242,72,NULL,1,'2026-02-11 04:40:29','2026-02-11 04:40:29',1,40,15,30,NULL,NULL,NULL),(16,NULL,'Pr. Lucas Ribeiro','21930299444','treinamento.belo.horizonte@comunidade.com.br','Travessa Independencia','7829',NULL,'Nova Esperanca','Belo Horizonte','MG','99929863','https://www.treinamento-belo-horizonte.org.br',NULL,'150,00','0,00','20,00',7,141,72,42,51,58,268,110,125,28,NULL,1,'2026-02-11 04:40:29','2026-02-11 04:40:29',1,14,5,30,NULL,NULL,NULL),(17,NULL,'Pr. Henrique Martins','85979883068','treinamento.rio.de.janeiro@igreja.org.br','Alameda Independencia','9846','Fundos','Vila Esperanca','Rio de Janeiro','RJ','76315964','https://www.treinamento-rio-de-janeiro.org.br',NULL,'100,00','200,00',NULL,136,206,41,56,54,244,237,122,75,197,NULL,3,'2026-02-11 04:40:29','2026-02-11 04:40:29',1,1,7,30,NULL,NULL,NULL),(18,NULL,'Pr. Andre Cardoso','85948400773','treinamento.rio.de.janeiro@comunidade.com.br','Travessa Getulio Vargas','5103',NULL,'Nova Esperanca','Rio de Janeiro','RJ','32551238','https://www.treinamento-rio-de-janeiro.org.br',NULL,'150,00','200,00',NULL,114,295,64,33,18,14,295,172,257,15,'Magni recusandae vero qui sint corporis mollitia atque qui tempore.',1,'2026-02-11 04:40:29','2026-02-11 04:40:29',1,8,16,30,NULL,NULL,NULL),(19,NULL,'Pr. Renata Martins','41907661216','treinamento.recife@ministerio.com.br','Travessa Santos Dumont','2715','Fundos','Bela Vista','Recife','PE','52384932','https://www.treinamento-recife.org.br',NULL,'150,00','0,00','15,00',51,147,101,37,24,129,147,224,394,29,NULL,0,'2026-02-11 04:40:29','2026-02-11 04:40:29',1,27,4,30,NULL,NULL,NULL),(20,NULL,'Pr. Marcos Barbosa','21960352150','treinamento.fortaleza@igreja.org.br','Travessa Santos Dumont','8013',NULL,'Centro','Fortaleza','CE','70891825','https://www.treinamento-fortaleza.org.br',NULL,'100,00','100,00',NULL,224,237,47,13,20,209,48,230,222,185,NULL,0,'2026-02-11 04:40:29','2026-02-11 04:40:29',1,103,23,30,NULL,NULL,NULL),(21,NULL,'Pr. Carlos Martins','41988822448','treinamento.brasilia@ministerio.com.br','Rua Santos Dumont','7302','Sala 101','Vila Nova','Brasilia','DF','24366310','https://www.treinamento-brasilia.org.br',NULL,'100,00','150,00',NULL,221,260,46,45,57,77,31,0,400,197,NULL,2,'2026-02-11 04:40:30','2026-02-11 04:40:30',2,9,4,30,NULL,NULL,NULL),(22,NULL,'Pr. Henrique Ramos','61916094180','treinamento.manaus@igreja.org.br','Alameda dos Ipes','1498',NULL,'Parque das Nacoes','Manaus','AM','96551269','https://www.treinamento-manaus.org.br',NULL,'0,00','0,00','20,00',261,142,14,24,50,79,213,251,12,97,NULL,1,'2026-02-11 04:40:30','2026-02-11 04:40:30',2,59,18,30,NULL,NULL,NULL),(23,NULL,'Pr. Marcos Martins','71961942769','treinamento.belo.horizonte@igreja.org.br','Alameda Paulista','1698','Anexo A','Vila Nova','Belo Horizonte','MG','06622378','https://www.treinamento-belo-horizonte.org.br',NULL,'100,00','100,00','15,00',246,127,54,41,50,81,261,48,211,72,NULL,2,'2026-02-11 04:40:30','2026-02-11 04:40:30',2,36,10,30,NULL,NULL,NULL),(24,NULL,'Pr. Patricia Barbosa','61972094329','treinamento.goiania@ministerio.com.br','Alameda dos Ipes','1108',NULL,'Nova Esperanca','Goiania','GO','46012698','https://www.treinamento-goiania.org.br',NULL,'0,00','200,00',NULL,95,35,94,31,60,218,171,244,399,164,'Eligendi perspiciatis ab adipisci doloribus quis qui omnis aut laboriosam at est.',1,'2026-02-11 04:40:30','2026-02-11 04:40:30',2,93,20,30,NULL,NULL,NULL),(25,NULL,'Pr. Gabriel Oliveira','21940800352','treinamento.manaus@ministerio.com.br','Rua Getulio Vargas','9713','Fundos','Jardim America','Manaus','AM','06468786','https://www.treinamento-manaus.org.br',NULL,'100,00','0,00','15,00',40,11,91,12,27,205,140,18,38,28,'Quo laborum et nihil maxime quia dolorem tempora error molestiae dolore repellat sed.',1,'2026-02-11 04:40:30','2026-02-11 04:40:30',2,18,5,30,NULL,NULL,NULL),(26,NULL,'Pr. Gabriel Rocha','21972775085','treinamento.curitiba@igreja.org.br','Alameda Getulio Vargas','6702',NULL,'Vila Esperanca','Curitiba','PR','62236783','https://www.treinamento-curitiba.org.br',NULL,'100,00','50,00',NULL,265,19,103,10,1,9,127,277,351,127,NULL,2,'2026-02-11 04:40:30','2026-02-11 04:40:30',2,6,6,30,NULL,NULL,NULL),(27,NULL,'Pr. Henrique Almeida','91972706279','treinamento.brasilia@ministerio.com.br','Rua Santos Dumont','412',NULL,'Centro','Brasilia','DF','70493943','https://www.treinamento-brasilia.org.br',NULL,'0,00','200,00',NULL,206,8,47,44,44,208,6,288,362,23,NULL,0,'2026-02-11 04:40:30','2026-02-11 04:40:30',2,74,13,30,NULL,NULL,NULL),(28,NULL,'Pr. Henrique Barbosa','41972444540','treinamento.belem@igreja.org.br','Alameda Sete de Setembro','3656','Sala 101','Jardim das Oliveiras','Belem','PA','94001497','https://www.treinamento-belem.org.br',NULL,'200,00','0,00',NULL,191,164,49,58,33,167,120,94,360,126,NULL,0,'2026-02-11 04:40:30','2026-02-11 04:40:30',2,84,7,30,NULL,NULL,NULL),(29,NULL,'Pr. Fernanda Dias','31903281202','treinamento.recife@ministerio.com.br','Rua das Flores','8898','Casa 2','Parque das Nacoes','Recife','PE','18760851','https://www.treinamento-recife.org.br',NULL,'50,00','100,00','20,00',154,219,56,45,30,225,155,155,177,7,'Quos ea ut natus cum ea rerum praesentium et omnis tenetur ut dolorem distinctio.',0,'2026-02-11 04:40:30','2026-02-11 04:40:30',2,104,4,30,NULL,NULL,NULL),(30,NULL,'Pr. Paulo Pereira','41920457076','treinamento.curitiba@comunidade.com.br','Avenida Independencia','4986',NULL,'Vila Nova','Curitiba','PR','62899857','https://www.treinamento-curitiba.org.br',NULL,'200,00','200,00','5,00',270,300,59,36,12,187,141,189,76,181,NULL,2,'2026-02-11 04:40:30','2026-02-11 04:40:30',2,91,15,30,NULL,NULL,NULL),(31,NULL,'Pr. Marcos Lima','61928507595','treinamento.goiania@ministerio.com.br','Alameda Dom Pedro II','3604','Fundos','Bela Vista','Goiania','GO','45541127','https://www.treinamento-goiania.org.br',NULL,'100,00','0,00','5,00',144,159,34,19,48,85,150,10,282,77,NULL,0,'2026-02-11 04:40:30','2026-02-11 04:40:30',2,82,23,30,NULL,NULL,NULL),(32,NULL,'Pr. Amanda Silva','91945963983','treinamento.rio.de.janeiro@comunidade.com.br','Travessa Santos Dumont','1877',NULL,'Bela Vista','Rio de Janeiro','RJ','52792186','https://www.treinamento-rio-de-janeiro.org.br',NULL,'0,00','150,00','5,00',4,189,84,34,49,9,80,50,70,194,NULL,0,'2026-02-11 04:40:30','2026-02-11 04:40:30',2,52,1,30,NULL,NULL,NULL),(33,NULL,'Pr. Beatriz Rezende','61941383517','treinamento.rio.de.janeiro@igreja.org.br','Avenida Rio Branco','2844','Fundos','Bela Vista','Rio de Janeiro','RJ','17839931','https://www.treinamento-rio-de-janeiro.org.br',NULL,'150,00','100,00','5,00',25,259,96,13,14,208,226,98,141,30,NULL,3,'2026-02-11 04:40:30','2026-02-11 04:40:30',2,16,17,30,NULL,NULL,NULL),(34,NULL,'Pr. Carolina Barbosa','71987340635','treinamento.belem@comunidade.com.br','Travessa Rio Branco','9912',NULL,'Vila Esperanca','Belem','PA','28318567','https://www.treinamento-belem.org.br',NULL,'0,00','200,00',NULL,59,51,83,59,21,237,237,249,54,140,NULL,2,'2026-02-11 04:40:30','2026-02-11 04:40:30',2,61,2,30,NULL,NULL,NULL),(35,NULL,'Pr. Henrique Carvalho','91989238579','treinamento.belem@ministerio.com.br','Alameda Sete de Setembro','7512',NULL,'Jardim America','Belem','PA','33632874','https://www.treinamento-belem.org.br',NULL,'150,00','150,00',NULL,20,248,102,32,33,151,149,103,307,16,NULL,1,'2026-02-11 04:40:30','2026-02-11 04:40:30',2,6,2,30,NULL,NULL,NULL),(36,NULL,'Pr. Lucas Silva','81960954847','treinamento.manaus@ministerio.com.br','Alameda Rio Branco','7586','Anexo A','Santa Clara','Manaus','AM','54138907','https://www.treinamento-manaus.org.br',NULL,'100,00','200,00','5,00',214,90,116,36,54,17,108,0,181,128,NULL,0,'2026-02-11 04:40:30','2026-02-11 04:40:30',2,26,2,30,NULL,NULL,NULL),(37,NULL,'Pr. Daniel Oliveira','31975257560','treinamento.goiania@igreja.org.br','Rua Rio Branco','8472','Casa 2','Santa Clara','Goiania','GO','98264635','https://www.treinamento-goiania.org.br',NULL,'50,00','200,00','20,00',63,153,78,36,15,161,228,289,106,187,NULL,0,'2026-02-11 04:40:30','2026-02-11 04:40:30',2,29,25,30,NULL,NULL,NULL),(38,NULL,'Pr. Amanda Rocha','11905381766','treinamento.curitiba@ministerio.com.br','Rua dos Ipes','3156','Sala 101','Vila Nova','Curitiba','PR','20613985','https://www.treinamento-curitiba.org.br',NULL,'0,00','50,00','5,00',120,237,105,1,23,181,97,195,373,164,NULL,3,'2026-02-11 04:40:30','2026-02-11 04:40:30',2,33,4,30,NULL,NULL,NULL),(39,NULL,'Pr. Tiago Barbosa','91900504914','treinamento.brasilia@comunidade.com.br','Avenida Santos Dumont','5124','Bloco B','Vila Nova','Brasilia','DF','33275723','https://www.treinamento-brasilia.org.br',NULL,'0,00','0,00',NULL,79,16,92,0,34,33,200,51,267,56,NULL,1,'2026-02-11 04:40:30','2026-02-11 04:40:30',3,105,3,30,NULL,NULL,NULL),(40,NULL,'Pr. Fernanda Barbosa','61933701367','treinamento.manaus@igreja.org.br','Alameda Brasil','6201','Casa 2','Vila Nova','Manaus','AM','33083928','https://www.treinamento-manaus.org.br',NULL,'200,00','150,00',NULL,221,70,74,18,26,99,126,222,325,28,'Consequatur et animi qui libero enim voluptas voluptas sint ut sit quis sunt.',0,'2026-02-11 04:40:30','2026-02-11 04:40:30',3,42,7,30,NULL,NULL,NULL),(41,NULL,'Pr. Isabela Martins','11974248225','treinamento.brasilia@igreja.org.br','Travessa Sete de Setembro','6080',NULL,'Jardim America','Brasilia','DF','67782493','https://www.treinamento-brasilia.org.br',NULL,'0,00','0,00',NULL,155,64,86,31,23,196,88,122,296,188,NULL,3,'2026-02-11 04:40:30','2026-02-11 04:40:30',3,53,15,30,NULL,NULL,NULL),(42,NULL,'Pr. Lucas Moura','21949758827','treinamento.manaus@comunidade.com.br','Alameda Dom Pedro II','6677',NULL,'Centro','Manaus','AM','92995722','https://www.treinamento-manaus.org.br',NULL,'100,00','100,00',NULL,170,258,57,56,51,247,0,273,117,54,NULL,2,'2026-02-11 04:40:30','2026-02-11 04:40:30',3,24,15,30,NULL,NULL,NULL),(43,NULL,'Pr. Juliana Rocha','71947012395','treinamento.recife@comunidade.com.br','Avenida Dom Pedro II','7599','Fundos','Bela Vista','Recife','PE','82775567','https://www.treinamento-recife.org.br',NULL,'200,00','150,00',NULL,114,79,55,37,5,132,158,150,249,199,NULL,1,'2026-02-11 04:40:30','2026-02-11 04:40:30',3,11,16,30,NULL,NULL,NULL),(44,NULL,'Pr. Paulo Gomes','91917811830','treinamento.fortaleza@igreja.org.br','Travessa Brasil','2318',NULL,'Santa Clara','Fortaleza','CE','23556058','https://www.treinamento-fortaleza.org.br',NULL,'150,00','200,00','5,00',244,18,43,14,51,234,227,25,346,88,NULL,0,'2026-02-11 04:40:30','2026-02-11 04:40:30',3,79,16,30,NULL,NULL,NULL),(45,NULL,'Pr. Carolina Ramos','85946936098','treinamento.salvador@ministerio.com.br','Avenida Sete de Setembro','7469',NULL,'Boa Vista','Salvador','BA','82503994','https://www.treinamento-salvador.org.br',NULL,'100,00','0,00',NULL,42,58,65,48,50,197,166,132,189,57,'Optio qui dolor omnis est id sapiente sint velit ipsa fugiat nobis porro expedita debitis.',0,'2026-02-11 04:40:30','2026-02-11 04:40:30',3,20,21,30,NULL,NULL,NULL),(46,NULL,'Pr. Bruno Oliveira','31901195152','treinamento.salvador@ministerio.com.br','Avenida Santos Dumont','3310',NULL,'Centro','Salvador','BA','75292340','https://www.treinamento-salvador.org.br',NULL,'0,00','200,00',NULL,68,295,64,3,10,59,236,98,205,92,NULL,3,'2026-02-11 04:40:30','2026-02-11 04:40:30',3,6,11,30,NULL,NULL,NULL),(47,NULL,'Pr. Felipe Carvalho','51994929473','treinamento.salvador@ministerio.com.br','Rua Rio Branco','6913',NULL,'Vila Esperanca','Salvador','BA','19497603','https://www.treinamento-salvador.org.br',NULL,'100,00','150,00','10,00',249,236,100,8,10,83,143,69,122,177,NULL,0,'2026-02-11 04:40:30','2026-02-11 04:40:30',3,15,15,30,NULL,NULL,NULL),(48,NULL,'Pr. Carolina Almeida','81928246241','treinamento.manaus@ministerio.com.br','Avenida Independencia','7587',NULL,'Centro','Manaus','AM','72017533','https://www.treinamento-manaus.org.br',NULL,'100,00','200,00','20,00',282,179,16,15,55,125,90,140,31,180,NULL,1,'2026-02-11 04:40:30','2026-02-11 04:40:30',3,68,23,30,NULL,NULL,NULL),(49,NULL,'Pr. Tiago Rezende','61993388125','treinamento.recife@comunidade.com.br','Travessa dos Ipes','8226',NULL,'Vila Esperanca','Recife','PE','15819853','https://www.treinamento-recife.org.br',NULL,'150,00','200,00',NULL,171,190,105,1,11,215,217,61,193,120,NULL,0,'2026-02-11 04:40:30','2026-02-11 04:40:30',3,44,22,30,NULL,NULL,NULL),(50,NULL,'Pr. Isabela Carvalho','91992894697','treinamento.fortaleza@igreja.org.br','Avenida Getulio Vargas','9582',NULL,'Boa Vista','Fortaleza','CE','74741225','https://www.treinamento-fortaleza.org.br',NULL,'150,00','150,00',NULL,260,238,71,49,54,162,177,124,275,49,NULL,3,'2026-02-11 04:40:30','2026-02-11 04:40:30',3,95,2,30,NULL,NULL,NULL),(51,NULL,'Pr. Bruno Gomes','85916899914','treinamento.porto.alegre@comunidade.com.br','Travessa Sete de Setembro','5055','Fundos','Vila Esperanca','Porto Alegre','RS','76876352','https://www.treinamento-porto-alegre.org.br',NULL,'50,00','100,00','15,00',73,294,11,32,51,108,296,300,242,99,'Rem sunt voluptas eligendi pariatur sed dolorem commodi sed suscipit.',3,'2026-02-11 04:40:30','2026-02-11 04:40:30',3,27,14,30,NULL,NULL,NULL),(52,NULL,'Pr. Patricia Santana','61940317787','treinamento.porto.alegre@igreja.org.br','Rua das Flores','2232','Bloco B','Vila Nova','Porto Alegre','RS','11228524','https://www.treinamento-porto-alegre.org.br',NULL,'0,00','150,00',NULL,249,283,12,8,60,90,89,136,400,87,NULL,2,'2026-02-11 04:40:30','2026-02-11 04:40:30',3,16,2,30,NULL,NULL,NULL),(53,NULL,'Pr. Amanda Souza','11915053788','treinamento.manaus@igreja.org.br','Alameda dos Ipes','5471',NULL,'Jardim America','Manaus','AM','87310686','https://www.treinamento-manaus.org.br',NULL,'0,00','100,00','20,00',300,299,65,1,58,245,131,169,268,155,NULL,3,'2026-02-11 04:40:30','2026-02-11 04:40:30',3,23,21,30,NULL,NULL,NULL),(54,NULL,'Pr. Amanda Barbosa','91960374614','treinamento.belem@ministerio.com.br','Rua Sete de Setembro','4067',NULL,'Bela Vista','Belem','PA','18305866','https://www.treinamento-belem.org.br',NULL,'150,00','200,00',NULL,177,118,59,8,13,194,82,179,139,170,NULL,0,'2026-02-11 04:40:30','2026-02-11 04:40:30',3,61,17,30,NULL,NULL,NULL),(55,NULL,'Pr. Amanda Ribeiro','31997016360','treinamento.recife@comunidade.com.br','Alameda Rio Branco','2875',NULL,'Jardim America','Recife','PE','71005032','https://www.treinamento-recife.org.br',NULL,'50,00','0,00','10,00',225,1,10,26,7,104,163,253,197,68,NULL,2,'2026-02-11 04:40:30','2026-02-11 04:40:30',3,31,17,30,NULL,NULL,NULL),(56,NULL,'Pr. Daniel Oliveira','61927426510','treinamento.belo.horizonte@igreja.org.br','Travessa Sete de Setembro','5718','Anexo A','Santa Clara','Belo Horizonte','MG','69125296','https://www.treinamento-belo-horizonte.org.br',NULL,'150,00','150,00','15,00',189,3,93,43,47,97,179,137,274,55,NULL,1,'2026-02-11 04:40:30','2026-02-11 04:40:30',3,80,22,30,NULL,NULL,NULL),(57,NULL,'Pr. Joao Dias','61939090796','treinamento.belem@igreja.org.br','Alameda Sete de Setembro','5366','Casa 2','Jardim America','Belem','PA','40825976','https://www.treinamento-belem.org.br',NULL,'150,00','50,00',NULL,26,61,107,23,47,28,79,56,162,96,NULL,0,'2026-02-11 04:40:30','2026-02-11 04:40:30',1,70,12,30,NULL,NULL,NULL),(58,NULL,'Pr. Paulo Oliveira','41963106139','treinamento.porto.alegre@comunidade.com.br','Alameda Rio Branco','3822',NULL,'Nova Esperanca','Porto Alegre','RS','06943998','https://www.treinamento-porto-alegre.org.br',NULL,'150,00','50,00','15,00',279,48,28,57,9,243,295,65,223,175,'Velit dolorum ut dolores quam possimus sint magni repudiandae.',3,'2026-02-11 04:40:30','2026-02-11 04:40:30',7,64,22,30,NULL,NULL,NULL),(59,NULL,'Pr. Vitor Ramos','61930967786','treinamento.rio.de.janeiro@comunidade.com.br','Travessa Dom Pedro II','1526','Bloco B','Vila Nova','Rio de Janeiro','RJ','01368521','https://www.treinamento-rio-de-janeiro.org.br',NULL,'150,00','50,00','5,00',68,30,15,43,16,227,169,190,302,200,NULL,2,'2026-02-11 04:40:30','2026-02-11 04:40:30',4,25,11,30,NULL,NULL,NULL),(60,NULL,'Pr. Larissa Moura','41994086448','treinamento.recife@comunidade.com.br','Avenida das Flores','7435',NULL,'Bela Vista','Recife','PE','83139404','https://www.treinamento-recife.org.br',NULL,'200,00','0,00','10,00',146,247,86,17,41,247,157,126,190,165,NULL,1,'2026-02-11 04:40:30','2026-02-11 04:40:30',2,18,23,30,NULL,NULL,NULL),(61,NULL,'Pr. Camila Dias','41924265059','treinamento.salvador@igreja.org.br','Avenida dos Ipes','5246','Casa 2','Nova Esperanca','Salvador','BA','45400101','https://www.treinamento-salvador.org.br',NULL,'100,00','0,00','10,00',145,215,57,30,43,239,295,121,210,113,'Id eveniet qui commodi natus aut dolorem non itaque non exercitationem mollitia exercitationem et error magnam.',0,'2026-02-11 04:40:30','2026-02-11 04:40:30',5,6,24,30,NULL,NULL,NULL),(62,NULL,'Pr. Larissa Pereira','51953102199','treinamento.belem@ministerio.com.br','Alameda Brasil','1336','Casa 2','Vila Nova','Belem','PA','47717754','https://www.treinamento-belem.org.br',NULL,'200,00','0,00',NULL,237,211,48,59,6,92,255,199,349,84,'Qui ut voluptatibus hic aliquid laudantium optio sapiente cum praesentium rerum labore repudiandae.',2,'2026-02-11 04:40:30','2026-02-11 04:40:30',2,97,1,30,NULL,NULL,NULL),(63,NULL,'Pr. Eduardo Ferreira','71983045146','treinamento.sao.paulo@ministerio.com.br','Avenida Getulio Vargas','5175',NULL,'Jardim das Oliveiras','Sao Paulo','SP','06747172','https://www.treinamento-sao-paulo.org.br',NULL,'150,00','50,00',NULL,180,124,30,47,28,172,35,78,346,68,'Ab odio et quae ut qui dolor distinctio eum ut maxime non dolor repudiandae.',0,'2026-02-11 04:40:30','2026-02-11 04:40:30',6,24,10,30,NULL,NULL,NULL),(64,NULL,'Pr. Carlos Martins','11983007056','treinamento.salvador@comunidade.com.br','Avenida Paulista','66',NULL,'Boa Vista','Salvador','BA','63678111','https://www.treinamento-salvador.org.br',NULL,'50,00','100,00',NULL,266,136,97,50,58,245,219,206,282,175,NULL,3,'2026-02-11 04:40:30','2026-02-11 04:40:30',3,96,24,30,NULL,NULL,NULL),(65,NULL,'Pr. Joao Ramos','61927610531','treinamento.recife@igreja.org.br','Rua Paulista','2062',NULL,'Santa Clara','Recife','PE','07343886','https://www.treinamento-recife.org.br',NULL,'0,00','0,00','10,00',269,51,40,1,9,88,227,56,102,64,NULL,2,'2026-02-11 04:40:30','2026-02-11 04:40:30',4,26,21,30,NULL,NULL,NULL),(66,NULL,'Pr. Tiago Barbosa','81930630576','treinamento.porto.alegre@comunidade.com.br','Alameda Independencia','1219',NULL,'Vila Nova','Porto Alegre','RS','40903792','https://www.treinamento-porto-alegre.org.br',NULL,'150,00','0,00',NULL,11,113,47,26,29,159,17,241,307,85,NULL,1,'2026-02-11 04:40:30','2026-02-11 04:40:30',2,46,24,30,NULL,NULL,NULL),(67,NULL,'Pr. Andre Santana','21915454387','treinamento.recife@igreja.org.br','Rua Independencia','3405',NULL,'Jardim America','Recife','PE','03571801','https://www.treinamento-recife.org.br',NULL,'100,00','0,00',NULL,51,180,106,41,27,177,68,120,232,69,NULL,3,'2026-02-11 04:40:30','2026-02-11 04:40:30',5,25,7,30,NULL,NULL,NULL),(68,NULL,'Pr. Gabriel Rocha','85985220072','treinamento.manaus@comunidade.com.br','Avenida Paulista','2901','Sala 101','Vila Nova','Manaus','AM','07744700','https://www.treinamento-manaus.org.br',NULL,'150,00','50,00','15,00',114,125,60,47,29,29,23,289,62,14,NULL,0,'2026-02-11 04:40:30','2026-02-11 04:40:30',7,62,8,30,NULL,NULL,NULL),(69,NULL,'Pr. Carolina Ramos','71939678408','treinamento.porto.alegre@igreja.org.br','Rua Sete de Setembro','5876','Sala 101','Vila Nova','Porto Alegre','RS','63224962','https://www.treinamento-porto-alegre.org.br',NULL,'100,00','200,00','20,00',193,47,70,52,51,240,237,118,203,51,NULL,0,'2026-02-11 04:40:30','2026-02-11 04:40:30',5,43,7,30,NULL,NULL,NULL),(70,NULL,'Pr. Larissa Martins','21958084183','treinamento.porto.alegre@comunidade.com.br','Alameda Paulista','254',NULL,'Vila Nova','Porto Alegre','RS','86207849','https://www.treinamento-porto-alegre.org.br',NULL,'50,00','0,00','5,00',270,273,15,39,35,242,99,153,387,168,NULL,3,'2026-02-11 04:40:30','2026-02-11 04:40:30',2,41,22,30,NULL,NULL,NULL),(71,NULL,'Pr. Joao Gomes','91943364576','treinamento.goiania@comunidade.com.br','Alameda Sete de Setembro','9622',NULL,'Bela Vista','Goiania','GO','48080499','https://www.treinamento-goiania.org.br',NULL,'0,00','100,00',NULL,68,203,17,32,31,118,224,113,237,35,NULL,0,'2026-02-11 04:40:30','2026-02-11 04:40:30',1,34,10,30,NULL,NULL,NULL),(72,NULL,'Pr. Amanda Dias','41924210196','treinamento.rio.de.janeiro@igreja.org.br','Rua Brasil','6242',NULL,'Nova Esperanca','Rio de Janeiro','RJ','66902597','https://www.treinamento-rio-de-janeiro.org.br',NULL,'200,00','150,00',NULL,163,91,46,43,54,125,22,212,354,199,NULL,0,'2026-02-11 04:40:30','2026-02-11 04:40:30',3,82,5,30,NULL,NULL,NULL),(73,NULL,'Pr. Eduardo Oliveira','81906432643','treinamento.rio.de.janeiro@comunidade.com.br','Rua dos Ipes','9252',NULL,'Vila Esperanca','Rio de Janeiro','RJ','91459485','https://www.treinamento-rio-de-janeiro.org.br',NULL,'50,00','100,00',NULL,73,254,26,24,34,155,98,107,320,124,NULL,0,'2026-02-11 04:40:30','2026-02-11 04:40:30',5,63,8,30,NULL,NULL,NULL),(74,NULL,'Pr. Felipe Ferreira','81986227819','treinamento.rio.de.janeiro@ministerio.com.br','Rua Santos Dumont','2551',NULL,'Jardim das Oliveiras','Rio de Janeiro','RJ','83878403','https://www.treinamento-rio-de-janeiro.org.br',NULL,'0,00','100,00','15,00',199,263,46,52,7,71,122,94,348,62,NULL,2,'2026-02-11 04:40:30','2026-02-11 04:40:30',7,97,13,30,NULL,NULL,NULL),(75,NULL,'Pr. Camila Carvalho','81952789584','treinamento.rio.de.janeiro@igreja.org.br','Avenida Independencia','5791','Bloco B','Nova Esperanca','Rio de Janeiro','RJ','65538338','https://www.treinamento-rio-de-janeiro.org.br',NULL,'0,00','100,00',NULL,13,67,67,21,15,127,239,140,285,164,NULL,0,'2026-02-11 04:40:30','2026-02-11 04:40:30',4,51,12,30,NULL,NULL,NULL),(76,NULL,'Pr. Eduardo Cardoso','91927329285','treinamento.recife@ministerio.com.br','Travessa Rio Branco','9504',NULL,'Boa Vista','Recife','PE','94359462','https://www.treinamento-recife.org.br',NULL,'200,00','200,00',NULL,240,230,83,57,20,213,134,270,356,102,NULL,0,'2026-02-11 04:40:30','2026-02-11 04:40:30',5,8,14,30,NULL,NULL,NULL),(77,NULL,'Pr. Henrique Gomes','85908240006','treinamento.salvador@ministerio.com.br','Alameda das Flores','6305',NULL,'Vila Nova','Salvador','BA','42714453','https://www.treinamento-salvador.org.br',NULL,'100,00','50,00','15,00',101,221,69,15,12,228,86,89,296,12,'Sit tenetur omnis nihil pariatur non ipsa animi ea doloremque minima commodi perspiciatis.',2,'2026-02-11 04:40:30','2026-02-11 04:40:30',6,99,6,30,NULL,NULL,NULL),(78,NULL,'Pr. Felipe Dias','51900147747','treinamento.belo.horizonte@igreja.org.br','Avenida Independencia','1106',NULL,'Jardim das Oliveiras','Belo Horizonte','MG','59727460','https://www.treinamento-belo-horizonte.org.br',NULL,'200,00','0,00',NULL,277,235,108,16,21,128,145,142,249,145,NULL,2,'2026-02-11 04:40:30','2026-02-11 04:40:30',2,54,19,30,NULL,NULL,NULL),(79,NULL,'Pr. Isabela Almeida','91949910342','treinamento.recife@comunidade.com.br','Travessa dos Ipes','2542',NULL,'Jardim das Oliveiras','Recife','PE','78923754','https://www.treinamento-recife.org.br',NULL,'100,00','100,00',NULL,263,287,64,21,50,195,126,241,2,15,NULL,0,'2026-02-11 04:40:30','2026-02-11 04:40:30',1,103,17,30,NULL,NULL,NULL),(80,NULL,'Pr. Eduardo Souza','85908837433','treinamento.manaus@igreja.org.br','Travessa Brasil','1030',NULL,'Boa Vista','Manaus','AM','31537215','https://www.treinamento-manaus.org.br',NULL,'150,00','0,00',NULL,56,209,107,26,22,129,205,289,28,112,NULL,1,'2026-02-11 04:40:30','2026-02-11 04:40:30',2,25,16,30,NULL,NULL,NULL),(81,NULL,'Pr. Henrique Oliveira','31971043210','treinamento.sao.paulo@ministerio.com.br','Rua Rio Branco','9992',NULL,'Santa Clara','Sao Paulo','SP','57311401','https://www.treinamento-sao-paulo.org.br',NULL,'50,00','100,00','15,00',55,300,63,49,51,12,0,264,254,127,NULL,3,'2026-02-11 04:40:30','2026-02-11 04:40:30',3,105,12,30,NULL,NULL,NULL),(82,NULL,'Pr. Mariana Pereira','71910613990','treinamento.fortaleza@igreja.org.br','Avenida dos Ipes','3997',NULL,'Santa Clara','Fortaleza','CE','83081581','https://www.treinamento-fortaleza.org.br',NULL,'200,00','0,00','20,00',139,39,29,15,10,143,150,207,40,35,NULL,0,'2026-02-11 04:40:30','2026-02-11 04:40:30',8,49,6,30,NULL,NULL,NULL),(83,NULL,'Pr. Carlos Costa','21921616302','treinamento.salvador@ministerio.com.br','Avenida Dom Pedro II','3186','Casa 2','Jardim das Oliveiras','Salvador','BA','87512529','https://www.treinamento-salvador.org.br',NULL,'50,00','100,00','5,00',119,213,64,31,8,79,293,275,87,23,'Corporis beatae voluptates harum omnis alias autem blanditiis nostrum minima officia eos sapiente enim non.',0,'2026-02-11 04:40:30','2026-02-11 04:40:30',1,69,9,30,NULL,NULL,NULL),(84,NULL,'Pr. Mariana Ramos','51976192592','treinamento.rio.de.janeiro@ministerio.com.br','Avenida Getulio Vargas','8752',NULL,'Jardim das Oliveiras','Rio de Janeiro','RJ','17569149','https://www.treinamento-rio-de-janeiro.org.br',NULL,'50,00','150,00',NULL,63,150,72,17,49,61,176,255,98,6,NULL,2,'2026-02-11 04:40:30','2026-02-11 04:40:30',6,48,9,30,NULL,NULL,NULL),(85,NULL,'Pr. Felipe Moura','71965857990','treinamento.fortaleza@comunidade.com.br','Avenida Santos Dumont','4326','Fundos','Jardim America','Fortaleza','CE','22445931','https://www.treinamento-fortaleza.org.br',NULL,'100,00','200,00',NULL,296,98,106,45,35,106,275,148,60,125,NULL,0,'2026-02-11 04:40:30','2026-02-11 04:40:30',6,87,16,30,NULL,NULL,NULL),(86,NULL,'Pr. Joao Ribeiro','51994077118','treinamento.recife@igreja.org.br','Avenida Rio Branco','969','Bloco B','Jardim America','Recife','PE','54437418','https://www.treinamento-recife.org.br',NULL,'50,00','50,00',NULL,256,148,21,38,1,76,228,189,204,128,NULL,2,'2026-02-11 04:40:30','2026-02-11 04:40:30',6,34,24,30,NULL,NULL,NULL),(87,NULL,'Pr. Beatriz Oliveira','85946777682','treinamento.manaus@ministerio.com.br','Rua Independencia','7706',NULL,'Centro','Manaus','AM','45159778','https://www.treinamento-manaus.org.br',NULL,'0,00','0,00',NULL,45,142,11,4,35,45,122,244,400,194,NULL,0,'2026-02-11 04:40:31','2026-02-11 04:40:31',1,5,13,30,NULL,NULL,NULL),(88,NULL,'Pr. Mariana Almeida','31903296981','treinamento.curitiba@ministerio.com.br','Alameda Independencia','2734',NULL,'Jardim das Oliveiras','Curitiba','PR','14926954','https://www.treinamento-curitiba.org.br',NULL,'100,00','0,00',NULL,97,254,26,21,31,230,128,258,167,118,NULL,2,'2026-02-11 04:40:31','2026-02-11 04:40:31',2,96,4,30,NULL,NULL,NULL),(89,NULL,'Pr. Lucas Carvalho','51992752502','treinamento.fortaleza@comunidade.com.br','Rua Getulio Vargas','5998','Sala 101','Vila Esperanca','Fortaleza','CE','00731226','https://www.treinamento-fortaleza.org.br',NULL,'200,00','100,00',NULL,128,77,61,31,23,135,3,213,140,66,NULL,2,'2026-02-11 04:40:31','2026-02-11 04:40:31',5,101,18,30,NULL,NULL,NULL),(90,NULL,'Pr. Fernanda Silva','71983380485','treinamento.rio.de.janeiro@comunidade.com.br','Rua Dom Pedro II','3692','Casa 2','Nova Esperanca','Rio de Janeiro','RJ','06278956','https://www.treinamento-rio-de-janeiro.org.br',NULL,'200,00','200,00',NULL,7,260,15,60,27,175,231,209,191,159,NULL,0,'2026-02-11 04:40:31','2026-02-11 04:40:31',8,68,1,30,NULL,NULL,NULL),(91,NULL,'Pr. Amanda Cardoso','21915096166','treinamento.belo.horizonte@ministerio.com.br','Avenida Paulista','7006',NULL,'Centro','Belo Horizonte','MG','02360375','https://www.treinamento-belo-horizonte.org.br',NULL,'150,00','150,00','20,00',56,281,84,5,41,169,34,111,252,1,NULL,3,'2026-02-11 04:40:31','2026-02-11 04:40:31',1,67,23,30,NULL,NULL,NULL),(92,NULL,'Pr. Eduardo Almeida','71953070637','treinamento.porto.alegre@ministerio.com.br','Rua Dom Pedro II','7149','Sala 101','Vila Nova','Porto Alegre','RS','02595468','https://www.treinamento-porto-alegre.org.br',NULL,'100,00','200,00',NULL,17,109,67,2,30,1,265,156,347,40,NULL,0,'2026-02-11 04:40:31','2026-02-11 04:40:31',5,46,25,30,NULL,NULL,NULL),(93,NULL,'Pr. Carolina Barbosa','71926737267','treinamento.fortaleza@igreja.org.br','Rua Brasil','6911',NULL,'Vila Esperanca','Fortaleza','CE','01793438','https://www.treinamento-fortaleza.org.br',NULL,'200,00','150,00',NULL,70,23,2,37,32,184,244,36,85,176,NULL,0,'2026-02-11 04:40:31','2026-02-11 04:40:31',6,43,17,30,NULL,NULL,NULL),(94,NULL,'Pr. Renata Moura','11919238622','treinamento.belo.horizonte@igreja.org.br','Alameda Dom Pedro II','4301',NULL,'Jardim das Oliveiras','Belo Horizonte','MG','34118187','https://www.treinamento-belo-horizonte.org.br',NULL,'150,00','200,00','15,00',127,262,1,54,58,247,256,297,48,68,'Quasi ut enim quos fugit ut neque vero eum nisi assumenda vel in.',2,'2026-02-11 04:40:31','2026-02-11 04:40:31',6,79,15,30,NULL,NULL,NULL),(95,NULL,'Pr. Felipe Carvalho','61987336383','treinamento.curitiba@igreja.org.br','Alameda Dom Pedro II','2016','Casa 2','Jardim America','Curitiba','PR','67154182','https://www.treinamento-curitiba.org.br',NULL,'100,00','50,00','10,00',12,74,108,6,7,212,10,31,345,23,'Nisi quia ut asperiores in itaque error adipisci.',1,'2026-02-11 04:40:31','2026-02-11 04:40:31',8,75,25,30,NULL,NULL,NULL),(96,NULL,'Pr. Marcos Pereira','11952352940','treinamento.manaus@ministerio.com.br','Avenida Getulio Vargas','1870',NULL,'Vila Nova','Manaus','AM','42572948','https://www.treinamento-manaus.org.br',NULL,'100,00','0,00',NULL,73,296,70,59,43,139,97,204,121,117,NULL,0,'2026-02-11 04:40:31','2026-02-11 04:40:31',5,17,3,30,NULL,NULL,NULL),(97,NULL,'Pr. Paulo Carvalho','41976854908','treinamento.recife@igreja.org.br','Rua Santos Dumont','4226',NULL,'Nova Esperanca','Recife','PE','47155209','https://www.treinamento-recife.org.br',NULL,'100,00','50,00','10,00',280,206,32,24,26,16,228,157,400,189,'Explicabo accusantium voluptatem iusto sit occaecati asperiores nihil.',3,'2026-02-11 04:40:31','2026-02-11 04:40:31',3,75,4,30,NULL,NULL,NULL),(98,NULL,'Pr. Juliana Ferreira','21951018814','treinamento.belo.horizonte@ministerio.com.br','Avenida Getulio Vargas','5928',NULL,'Bela Vista','Belo Horizonte','MG','80513511','https://www.treinamento-belo-horizonte.org.br',NULL,'50,00','50,00',NULL,145,36,57,37,43,240,245,72,155,11,NULL,1,'2026-02-11 04:40:31','2026-02-11 04:40:31',2,57,13,30,NULL,NULL,NULL),(99,NULL,'Pr. Larissa Ramos','61919369756','treinamento.goiania@comunidade.com.br','Alameda das Flores','3801',NULL,'Bela Vista','Goiania','GO','64212126','https://www.treinamento-goiania.org.br',NULL,'0,00','100,00','5,00',67,128,47,26,41,229,230,107,363,5,NULL,3,'2026-02-11 04:40:31','2026-02-11 04:40:31',7,86,14,30,NULL,NULL,NULL),(100,NULL,'Pr. Isabela Pereira','61987652388','treinamento.belo.horizonte@igreja.org.br','Travessa Dom Pedro II','1441','Bloco B','Vila Nova','Belo Horizonte','MG','17139346','https://www.treinamento-belo-horizonte.org.br',NULL,'200,00','200,00',NULL,17,186,104,49,43,6,94,125,264,197,NULL,2,'2026-02-11 04:40:31','2026-02-11 04:40:31',4,84,11,30,NULL,NULL,NULL),(101,NULL,'Pr. Eduardo Costa','41955998876','treinamento.fortaleza@ministerio.com.br','Alameda das Flores','6494',NULL,'Vila Esperanca','Fortaleza','CE','87954824','https://www.treinamento-fortaleza.org.br',NULL,'50,00','200,00',NULL,103,166,25,56,28,178,179,130,94,26,NULL,3,'2026-02-11 04:40:31','2026-02-11 04:40:31',1,83,8,30,NULL,NULL,NULL),(102,NULL,'Pr. Larissa Rocha','81952460830','treinamento.rio.de.janeiro@igreja.org.br','Alameda das Flores','9965',NULL,'Bela Vista','Rio de Janeiro','RJ','44464314','https://www.treinamento-rio-de-janeiro.org.br',NULL,'50,00','50,00','15,00',154,209,8,55,9,61,147,221,66,177,'Debitis quibusdam natus pariatur ut sed deserunt aut repellat asperiores.',0,'2026-02-11 04:40:31','2026-02-11 04:40:31',8,103,7,30,NULL,NULL,NULL),(103,NULL,'Pr. Tiago Costa','71968572735','treinamento.goiania@comunidade.com.br','Rua Dom Pedro II','2140',NULL,'Vila Nova','Goiania','GO','49265639','https://www.treinamento-goiania.org.br',NULL,'200,00','0,00','15,00',172,135,104,9,1,32,52,168,277,160,NULL,3,'2026-02-11 04:40:31','2026-02-11 04:40:31',8,88,11,30,NULL,NULL,NULL),(104,NULL,'Pr. Beatriz Lima','91969054784','treinamento.salvador@ministerio.com.br','Travessa Paulista','7145',NULL,'Parque das Nacoes','Salvador','BA','89100867','https://www.treinamento-salvador.org.br',NULL,'150,00','100,00',NULL,265,283,96,23,47,220,165,141,255,36,NULL,1,'2026-02-11 04:40:31','2026-02-11 04:40:31',6,103,12,30,NULL,NULL,NULL),(105,NULL,'Pr. Gabriel Lima','61926374058','treinamento.porto.alegre@comunidade.com.br','Alameda Dom Pedro II','1722',NULL,'Centro','Porto Alegre','RS','89638532','https://www.treinamento-porto-alegre.org.br',NULL,'200,00','0,00','15,00',145,158,70,7,28,224,243,147,45,117,'Dolor nesciunt pariatur beatae velit iure error cum harum illo tempore eum nulla doloribus asperiores facere.',2,'2026-02-11 04:40:31','2026-02-11 04:40:31',3,59,3,30,NULL,NULL,NULL),(106,NULL,'Pr. Larissa Carvalho','51900015209','treinamento.porto.alegre@ministerio.com.br','Travessa Santos Dumont','2623',NULL,'Vila Esperanca','Porto Alegre','RS','69544731','https://www.treinamento-porto-alegre.org.br',NULL,'50,00','150,00',NULL,270,36,37,17,23,53,38,34,142,175,NULL,0,'2026-02-11 04:40:31','2026-02-11 04:40:31',2,57,22,30,NULL,NULL,NULL),(107,NULL,'Pr. Camila Ramos','81946409386','treinamento.salvador@comunidade.com.br','Avenida Rio Branco','8358','Casa 2','Santa Clara','Salvador','BA','43415613','https://www.treinamento-salvador.org.br',NULL,'100,00','0,00','20,00',18,49,86,10,7,70,157,136,316,165,NULL,1,'2026-02-11 04:40:31','2026-02-11 04:40:31',7,65,16,30,NULL,NULL,NULL),(108,NULL,'Pr. Camila Lima','21938415386','treinamento.salvador@ministerio.com.br','Alameda Paulista','8834',NULL,'Boa Vista','Salvador','BA','01133802','https://www.treinamento-salvador.org.br',NULL,'150,00','100,00',NULL,145,112,2,41,42,79,30,265,230,135,NULL,1,'2026-02-11 04:40:31','2026-02-11 04:40:31',4,73,3,30,NULL,NULL,NULL),(109,NULL,'Pr. Larissa Santana','51939138239','treinamento.sao.paulo@ministerio.com.br','Avenida Getulio Vargas','2714','Casa 2','Vila Esperanca','Sao Paulo','SP','95567384','https://www.treinamento-sao-paulo.org.br',NULL,'100,00','150,00','15,00',180,214,84,37,28,247,188,236,123,46,NULL,2,'2026-02-11 04:40:31','2026-02-11 04:40:31',5,4,25,30,NULL,NULL,NULL),(110,NULL,'Pr. Vitor Almeida','21971607275','treinamento.curitiba@comunidade.com.br','Avenida Independencia','9885',NULL,'Vila Esperanca','Curitiba','PR','21213030','https://www.treinamento-curitiba.org.br',NULL,'200,00','50,00',NULL,293,235,97,34,21,201,253,165,250,119,NULL,2,'2026-02-11 04:40:31','2026-02-11 04:40:31',7,6,23,30,NULL,NULL,NULL),(111,NULL,'Pr. Amanda Costa','31902135178','treinamento.belem@comunidade.com.br','Alameda Getulio Vargas','9133',NULL,'Parque das Nacoes','Belem','PA','72608686','https://www.treinamento-belem.org.br',NULL,'50,00','150,00','15,00',224,270,112,27,6,205,22,106,314,1,NULL,2,'2026-02-11 04:40:31','2026-02-11 04:40:31',8,34,25,30,NULL,NULL,NULL),(112,NULL,'Pr. Lucas Ramos','21920102792','treinamento.salvador@igreja.org.br','Travessa Paulista','2683',NULL,'Jardim America','Salvador','BA','39859719','https://www.treinamento-salvador.org.br',NULL,'150,00','0,00',NULL,81,282,75,27,19,171,251,295,358,41,NULL,2,'2026-02-11 04:40:31','2026-02-11 04:40:31',5,67,22,30,NULL,NULL,NULL),(113,NULL,'Pr. Lucas Silva','11999394593','treinamento.curitiba@ministerio.com.br','Avenida Getulio Vargas','7988',NULL,'Jardim das Oliveiras','Curitiba','PR','23332571','https://www.treinamento-curitiba.org.br',NULL,'100,00','200,00',NULL,80,128,117,4,57,235,207,144,212,38,NULL,1,'2026-02-11 04:40:31','2026-02-11 04:40:31',5,30,12,30,NULL,NULL,NULL),(114,NULL,'Pr. Renata Pereira','71972284251','treinamento.belem@igreja.org.br','Avenida das Flores','1042',NULL,'Boa Vista','Belem','PA','38431505','https://www.treinamento-belem.org.br',NULL,'200,00','0,00','5,00',238,31,38,56,48,214,28,241,114,186,NULL,2,'2026-02-11 04:40:31','2026-02-11 04:40:31',8,60,15,30,NULL,NULL,NULL),(115,NULL,'Pr. Paulo Ribeiro','21976438605','treinamento.rio.de.janeiro@igreja.org.br','Alameda Santos Dumont','2185',NULL,'Vila Esperanca','Rio de Janeiro','RJ','49410888','https://www.treinamento-rio-de-janeiro.org.br',NULL,'0,00','0,00',NULL,171,239,34,5,34,192,47,117,194,88,NULL,3,'2026-02-11 04:40:31','2026-02-11 04:40:31',5,80,8,30,NULL,NULL,NULL),(116,NULL,'Pr. Daniel Almeida','85953775451','treinamento.rio.de.janeiro@ministerio.com.br','Rua Dom Pedro II','1981',NULL,'Parque das Nacoes','Rio de Janeiro','RJ','04649934','https://www.treinamento-rio-de-janeiro.org.br',NULL,'200,00','50,00',NULL,155,60,73,41,17,249,136,117,89,60,'Provident voluptate et eveniet autem sed consequatur voluptates fugiat commodi sit non eum.',2,'2026-02-11 04:40:31','2026-02-11 04:40:31',5,42,1,30,NULL,NULL,NULL),(117,NULL,'Pr. Henrique Souza','71978537071','treinamento.fortaleza@ministerio.com.br','Alameda Brasil','9780',NULL,'Nova Esperanca','Fortaleza','CE','83036821','https://www.treinamento-fortaleza.org.br',NULL,'200,00','100,00',NULL,90,57,59,40,50,187,177,101,236,51,NULL,3,'2026-02-11 04:40:31','2026-02-11 04:40:31',6,75,5,30,NULL,NULL,NULL),(118,NULL,'Pr. Andre Ferreira','41945537875','treinamento.curitiba@igreja.org.br','Rua Sete de Setembro','7482',NULL,'Vila Esperanca','Curitiba','PR','86325647','https://www.treinamento-curitiba.org.br',NULL,'100,00','150,00','20,00',138,288,33,46,34,180,148,174,144,32,'Temporibus ut accusamus consectetur quae et consectetur praesentium sint libero possimus.',0,'2026-02-11 04:40:31','2026-02-11 04:40:31',8,99,5,30,NULL,NULL,NULL),(119,NULL,'Pr. Isabela Oliveira','71910944567','treinamento.sao.paulo@igreja.org.br','Avenida dos Ipes','3065',NULL,'Vila Nova','Sao Paulo','SP','56351470','https://www.treinamento-sao-paulo.org.br',NULL,'150,00','50,00','20,00',270,8,74,60,4,179,206,69,149,91,NULL,1,'2026-02-11 04:40:31','2026-02-11 04:40:31',6,4,5,30,NULL,NULL,NULL),(120,NULL,'Pr. Felipe Lima','61930360993','treinamento.recife@ministerio.com.br','Alameda Independencia','552','Bloco B','Parque das Nacoes','Recife','PE','72057491','https://www.treinamento-recife.org.br',NULL,'150,00','0,00',NULL,213,239,31,52,12,47,242,162,15,101,NULL,3,'2026-02-11 04:40:31','2026-02-11 04:40:31',3,2,7,30,NULL,NULL,NULL),(121,NULL,'Pr. Larissa Carvalho','21998937694','treinamento.fortaleza@ministerio.com.br','Travessa dos Ipes','2412',NULL,'Vila Esperanca','Fortaleza','CE','12710087','https://www.treinamento-fortaleza.org.br',NULL,'50,00','150,00',NULL,71,240,8,50,44,153,213,121,321,120,NULL,0,'2026-02-11 04:40:31','2026-02-11 04:40:31',7,63,8,30,NULL,NULL,NULL),(122,NULL,'Pr. Carolina Martins','81931843741','treinamento.goiania@igreja.org.br','Alameda Dom Pedro II','1003',NULL,'Bela Vista','Goiania','GO','16976091','https://www.treinamento-goiania.org.br',NULL,'100,00','50,00','20,00',273,266,36,31,9,33,264,116,121,147,NULL,2,'2026-02-11 04:40:31','2026-02-11 04:40:31',3,56,14,30,NULL,NULL,NULL),(123,NULL,'Pr. Rafael Gomes','21983012600','treinamento.fortaleza@igreja.org.br','Travessa Santos Dumont','1480','Fundos','Santa Clara','Fortaleza','CE','92925489','https://www.treinamento-fortaleza.org.br',NULL,'0,00','100,00',NULL,168,284,98,46,13,123,96,23,91,10,NULL,1,'2026-02-11 04:40:31','2026-02-11 04:40:31',5,15,3,30,NULL,NULL,NULL),(124,NULL,'Pr. Larissa Silva','21963860869','treinamento.sao.paulo@comunidade.com.br','Travessa Dom Pedro II','8367','Casa 2','Nova Esperanca','Sao Paulo','SP','45242204','https://www.treinamento-sao-paulo.org.br',NULL,'50,00','200,00','15,00',85,164,93,3,51,35,209,203,391,187,NULL,1,'2026-02-11 04:40:31','2026-02-11 04:40:31',7,50,6,30,NULL,NULL,NULL),(125,NULL,'Pr. Patricia Almeida','61901432722','treinamento.brasilia@comunidade.com.br','Rua Rio Branco','2461',NULL,'Jardim das Oliveiras','Brasilia','DF','89397554','https://www.treinamento-brasilia.org.br',NULL,'100,00','100,00','15,00',231,10,2,58,29,202,129,299,295,79,'Tempora impedit molestiae officiis fugit aperiam voluptatem nihil.',3,'2026-02-11 04:40:31','2026-02-11 04:40:31',3,88,15,30,NULL,NULL,NULL),(126,NULL,'Pr. Amanda Silva','11993846947','treinamento.porto.alegre@igreja.org.br','Travessa Brasil','6822',NULL,'Jardim America','Porto Alegre','RS','96174393','https://www.treinamento-porto-alegre.org.br',NULL,'200,00','50,00','10,00',68,38,15,13,11,2,104,276,392,197,NULL,0,'2026-02-11 04:40:31','2026-02-11 04:40:31',8,17,14,30,NULL,NULL,NULL),(127,NULL,'Pr. Daniel Gomes','21969453587','treinamento.rio.de.janeiro@comunidade.com.br','Travessa Brasil','6043','Fundos','Parque das Nacoes','Rio de Janeiro','RJ','49164452','https://www.treinamento-rio-de-janeiro.org.br',NULL,'0,00','100,00','20,00',213,223,73,10,42,144,100,183,119,53,NULL,1,'2026-02-11 04:40:31','2026-02-11 04:40:31',1,96,7,30,NULL,NULL,NULL),(128,NULL,'Pr. Andre Barbosa','91903957501','treinamento.manaus@comunidade.com.br','Travessa Sete de Setembro','4417',NULL,'Santa Clara','Manaus','AM','22525283','https://www.treinamento-manaus.org.br',NULL,'0,00','150,00',NULL,172,182,107,22,27,240,36,128,135,162,NULL,3,'2026-02-11 04:40:31','2026-02-11 04:40:31',3,82,17,30,NULL,NULL,NULL),(129,NULL,'Pr. Fernanda Oliveira','21935153765','treinamento.brasilia@igreja.org.br','Avenida Getulio Vargas','7909','Casa 2','Parque das Nacoes','Brasilia','DF','99629781','https://www.treinamento-brasilia.org.br',NULL,'0,00','150,00','20,00',31,167,13,9,47,241,271,241,124,146,'Quibusdam vel unde provident vel sint officiis vel nostrum perspiciatis libero omnis sit earum voluptate.',1,'2026-02-11 04:40:31','2026-02-11 04:40:31',6,29,26,30,NULL,NULL,NULL),(130,NULL,'Pr. Carlos Santana','21965827506','treinamento.fortaleza@comunidade.com.br','Avenida Sete de Setembro','8167',NULL,'Centro','Fortaleza','CE','69969599','https://www.treinamento-fortaleza.org.br',NULL,'50,00','0,00','10,00',162,133,37,44,0,207,10,126,116,76,NULL,1,'2026-02-11 04:40:31','2026-02-11 04:40:31',1,100,14,30,NULL,NULL,NULL),(131,NULL,'Pr. Larissa Ferreira','91983606115','treinamento.goiania@igreja.org.br','Avenida dos Ipes','9408',NULL,'Parque das Nacoes','Goiania','GO','06007538','https://www.treinamento-goiania.org.br',NULL,'0,00','100,00','10,00',294,41,82,14,44,91,155,172,40,83,NULL,1,'2026-02-11 04:40:31','2026-02-11 04:40:31',3,79,15,30,NULL,NULL,NULL),(132,NULL,'Pr. Rafael Barbosa','51976665623','treinamento.fortaleza@igreja.org.br','Avenida Sete de Setembro','6550','Casa 2','Vila Esperanca','Fortaleza','CE','60589254','https://www.treinamento-fortaleza.org.br',NULL,'50,00','200,00',NULL,182,13,114,16,1,113,70,284,348,14,NULL,3,'2026-02-11 04:40:31','2026-02-11 04:40:31',2,16,23,30,NULL,NULL,NULL),(133,NULL,'Pr. Andre Cardoso','81929691218','treinamento.belo.horizonte@comunidade.com.br','Alameda Paulista','5903',NULL,'Vila Nova','Belo Horizonte','MG','21066118','https://www.treinamento-belo-horizonte.org.br',NULL,'0,00','0,00','15,00',224,28,105,44,51,91,112,80,330,152,NULL,0,'2026-02-11 04:40:31','2026-02-11 04:40:31',6,29,26,30,NULL,NULL,NULL),(134,NULL,'Pr. Renata Silva','31921457400','treinamento.porto.alegre@igreja.org.br','Travessa Paulista','7966',NULL,'Jardim America','Porto Alegre','RS','97206974','https://www.treinamento-porto-alegre.org.br',NULL,'150,00','50,00',NULL,0,207,108,0,53,235,300,159,183,183,'Voluptatem enim voluptatem nihil impedit sit sint sed alias blanditiis aut qui omnis consequatur.',0,'2026-02-11 04:40:31','2026-02-11 04:40:31',6,38,20,30,NULL,NULL,NULL),(135,NULL,'Pr. Isabela Gomes','61932133111','treinamento.sao.paulo@comunidade.com.br','Rua Getulio Vargas','8117',NULL,'Nova Esperanca','Sao Paulo','SP','53388588','https://www.treinamento-sao-paulo.org.br',NULL,'100,00','150,00',NULL,267,234,55,11,12,50,298,277,36,186,'Fugiat a quis quod hic saepe iusto aspernatur.',0,'2026-02-11 04:40:31','2026-02-11 04:40:31',7,22,10,30,NULL,NULL,NULL),(136,NULL,'Pr. Fernanda Carvalho','85911416098','treinamento.goiania@comunidade.com.br','Alameda Sete de Setembro','2005',NULL,'Parque das Nacoes','Goiania','GO','20940771','https://www.treinamento-goiania.org.br',NULL,'100,00','0,00',NULL,113,127,5,60,23,238,106,205,91,117,'Adipisci assumenda dolor porro eaque eveniet consequatur cupiditate commodi.',2,'2026-02-11 04:40:31','2026-02-11 04:40:31',1,10,14,30,NULL,NULL,NULL),(137,NULL,'Pr. Felipe Silva','51953370281','treinamento.curitiba@comunidade.com.br','Travessa Getulio Vargas','80',NULL,'Bela Vista','Curitiba','PR','74366107','https://www.treinamento-curitiba.org.br',NULL,'0,00','50,00','10,00',284,89,24,5,43,195,183,160,391,155,NULL,3,'2026-02-11 04:40:31','2026-02-11 04:40:31',6,14,4,30,NULL,NULL,NULL),(138,NULL,'Pr. Gabriel Oliveira','21941312928','treinamento.recife@igreja.org.br','Avenida Brasil','7580',NULL,'Boa Vista','Recife','PE','30140922','https://www.treinamento-recife.org.br',NULL,'200,00','200,00',NULL,98,26,53,11,60,127,82,281,334,147,NULL,0,'2026-02-11 04:40:31','2026-02-11 04:40:31',5,44,8,30,NULL,NULL,NULL),(139,NULL,'Pr. Beatriz Rezende','31903939961','treinamento.belem@igreja.org.br','Travessa dos Ipes','3383','Fundos','Centro','Belem','PA','18144867','https://www.treinamento-belem.org.br',NULL,'200,00','200,00',NULL,238,233,51,60,55,64,144,108,177,171,NULL,1,'2026-02-11 04:40:31','2026-02-11 04:40:31',5,25,9,30,NULL,NULL,NULL),(140,NULL,'Pr. Amanda Rezende','11969692790','treinamento.brasilia@igreja.org.br','Avenida Brasil','6347',NULL,'Jardim America','Brasilia','DF','86416272','https://www.treinamento-brasilia.org.br',NULL,'150,00','0,00',NULL,110,188,23,42,22,58,73,143,296,76,'Vel recusandae iure accusantium eum minus et qui consequuntur enim.',3,'2026-02-11 04:40:31','2026-02-11 04:40:31',3,15,17,30,NULL,NULL,NULL),(141,NULL,'Pr. Renata Barbosa','91916745426','treinamento.goiania@ministerio.com.br','Avenida Brasil','7254','Casa 2','Vila Nova','Goiania','GO','52224586','https://www.treinamento-goiania.org.br',NULL,'50,00','50,00','5,00',128,7,76,21,48,108,102,123,345,64,NULL,2,'2026-02-11 04:40:31','2026-02-11 04:40:31',7,68,19,30,NULL,NULL,NULL),(142,NULL,'Pr. Renata Gomes','91920007310','treinamento.rio.de.janeiro@comunidade.com.br','Rua Dom Pedro II','8256',NULL,'Vila Nova','Rio de Janeiro','RJ','16622896','https://www.treinamento-rio-de-janeiro.org.br',NULL,'50,00','200,00','5,00',187,13,37,46,43,49,259,57,390,149,NULL,2,'2026-02-11 04:40:31','2026-02-11 04:40:31',6,22,1,30,NULL,NULL,NULL),(143,NULL,'Pr. Marcos Moura','85915808311','treinamento.recife@ministerio.com.br','Avenida dos Ipes','1885',NULL,'Jardim das Oliveiras','Recife','PE','85593496','https://www.treinamento-recife.org.br',NULL,'0,00','0,00',NULL,75,236,71,42,58,212,154,14,295,9,NULL,1,'2026-02-11 04:40:31','2026-02-11 04:40:31',4,21,16,30,NULL,NULL,NULL),(144,NULL,'Pr. Amanda Barbosa','51971500456','treinamento.belo.horizonte@comunidade.com.br','Rua Independencia','961',NULL,'Nova Esperanca','Belo Horizonte','MG','24459234','https://www.treinamento-belo-horizonte.org.br',NULL,'200,00','100,00',NULL,198,112,34,45,60,113,108,250,68,198,'Maiores nihil cum ad ducimus qui voluptatem commodi assumenda adipisci labore praesentium quos tempore omnis facilis asperiores.',0,'2026-02-11 04:40:31','2026-02-11 04:40:31',7,35,14,30,NULL,NULL,NULL),(145,NULL,'Pr. Felipe Carvalho','71998675214','treinamento.porto.alegre@ministerio.com.br','Alameda Paulista','784',NULL,'Parque das Nacoes','Porto Alegre','RS','93194429','https://www.treinamento-porto-alegre.org.br',NULL,'50,00','50,00',NULL,177,144,35,43,18,149,174,262,318,184,NULL,0,'2026-02-11 04:40:31','2026-02-11 04:40:31',4,101,11,30,NULL,NULL,NULL),(146,NULL,'Pr. Juliana Rezende','11996941665','treinamento.curitiba@igreja.org.br','Travessa Dom Pedro II','4884',NULL,'Jardim America','Curitiba','PR','03157788','https://www.treinamento-curitiba.org.br',NULL,'50,00','200,00',NULL,92,297,68,8,4,154,12,202,261,71,'Consequatur nihil molestiae tempore ab repellendus qui officiis laborum in expedita porro non aut autem consequuntur.',2,'2026-02-11 04:40:31','2026-02-11 04:40:31',4,90,11,30,NULL,NULL,NULL),(147,NULL,'Pr. Gabriel Dias','61958073035','treinamento.porto.alegre@ministerio.com.br','Avenida Independencia','8961',NULL,'Vila Nova','Porto Alegre','RS','23520172','https://www.treinamento-porto-alegre.org.br',NULL,'150,00','100,00','10,00',99,136,95,43,23,250,3,95,132,64,NULL,2,'2026-02-11 04:40:31','2026-02-11 04:40:31',6,13,21,30,NULL,NULL,NULL),(148,NULL,'Pr. Juliana Silva','61905014709','treinamento.fortaleza@ministerio.com.br','Rua Sete de Setembro','2177',NULL,'Nova Esperanca','Fortaleza','CE','43347880','https://www.treinamento-fortaleza.org.br',NULL,'100,00','200,00','20,00',31,20,14,51,16,97,21,130,95,19,NULL,0,'2026-02-11 04:40:31','2026-02-11 04:40:31',3,7,19,30,NULL,NULL,NULL),(149,NULL,'Pr. Isabela Ferreira','91979139078','treinamento.belo.horizonte@comunidade.com.br','Alameda Paulista','125',NULL,'Nova Esperanca','Belo Horizonte','MG','10817904','https://www.treinamento-belo-horizonte.org.br',NULL,'150,00','150,00',NULL,54,88,36,38,23,95,258,255,248,123,NULL,0,'2026-02-11 04:40:31','2026-02-11 04:40:31',6,44,18,30,NULL,NULL,NULL),(150,NULL,'Pr. Camila Rocha','51923295705','treinamento.belo.horizonte@comunidade.com.br','Travessa Sete de Setembro','8954','Anexo A','Boa Vista','Belo Horizonte','MG','49929761','https://www.treinamento-belo-horizonte.org.br',NULL,'0,00','200,00',NULL,200,214,85,8,54,85,9,264,302,33,NULL,3,'2026-02-11 04:40:31','2026-02-11 04:40:31',4,67,25,30,NULL,NULL,NULL),(151,NULL,'Pr. Vitor Dias','91975623740','treinamento.porto.alegre@igreja.org.br','Avenida Independencia','7291','Sala 101','Vila Esperanca','Porto Alegre','RS','38153769','https://www.treinamento-porto-alegre.org.br',NULL,'200,00','50,00',NULL,149,210,111,20,13,241,281,289,298,69,'Officiis qui voluptas ut repellat maiores voluptatum voluptatum reprehenderit sint delectus error eum sint et.',0,'2026-02-11 04:40:31','2026-02-11 04:40:31',7,50,18,30,NULL,NULL,NULL),(152,NULL,'Pr. Mariana Ramos','31909142304','treinamento.fortaleza@igreja.org.br','Avenida Santos Dumont','3085','Casa 2','Centro','Fortaleza','CE','19173871','https://www.treinamento-fortaleza.org.br',NULL,'200,00','200,00','20,00',137,25,41,18,55,214,196,271,153,186,NULL,0,'2026-02-11 04:40:31','2026-02-11 04:40:31',8,68,7,30,NULL,NULL,NULL),(153,NULL,'Pr. Mariana Ribeiro','41937567974','treinamento.belem@igreja.org.br','Avenida Sete de Setembro','3648',NULL,'Boa Vista','Belem','PA','30652137','https://www.treinamento-belem.org.br',NULL,'0,00','50,00','20,00',134,242,89,26,35,235,184,298,337,63,NULL,1,'2026-02-11 04:40:31','2026-02-11 04:40:31',3,2,17,30,NULL,NULL,NULL),(154,NULL,'Pr. Daniel Carvalho','51968431479','treinamento.sao.paulo@ministerio.com.br','Alameda Santos Dumont','8750',NULL,'Centro','Sao Paulo','SP','84551594','https://www.treinamento-sao-paulo.org.br',NULL,'200,00','200,00',NULL,4,73,62,25,31,97,169,214,50,127,NULL,1,'2026-02-11 04:40:31','2026-02-11 04:40:31',5,97,15,30,NULL,NULL,NULL),(155,NULL,'Pr. Gabriel Pereira','61937355522','treinamento.recife@igreja.org.br','Avenida das Flores','1136',NULL,'Jardim America','Recife','PE','74201977','https://www.treinamento-recife.org.br',NULL,'100,00','50,00',NULL,16,235,99,53,30,211,56,96,26,142,NULL,1,'2026-02-11 04:40:31','2026-02-11 04:40:31',5,58,2,30,NULL,NULL,NULL),(156,NULL,'Pr. Daniel Pereira','61996636038','treinamento.fortaleza@ministerio.com.br','Alameda Paulista','9872','Fundos','Jardim America','Fortaleza','CE','80104340','https://www.treinamento-fortaleza.org.br',NULL,'200,00','200,00',NULL,278,215,120,10,33,71,8,190,133,191,NULL,1,'2026-02-11 04:40:31','2026-02-11 04:40:31',3,55,5,30,NULL,NULL,NULL),(157,NULL,'Pr. Carolina Rezende','11976723241','treinamento.rio.de.janeiro@ministerio.com.br','Travessa Paulista','9145','Casa 2','Parque das Nacoes','Rio de Janeiro','RJ','83396251','https://www.treinamento-rio-de-janeiro.org.br',NULL,'150,00','100,00',NULL,129,120,28,2,33,125,137,121,353,137,NULL,0,'2026-02-11 04:40:31','2026-02-11 04:40:31',5,81,25,30,NULL,NULL,NULL),(158,NULL,'Pr. Fernanda Oliveira','11915758836','treinamento.belem@comunidade.com.br','Avenida Santos Dumont','8625',NULL,'Vila Nova','Belem','PA','15649753','https://www.treinamento-belem.org.br',NULL,'200,00','200,00','15,00',204,83,73,27,28,242,121,58,111,58,NULL,0,'2026-02-11 04:40:31','2026-02-11 04:40:31',2,92,18,30,NULL,NULL,NULL),(159,NULL,'Pr. Henrique Ramos','85959000240','treinamento.salvador@ministerio.com.br','Avenida Santos Dumont','9184',NULL,'Santa Clara','Salvador','BA','09910846','https://www.treinamento-salvador.org.br',NULL,'200,00','0,00','5,00',65,239,99,28,36,175,42,158,327,152,NULL,3,'2026-02-11 04:40:31','2026-02-11 04:40:31',3,88,23,30,NULL,NULL,NULL),(160,NULL,'Pr. Paulo Carvalho','11913435373','treinamento.recife@ministerio.com.br','Rua Sete de Setembro','5992','Sala 101','Jardim das Oliveiras','Recife','PE','05986561','https://www.treinamento-recife.org.br',NULL,'150,00','150,00',NULL,268,279,91,40,8,3,173,57,322,196,NULL,2,'2026-02-11 04:40:31','2026-02-11 04:40:31',7,43,26,30,NULL,NULL,NULL),(161,NULL,'Pr. Isabela Costa','41963824176','treinamento.brasilia@igreja.org.br','Rua Brasil','8588','Bloco B','Vila Esperanca','Brasilia','DF','18804306','https://www.treinamento-brasilia.org.br',NULL,'0,00','150,00','15,00',142,291,100,0,1,247,124,117,273,31,NULL,3,'2026-02-11 04:40:31','2026-02-11 04:40:31',3,97,8,30,NULL,NULL,NULL),(162,NULL,'Pr. Camila Silva','41946936837','treinamento.goiania@igreja.org.br','Alameda Sete de Setembro','3216',NULL,'Bela Vista','Goiania','GO','66455648','https://www.treinamento-goiania.org.br',NULL,'150,00','0,00',NULL,189,253,110,6,51,46,290,20,114,194,'Quos numquam ipsum ipsa blanditiis quo et cum consequatur rerum itaque qui consequatur nostrum.',0,'2026-02-11 04:40:31','2026-02-11 04:40:31',4,63,3,30,NULL,NULL,NULL),(163,NULL,'Pr. Rafael Carvalho','31909608587','treinamento.brasilia@comunidade.com.br','Rua Rio Branco','280',NULL,'Jardim das Oliveiras','Brasilia','DF','32915572','https://www.treinamento-brasilia.org.br',NULL,'200,00','150,00',NULL,27,182,78,0,6,210,156,265,121,18,NULL,1,'2026-02-11 04:40:31','2026-02-11 04:40:31',2,74,20,30,NULL,NULL,NULL),(164,NULL,'Pr. Carolina Martins','61954747235','treinamento.belem@igreja.org.br','Rua Paulista','8074',NULL,'Centro','Belem','PA','78124500','https://www.treinamento-belem.org.br',NULL,'50,00','50,00',NULL,19,34,42,54,22,69,271,143,118,63,NULL,2,'2026-02-11 04:40:31','2026-02-11 04:40:31',3,53,18,30,NULL,NULL,NULL),(165,NULL,'Pr. Carlos Ribeiro','11920583749','treinamento.salvador@ministerio.com.br','Avenida dos Ipes','3893','Sala 101','Centro','Salvador','BA','72004166','https://www.treinamento-salvador.org.br',NULL,'150,00','200,00','10,00',125,117,54,44,8,147,266,109,359,71,NULL,0,'2026-02-11 04:40:31','2026-02-11 04:40:31',1,86,18,30,NULL,NULL,NULL),(166,NULL,'Pr. Juliana Souza','31998047838','treinamento.salvador@igreja.org.br','Avenida Brasil','5880','Fundos','Nova Esperanca','Salvador','BA','28772521','https://www.treinamento-salvador.org.br',NULL,'0,00','50,00','20,00',205,298,104,32,39,133,200,66,353,113,NULL,1,'2026-02-11 04:40:31','2026-02-11 04:40:31',1,4,13,30,NULL,NULL,NULL),(167,NULL,'Pr. Mariana Lima','85908454698','treinamento.brasilia@comunidade.com.br','Rua das Flores','4677',NULL,'Jardim America','Brasilia','DF','25729506','https://www.treinamento-brasilia.org.br',NULL,'50,00','100,00','5,00',260,4,36,25,9,129,201,176,325,2,NULL,1,'2026-02-11 04:40:31','2026-02-11 04:40:31',8,86,12,30,NULL,NULL,NULL),(168,NULL,'Pr. Carlos Oliveira','91907761341','treinamento.belo.horizonte@ministerio.com.br','Rua Getulio Vargas','2825',NULL,'Nova Esperanca','Belo Horizonte','MG','99437732','https://www.treinamento-belo-horizonte.org.br',NULL,'50,00','50,00',NULL,159,201,38,47,58,60,256,170,367,142,NULL,0,'2026-02-11 04:40:31','2026-02-11 04:40:31',3,98,1,30,NULL,NULL,NULL),(169,NULL,'Pr. Henrique Rocha','21953155888','treinamento.goiania@comunidade.com.br','Travessa Dom Pedro II','4851',NULL,'Vila Nova','Goiania','GO','75124950','https://www.treinamento-goiania.org.br',NULL,'100,00','0,00',NULL,258,155,1,35,6,108,203,82,254,39,NULL,3,'2026-02-11 04:40:31','2026-02-11 04:40:31',7,40,11,30,NULL,NULL,NULL),(170,NULL,'Pr. Marcos Barbosa','21909852046','treinamento.recife@comunidade.com.br','Avenida Dom Pedro II','4048',NULL,'Nova Esperanca','Recife','PE','97469048','https://www.treinamento-recife.org.br',NULL,'0,00','0,00',NULL,143,224,7,34,54,24,11,235,370,96,NULL,2,'2026-02-11 04:40:31','2026-02-11 04:40:31',6,26,5,30,NULL,NULL,NULL),(171,NULL,'Pr. Rafael Silva','61907647148','treinamento.sao.paulo@comunidade.com.br','Avenida Paulista','3365',NULL,'Vila Nova','Sao Paulo','SP','86583712','https://www.treinamento-sao-paulo.org.br',NULL,'0,00','150,00',NULL,13,198,13,5,52,72,38,202,322,86,'Est omnis iste et voluptatem veritatis dolore enim sed et.',2,'2026-02-11 04:40:31','2026-02-11 04:40:31',7,87,7,30,NULL,NULL,NULL),(172,NULL,'Pr. Amanda Moura','41959454922','treinamento.goiania@ministerio.com.br','Rua Dom Pedro II','8685',NULL,'Vila Nova','Goiania','GO','30041565','https://www.treinamento-goiania.org.br',NULL,'0,00','200,00','5,00',244,286,33,35,28,134,213,188,70,134,NULL,1,'2026-02-11 04:40:31','2026-02-11 04:40:31',7,5,21,30,NULL,NULL,NULL),(173,NULL,'Pr. Carolina Dias','41968069162','treinamento.curitiba@igreja.org.br','Rua Brasil','439',NULL,'Santa Clara','Curitiba','PR','64362506','https://www.treinamento-curitiba.org.br',NULL,'200,00','50,00',NULL,129,20,78,54,56,151,111,101,327,19,'Occaecati occaecati impedit omnis nemo laudantium sit assumenda animi maiores.',2,'2026-02-11 04:40:31','2026-02-11 04:40:31',1,52,5,30,NULL,NULL,NULL),(174,NULL,'Pr. Joao Oliveira','85950305814','treinamento.manaus@ministerio.com.br','Avenida dos Ipes','3194',NULL,'Vila Esperanca','Manaus','AM','61373525','https://www.treinamento-manaus.org.br',NULL,'0,00','50,00','10,00',79,222,65,14,27,150,215,16,278,179,NULL,0,'2026-02-11 04:40:31','2026-02-11 04:40:31',8,40,19,30,NULL,NULL,NULL),(175,NULL,'Pr. Renata Ferreira','21942324524','treinamento.fortaleza@igreja.org.br','Rua dos Ipes','6896',NULL,'Boa Vista','Fortaleza','CE','61988414','https://www.treinamento-fortaleza.org.br',NULL,'100,00','100,00','10,00',295,61,77,16,17,85,84,123,189,30,NULL,0,'2026-02-11 04:40:31','2026-02-11 04:40:31',1,55,26,30,NULL,NULL,NULL),(176,NULL,'Pr. Patricia Martins','51998188844','treinamento.curitiba@comunidade.com.br','Alameda Paulista','5835','Sala 101','Santa Clara','Curitiba','PR','62162364','https://www.treinamento-curitiba.org.br',NULL,'100,00','100,00','10,00',228,17,117,45,42,34,165,112,345,170,NULL,0,'2026-02-11 04:40:31','2026-02-11 04:40:31',1,34,1,30,NULL,NULL,NULL),(177,NULL,'Pr. Paulo Ramos','81919750581','treinamento.recife@ministerio.com.br','Rua dos Ipes','1106',NULL,'Boa Vista','Recife','PE','87918582','https://www.treinamento-recife.org.br',NULL,'0,00','50,00','15,00',250,38,59,57,12,25,49,250,288,5,NULL,2,'2026-02-11 04:40:31','2026-02-11 04:40:31',8,19,15,30,NULL,NULL,NULL),(178,NULL,'Pr. Eduardo Rocha','61969209943','treinamento.goiania@ministerio.com.br','Avenida Sete de Setembro','8852',NULL,'Jardim das Oliveiras','Goiania','GO','49279705','https://www.treinamento-goiania.org.br',NULL,'100,00','200,00','15,00',19,117,6,38,2,85,117,205,155,199,'Error ipsam sint sapiente iure optio officia aperiam est et laudantium harum non omnis vitae veritatis.',0,'2026-02-11 04:40:31','2026-02-11 04:40:31',2,33,23,30,NULL,NULL,NULL),(179,NULL,'Pr. Paulo Santana','11940925706','treinamento.belem@igreja.org.br','Alameda das Flores','7150',NULL,'Santa Clara','Belem','PA','55189869','https://www.treinamento-belem.org.br',NULL,'150,00','0,00','5,00',146,105,106,39,5,86,72,46,247,101,NULL,1,'2026-02-11 04:40:31','2026-02-11 04:40:31',6,20,1,30,NULL,NULL,NULL),(180,NULL,'Pr. Joao Rocha','71966280906','treinamento.manaus@ministerio.com.br','Avenida Getulio Vargas','2047',NULL,'Centro','Manaus','AM','62846929','https://www.treinamento-manaus.org.br',NULL,'150,00','200,00','20,00',263,17,57,47,9,45,103,143,317,180,NULL,0,'2026-02-11 04:40:31','2026-02-11 04:40:31',1,93,15,30,NULL,NULL,NULL),(181,NULL,'Pr. Tiago Pereira','31933443837','treinamento.salvador@ministerio.com.br','Travessa Independencia','7165','Anexo A','Boa Vista','Salvador','BA','22616074','https://www.treinamento-salvador.org.br',NULL,'0,00','50,00',NULL,63,134,48,27,11,206,265,118,311,188,NULL,3,'2026-02-11 04:40:31','2026-02-11 04:40:31',6,37,9,30,NULL,NULL,NULL),(182,NULL,'Pr. Eduardo Barbosa','21993223491','treinamento.belem@comunidade.com.br','Rua Independencia','2129','Casa 2','Santa Clara','Belem','PA','31414928','https://www.treinamento-belem.org.br',NULL,'100,00','150,00','10,00',116,8,10,14,11,78,78,231,51,95,'Voluptatem cum voluptatem voluptas odio consectetur et accusamus tempore nihil.',3,'2026-02-11 04:40:31','2026-02-11 04:40:31',4,93,18,30,NULL,NULL,NULL),(183,NULL,'Pr. Patricia Cardoso','41909498662','treinamento.belem@ministerio.com.br','Travessa Dom Pedro II','3426',NULL,'Jardim America','Belem','PA','89436945','https://www.treinamento-belem.org.br',NULL,'50,00','150,00','15,00',155,27,77,0,1,39,12,47,398,148,NULL,3,'2026-02-11 04:40:31','2026-02-11 04:40:31',6,86,17,30,NULL,NULL,NULL),(184,NULL,'Pr. Gabriel Dias','41916310994','treinamento.fortaleza@igreja.org.br','Travessa Brasil','3867','Casa 2','Jardim America','Fortaleza','CE','35567199','https://www.treinamento-fortaleza.org.br',NULL,'200,00','50,00',NULL,125,224,78,5,11,101,128,1,158,187,NULL,3,'2026-02-11 04:40:31','2026-02-11 04:40:31',2,57,19,30,NULL,NULL,NULL),(185,NULL,'Pr. Lucas Pereira','85936339071','treinamento.belem@igreja.org.br','Alameda Sete de Setembro','498','Casa 2','Jardim America','Belem','PA','70262839','https://www.treinamento-belem.org.br',NULL,'100,00','200,00',NULL,38,292,64,49,4,138,8,200,35,142,NULL,0,'2026-02-11 04:40:31','2026-02-11 04:40:31',8,42,4,30,NULL,NULL,NULL),(186,NULL,'Pr. Tiago Oliveira','85985420468','treinamento.fortaleza@comunidade.com.br','Travessa Rio Branco','7966',NULL,'Jardim America','Fortaleza','CE','87037510','https://www.treinamento-fortaleza.org.br',NULL,'0,00','0,00','15,00',283,125,31,38,34,83,159,25,250,53,NULL,1,'2026-02-11 04:40:31','2026-02-11 04:40:31',8,85,19,30,NULL,NULL,NULL),(187,NULL,'Pr. Beatriz Gomes','71957181601','treinamento.goiania@comunidade.com.br','Alameda Sete de Setembro','3409','Casa 2','Boa Vista','Goiania','GO','19354253','https://www.treinamento-goiania.org.br',NULL,'0,00','100,00',NULL,28,116,96,9,12,241,142,175,124,75,NULL,3,'2026-02-11 04:40:31','2026-02-11 04:40:31',7,50,1,30,NULL,NULL,NULL),(188,NULL,'Pr. Paulo Pereira','91903962922','treinamento.belem@comunidade.com.br','Avenida Sete de Setembro','1711','Bloco B','Santa Clara','Belem','PA','12224864','https://www.treinamento-belem.org.br',NULL,'0,00','100,00',NULL,295,135,4,6,33,89,17,92,188,114,NULL,1,'2026-02-11 04:40:31','2026-02-11 04:40:31',8,63,2,30,NULL,NULL,NULL),(189,NULL,'Pr. Camila Barbosa','41960483430','treinamento.curitiba@ministerio.com.br','Alameda Brasil','8346',NULL,'Jardim das Oliveiras','Curitiba','PR','01821819','https://www.treinamento-curitiba.org.br',NULL,'150,00','50,00','15,00',41,256,15,19,25,92,124,19,74,91,'Harum accusantium ab ut et ad dolores sed ipsam ut id aut enim est corporis sit perferendis.',2,'2026-02-11 04:40:31','2026-02-11 04:40:31',8,12,15,30,NULL,NULL,NULL),(190,NULL,'Pr. Lucas Martins','71941343911','treinamento.manaus@comunidade.com.br','Alameda Paulista','4965',NULL,'Jardim das Oliveiras','Manaus','AM','00243881','https://www.treinamento-manaus.org.br',NULL,'50,00','100,00',NULL,129,182,4,49,22,239,238,276,176,93,NULL,1,'2026-02-11 04:40:31','2026-02-11 04:40:31',7,75,5,30,NULL,NULL,NULL),(191,NULL,'Pr. Carolina Ramos','31902568088','treinamento.manaus@comunidade.com.br','Avenida Getulio Vargas','6091','Bloco B','Vila Esperanca','Manaus','AM','72553690','https://www.treinamento-manaus.org.br',NULL,'0,00','50,00','10,00',215,256,120,27,2,133,34,48,244,181,NULL,2,'2026-02-11 04:40:31','2026-02-11 04:40:31',2,58,22,30,NULL,NULL,NULL),(192,NULL,'Pr. Camila Ribeiro','51915206731','treinamento.curitiba@igreja.org.br','Rua das Flores','2491','Bloco B','Centro','Curitiba','PR','99047353','https://www.treinamento-curitiba.org.br',NULL,'50,00','50,00','20,00',297,47,12,21,15,64,86,153,320,184,NULL,3,'2026-02-11 04:40:31','2026-02-11 04:40:31',7,12,18,30,NULL,NULL,NULL),(193,NULL,'Pr. Beatriz Gomes','21972393040','treinamento.fortaleza@comunidade.com.br','Avenida Rio Branco','8175','Sala 101','Vila Nova','Fortaleza','CE','67871361','https://www.treinamento-fortaleza.org.br',NULL,'50,00','0,00','20,00',56,204,48,5,54,86,143,181,276,186,NULL,1,'2026-02-11 04:40:31','2026-02-11 04:40:31',6,11,18,30,NULL,NULL,NULL),(194,NULL,'Pr. Gabriel Silva','51956044415','treinamento.belem@ministerio.com.br','Avenida Paulista','3310',NULL,'Vila Nova','Belem','PA','49855703','https://www.treinamento-belem.org.br',NULL,'150,00','100,00',NULL,182,210,56,45,7,79,11,42,281,85,NULL,3,'2026-02-11 04:40:31','2026-02-11 04:40:31',4,95,22,30,NULL,NULL,NULL),(195,NULL,'Pr. Larissa Almeida','85910720537','treinamento.rio.de.janeiro@igreja.org.br','Avenida Paulista','3409','Sala 101','Nova Esperanca','Rio de Janeiro','RJ','57538241','https://www.treinamento-rio-de-janeiro.org.br',NULL,'150,00','200,00','5,00',62,39,8,33,48,239,256,230,255,111,'Praesentium ut quia eligendi et quae excepturi dolor optio cupiditate et aut mollitia voluptatem consectetur repellat.',2,'2026-02-11 04:40:31','2026-02-11 04:40:31',8,103,14,30,NULL,NULL,NULL),(196,NULL,'Pr. Lucas Ramos','61905941726','treinamento.salvador@igreja.org.br','Travessa Brasil','6337',NULL,'Vila Esperanca','Salvador','BA','01135894','https://www.treinamento-salvador.org.br',NULL,'200,00','100,00','5,00',185,172,29,14,32,132,295,164,287,150,NULL,3,'2026-02-11 04:40:31','2026-02-11 04:40:31',2,59,24,30,NULL,NULL,NULL),(197,NULL,'Pr. Fernanda Ferreira','71988452444','treinamento.recife@comunidade.com.br','Travessa dos Ipes','9545','Fundos','Parque das Nacoes','Recife','PE','69689053','https://www.treinamento-recife.org.br',NULL,'100,00','0,00',NULL,24,84,112,19,39,224,33,55,323,126,NULL,0,'2026-02-11 04:40:31','2026-02-11 04:40:31',7,92,2,30,NULL,NULL,NULL),(198,NULL,'Pr. Isabela Lima','21936062986','treinamento.recife@ministerio.com.br','Rua Dom Pedro II','645','Sala 101','Boa Vista','Recife','PE','39474870','https://www.treinamento-recife.org.br',NULL,'200,00','100,00','20,00',133,15,22,27,10,228,195,105,210,17,NULL,3,'2026-02-11 04:40:31','2026-02-11 04:40:31',2,39,21,30,NULL,NULL,NULL),(199,NULL,'Pr. Renata Gomes','41995380302','treinamento.sao.paulo@comunidade.com.br','Travessa Dom Pedro II','3177',NULL,'Jardim das Oliveiras','Sao Paulo','SP','45800259','https://www.treinamento-sao-paulo.org.br',NULL,'50,00','0,00',NULL,18,190,84,51,48,10,241,83,54,62,NULL,0,'2026-02-11 04:40:31','2026-02-11 04:40:31',1,80,13,30,NULL,NULL,NULL),(200,NULL,'Pr. Isabela Almeida','85935643030','treinamento.salvador@comunidade.com.br','Avenida Dom Pedro II','1213','Fundos','Jardim das Oliveiras','Salvador','BA','48795742','https://www.treinamento-salvador.org.br',NULL,'0,00','100,00',NULL,248,216,8,54,54,157,139,110,238,133,NULL,3,'2026-02-11 04:40:31','2026-02-11 04:40:31',7,44,13,30,NULL,NULL,NULL),(201,NULL,'Pr. Camila Rocha','51934266074','treinamento.goiania@ministerio.com.br','Avenida das Flores','2456','Anexo A','Centro','Goiania','GO','57794166','https://www.treinamento-goiania.org.br',NULL,'100,00','0,00',NULL,28,292,106,22,33,205,175,15,88,88,NULL,0,'2026-02-11 04:40:31','2026-02-11 04:40:31',3,71,4,30,NULL,NULL,NULL),(202,NULL,'Pr. Andre Gomes','91938377168','treinamento.fortaleza@comunidade.com.br','Travessa Getulio Vargas','3807',NULL,'Bela Vista','Fortaleza','CE','46036908','https://www.treinamento-fortaleza.org.br',NULL,'50,00','0,00','10,00',233,256,12,42,53,172,275,249,13,10,NULL,0,'2026-02-11 04:40:31','2026-02-11 04:40:31',6,2,9,30,NULL,NULL,NULL),(203,NULL,'Pr. Felipe Martins','81944883988','treinamento.recife@igreja.org.br','Avenida das Flores','1526',NULL,'Boa Vista','Recife','PE','79126000','https://www.treinamento-recife.org.br',NULL,'0,00','100,00',NULL,233,153,30,10,22,88,89,270,331,159,NULL,1,'2026-02-11 04:40:31','2026-02-11 04:40:31',1,53,10,30,NULL,NULL,NULL),(204,NULL,'Pr. Beatriz Ribeiro','91924561187','treinamento.porto.alegre@comunidade.com.br','Alameda Dom Pedro II','3492','Sala 101','Jardim das Oliveiras','Porto Alegre','RS','29060557','https://www.treinamento-porto-alegre.org.br',NULL,'200,00','150,00',NULL,277,43,99,25,38,55,56,254,146,124,NULL,1,'2026-02-11 04:40:31','2026-02-11 04:40:31',2,84,10,30,NULL,NULL,NULL),(205,NULL,'Pr. Renata Barbosa','91988781168','treinamento.rio.de.janeiro@comunidade.com.br','Alameda Paulista','4440',NULL,'Bela Vista','Rio de Janeiro','RJ','85146186','https://www.treinamento-rio-de-janeiro.org.br',NULL,'200,00','200,00',NULL,259,290,75,54,37,4,222,143,399,159,NULL,2,'2026-02-11 04:40:31','2026-02-11 04:40:31',8,7,2,30,NULL,NULL,NULL),(206,NULL,'Pr. Bruno Gomes','71922932968','treinamento.curitiba@comunidade.com.br','Travessa Rio Branco','6732',NULL,'Centro','Curitiba','PR','42876820','https://www.treinamento-curitiba.org.br',NULL,'0,00','100,00',NULL,27,202,86,17,0,236,98,295,203,178,NULL,2,'2026-02-11 04:40:31','2026-02-11 04:40:31',2,68,11,30,NULL,NULL,NULL),(207,NULL,'Pr. Vitor Rezende','85977627086','treinamento.curitiba@ministerio.com.br','Alameda Rio Branco','1478',NULL,'Santa Clara','Curitiba','PR','18060444','https://www.treinamento-curitiba.org.br',NULL,'50,00','0,00',NULL,199,150,78,28,36,47,161,35,188,89,'Libero sunt et qui earum tenetur eveniet non eligendi ea.',1,'2026-02-11 04:40:31','2026-02-11 04:40:31',5,59,26,30,NULL,NULL,NULL),(208,NULL,'Pr. Paulo Rocha','91951725427','treinamento.sao.paulo@comunidade.com.br','Alameda Dom Pedro II','8669',NULL,'Vila Esperanca','Sao Paulo','SP','25820322','https://www.treinamento-sao-paulo.org.br',NULL,'0,00','200,00',NULL,241,102,20,19,36,50,220,242,51,154,NULL,1,'2026-02-11 04:40:31','2026-02-11 04:40:31',6,78,22,30,NULL,NULL,NULL),(209,NULL,'Pr. Carolina Santana','91970089615','treinamento.brasilia@ministerio.com.br','Rua Paulista','9384','Sala 101','Vila Esperanca','Brasilia','DF','07100899','https://www.treinamento-brasilia.org.br',NULL,'50,00','200,00',NULL,274,230,92,53,4,39,282,81,189,153,NULL,2,'2026-02-11 04:40:31','2026-02-11 04:40:31',2,6,9,30,NULL,NULL,NULL),(210,NULL,'Pr. Larissa Souza','51917321739','treinamento.belo.horizonte@ministerio.com.br','Travessa Independencia','8104','Bloco B','Vila Esperanca','Belo Horizonte','MG','57229518','https://www.treinamento-belo-horizonte.org.br',NULL,'0,00','0,00',NULL,44,27,42,0,18,161,288,12,32,47,NULL,3,'2026-02-11 04:40:31','2026-02-11 04:40:31',6,1,19,30,NULL,NULL,NULL),(211,NULL,'Pr. Andre Barbosa','31950820303','treinamento.belem@igreja.org.br','Rua Independencia','8561',NULL,'Santa Clara','Belem','PA','79239719','https://www.treinamento-belem.org.br',NULL,'50,00','100,00',NULL,103,100,119,5,17,61,197,117,49,180,NULL,3,'2026-02-11 04:40:31','2026-02-11 04:40:31',7,27,2,30,NULL,NULL,NULL),(212,NULL,'Pr. Marcos Carvalho','71944989873','treinamento.belem@comunidade.com.br','Rua Brasil','5056',NULL,'Jardim das Oliveiras','Belem','PA','35548396','https://www.treinamento-belem.org.br',NULL,'150,00','0,00',NULL,98,101,117,25,21,115,191,156,171,164,NULL,2,'2026-02-11 04:40:31','2026-02-11 04:40:31',7,57,13,30,NULL,NULL,NULL),(213,NULL,'Pr. Fernanda Lima','21971846005','treinamento.brasilia@ministerio.com.br','Alameda Santos Dumont','1892',NULL,'Jardim America','Brasilia','DF','03078289','https://www.treinamento-brasilia.org.br',NULL,'100,00','0,00',NULL,292,227,79,19,36,94,38,269,318,7,'Deserunt libero repellendus molestiae dolorum dolor ipsum quo architecto repellat nemo.',3,'2026-02-11 04:40:31','2026-02-11 04:40:31',2,61,6,30,NULL,NULL,NULL),(214,NULL,'Pr. Juliana Ribeiro','31935230410','treinamento.brasilia@ministerio.com.br','Avenida das Flores','4440',NULL,'Centro','Brasilia','DF','74243009','https://www.treinamento-brasilia.org.br',NULL,'50,00','200,00','10,00',13,6,90,54,24,188,214,216,307,7,NULL,3,'2026-02-11 04:40:31','2026-02-11 04:40:31',1,51,7,30,NULL,NULL,NULL),(215,NULL,'Pr. Fernanda Cardoso','61960052984','treinamento.fortaleza@igreja.org.br','Rua Rio Branco','3709',NULL,'Vila Nova','Fortaleza','CE','43564311','https://www.treinamento-fortaleza.org.br',NULL,'0,00','100,00',NULL,143,214,107,24,57,152,68,142,218,191,NULL,2,'2026-02-11 04:40:31','2026-02-11 04:40:31',2,19,10,30,NULL,NULL,NULL),(216,NULL,'Pr. Daniel Cardoso','61915040257','treinamento.porto.alegre@ministerio.com.br','Avenida Brasil','9783',NULL,'Santa Clara','Porto Alegre','RS','60207569','https://www.treinamento-porto-alegre.org.br',NULL,'50,00','200,00','20,00',17,194,9,27,9,101,270,33,341,119,NULL,3,'2026-02-11 04:40:31','2026-02-11 04:40:31',6,45,19,30,NULL,NULL,NULL),(217,NULL,'Pr. Daniel Ribeiro','11915107373','treinamento.brasilia@ministerio.com.br','Travessa Independencia','877',NULL,'Parque das Nacoes','Brasilia','DF','85257655','https://www.treinamento-brasilia.org.br',NULL,'200,00','150,00','10,00',94,165,112,25,25,112,124,112,165,92,'Quidem est perspiciatis itaque velit deleniti dolor magni quia quia sint doloribus assumenda.',3,'2026-02-11 04:40:31','2026-02-11 04:40:31',8,40,7,30,NULL,NULL,NULL),(218,NULL,'Pr. Marcos Ferreira','51904591913','treinamento.curitiba@ministerio.com.br','Avenida Brasil','6113',NULL,'Bela Vista','Curitiba','PR','42738694','https://www.treinamento-curitiba.org.br',NULL,'100,00','50,00','15,00',60,203,38,55,19,243,107,92,114,37,NULL,1,'2026-02-11 04:40:31','2026-02-11 04:40:31',7,28,26,30,NULL,NULL,NULL),(219,NULL,'Pr. Rafael Pereira','11960131773','treinamento.belo.horizonte@igreja.org.br','Avenida Sete de Setembro','6386',NULL,'Bela Vista','Belo Horizonte','MG','22680767','https://www.treinamento-belo-horizonte.org.br',NULL,'0,00','0,00','10,00',89,106,116,31,17,170,241,100,337,116,NULL,0,'2026-02-11 04:40:31','2026-02-11 04:40:31',6,87,8,30,NULL,NULL,NULL),(220,NULL,'Pr. Marcos Souza','61996555139','treinamento.sao.paulo@comunidade.com.br','Alameda Independencia','6519','Anexo A','Vila Esperanca','Sao Paulo','SP','08592785','https://www.treinamento-sao-paulo.org.br',NULL,'150,00','100,00',NULL,65,20,10,30,48,234,205,221,92,72,'Dolorem explicabo sed tempore officiis nisi tempora et iste repellendus.',0,'2026-02-11 04:40:31','2026-02-11 04:40:31',3,24,7,30,NULL,NULL,NULL),(221,NULL,'Pr. Camila Ramos','51994530371','treinamento.belem@igreja.org.br','Avenida dos Ipes','5571',NULL,'Jardim America','Belem','PA','49942669','https://www.treinamento-belem.org.br',NULL,'50,00','200,00','10,00',80,171,8,11,13,100,145,282,3,145,NULL,3,'2026-02-11 04:40:31','2026-02-11 04:40:31',7,84,8,30,NULL,NULL,NULL),(222,NULL,'Pr. Patricia Santana','21990876151','treinamento.salvador@ministerio.com.br','Avenida Sete de Setembro','313',NULL,'Centro','Salvador','BA','52427099','https://www.treinamento-salvador.org.br',NULL,'150,00','100,00',NULL,1,131,22,20,30,127,147,108,81,70,NULL,1,'2026-02-11 04:40:31','2026-02-11 04:40:31',6,20,20,30,NULL,NULL,NULL),(223,NULL,'Pr. Marcos Souza','71921468075','treinamento.belem@ministerio.com.br','Avenida dos Ipes','4818',NULL,'Parque das Nacoes','Belem','PA','93865852','https://www.treinamento-belem.org.br',NULL,'0,00','100,00','15,00',106,36,106,57,6,37,50,189,261,56,NULL,0,'2026-02-11 04:40:31','2026-02-11 04:40:31',8,36,12,30,NULL,NULL,NULL),(224,NULL,'Pr. Carolina Pereira','21943080397','treinamento.manaus@igreja.org.br','Avenida Santos Dumont','4969','Sala 101','Boa Vista','Manaus','AM','25496641','https://www.treinamento-manaus.org.br',NULL,'150,00','100,00','10,00',121,278,117,14,59,172,91,243,96,36,NULL,1,'2026-02-11 04:40:31','2026-02-11 04:40:31',1,101,12,30,NULL,NULL,NULL),(225,NULL,'Pr. Beatriz Costa','81960755653','treinamento.belem@ministerio.com.br','Rua dos Ipes','5321','Fundos','Bela Vista','Belem','PA','96677332','https://www.treinamento-belem.org.br',NULL,'100,00','100,00','20,00',73,152,10,18,22,117,45,199,37,2,NULL,0,'2026-02-11 04:40:31','2026-02-11 04:40:31',7,68,8,30,NULL,NULL,NULL),(226,NULL,'Pr. Rafael Ribeiro','61908248580','treinamento.manaus@comunidade.com.br','Alameda Rio Branco','2493',NULL,'Boa Vista','Manaus','AM','63649006','https://www.treinamento-manaus.org.br',NULL,'50,00','150,00','20,00',206,277,83,31,0,40,153,141,165,109,NULL,3,'2026-02-11 04:40:31','2026-02-11 04:40:31',6,55,1,30,NULL,NULL,NULL),(227,NULL,'Pr. Mariana Moura','31965896685','treinamento.manaus@comunidade.com.br','Avenida Independencia','4231',NULL,'Bela Vista','Manaus','AM','19195297','https://www.treinamento-manaus.org.br',NULL,'0,00','150,00',NULL,240,244,56,39,40,123,104,243,392,132,NULL,0,'2026-02-11 04:40:31','2026-02-11 04:40:31',4,83,14,30,NULL,NULL,NULL),(228,NULL,'Pr. Andre Santana','81944740191','treinamento.curitiba@igreja.org.br','Avenida Sete de Setembro','5848','Casa 2','Jardim das Oliveiras','Curitiba','PR','69196968','https://www.treinamento-curitiba.org.br',NULL,'50,00','0,00','10,00',55,187,36,55,18,80,77,30,72,135,'Molestiae iusto quo eos iste ut non nemo incidunt sed quae quo non consequatur ea nisi voluptatem.',2,'2026-02-11 04:40:31','2026-02-11 04:40:31',5,6,26,30,NULL,NULL,NULL),(229,NULL,'Pr. Juliana Silva','81995963033','treinamento.goiania@igreja.org.br','Travessa dos Ipes','7163','Sala 101','Parque das Nacoes','Goiania','GO','36387903','https://www.treinamento-goiania.org.br',NULL,'0,00','50,00','15,00',236,117,80,42,1,178,70,31,301,51,'Ut necessitatibus et consectetur error dolor culpa aut nam suscipit dolorem.',3,'2026-02-11 04:40:31','2026-02-11 04:40:31',3,100,24,30,NULL,NULL,NULL),(230,NULL,'Pr. Amanda Silva','61942877733','treinamento.belo.horizonte@comunidade.com.br','Avenida Rio Branco','4508',NULL,'Vila Esperanca','Belo Horizonte','MG','78291669','https://www.treinamento-belo-horizonte.org.br',NULL,'50,00','0,00',NULL,264,130,89,12,15,204,33,60,272,73,NULL,2,'2026-02-11 04:40:31','2026-02-11 04:40:31',8,23,26,30,NULL,NULL,NULL),(231,NULL,'Pr. Paulo Ferreira','41919718571','treinamento.fortaleza@ministerio.com.br','Alameda Independencia','1716',NULL,'Vila Nova','Fortaleza','CE','55247069','https://www.treinamento-fortaleza.org.br',NULL,'200,00','0,00',NULL,59,162,9,57,44,203,17,292,268,32,NULL,1,'2026-02-11 04:40:31','2026-02-11 04:40:31',4,47,22,30,NULL,NULL,NULL),(232,NULL,'Pr. Tiago Ramos','21910322561','treinamento.curitiba@comunidade.com.br','Alameda Independencia','9938',NULL,'Centro','Curitiba','PR','87999433','https://www.treinamento-curitiba.org.br',NULL,'200,00','50,00','5,00',58,282,17,11,12,233,290,68,126,77,NULL,0,'2026-02-11 04:40:31','2026-02-11 04:40:31',5,7,4,30,NULL,NULL,NULL),(233,NULL,'Pr. Camila Lima','85905243474','treinamento.fortaleza@igreja.org.br','Travessa Independencia','7901',NULL,'Jardim das Oliveiras','Fortaleza','CE','69891802','https://www.treinamento-fortaleza.org.br',NULL,'200,00','150,00',NULL,1,218,94,10,8,108,113,189,318,143,NULL,0,'2026-02-11 04:40:32','2026-02-11 04:40:32',6,80,16,30,NULL,NULL,NULL),(234,NULL,'Pr. Eduardo Gomes','51993822817','treinamento.recife@ministerio.com.br','Rua dos Ipes','944',NULL,'Centro','Recife','PE','05588519','https://www.treinamento-recife.org.br',NULL,'100,00','100,00','5,00',212,279,87,8,6,214,242,281,229,154,NULL,0,'2026-02-11 04:40:32','2026-02-11 04:40:32',6,21,1,30,NULL,NULL,NULL),(235,NULL,'Pr. Joao Ramos','81963359995','treinamento.sao.paulo@comunidade.com.br','Alameda Sete de Setembro','8100',NULL,'Parque das Nacoes','Sao Paulo','SP','66325154','https://www.treinamento-sao-paulo.org.br',NULL,'100,00','50,00','15,00',29,133,27,31,51,243,69,247,189,67,NULL,0,'2026-02-11 04:40:32','2026-02-11 04:40:32',4,64,14,30,NULL,NULL,NULL),(236,NULL,'Pr. Carlos Pereira','85983225217','treinamento.belem@comunidade.com.br','Avenida Paulista','2289','Casa 2','Boa Vista','Belem','PA','90037603','https://www.treinamento-belem.org.br',NULL,'200,00','150,00','10,00',142,194,45,51,8,26,149,72,125,164,NULL,0,'2026-02-11 04:40:32','2026-02-11 04:40:32',7,67,14,30,NULL,NULL,NULL),(237,NULL,'Pr. Gabriel Almeida','71932069232','treinamento.sao.paulo@igreja.org.br','Avenida das Flores','9686','Casa 2','Jardim das Oliveiras','Sao Paulo','SP','40941375','https://www.treinamento-sao-paulo.org.br',NULL,'150,00','50,00',NULL,256,116,66,22,60,6,157,282,352,20,NULL,0,'2026-02-11 04:40:32','2026-02-11 04:40:32',7,5,16,30,NULL,NULL,NULL),(238,NULL,'Pr. Andre Silva','61975519093','treinamento.goiania@igreja.org.br','Travessa Brasil','5909',NULL,'Jardim America','Goiania','GO','83056843','https://www.treinamento-goiania.org.br',NULL,'150,00','200,00','10,00',12,37,68,5,44,130,300,131,195,68,NULL,2,'2026-02-11 04:40:32','2026-02-11 04:40:32',4,78,12,30,NULL,NULL,NULL),(239,NULL,'Pr. Bruno Rocha','85963684711','treinamento.porto.alegre@igreja.org.br','Alameda Brasil','2414',NULL,'Jardim America','Porto Alegre','RS','92995689','https://www.treinamento-porto-alegre.org.br',NULL,'0,00','100,00',NULL,71,299,37,23,16,39,194,51,326,154,'Ab ipsa molestiae aut sunt laborum ut aspernatur architecto harum minima aliquid dolores fuga molestiae.',3,'2026-02-11 04:40:32','2026-02-11 04:40:32',2,88,14,30,NULL,NULL,NULL),(240,NULL,'Pr. Gabriel Carvalho','21954637759','treinamento.sao.paulo@comunidade.com.br','Avenida Getulio Vargas','3434',NULL,'Vila Nova','Sao Paulo','SP','35782448','https://www.treinamento-sao-paulo.org.br',NULL,'150,00','200,00',NULL,240,42,95,34,48,73,152,107,388,175,NULL,1,'2026-02-11 04:40:32','2026-02-11 04:40:32',2,69,7,30,NULL,NULL,NULL),(241,NULL,'Pr. Eduardo Lima','31945630301','treinamento.recife@comunidade.com.br','Rua Santos Dumont','9632',NULL,'Vila Esperanca','Recife','PE','60086867','https://www.treinamento-recife.org.br',NULL,'150,00','0,00','5,00',270,71,26,43,38,142,172,142,277,161,'Esse illo numquam suscipit deserunt quaerat illo assumenda enim minus numquam consequuntur quo a praesentium nobis nesciunt.',3,'2026-02-11 04:40:32','2026-02-11 04:40:32',5,56,25,30,NULL,NULL,NULL),(242,NULL,'Pr. Larissa Oliveira','71923638660','treinamento.porto.alegre@igreja.org.br','Alameda das Flores','6240',NULL,'Bela Vista','Porto Alegre','RS','18534056','https://www.treinamento-porto-alegre.org.br',NULL,'150,00','200,00',NULL,166,293,18,23,42,160,133,71,147,15,NULL,1,'2026-02-11 04:40:32','2026-02-11 04:40:32',3,46,10,30,NULL,NULL,NULL),(243,NULL,'Pr. Vitor Souza','51923572472','treinamento.manaus@comunidade.com.br','Rua Paulista','6277',NULL,'Jardim America','Manaus','AM','13528940','https://www.treinamento-manaus.org.br',NULL,'100,00','100,00','20,00',107,30,76,7,33,27,6,96,10,174,NULL,3,'2026-02-11 04:40:32','2026-02-11 04:40:32',7,39,8,30,NULL,NULL,NULL),(244,NULL,'Pr. Juliana Santana','81931268621','treinamento.recife@ministerio.com.br','Travessa Rio Branco','2251',NULL,'Bela Vista','Recife','PE','92675540','https://www.treinamento-recife.org.br',NULL,'100,00','200,00','5,00',14,272,95,28,11,98,27,69,193,13,NULL,0,'2026-02-11 04:40:32','2026-02-11 04:40:32',7,82,9,30,NULL,NULL,NULL),(245,NULL,'Pr. Henrique Santana','51978432545','treinamento.belem@ministerio.com.br','Alameda das Flores','9033','Bloco B','Jardim das Oliveiras','Belem','PA','56209265','https://www.treinamento-belem.org.br',NULL,'100,00','50,00',NULL,167,262,43,12,13,53,196,198,358,72,'Aliquid aut ab ut consequatur totam tenetur et impedit iste quidem possimus nisi fugit repudiandae et optio.',2,'2026-02-11 04:40:32','2026-02-11 04:40:32',8,40,5,30,NULL,NULL,NULL),(246,NULL,'Pr. Rafael Silva','81907761307','treinamento.fortaleza@igreja.org.br','Alameda Getulio Vargas','7196',NULL,'Jardim das Oliveiras','Fortaleza','CE','21433416','https://www.treinamento-fortaleza.org.br',NULL,'100,00','0,00',NULL,217,131,91,56,29,55,231,275,166,140,NULL,2,'2026-02-11 04:40:32','2026-02-11 04:40:32',5,67,23,30,NULL,NULL,NULL),(247,NULL,'Pr. Marcos Ramos','91903392243','treinamento.salvador@ministerio.com.br','Avenida Dom Pedro II','327',NULL,'Santa Clara','Salvador','BA','84150514','https://www.treinamento-salvador.org.br',NULL,'50,00','0,00','20,00',287,28,86,0,41,139,13,0,129,168,'Sed quia et consectetur cumque sed quia quibusdam magni vitae velit harum.',1,'2026-02-11 04:40:32','2026-02-11 04:40:32',6,93,15,30,NULL,NULL,NULL),(248,NULL,'Pr. Lucas Oliveira','61917314077','treinamento.recife@igreja.org.br','Rua Sete de Setembro','4264',NULL,'Parque das Nacoes','Recife','PE','34691817','https://www.treinamento-recife.org.br',NULL,'50,00','50,00','20,00',31,82,99,32,51,180,266,59,104,81,NULL,1,'2026-02-11 04:40:32','2026-02-11 04:40:32',5,88,10,30,NULL,NULL,NULL),(249,NULL,'Pr. Henrique Ramos','51998671339','treinamento.goiania@comunidade.com.br','Travessa Getulio Vargas','5990',NULL,'Vila Nova','Goiania','GO','44371691','https://www.treinamento-goiania.org.br',NULL,'150,00','50,00','15,00',78,215,90,15,28,208,211,132,38,85,'Provident quia deleniti ipsa in aut qui aut ad voluptatem a.',2,'2026-02-11 04:40:32','2026-02-11 04:40:32',8,94,21,30,NULL,NULL,NULL),(250,NULL,'Pr. Beatriz Rezende','11908280070','treinamento.fortaleza@igreja.org.br','Alameda Santos Dumont','3802',NULL,'Vila Nova','Fortaleza','CE','36279750','https://www.treinamento-fortaleza.org.br',NULL,'200,00','100,00',NULL,182,168,74,54,46,97,264,113,181,170,NULL,3,'2026-02-11 04:40:32','2026-02-11 04:40:32',4,95,26,30,NULL,NULL,NULL),(251,NULL,'Pr. Mariana Ribeiro','71907888651','treinamento.goiania@comunidade.com.br','Rua Rio Branco','105',NULL,'Vila Nova','Goiania','GO','86557037','https://www.treinamento-goiania.org.br',NULL,'100,00','200,00','20,00',253,93,3,52,34,237,169,228,61,24,NULL,3,'2026-02-11 04:40:32','2026-02-11 04:40:32',8,2,8,30,NULL,NULL,NULL),(252,NULL,'Pr. Larissa Oliveira','11907984668','treinamento.brasilia@igreja.org.br','Travessa Santos Dumont','8254',NULL,'Jardim das Oliveiras','Brasilia','DF','14541413','https://www.treinamento-brasilia.org.br',NULL,'150,00','100,00',NULL,148,108,65,46,45,80,268,73,94,116,NULL,3,'2026-02-11 04:40:32','2026-02-11 04:40:32',1,7,25,30,NULL,NULL,NULL),(253,NULL,'Pr. Beatriz Carvalho','85997035010','treinamento.recife@igreja.org.br','Travessa Dom Pedro II','4024',NULL,'Boa Vista','Recife','PE','06676563','https://www.treinamento-recife.org.br',NULL,'0,00','100,00','15,00',267,152,3,36,41,116,183,35,316,103,'Sed nobis sit magni debitis ex amet cum.',3,'2026-02-11 04:40:32','2026-02-11 04:40:32',7,75,4,30,NULL,NULL,NULL),(254,NULL,'Pr. Larissa Barbosa','21945743454','treinamento.belo.horizonte@igreja.org.br','Travessa das Flores','9467',NULL,'Centro','Belo Horizonte','MG','66241033','https://www.treinamento-belo-horizonte.org.br',NULL,'0,00','0,00',NULL,19,153,64,30,55,33,299,15,242,181,NULL,2,'2026-02-11 04:40:32','2026-02-11 04:40:32',8,96,1,30,NULL,NULL,NULL),(255,NULL,'Pr. Camila Almeida','61929050097','treinamento.goiania@igreja.org.br','Alameda das Flores','2696','Bloco B','Bela Vista','Goiania','GO','17105345','https://www.treinamento-goiania.org.br',NULL,'100,00','150,00','10,00',18,210,88,60,58,133,191,202,134,85,NULL,3,'2026-02-11 04:40:32','2026-02-11 04:40:32',7,55,6,30,NULL,NULL,NULL),(256,NULL,'Pr. Renata Carvalho','11952776064','treinamento.salvador@ministerio.com.br','Travessa Getulio Vargas','9491',NULL,'Santa Clara','Salvador','BA','77982695','https://www.treinamento-salvador.org.br',NULL,'150,00','0,00',NULL,20,110,68,0,34,188,246,8,275,83,NULL,2,'2026-02-11 04:40:32','2026-02-11 04:40:32',7,57,18,30,NULL,NULL,NULL),(257,NULL,'Pr. Carolina Barbosa','51993404882','treinamento.belo.horizonte@ministerio.com.br','Travessa Rio Branco','6563',NULL,'Centro','Belo Horizonte','MG','25369881','https://www.treinamento-belo-horizonte.org.br',NULL,'150,00','50,00','20,00',113,149,5,30,55,191,197,169,23,82,NULL,1,'2026-02-11 04:40:32','2026-02-11 04:40:32',1,58,13,30,NULL,NULL,NULL),(258,NULL,'Pr. Renata Martins','85949950277','treinamento.fortaleza@igreja.org.br','Alameda Getulio Vargas','578',NULL,'Jardim America','Fortaleza','CE','51805036','https://www.treinamento-fortaleza.org.br',NULL,'0,00','100,00','10,00',17,244,61,30,2,166,3,144,5,71,NULL,1,'2026-02-11 04:40:32','2026-02-11 04:40:32',2,10,3,30,NULL,NULL,NULL),(259,NULL,'Pr. Daniel Costa','51933427709','treinamento.belo.horizonte@igreja.org.br','Avenida Rio Branco','8226',NULL,'Jardim das Oliveiras','Belo Horizonte','MG','80351353','https://www.treinamento-belo-horizonte.org.br',NULL,'0,00','100,00','5,00',115,208,38,36,25,217,88,152,292,156,'Ut nihil aut fugiat ut tenetur quasi dolores libero sunt tenetur.',0,'2026-02-11 04:40:32','2026-02-11 04:40:32',5,27,9,30,NULL,NULL,NULL),(260,NULL,'Pr. Juliana Gomes','71956404834','treinamento.salvador@igreja.org.br','Rua dos Ipes','8862','Bloco B','Centro','Salvador','BA','87645254','https://www.treinamento-salvador.org.br',NULL,'50,00','150,00',NULL,11,54,50,58,60,235,123,232,392,160,NULL,1,'2026-02-11 04:40:32','2026-02-11 04:40:32',5,61,2,30,NULL,NULL,NULL),(261,NULL,'Pr. Rafael Martins','91949963500','treinamento.belem@ministerio.com.br','Rua Santos Dumont','1817',NULL,'Bela Vista','Belem','PA','66119075','https://www.treinamento-belem.org.br',NULL,'0,00','0,00','15,00',223,287,77,2,15,201,288,16,160,87,NULL,0,'2026-02-11 04:40:32','2026-02-11 04:40:32',2,16,20,30,NULL,NULL,NULL),(262,NULL,'Pr. Patricia Martins','31971122938','treinamento.recife@ministerio.com.br','Avenida Santos Dumont','4113',NULL,'Nova Esperanca','Recife','PE','75232782','https://www.treinamento-recife.org.br',NULL,'150,00','200,00',NULL,278,288,52,1,28,220,40,259,66,191,'Voluptas eius aliquid consequatur voluptates rem provident dolores eum amet saepe cumque laudantium blanditiis dolorem.',1,'2026-02-11 04:40:32','2026-02-11 04:40:32',1,30,5,30,NULL,NULL,NULL),(263,NULL,'Pr. Paulo Souza','71967705287','treinamento.porto.alegre@igreja.org.br','Travessa Dom Pedro II','6285',NULL,'Jardim das Oliveiras','Porto Alegre','RS','52748993','https://www.treinamento-porto-alegre.org.br',NULL,'200,00','150,00',NULL,117,248,16,19,57,204,188,124,52,29,'Necessitatibus aperiam fuga sed quae sequi voluptas possimus ut.',2,'2026-02-11 04:40:32','2026-02-11 04:40:32',3,11,24,30,NULL,NULL,NULL),(264,NULL,'Pr. Henrique Rocha','41983389226','treinamento.salvador@ministerio.com.br','Avenida Brasil','1846',NULL,'Jardim das Oliveiras','Salvador','BA','71376030','https://www.treinamento-salvador.org.br',NULL,'150,00','0,00','10,00',108,171,29,12,28,138,211,265,198,194,NULL,0,'2026-02-11 04:40:32','2026-02-11 04:40:32',5,40,7,30,NULL,NULL,NULL),(265,NULL,'Pr. Carolina Oliveira','91996904632','treinamento.recife@ministerio.com.br','Travessa dos Ipes','648','Sala 101','Jardim das Oliveiras','Recife','PE','12645866','https://www.treinamento-recife.org.br',NULL,'100,00','150,00','15,00',126,155,99,54,18,57,89,174,194,180,'Pariatur eos blanditiis qui nihil esse quibusdam temporibus aspernatur fuga quod est eaque facilis et facilis.',3,'2026-02-11 04:40:32','2026-02-11 04:40:32',7,36,16,30,NULL,NULL,NULL),(266,NULL,'Pr. Eduardo Silva','81903924332','treinamento.goiania@comunidade.com.br','Alameda das Flores','9408',NULL,'Santa Clara','Goiania','GO','99670728','https://www.treinamento-goiania.org.br',NULL,'100,00','0,00',NULL,88,1,17,22,52,220,40,99,135,23,NULL,2,'2026-02-11 04:40:32','2026-02-11 04:40:32',8,47,8,30,NULL,NULL,NULL),(267,NULL,'Pr. Daniel Oliveira','85941176694','treinamento.fortaleza@ministerio.com.br','Avenida Getulio Vargas','5697','Anexo A','Bela Vista','Fortaleza','CE','57841377','https://www.treinamento-fortaleza.org.br',NULL,'100,00','100,00',NULL,213,237,83,24,3,146,115,83,373,15,NULL,0,'2026-02-11 04:40:32','2026-02-11 04:40:32',6,102,24,30,NULL,NULL,NULL),(268,NULL,'Pr. Fernanda Rocha','11946344877','treinamento.belem@comunidade.com.br','Alameda Independencia','3558',NULL,'Bela Vista','Belem','PA','70467511','https://www.treinamento-belem.org.br',NULL,'50,00','100,00','15,00',107,253,14,21,4,177,272,135,321,152,NULL,1,'2026-02-11 04:40:32','2026-02-11 04:40:32',2,31,19,30,NULL,NULL,NULL),(269,NULL,'Pr. Tiago Ribeiro','61996505768','treinamento.recife@ministerio.com.br','Travessa Sete de Setembro','4384',NULL,'Centro','Recife','PE','25853138','https://www.treinamento-recife.org.br',NULL,'150,00','100,00',NULL,242,174,51,44,29,213,162,165,224,91,NULL,2,'2026-02-11 04:40:32','2026-02-11 04:40:32',1,20,1,30,NULL,NULL,NULL),(270,NULL,'Pr. Vitor Rezende','81910139542','treinamento.goiania@ministerio.com.br','Alameda das Flores','8958',NULL,'Boa Vista','Goiania','GO','61336276','https://www.treinamento-goiania.org.br',NULL,'0,00','50,00','20,00',167,22,114,9,11,243,192,222,185,152,NULL,2,'2026-02-11 04:40:32','2026-02-11 04:40:32',4,7,22,30,NULL,NULL,NULL),(271,NULL,'Pr. Eduardo Ramos','91946674068','treinamento.sao.paulo@igreja.org.br','Rua Independencia','1189',NULL,'Jardim America','Sao Paulo','SP','05549444','https://www.treinamento-sao-paulo.org.br',NULL,'100,00','150,00',NULL,153,189,113,44,35,95,282,259,210,86,NULL,1,'2026-02-11 04:40:32','2026-02-11 04:40:32',1,90,11,30,NULL,NULL,NULL),(272,NULL,'Pr. Rafael Moura','81919847534','treinamento.goiania@ministerio.com.br','Alameda Getulio Vargas','4965',NULL,'Vila Nova','Goiania','GO','19332844','https://www.treinamento-goiania.org.br',NULL,'50,00','0,00',NULL,140,53,116,24,40,90,35,124,371,2,NULL,3,'2026-02-11 04:40:32','2026-02-11 04:40:32',1,48,14,30,NULL,NULL,NULL),(273,NULL,'Pr. Lucas Barbosa','31936426704','treinamento.recife@comunidade.com.br','Travessa Santos Dumont','2760',NULL,'Bela Vista','Recife','PE','98243135','https://www.treinamento-recife.org.br',NULL,'100,00','100,00',NULL,275,117,116,11,46,34,231,213,228,106,NULL,1,'2026-02-11 04:40:32','2026-02-11 04:40:32',1,69,25,30,NULL,NULL,NULL),(274,NULL,'Pr. Rafael Santana','51942765024','treinamento.manaus@igreja.org.br','Rua Brasil','5537',NULL,'Santa Clara','Manaus','AM','71223073','https://www.treinamento-manaus.org.br',NULL,'50,00','50,00',NULL,247,135,91,15,54,60,93,300,209,57,NULL,3,'2026-02-11 04:40:32','2026-02-11 04:40:32',8,45,3,30,NULL,NULL,NULL),(275,NULL,'Pr. Tiago Silva','61929249431','treinamento.belem@ministerio.com.br','Alameda Rio Branco','8541',NULL,'Parque das Nacoes','Belem','PA','89449268','https://www.treinamento-belem.org.br',NULL,'200,00','50,00','20,00',161,237,0,55,28,173,156,136,346,68,NULL,1,'2026-02-11 04:40:32','2026-02-11 04:40:32',5,63,20,30,NULL,NULL,NULL),(276,NULL,'Pr. Beatriz Barbosa','85986959455','treinamento.manaus@igreja.org.br','Travessa das Flores','6325',NULL,'Parque das Nacoes','Manaus','AM','21722614','https://www.treinamento-manaus.org.br',NULL,'0,00','200,00',NULL,19,23,16,53,14,121,256,294,201,10,NULL,1,'2026-02-11 04:40:32','2026-02-11 04:40:32',8,36,12,30,NULL,NULL,NULL),(277,NULL,'Pr. Patricia Ribeiro','51949325926','treinamento.recife@comunidade.com.br','Rua Rio Branco','2490',NULL,'Jardim America','Recife','PE','01544592','https://www.treinamento-recife.org.br',NULL,'50,00','150,00',NULL,147,278,21,13,31,170,193,235,170,94,NULL,3,'2026-02-11 04:40:32','2026-02-11 04:40:32',7,16,13,30,NULL,NULL,NULL),(278,NULL,'Pr. Lucas Gomes','85994265133','treinamento.goiania@igreja.org.br','Avenida dos Ipes','909','Casa 2','Vila Esperanca','Goiania','GO','80548763','https://www.treinamento-goiania.org.br',NULL,'150,00','50,00',NULL,187,74,31,27,3,10,199,235,7,82,NULL,1,'2026-02-11 04:40:32','2026-02-11 04:40:32',7,90,5,30,NULL,NULL,NULL),(279,NULL,'Pr. Renata Dias','85926091811','treinamento.curitiba@igreja.org.br','Travessa das Flores','9360',NULL,'Santa Clara','Curitiba','PR','21360259','https://www.treinamento-curitiba.org.br',NULL,'150,00','150,00',NULL,272,242,89,51,60,159,269,287,340,18,'Vel nihil aperiam voluptas porro facilis natus ut voluptates non sed accusamus est nostrum ab.',2,'2026-02-11 04:40:32','2026-02-11 04:40:32',2,18,25,30,NULL,NULL,NULL),(280,NULL,'Pr. Camila Lima','31964457060','treinamento.salvador@ministerio.com.br','Avenida das Flores','7158',NULL,'Centro','Salvador','BA','60047527','https://www.treinamento-salvador.org.br',NULL,'0,00','200,00','10,00',137,156,91,35,43,122,279,257,389,45,NULL,3,'2026-02-11 04:40:32','2026-02-11 04:40:32',1,18,3,30,NULL,NULL,NULL),(281,NULL,'Pr. Beatriz Dias','85913815520','treinamento.rio.de.janeiro@comunidade.com.br','Travessa Santos Dumont','8759',NULL,'Nova Esperanca','Rio de Janeiro','RJ','94220485','https://www.treinamento-rio-de-janeiro.org.br',NULL,'0,00','0,00',NULL,74,241,105,17,7,246,83,110,66,107,NULL,3,'2026-02-11 04:40:32','2026-02-11 04:40:32',3,78,12,30,NULL,NULL,NULL),(282,NULL,'Pr. Marcos Silva','91901009771','treinamento.curitiba@igreja.org.br','Alameda Dom Pedro II','4532',NULL,'Nova Esperanca','Curitiba','PR','94668817','https://www.treinamento-curitiba.org.br',NULL,'0,00','100,00',NULL,71,210,16,33,26,208,229,56,32,173,'Explicabo repudiandae officia mollitia eum voluptatem corporis eligendi.',3,'2026-02-11 04:40:32','2026-02-11 04:40:32',4,16,1,30,NULL,NULL,NULL),(283,NULL,'Pr. Renata Moura','85902351558','treinamento.manaus@igreja.org.br','Avenida Sete de Setembro','2095',NULL,'Vila Esperanca','Manaus','AM','63578470','https://www.treinamento-manaus.org.br',NULL,'100,00','200,00','15,00',299,228,43,12,15,228,127,35,227,97,NULL,3,'2026-02-11 04:40:32','2026-02-11 04:40:32',5,50,2,30,NULL,NULL,NULL),(284,NULL,'Pr. Carolina Gomes','91942213660','treinamento.rio.de.janeiro@comunidade.com.br','Alameda Santos Dumont','8185','Fundos','Boa Vista','Rio de Janeiro','RJ','05538093','https://www.treinamento-rio-de-janeiro.org.br',NULL,'150,00','150,00',NULL,184,50,87,4,30,172,145,162,149,182,NULL,0,'2026-02-11 04:40:32','2026-02-11 04:40:32',1,55,15,30,NULL,NULL,NULL),(285,NULL,'Pr. Paulo Lima','51955430155','treinamento.salvador@comunidade.com.br','Travessa Brasil','2675',NULL,'Jardim das Oliveiras','Salvador','BA','77912835','https://www.treinamento-salvador.org.br',NULL,'50,00','100,00',NULL,283,164,1,33,48,56,151,266,99,32,NULL,1,'2026-02-11 04:40:32','2026-02-11 04:40:32',5,87,7,30,NULL,NULL,NULL),(286,NULL,'Pr. Isabela Oliveira','31967223514','treinamento.belem@igreja.org.br','Avenida dos Ipes','177',NULL,'Jardim das Oliveiras','Belem','PA','39718970','https://www.treinamento-belem.org.br',NULL,'0,00','0,00','15,00',79,236,39,11,59,139,19,12,159,177,'Quia qui et beatae aut laborum veritatis accusantium nobis earum dolorem.',1,'2026-02-11 04:40:32','2026-02-11 04:40:32',4,17,10,30,NULL,NULL,NULL),(287,NULL,'Pr. Eduardo Pereira','85999392369','treinamento.porto.alegre@ministerio.com.br','Rua das Flores','1977',NULL,'Nova Esperanca','Porto Alegre','RS','56176961','https://www.treinamento-porto-alegre.org.br',NULL,'0,00','50,00',NULL,97,112,95,32,22,215,100,191,357,72,'Reprehenderit quas a vitae quos sunt possimus deleniti et velit reiciendis.',1,'2026-02-11 04:40:32','2026-02-11 04:40:32',1,84,19,30,NULL,NULL,NULL),(288,NULL,'Pr. Juliana Dias','41908565158','treinamento.belo.horizonte@igreja.org.br','Avenida Santos Dumont','9506',NULL,'Boa Vista','Belo Horizonte','MG','98210353','https://www.treinamento-belo-horizonte.org.br',NULL,'100,00','0,00',NULL,147,268,73,59,4,74,112,158,251,120,NULL,0,'2026-02-11 04:40:32','2026-02-11 04:40:32',2,1,7,30,NULL,NULL,NULL),(289,NULL,'Pr. Andre Almeida','71979994446','treinamento.belem@ministerio.com.br','Avenida Rio Branco','2165',NULL,'Jardim America','Belem','PA','84886457','https://www.treinamento-belem.org.br',NULL,'50,00','0,00',NULL,13,36,92,42,36,66,265,250,368,156,NULL,3,'2026-02-11 04:40:32','2026-02-11 04:40:32',3,101,7,30,NULL,NULL,NULL),(290,NULL,'Pr. Amanda Gomes','41921959074','treinamento.brasilia@comunidade.com.br','Rua dos Ipes','7880','Anexo A','Bela Vista','Brasilia','DF','69144841','https://www.treinamento-brasilia.org.br',NULL,'100,00','150,00','5,00',178,128,56,47,45,41,116,38,309,37,NULL,2,'2026-02-11 04:40:32','2026-02-11 04:40:32',2,77,24,30,NULL,NULL,NULL),(291,NULL,'Pr. Carlos Moura','41901863265','treinamento.brasilia@igreja.org.br','Travessa das Flores','1769',NULL,'Parque das Nacoes','Brasilia','DF','68125224','https://www.treinamento-brasilia.org.br',NULL,'0,00','150,00','15,00',221,57,35,56,48,22,138,278,4,155,NULL,0,'2026-02-11 04:40:32','2026-02-11 04:40:32',6,13,5,30,NULL,NULL,NULL),(292,NULL,'Pr. Amanda Ferreira','81941900385','treinamento.fortaleza@ministerio.com.br','Alameda das Flores','9971',NULL,'Bela Vista','Fortaleza','CE','10366006','https://www.treinamento-fortaleza.org.br',NULL,'150,00','100,00',NULL,160,28,55,35,39,249,264,290,268,170,NULL,3,'2026-02-11 04:40:32','2026-02-11 04:40:32',4,58,4,30,NULL,NULL,NULL),(293,NULL,'Pr. Renata Ferreira','91994873773','treinamento.manaus@ministerio.com.br','Alameda Independencia','3628',NULL,'Parque das Nacoes','Manaus','AM','21004759','https://www.treinamento-manaus.org.br',NULL,'200,00','200,00',NULL,210,111,115,41,49,199,288,215,62,104,'Veritatis eum est corrupti qui recusandae laborum praesentium ipsa minus dolorum exercitationem tempora non aperiam.',3,'2026-02-11 04:40:32','2026-02-11 04:40:32',6,58,16,30,NULL,NULL,NULL),(294,NULL,'Pr. Daniel Martins','11946868683','treinamento.salvador@ministerio.com.br','Avenida Getulio Vargas','3064',NULL,'Jardim das Oliveiras','Salvador','BA','56041997','https://www.treinamento-salvador.org.br',NULL,'50,00','200,00','15,00',168,137,33,32,2,156,91,186,240,32,NULL,0,'2026-02-11 04:40:32','2026-02-11 04:40:32',4,1,10,30,NULL,NULL,NULL),(295,NULL,'Pr. Henrique Oliveira','11938584818','treinamento.fortaleza@igreja.org.br','Alameda das Flores','5390',NULL,'Boa Vista','Fortaleza','CE','78871107','https://www.treinamento-fortaleza.org.br',NULL,'0,00','50,00',NULL,82,100,41,11,22,125,127,269,330,141,'Deserunt eaque laboriosam aut voluptatibus omnis debitis alias voluptatem magnam nihil.',1,'2026-02-11 04:40:32','2026-02-11 04:40:32',6,65,26,30,NULL,NULL,NULL),(296,NULL,'Pr. Camila Martins','85926779681','treinamento.fortaleza@comunidade.com.br','Rua Independencia','5785',NULL,'Parque das Nacoes','Fortaleza','CE','64806514','https://www.treinamento-fortaleza.org.br',NULL,'50,00','150,00','15,00',278,298,11,48,38,90,153,185,85,115,'Autem dolor assumenda necessitatibus fugit praesentium eum iusto maxime.',2,'2026-02-11 04:40:32','2026-02-11 04:40:32',1,86,1,30,NULL,NULL,NULL),(297,NULL,'Pr. Patricia Oliveira','31976890193','treinamento.rio.de.janeiro@ministerio.com.br','Alameda Rio Branco','7409',NULL,'Santa Clara','Rio de Janeiro','RJ','67004960','https://www.treinamento-rio-de-janeiro.org.br',NULL,'150,00','0,00',NULL,89,290,31,44,45,54,225,169,208,17,'Et eos sit ex ut porro eius optio.',3,'2026-02-11 04:40:32','2026-02-11 04:40:32',6,87,2,30,NULL,NULL,NULL),(298,NULL,'Pr. Eduardo Lima','51935781037','treinamento.fortaleza@ministerio.com.br','Avenida Paulista','9876','Anexo A','Jardim America','Fortaleza','CE','21216139','https://www.treinamento-fortaleza.org.br',NULL,'200,00','50,00',NULL,0,258,2,59,49,164,180,30,24,115,'Sit nostrum hic ut ut praesentium fugit aperiam beatae omnis.',3,'2026-02-11 04:40:32','2026-02-11 04:40:32',6,59,15,30,NULL,NULL,NULL),(299,NULL,'Pr. Henrique Pereira','85925661138','treinamento.belem@igreja.org.br','Travessa Sete de Setembro','9870',NULL,'Jardim America','Belem','PA','24177002','https://www.treinamento-belem.org.br',NULL,'150,00','150,00',NULL,148,166,32,27,47,125,173,91,297,55,'Rerum fuga quia dolore est rem delectus amet quo alias eligendi.',0,'2026-02-11 04:40:32','2026-02-11 04:40:32',5,32,7,30,NULL,NULL,NULL),(300,NULL,'Pr. Larissa Barbosa','41925259083','treinamento.goiania@ministerio.com.br','Rua Dom Pedro II','148','Sala 101','Boa Vista','Goiania','GO','59199897','https://www.treinamento-goiania.org.br',NULL,'50,00','0,00',NULL,23,298,120,42,37,210,155,265,283,163,NULL,2,'2026-02-11 04:40:32','2026-02-11 04:40:32',6,83,22,30,NULL,NULL,NULL),(301,NULL,'Pr. Renata Ribeiro','21955992656','treinamento.fortaleza@ministerio.com.br','Alameda Independencia','9155','Bloco B','Centro','Fortaleza','CE','86638230','https://www.treinamento-fortaleza.org.br',NULL,'150,00','150,00',NULL,250,282,81,0,7,16,177,234,288,190,NULL,0,'2026-02-11 04:40:32','2026-02-11 04:40:32',4,50,23,30,NULL,NULL,NULL),(302,NULL,'Pr. Fernanda Souza','41977831735','treinamento.curitiba@ministerio.com.br','Avenida Getulio Vargas','7292',NULL,'Boa Vista','Curitiba','PR','43479618','https://www.treinamento-curitiba.org.br',NULL,'100,00','50,00',NULL,92,9,31,12,51,39,16,149,183,127,NULL,3,'2026-02-11 04:40:32','2026-02-11 04:40:32',4,102,23,30,NULL,NULL,NULL),(303,NULL,'Pr. Andre Almeida','11947663728','treinamento.sao.paulo@ministerio.com.br','Alameda das Flores','3084','Bloco B','Vila Nova','Sao Paulo','SP','84999594','https://www.treinamento-sao-paulo.org.br',NULL,'0,00','100,00',NULL,119,179,92,25,57,249,115,66,214,48,'Et est cupiditate autem doloremque ipsum iusto sit molestiae nesciunt magnam et quia dolores.',1,'2026-02-11 04:40:32','2026-02-11 04:40:32',8,72,12,30,NULL,NULL,NULL),(304,NULL,'Pr. Gabriel Carvalho','31992681221','treinamento.belem@igreja.org.br','Rua Dom Pedro II','5046','Bloco B','Vila Esperanca','Belem','PA','41372251','https://www.treinamento-belem.org.br',NULL,'0,00','150,00',NULL,63,176,59,15,16,225,162,71,101,118,NULL,2,'2026-02-11 04:40:32','2026-02-11 04:40:32',2,77,22,30,NULL,NULL,NULL),(305,NULL,'Pr. Gabriel Souza','81917620181','treinamento.sao.paulo@igreja.org.br','Travessa das Flores','1605',NULL,'Boa Vista','Sao Paulo','SP','38815280','https://www.treinamento-sao-paulo.org.br',NULL,'50,00','100,00',NULL,28,88,7,29,38,247,1,82,230,41,NULL,0,'2026-02-11 04:40:32','2026-02-11 04:40:32',7,78,23,30,NULL,NULL,NULL),(306,NULL,'Pr. Camila Ramos','11989977050','treinamento.rio.de.janeiro@comunidade.com.br','Avenida dos Ipes','4786',NULL,'Santa Clara','Rio de Janeiro','RJ','40761887','https://www.treinamento-rio-de-janeiro.org.br',NULL,'50,00','150,00','20,00',87,136,4,11,38,82,49,95,298,84,NULL,3,'2026-02-11 04:40:32','2026-02-11 04:40:32',1,48,12,30,NULL,NULL,NULL),(307,NULL,'Pr. Camila Costa','81966757407','treinamento.porto.alegre@ministerio.com.br','Alameda Independencia','6000',NULL,'Vila Nova','Porto Alegre','RS','98324958','https://www.treinamento-porto-alegre.org.br',NULL,'100,00','0,00',NULL,232,1,98,37,11,41,40,113,27,140,NULL,1,'2026-02-11 04:40:32','2026-02-11 04:40:32',5,26,3,30,NULL,NULL,NULL),(308,NULL,'Pr. Felipe Souza','61925158316','treinamento.sao.paulo@comunidade.com.br','Avenida Getulio Vargas','3720',NULL,'Vila Nova','Sao Paulo','SP','00805879','https://www.treinamento-sao-paulo.org.br',NULL,'0,00','0,00',NULL,121,115,4,39,22,94,251,97,389,61,NULL,2,'2026-02-11 04:40:32','2026-02-11 04:40:32',6,81,12,30,NULL,NULL,NULL),(309,NULL,'Pr. Eduardo Barbosa','41927066316','treinamento.recife@comunidade.com.br','Travessa das Flores','5782',NULL,'Boa Vista','Recife','PE','25592306','https://www.treinamento-recife.org.br',NULL,'50,00','0,00','10,00',155,178,7,29,10,85,105,112,153,157,NULL,3,'2026-02-11 04:40:32','2026-02-11 04:40:32',8,6,26,30,NULL,NULL,NULL),(310,NULL,'Pr. Tiago Souza','41913988698','treinamento.goiania@ministerio.com.br','Travessa Independencia','7206','Fundos','Jardim das Oliveiras','Goiania','GO','31531255','https://www.treinamento-goiania.org.br',NULL,'0,00','50,00','10,00',248,262,19,43,52,249,18,21,333,28,NULL,3,'2026-02-11 04:40:32','2026-02-11 04:40:32',5,3,21,30,NULL,NULL,NULL),(311,NULL,'Pr. Henrique Gomes','71909561138','treinamento.manaus@igreja.org.br','Avenida Independencia','895',NULL,'Nova Esperanca','Manaus','AM','14759205','https://www.treinamento-manaus.org.br',NULL,'200,00','50,00','10,00',263,196,63,45,30,69,206,182,144,13,NULL,0,'2026-02-11 04:40:32','2026-02-11 04:40:32',7,75,4,30,NULL,NULL,NULL);
/*!40000 ALTER TABLE `trainings` ENABLE KEYS */;
UNLOCK TABLES;

--
-- Table structure for table `users`
--

DROP TABLE IF EXISTS `users`;
/*!40101 SET @saved_cs_client     = @@character_set_client */;
/*!50503 SET character_set_client = utf8mb4 */;
CREATE TABLE `users` (
  `id` bigint unsigned NOT NULL AUTO_INCREMENT,
  `pastor` varchar(255) COLLATE utf8mb4_unicode_ci DEFAULT NULL,
  `name` varchar(255) COLLATE utf8mb4_unicode_ci NOT NULL,
  `birthdate` varchar(255) COLLATE utf8mb4_unicode_ci DEFAULT NULL,
  `gender` varchar(255) COLLATE utf8mb4_unicode_ci DEFAULT NULL,
  `profile_photo_path` varchar(255) COLLATE utf8mb4_unicode_ci DEFAULT NULL,
  `phone` varchar(255) COLLATE utf8mb4_unicode_ci DEFAULT NULL,
  `email` varchar(255) COLLATE utf8mb4_unicode_ci NOT NULL,
  `street` varchar(255) COLLATE utf8mb4_unicode_ci DEFAULT NULL,
  `number` varchar(255) COLLATE utf8mb4_unicode_ci DEFAULT NULL,
  `complement` varchar(255) COLLATE utf8mb4_unicode_ci DEFAULT NULL,
  `district` varchar(255) COLLATE utf8mb4_unicode_ci DEFAULT NULL,
  `city` varchar(255) COLLATE utf8mb4_unicode_ci DEFAULT NULL,
  `state` varchar(255) COLLATE utf8mb4_unicode_ci DEFAULT NULL,
  `postal_code` varchar(255) COLLATE utf8mb4_unicode_ci DEFAULT NULL,
  `notes` text COLLATE utf8mb4_unicode_ci,
  `email_verified_at` timestamp NULL DEFAULT NULL,
  `password` varchar(255) COLLATE utf8mb4_unicode_ci NOT NULL,
  `two_factor_secret` text COLLATE utf8mb4_unicode_ci,
  `two_factor_recovery_codes` text COLLATE utf8mb4_unicode_ci,
  `two_factor_confirmed_at` timestamp NULL DEFAULT NULL,
  `remember_token` varchar(100) COLLATE utf8mb4_unicode_ci DEFAULT NULL,
  `created_at` timestamp NULL DEFAULT NULL,
  `updated_at` timestamp NULL DEFAULT NULL,
  `church_id` bigint unsigned DEFAULT NULL,
  `church_temp_id` bigint unsigned DEFAULT NULL,
  PRIMARY KEY (`id`),
  UNIQUE KEY `users_email_unique` (`email`),
  KEY `users_church_id_foreign` (`church_id`),
  KEY `users_church_temp_id_foreign` (`church_temp_id`),
  CONSTRAINT `users_church_id_foreign` FOREIGN KEY (`church_id`) REFERENCES `churches` (`id`) ON DELETE SET NULL ON UPDATE CASCADE,
  CONSTRAINT `users_church_temp_id_foreign` FOREIGN KEY (`church_temp_id`) REFERENCES `church_temps` (`id`) ON DELETE SET NULL ON UPDATE CASCADE
) ENGINE=InnoDB AUTO_INCREMENT=106 DEFAULT CHARSET=utf8mb4 COLLATE=utf8mb4_unicode_ci;
/*!40101 SET character_set_client = @saved_cs_client */;

--
-- Dumping data for table `users`
--

LOCK TABLES `users` WRITE;
/*!40000 ALTER TABLE `users` DISABLE KEYS */;
INSERT INTO `users` VALUES (1,NULL,'Cleiton dos Santos',NULL,NULL,NULL,'21972765535','csilva@eeworks.org',NULL,NULL,NULL,NULL,NULL,NULL,NULL,NULL,NULL,'$2y$12$f0rgnR3QOz3we/61ocR1Su8X1MkSCIQbdpcXChVZ6SJaux32muncK',NULL,NULL,NULL,NULL,'2026-02-11 04:40:26','2026-02-11 04:40:26',1,NULL),(2,NULL,'Jailton Barreto Rangel',NULL,NULL,NULL,'21991046211','jailtonbarreto@eeworks.org',NULL,NULL,NULL,NULL,NULL,NULL,NULL,NULL,NULL,'$2y$12$.VA28ziitb.WLMO9VXahxu09OHYy0Ij4AoRf7OUlKwvPTObTJSkTS',NULL,NULL,NULL,NULL,'2026-02-11 04:40:27','2026-02-11 04:40:27',4,NULL),(3,NULL,'Cleverson Rodrigues',NULL,NULL,NULL,'6692603673','cleverson@eebrasil.org.br',NULL,NULL,NULL,NULL,NULL,NULL,NULL,NULL,NULL,'$2y$12$3PjtCJba7pDvzWbIzS3TEevH3ZSZtXB5wLB5OKbnFiKzTWRooK5Em',NULL,NULL,NULL,NULL,'2026-02-11 04:40:27','2026-02-11 04:40:27',5,NULL),(4,NULL,'Davdsion Freitas',NULL,NULL,NULL,'21992192082','davidsonfreitas@eebrasil.org.br',NULL,NULL,NULL,NULL,NULL,NULL,NULL,NULL,NULL,'$2y$12$wRtPTfH0SuQLp0sGbovxW.tScxlzr7KQqJkd2uxkSH524io6mLSRC',NULL,NULL,NULL,NULL,'2026-02-11 04:40:27','2026-02-11 04:40:27',3,NULL),(5,NULL,'Robert D. Foster',NULL,NULL,NULL,'6787364150','rfoster@eeworks.org',NULL,NULL,NULL,NULL,NULL,NULL,NULL,NULL,NULL,'$2y$12$44QGhoJmLqNJ6Khzma.iyOKWA3lusSt13uOtdQ9XU6pOOpcE5Ax2m',NULL,NULL,NULL,NULL,'2026-02-11 04:40:27','2026-02-11 04:40:27',6,NULL),(6,NULL,'Camila Oliveira',NULL,'Feminino',NULL,'91942999199','sueli60@example.org','Rua das Flores','9437',NULL,'Bela Vista','Recife','PE','12556319',NULL,'2026-02-11 04:40:27','$2y$12$AeWQip3pUhHgrGYZyLkbMOhpv2GdKdU1La7y0uGABWYGyANHKjpoq',NULL,NULL,NULL,'xzin4ED9qq','2026-02-11 04:40:28','2026-02-11 04:40:28',6,NULL),(7,NULL,'Eduardo Ribeiro','2019-02-12','Masculino',NULL,'11917849521','beltrao.vitor@example.org','Avenida Getulio Vargas','6488','Fundos','Jardim das Oliveiras','Fortaleza','DF','58409455',NULL,'2026-02-11 04:40:28','$2y$12$AeWQip3pUhHgrGYZyLkbMOhpv2GdKdU1La7y0uGABWYGyANHKjpoq',NULL,NULL,NULL,'487fNJQicN','2026-02-11 04:40:28','2026-02-11 04:40:28',23,NULL),(8,'Pra. Fernanda Rezende','Juliana Silva','1984-02-25',NULL,NULL,'31980324799','karen.feliciano@example.net','Alameda Getulio Vargas','8404','Bloco B','Jardim America','Belo Horizonte','BA','93790985',NULL,'2026-02-11 04:40:28','$2y$12$AeWQip3pUhHgrGYZyLkbMOhpv2GdKdU1La7y0uGABWYGyANHKjpoq',NULL,NULL,NULL,'xpe7tjoO1h','2026-02-11 04:40:28','2026-02-11 04:40:28',2,NULL),(9,NULL,'Carolina Cardoso','2019-04-27','Masculino',NULL,'41927888849','gabriela22@example.net','Alameda dos Ipes','5930','Casa 2','Jardim America','Goiania','SP','03556430',NULL,'2026-02-11 04:40:28','$2y$12$AeWQip3pUhHgrGYZyLkbMOhpv2GdKdU1La7y0uGABWYGyANHKjpoq',NULL,NULL,NULL,'OEOjJpm7FW','2026-02-11 04:40:28','2026-02-11 04:40:28',1,NULL),(10,'Pr. Isabela Moura','Isabela Souza','2016-11-15','Outro',NULL,'31946883028','paulo67@example.com','Travessa dos Ipes','5830',NULL,'Vila Nova','Salvador','SP','99629980',NULL,'2026-02-11 04:40:28','$2y$12$AeWQip3pUhHgrGYZyLkbMOhpv2GdKdU1La7y0uGABWYGyANHKjpoq',NULL,NULL,NULL,'XRY091MdTO','2026-02-11 04:40:28','2026-02-11 04:40:28',19,NULL),(11,NULL,'Eduardo Pereira','1975-03-02','Masculino',NULL,'21919181522','karen39@example.com','Alameda dos Ipes','8459',NULL,'Centro','Fortaleza','RJ','58163912','Vitae nulla architecto temporibus architecto rerum quia reprehenderit sunt numquam voluptatem dolores quis ipsam consequatur.','2026-02-11 04:40:28','$2y$12$AeWQip3pUhHgrGYZyLkbMOhpv2GdKdU1La7y0uGABWYGyANHKjpoq',NULL,NULL,NULL,'OjyS4LDY1j','2026-02-11 04:40:28','2026-02-11 04:40:28',4,NULL),(12,'Pra. Juliana Gomes','Isabela Costa','2012-02-08','Feminino',NULL,'91946874269','alves.mauricio@example.org','Avenida das Flores','6509','Apto 101','Nova Esperanca','Curitiba','CE','51875385',NULL,'2026-02-11 04:40:28','$2y$12$AeWQip3pUhHgrGYZyLkbMOhpv2GdKdU1La7y0uGABWYGyANHKjpoq',NULL,NULL,NULL,'AzBsyRg0FI','2026-02-11 04:40:28','2026-02-11 04:40:28',16,NULL),(13,NULL,'Rafael Pereira','1988-04-28','Feminino',NULL,'41931156826','hgomes@example.net','Rua dos Ipes','4078',NULL,'Parque das Nacoes','Rio de Janeiro','MG','70803919',NULL,'2026-02-11 04:40:28','$2y$12$AeWQip3pUhHgrGYZyLkbMOhpv2GdKdU1La7y0uGABWYGyANHKjpoq',NULL,NULL,NULL,'mvMNyBqznp','2026-02-11 04:40:28','2026-02-11 04:40:28',3,NULL),(14,'Pr. Mariana Martins','Paulo Ribeiro','2020-09-22',NULL,NULL,'71911035626','sdelatorre@example.com','Avenida dos Ipes','5230',NULL,'Parque das Nacoes','Salvador','DF','78011364',NULL,'2026-02-11 04:40:28','$2y$12$AeWQip3pUhHgrGYZyLkbMOhpv2GdKdU1La7y0uGABWYGyANHKjpoq',NULL,NULL,NULL,'DyhTBBAvZH','2026-02-11 04:40:28','2026-02-11 04:40:28',9,NULL),(15,NULL,'Carolina Carvalho','2000-09-25','Outro',NULL,'61919891298','pserra@example.com','Travessa Sete de Setembro','1089',NULL,'Parque das Nacoes','Sao Paulo','PA','49406175','Cum sequi unde est ut ipsam autem qui.','2026-02-11 04:40:28','$2y$12$AeWQip3pUhHgrGYZyLkbMOhpv2GdKdU1La7y0uGABWYGyANHKjpoq',NULL,NULL,NULL,'NEUBF2pqCz','2026-02-11 04:40:28','2026-02-11 04:40:28',9,NULL),(16,NULL,'Joao Dias','1987-06-17','Masculino',NULL,'51925110291','poliana96@example.org','Travessa Getulio Vargas','8279',NULL,'Santa Clara','Rio de Janeiro','GO','66932013',NULL,'2026-02-11 04:40:28','$2y$12$AeWQip3pUhHgrGYZyLkbMOhpv2GdKdU1La7y0uGABWYGyANHKjpoq',NULL,NULL,NULL,'sDDazcaYbF','2026-02-11 04:40:28','2026-02-11 04:40:28',19,NULL),(17,NULL,'Beatriz Silva','2019-01-20','Outro',NULL,'11964587269','paloma04@example.com','Avenida Brasil','8864',NULL,'Bela Vista','Porto Alegre','SP','78635204','Vitae qui excepturi fuga culpa aspernatur asperiores voluptatibus et fugiat magni est praesentium ipsam.','2026-02-11 04:40:28','$2y$12$AeWQip3pUhHgrGYZyLkbMOhpv2GdKdU1La7y0uGABWYGyANHKjpoq',NULL,NULL,NULL,'FXsUsEMeos','2026-02-11 04:40:28','2026-02-11 04:40:28',19,NULL),(18,NULL,'Gabriel Santana','2003-08-09','Outro',NULL,'11946166524','mauricio.valdez@example.com','Avenida Paulista','7339',NULL,'Jardim das Oliveiras','Belem','BA','31202920',NULL,'2026-02-11 04:40:28','$2y$12$AeWQip3pUhHgrGYZyLkbMOhpv2GdKdU1La7y0uGABWYGyANHKjpoq',NULL,NULL,NULL,'32Vu5SV6lO','2026-02-11 04:40:28','2026-02-11 04:40:28',3,NULL),(19,NULL,'Marcos Souza',NULL,'Masculino',NULL,'31930779831','uvila@example.org','Alameda Santos Dumont','5620','Bloco B','Vila Nova','Porto Alegre','PE','37622990',NULL,'2026-02-11 04:40:28','$2y$12$AeWQip3pUhHgrGYZyLkbMOhpv2GdKdU1La7y0uGABWYGyANHKjpoq',NULL,NULL,NULL,'NKiYHpQ4Ls','2026-02-11 04:40:28','2026-02-11 04:40:28',12,NULL),(20,NULL,'Mariana Gomes','1979-04-19','Outro',NULL,'71983597114','faria.rodrigo@example.com','Avenida Rio Branco','781','Bloco B','Santa Clara','Manaus','RS','53155953',NULL,'2026-02-11 04:40:28','$2y$12$AeWQip3pUhHgrGYZyLkbMOhpv2GdKdU1La7y0uGABWYGyANHKjpoq',NULL,NULL,NULL,'kV3VaO1Oo5','2026-02-11 04:40:28','2026-02-11 04:40:28',8,NULL),(21,'Pra. Camila Souza','Vitor Rezende','1984-12-19','Outro',NULL,'81932298070','claudio.marinho@example.org','Avenida dos Ipes','3330','Fundos','Parque das Nacoes','Manaus','GO','88112509',NULL,'2026-02-11 04:40:28','$2y$12$AeWQip3pUhHgrGYZyLkbMOhpv2GdKdU1La7y0uGABWYGyANHKjpoq',NULL,NULL,NULL,'jqfhS5UZyP','2026-02-11 04:40:28','2026-02-11 04:40:28',16,NULL),(22,NULL,'Beatriz Ribeiro','2004-01-29','Masculino',NULL,'85917065841','saito.cristiano@example.com','Rua Brasil','8287',NULL,'Parque das Nacoes','Rio de Janeiro','DF','47898925',NULL,'2026-02-11 04:40:28','$2y$12$AeWQip3pUhHgrGYZyLkbMOhpv2GdKdU1La7y0uGABWYGyANHKjpoq',NULL,NULL,NULL,'TPmFI8fdTn','2026-02-11 04:40:28','2026-02-11 04:40:28',18,NULL),(23,NULL,'Felipe Ferreira','2008-02-11','Outro',NULL,'21900300453','demian71@example.com','Travessa Getulio Vargas','3458','Bloco B','Vila Esperanca','Sao Paulo','PR','84712252',NULL,'2026-02-11 04:40:28','$2y$12$AeWQip3pUhHgrGYZyLkbMOhpv2GdKdU1La7y0uGABWYGyANHKjpoq',NULL,NULL,NULL,'6LXlbW0M1l','2026-02-11 04:40:28','2026-02-11 04:40:28',16,NULL),(24,NULL,'Mariana Silva','2022-01-04','Masculino',NULL,'81983698048','gisela25@example.com','Avenida Sete de Setembro','8679',NULL,'Nova Esperanca','Sao Paulo','MG','89725449',NULL,'2026-02-11 04:40:28','$2y$12$AeWQip3pUhHgrGYZyLkbMOhpv2GdKdU1La7y0uGABWYGyANHKjpoq',NULL,NULL,NULL,'oDGUrUZikn','2026-02-11 04:40:28','2026-02-11 04:40:28',11,NULL),(25,NULL,'Lucas Gomes','1996-09-14','Outro',NULL,'51915150227','wilson17@example.com','Alameda Getulio Vargas','3609',NULL,'Centro','Manaus','MG','07445511',NULL,'2026-02-11 04:40:28','$2y$12$AeWQip3pUhHgrGYZyLkbMOhpv2GdKdU1La7y0uGABWYGyANHKjpoq',NULL,NULL,NULL,'fAHagcsE2N','2026-02-11 04:40:28','2026-02-11 04:40:28',22,NULL),(26,'Pra. Henrique Lima','Juliana Gomes','1990-05-05','Feminino',NULL,'41977152465','molina.marcos@example.org','Avenida dos Ipes','7102',NULL,'Boa Vista','Manaus','GO','62579518',NULL,'2026-02-11 04:40:28','$2y$12$AeWQip3pUhHgrGYZyLkbMOhpv2GdKdU1La7y0uGABWYGyANHKjpoq',NULL,NULL,NULL,'ExkHxMryKH','2026-02-11 04:40:28','2026-02-11 04:40:28',1,NULL),(27,NULL,'Daniel Rezende',NULL,'Feminino',NULL,'71945608108','otavio.serna@example.com','Avenida Getulio Vargas','3710',NULL,'Centro','Belem','PR','31433738',NULL,'2026-02-11 04:40:28','$2y$12$AeWQip3pUhHgrGYZyLkbMOhpv2GdKdU1La7y0uGABWYGyANHKjpoq',NULL,NULL,NULL,'p1V9GJ3Tb2','2026-02-11 04:40:28','2026-02-11 04:40:28',11,NULL),(28,NULL,'Vitor Ferreira',NULL,'Masculino',NULL,'11945792754','rios.gian@example.net','Avenida Dom Pedro II','4418',NULL,'Boa Vista','Porto Alegre','AM','60404446',NULL,'2026-02-11 04:40:28','$2y$12$AeWQip3pUhHgrGYZyLkbMOhpv2GdKdU1La7y0uGABWYGyANHKjpoq',NULL,NULL,NULL,'8YiQcPkiPL','2026-02-11 04:40:28','2026-02-11 04:40:28',20,NULL),(29,NULL,'Felipe Barbosa','1994-02-10','Masculino',NULL,'11902776140','mauricio.corona@example.com','Travessa dos Ipes','2264',NULL,'Bela Vista','Fortaleza','MG','90685109',NULL,'2026-02-11 04:40:28','$2y$12$AeWQip3pUhHgrGYZyLkbMOhpv2GdKdU1La7y0uGABWYGyANHKjpoq',NULL,NULL,NULL,'VBLI3CfwDX','2026-02-11 04:40:28','2026-02-11 04:40:28',20,NULL),(30,NULL,'Amanda Rocha','2001-03-09','Feminino',NULL,'31905450727','emanuel.guerra@example.org','Travessa dos Ipes','7912','Bloco B','Santa Clara','Brasilia','PE','26655748',NULL,'2026-02-11 04:40:28','$2y$12$AeWQip3pUhHgrGYZyLkbMOhpv2GdKdU1La7y0uGABWYGyANHKjpoq',NULL,NULL,NULL,'Ovx0g0K5Ti','2026-02-11 04:40:28','2026-02-11 04:40:28',18,NULL),(31,NULL,'Carlos Ferreira','1992-08-28','Masculino',NULL,'85938394728','manuel.dearruda@example.org','Travessa Rio Branco','6087',NULL,'Vila Esperanca','Salvador','MG','18961388',NULL,'2026-02-11 04:40:28','$2y$12$AeWQip3pUhHgrGYZyLkbMOhpv2GdKdU1La7y0uGABWYGyANHKjpoq',NULL,NULL,NULL,'G02I5mPIW6','2026-02-11 04:40:28','2026-02-11 04:40:28',8,NULL),(32,NULL,'Amanda Ramos','1978-09-12','Outro',NULL,'51946690387','santacruz.renan@example.org','Avenida Independencia','6409',NULL,'Vila Esperanca','Porto Alegre','RJ','93234771',NULL,'2026-02-11 04:40:28','$2y$12$AeWQip3pUhHgrGYZyLkbMOhpv2GdKdU1La7y0uGABWYGyANHKjpoq',NULL,NULL,NULL,'e3s0HPkeQY','2026-02-11 04:40:28','2026-02-11 04:40:28',16,NULL),(33,NULL,'Carolina Cardoso','2011-08-24','Outro',NULL,'71960140272','zferreira@example.org','Avenida dos Ipes','2064','Apto 101','Bela Vista','Belo Horizonte','GO','85888452',NULL,'2026-02-11 04:40:28','$2y$12$AeWQip3pUhHgrGYZyLkbMOhpv2GdKdU1La7y0uGABWYGyANHKjpoq',NULL,NULL,NULL,'1tBejNJxuh','2026-02-11 04:40:28','2026-02-11 04:40:28',9,NULL),(34,NULL,'Isabela Almeida',NULL,'Feminino',NULL,'31976938111','antonio28@example.org','Avenida Rio Branco','9941',NULL,'Jardim das Oliveiras','Manaus','PA','96498529',NULL,'2026-02-11 04:40:28','$2y$12$AeWQip3pUhHgrGYZyLkbMOhpv2GdKdU1La7y0uGABWYGyANHKjpoq',NULL,NULL,NULL,'rwPruRcbG3','2026-02-11 04:40:28','2026-02-11 04:40:28',14,NULL),(35,'Pra. Joao Ribeiro','Fernanda Gomes',NULL,'Feminino',NULL,'81913736260','gmarin@example.net','Alameda das Flores','3775',NULL,'Santa Clara','Belem','SP','70300999',NULL,'2026-02-11 04:40:28','$2y$12$AeWQip3pUhHgrGYZyLkbMOhpv2GdKdU1La7y0uGABWYGyANHKjpoq',NULL,NULL,NULL,'0SFyBzjQDx','2026-02-11 04:40:28','2026-02-11 04:40:28',3,NULL),(36,NULL,'Andre Silva','1979-04-28','Masculino',NULL,'85970303786','kfurtado@example.org','Alameda dos Ipes','8718',NULL,'Jardim das Oliveiras','Fortaleza','CE','40187267','A id saepe aut debitis quis repellendus et.','2026-02-11 04:40:28','$2y$12$AeWQip3pUhHgrGYZyLkbMOhpv2GdKdU1La7y0uGABWYGyANHKjpoq',NULL,NULL,NULL,'iVY7Z0sP5F','2026-02-11 04:40:28','2026-02-11 04:40:28',9,NULL),(37,NULL,'Felipe Dias','2025-08-19','Feminino',NULL,'51947773598','wbenez@example.com','Alameda Independencia','8968',NULL,'Nova Esperanca','Curitiba','PE','38762492',NULL,'2026-02-11 04:40:28','$2y$12$AeWQip3pUhHgrGYZyLkbMOhpv2GdKdU1La7y0uGABWYGyANHKjpoq',NULL,NULL,NULL,'fSknRHf2Ak','2026-02-11 04:40:28','2026-02-11 04:40:28',10,NULL),(38,NULL,'Renata Costa','1984-05-15','Outro',NULL,'91934548025','vasques.maite@example.org','Rua Sete de Setembro','5704',NULL,'Jardim America','Brasilia','RS','13348837',NULL,'2026-02-11 04:40:28','$2y$12$AeWQip3pUhHgrGYZyLkbMOhpv2GdKdU1La7y0uGABWYGyANHKjpoq',NULL,NULL,NULL,'We2k1X1kdv','2026-02-11 04:40:28','2026-02-11 04:40:28',17,NULL),(39,NULL,'Renata Ramos',NULL,'Feminino',NULL,'21906520858','mpadrao@example.org','Avenida Santos Dumont','8753',NULL,'Jardim America','Goiania','PR','19542233',NULL,'2026-02-11 04:40:28','$2y$12$AeWQip3pUhHgrGYZyLkbMOhpv2GdKdU1La7y0uGABWYGyANHKjpoq',NULL,NULL,NULL,'bWX7XXbMXR','2026-02-11 04:40:28','2026-02-11 04:40:28',6,NULL),(40,NULL,'Andre Rezende',NULL,'Masculino',NULL,'85957950601','ayla07@example.net','Avenida Dom Pedro II','9918','Fundos','Vila Nova','Belo Horizonte','CE','11923794','Omnis enim quia voluptas quaerat laboriosam consectetur voluptate provident ut et repudiandae accusantium vel voluptatem et voluptas.','2026-02-11 04:40:28','$2y$12$AeWQip3pUhHgrGYZyLkbMOhpv2GdKdU1La7y0uGABWYGyANHKjpoq',NULL,NULL,NULL,'1InCvIk0A7','2026-02-11 04:40:28','2026-02-11 04:40:28',4,NULL),(41,NULL,'Isabela Dias','1993-06-25','Feminino',NULL,'91952324638','natal.goncalves@example.org','Alameda Sete de Setembro','6602',NULL,'Jardim America','Manaus','CE','49939331',NULL,'2026-02-11 04:40:28','$2y$12$AeWQip3pUhHgrGYZyLkbMOhpv2GdKdU1La7y0uGABWYGyANHKjpoq',NULL,NULL,NULL,'5YvD2QyJxJ','2026-02-11 04:40:28','2026-02-11 04:40:28',7,NULL),(42,NULL,'Marcos Santana',NULL,'Feminino',NULL,'91973173215','crivera@example.org','Avenida Rio Branco','2030',NULL,'Vila Nova','Recife','MG','60541878',NULL,'2026-02-11 04:40:28','$2y$12$AeWQip3pUhHgrGYZyLkbMOhpv2GdKdU1La7y0uGABWYGyANHKjpoq',NULL,NULL,NULL,'D0UQISJ4Al','2026-02-11 04:40:28','2026-02-11 04:40:28',13,NULL),(43,NULL,'Bruno Dias','2009-04-30','Outro',NULL,'61969200903','vicente16@example.net','Alameda Dom Pedro II','7867','Bloco B','Vila Esperanca','Curitiba','PR','24537581',NULL,'2026-02-11 04:40:28','$2y$12$AeWQip3pUhHgrGYZyLkbMOhpv2GdKdU1La7y0uGABWYGyANHKjpoq',NULL,NULL,NULL,'FfsRYcSYj9','2026-02-11 04:40:28','2026-02-11 04:40:28',13,NULL),(44,NULL,'Carlos Silva','1982-07-05','Masculino',NULL,'31993112641','luiz67@example.net','Alameda Paulista','9778',NULL,'Parque das Nacoes','Brasilia','RJ','55832128',NULL,'2026-02-11 04:40:28','$2y$12$AeWQip3pUhHgrGYZyLkbMOhpv2GdKdU1La7y0uGABWYGyANHKjpoq',NULL,NULL,NULL,'RySPMjfFP2','2026-02-11 04:40:28','2026-02-11 04:40:28',3,NULL),(45,'Pr. Felipe Souza','Mariana Oliveira','1998-05-23','Feminino',NULL,'21911739310','bbranco@example.org','Travessa Sete de Setembro','846',NULL,'Boa Vista','Belem','PR','06787047',NULL,'2026-02-11 04:40:28','$2y$12$AeWQip3pUhHgrGYZyLkbMOhpv2GdKdU1La7y0uGABWYGyANHKjpoq',NULL,NULL,NULL,'yBG2vYmwSM','2026-02-11 04:40:28','2026-02-11 04:40:28',13,NULL),(46,'Pr. Henrique Ribeiro','Gabriel Silva','2014-08-04','Masculino',NULL,'61923006513','irios@example.net','Rua Getulio Vargas','1188',NULL,'Jardim das Oliveiras','Salvador','PE','70151476','Quidem et autem nihil minus quaerat omnis dolorum voluptate sunt itaque ipsum.','2026-02-11 04:40:28','$2y$12$AeWQip3pUhHgrGYZyLkbMOhpv2GdKdU1La7y0uGABWYGyANHKjpoq',NULL,NULL,NULL,'Cwh4sivm4F','2026-02-11 04:40:28','2026-02-11 04:40:28',17,NULL),(47,NULL,'Marcos Almeida','2002-01-27',NULL,NULL,'61951182328','claudio.quintana@example.net','Avenida Rio Branco','1037','Casa 2','Santa Clara','Porto Alegre','SP','35352784',NULL,'2026-02-11 04:40:28','$2y$12$AeWQip3pUhHgrGYZyLkbMOhpv2GdKdU1La7y0uGABWYGyANHKjpoq',NULL,NULL,NULL,'J0uonGXuM5','2026-02-11 04:40:28','2026-02-11 04:40:28',14,NULL),(48,NULL,'Beatriz Carvalho','1989-06-23','Masculino',NULL,'21921705592','melissa.serrano@example.org','Avenida dos Ipes','9847',NULL,'Vila Nova','Fortaleza','PE','46815588',NULL,'2026-02-11 04:40:28','$2y$12$AeWQip3pUhHgrGYZyLkbMOhpv2GdKdU1La7y0uGABWYGyANHKjpoq',NULL,NULL,NULL,'KgdaUDBH9h','2026-02-11 04:40:28','2026-02-11 04:40:28',22,NULL),(49,NULL,'Andre Souza','2010-05-31','Masculino',NULL,'85994405043','andrea.dominato@example.net','Avenida dos Ipes','2632',NULL,'Boa Vista','Rio de Janeiro','PR','64841854',NULL,'2026-02-11 04:40:28','$2y$12$AeWQip3pUhHgrGYZyLkbMOhpv2GdKdU1La7y0uGABWYGyANHKjpoq',NULL,NULL,NULL,'SWvkhGTIxz','2026-02-11 04:40:28','2026-02-11 04:40:28',2,NULL),(50,NULL,'Renata Gomes','1981-07-15','Feminino',NULL,'11962924040','garagao@example.net','Travessa Paulista','5486',NULL,'Jardim das Oliveiras','Porto Alegre','DF','34560955','Iste in sunt qui voluptatem velit tempore qui.','2026-02-11 04:40:28','$2y$12$AeWQip3pUhHgrGYZyLkbMOhpv2GdKdU1La7y0uGABWYGyANHKjpoq',NULL,NULL,NULL,'niI9MTTGaN','2026-02-11 04:40:28','2026-02-11 04:40:28',6,NULL),(51,'Pr. Joao Pereira','Felipe Ramos','2017-11-30','Masculino',NULL,'11922096276','qaragao@example.org','Rua das Flores','9793',NULL,'Vila Esperanca','Rio de Janeiro','RJ','04742074',NULL,'2026-02-11 04:40:28','$2y$12$AeWQip3pUhHgrGYZyLkbMOhpv2GdKdU1La7y0uGABWYGyANHKjpoq',NULL,NULL,NULL,'W5jCnjYzwJ','2026-02-11 04:40:28','2026-02-11 04:40:28',26,NULL),(52,NULL,'Renata Ribeiro','1990-09-07','Masculino',NULL,'21972825214','mcordeiro@example.com','Alameda dos Ipes','3052',NULL,'Jardim America','Salvador','RJ','31782918',NULL,'2026-02-11 04:40:28','$2y$12$AeWQip3pUhHgrGYZyLkbMOhpv2GdKdU1La7y0uGABWYGyANHKjpoq',NULL,NULL,NULL,'8UF8Ojm1HY','2026-02-11 04:40:28','2026-02-11 04:40:28',11,NULL),(53,NULL,'Carlos Gomes','2003-12-28',NULL,NULL,'11918411708','jefferson73@example.net','Travessa Dom Pedro II','7414',NULL,'Parque das Nacoes','Fortaleza','RS','63121461',NULL,'2026-02-11 04:40:28','$2y$12$AeWQip3pUhHgrGYZyLkbMOhpv2GdKdU1La7y0uGABWYGyANHKjpoq',NULL,NULL,NULL,'TF4Sflliow','2026-02-11 04:40:28','2026-02-11 04:40:28',18,NULL),(54,NULL,'Larissa Rezende',NULL,'Masculino',NULL,'85964485386','bsalazar@example.com','Travessa Paulista','2082','Bloco B','Vila Esperanca','Salvador','SP','29562317',NULL,'2026-02-11 04:40:28','$2y$12$AeWQip3pUhHgrGYZyLkbMOhpv2GdKdU1La7y0uGABWYGyANHKjpoq',NULL,NULL,NULL,'XPfBKtRnVy','2026-02-11 04:40:28','2026-02-11 04:40:28',22,NULL),(55,'Pr. Henrique Rezende','Patricia Ribeiro','1987-04-29','Outro',NULL,'85902060672','roberta72@example.org','Avenida Independencia','3334',NULL,'Vila Nova','Porto Alegre','MG','11410964',NULL,'2026-02-11 04:40:28','$2y$12$AeWQip3pUhHgrGYZyLkbMOhpv2GdKdU1La7y0uGABWYGyANHKjpoq',NULL,NULL,NULL,'eh35iHXLaC','2026-02-11 04:40:28','2026-02-11 04:40:28',13,NULL),(56,'Pr. Bruno Santana','Juliana Rezende','2023-03-13','Feminino',NULL,'21902554939','leonardo.gil@example.com','Avenida Sete de Setembro','8869','Casa 2','Centro','Fortaleza','PE','78860013','In ipsum voluptas corrupti omnis nesciunt accusamus facere quod ut nam eos deleniti magni incidunt.','2026-02-11 04:40:28','$2y$12$AeWQip3pUhHgrGYZyLkbMOhpv2GdKdU1La7y0uGABWYGyANHKjpoq',NULL,NULL,NULL,'YlZCRAURqy','2026-02-11 04:40:28','2026-02-11 04:40:28',20,NULL),(57,NULL,'Lucas Santana','1984-07-14','Outro',NULL,'71982229061','ferreira.andre@example.com','Avenida Independencia','67','Bloco B','Parque das Nacoes','Porto Alegre','CE','50382912',NULL,'2026-02-11 04:40:28','$2y$12$AeWQip3pUhHgrGYZyLkbMOhpv2GdKdU1La7y0uGABWYGyANHKjpoq',NULL,NULL,NULL,'WPmJiSvxqP','2026-02-11 04:40:28','2026-02-11 04:40:28',2,NULL),(58,NULL,'Rafael Santana','2018-08-27','Feminino',NULL,'11902816285','obittencourt@example.com','Travessa Rio Branco','597','Casa 2','Nova Esperanca','Recife','CE','71888288',NULL,'2026-02-11 04:40:28','$2y$12$AeWQip3pUhHgrGYZyLkbMOhpv2GdKdU1La7y0uGABWYGyANHKjpoq',NULL,NULL,NULL,'TgQmfceLn6','2026-02-11 04:40:28','2026-02-11 04:40:28',7,NULL),(59,NULL,'Felipe Oliveira','2007-06-01','Feminino',NULL,'51926140178','manoela.lutero@example.net','Avenida Sete de Setembro','6515',NULL,'Centro','Brasilia','DF','58534822',NULL,'2026-02-11 04:40:28','$2y$12$AeWQip3pUhHgrGYZyLkbMOhpv2GdKdU1La7y0uGABWYGyANHKjpoq',NULL,NULL,NULL,'WdhcJFFoCa','2026-02-11 04:40:28','2026-02-11 04:40:28',2,NULL),(60,NULL,'Lucas Ribeiro','2001-08-19','Masculino',NULL,'21989210576','gcordeiro@example.org','Travessa Independencia','2595',NULL,'Bela Vista','Brasilia','BA','65577396',NULL,'2026-02-11 04:40:28','$2y$12$AeWQip3pUhHgrGYZyLkbMOhpv2GdKdU1La7y0uGABWYGyANHKjpoq',NULL,NULL,NULL,'LNuG3PKvrx','2026-02-11 04:40:28','2026-02-11 04:40:28',17,NULL),(61,NULL,'Vitor Ribeiro',NULL,'Masculino',NULL,'61981015644','vvila@example.org','Travessa Brasil','7895',NULL,'Santa Clara','Porto Alegre','BA','98119908',NULL,'2026-02-11 04:40:28','$2y$12$AeWQip3pUhHgrGYZyLkbMOhpv2GdKdU1La7y0uGABWYGyANHKjpoq',NULL,NULL,NULL,'qJbogGKFZJ','2026-02-11 04:40:28','2026-02-11 04:40:28',26,NULL),(62,NULL,'Tiago Oliveira','2017-07-10','Feminino',NULL,'81901986766','madeira.vicente@example.com','Alameda Sete de Setembro','7732','Fundos','Vila Nova','Manaus','SP','33263582',NULL,'2026-02-11 04:40:28','$2y$12$AeWQip3pUhHgrGYZyLkbMOhpv2GdKdU1La7y0uGABWYGyANHKjpoq',NULL,NULL,NULL,'4I3ACwjhCu','2026-02-11 04:40:28','2026-02-11 04:40:28',17,NULL),(63,NULL,'Isabela Cardoso','2010-07-04','Outro',NULL,'31921594661','deivid.lovato@example.com','Alameda Sete de Setembro','4385',NULL,'Vila Esperanca','Sao Paulo','SP','68989696',NULL,'2026-02-11 04:40:28','$2y$12$AeWQip3pUhHgrGYZyLkbMOhpv2GdKdU1La7y0uGABWYGyANHKjpoq',NULL,NULL,NULL,'dlOktTNs7O','2026-02-11 04:40:28','2026-02-11 04:40:28',24,NULL),(64,'Pr. Henrique Rezende','Eduardo Souza','1997-03-20',NULL,NULL,'21944735599','ocarrara@example.net','Avenida dos Ipes','3781',NULL,'Jardim das Oliveiras','Manaus','PA','60325409',NULL,'2026-02-11 04:40:28','$2y$12$AeWQip3pUhHgrGYZyLkbMOhpv2GdKdU1La7y0uGABWYGyANHKjpoq',NULL,NULL,NULL,'uVJ4UXpC0I','2026-02-11 04:40:28','2026-02-11 04:40:28',24,NULL),(65,NULL,'Carlos Lima','2011-02-01','Outro',NULL,'11993428531','faria.alexandre@example.org','Avenida Santos Dumont','1350',NULL,'Centro','Sao Paulo','SP','40662255',NULL,'2026-02-11 04:40:28','$2y$12$AeWQip3pUhHgrGYZyLkbMOhpv2GdKdU1La7y0uGABWYGyANHKjpoq',NULL,NULL,NULL,'dBqnyRi3cq','2026-02-11 04:40:28','2026-02-11 04:40:28',23,NULL),(66,NULL,'Juliana Silva','2025-12-12',NULL,NULL,'91947093639','gustavo.faria@example.org','Travessa Sete de Setembro','1349','Bloco B','Santa Clara','Brasilia','CE','32767074',NULL,'2026-02-11 04:40:28','$2y$12$AeWQip3pUhHgrGYZyLkbMOhpv2GdKdU1La7y0uGABWYGyANHKjpoq',NULL,NULL,NULL,'CTQvfq0xax','2026-02-11 04:40:28','2026-02-11 04:40:28',2,NULL),(67,NULL,'Fernanda Pereira','2003-12-27','Feminino',NULL,'85913830812','debora00@example.com','Travessa dos Ipes','61','Apto 101','Vila Esperanca','Curitiba','MG','91484146',NULL,'2026-02-11 04:40:28','$2y$12$AeWQip3pUhHgrGYZyLkbMOhpv2GdKdU1La7y0uGABWYGyANHKjpoq',NULL,NULL,NULL,'ywoG7mD08I','2026-02-11 04:40:28','2026-02-11 04:40:28',10,NULL),(68,NULL,'Tiago Carvalho','2009-05-19','Feminino',NULL,'81904720410','valdez.katherine@example.net','Rua dos Ipes','2091','Apto 101','Jardim America','Belem','BA','57542347',NULL,'2026-02-11 04:40:28','$2y$12$AeWQip3pUhHgrGYZyLkbMOhpv2GdKdU1La7y0uGABWYGyANHKjpoq',NULL,NULL,NULL,'9RFrx7V8Bn','2026-02-11 04:40:28','2026-02-11 04:40:28',24,NULL),(69,NULL,'Vitor Rocha','1992-06-30','Feminino',NULL,'51904418805','xmatos@example.net','Avenida Brasil','2670','Fundos','Vila Nova','Goiania','GO','08185443',NULL,'2026-02-11 04:40:28','$2y$12$AeWQip3pUhHgrGYZyLkbMOhpv2GdKdU1La7y0uGABWYGyANHKjpoq',NULL,NULL,NULL,'cwEvgg1WqC','2026-02-11 04:40:28','2026-02-11 04:40:28',7,NULL),(70,NULL,'Beatriz Ferreira','1994-03-01','Outro',NULL,'61903871207','andre.queiros@example.net','Alameda Paulista','1295',NULL,'Nova Esperanca','Curitiba','RS','25660350',NULL,'2026-02-11 04:40:28','$2y$12$AeWQip3pUhHgrGYZyLkbMOhpv2GdKdU1La7y0uGABWYGyANHKjpoq',NULL,NULL,NULL,'HVi7B4WsFm','2026-02-11 04:40:28','2026-02-11 04:40:28',23,NULL),(71,'Pra. Renata Cardoso','Paulo Rocha','2013-08-21','Masculino',NULL,'61904065020','santana.adriel@example.net','Avenida Santos Dumont','4103',NULL,'Centro','Brasilia','DF','91357552',NULL,'2026-02-11 04:40:28','$2y$12$AeWQip3pUhHgrGYZyLkbMOhpv2GdKdU1La7y0uGABWYGyANHKjpoq',NULL,NULL,NULL,'tuXbc2Tq7N','2026-02-11 04:40:28','2026-02-11 04:40:28',26,NULL),(72,'Pra. Carlos Martins','Isabela Costa','2001-07-10','Masculino',NULL,'81998161789','dayane63@example.net','Travessa dos Ipes','4002',NULL,'Santa Clara','Goiania','RS','81806194',NULL,'2026-02-11 04:40:28','$2y$12$AeWQip3pUhHgrGYZyLkbMOhpv2GdKdU1La7y0uGABWYGyANHKjpoq',NULL,NULL,NULL,'xpyRde1n7k','2026-02-11 04:40:28','2026-02-11 04:40:28',6,NULL),(73,NULL,'Beatriz Santana',NULL,'Masculino',NULL,'91921245052','efeliciano@example.net','Travessa Rio Branco','9297',NULL,'Bela Vista','Salvador','GO','22656982',NULL,'2026-02-11 04:40:28','$2y$12$AeWQip3pUhHgrGYZyLkbMOhpv2GdKdU1La7y0uGABWYGyANHKjpoq',NULL,NULL,NULL,'Qp422lV65i','2026-02-11 04:40:28','2026-02-11 04:40:28',14,NULL),(74,NULL,'Camila Pereira','2021-04-13','Outro',NULL,'31993610960','noel27@example.com','Travessa Santos Dumont','8751',NULL,'Vila Esperanca','Salvador','DF','73267023',NULL,'2026-02-11 04:40:28','$2y$12$AeWQip3pUhHgrGYZyLkbMOhpv2GdKdU1La7y0uGABWYGyANHKjpoq',NULL,NULL,NULL,'XjwfpkRzJT','2026-02-11 04:40:28','2026-02-11 04:40:28',6,NULL),(75,NULL,'Paulo Ribeiro','2003-04-03','Feminino',NULL,'71977927189','raphael.ferreira@example.com','Alameda das Flores','4848',NULL,'Nova Esperanca','Manaus','BA','27892715',NULL,'2026-02-11 04:40:28','$2y$12$AeWQip3pUhHgrGYZyLkbMOhpv2GdKdU1La7y0uGABWYGyANHKjpoq',NULL,NULL,NULL,'Lit972QDfP','2026-02-11 04:40:28','2026-02-11 04:40:28',16,NULL),(76,NULL,'Vitor Rezende','1989-05-15','Masculino',NULL,'85920307633','fonseca.nicolas@example.net','Avenida dos Ipes','6394',NULL,'Centro','Goiania','PR','43686347','Minima unde quam quod tempora delectus voluptas et eaque delectus iste sunt libero quidem.','2026-02-11 04:40:28','$2y$12$AeWQip3pUhHgrGYZyLkbMOhpv2GdKdU1La7y0uGABWYGyANHKjpoq',NULL,NULL,NULL,'0onBLnIGu9','2026-02-11 04:40:28','2026-02-11 04:40:28',18,NULL),(77,'Pr. Tiago Barbosa','Felipe Dias','2024-01-08','Outro',NULL,'71975043241','wverdara@example.org','Avenida das Flores','6088','Bloco B','Centro','Rio de Janeiro','MG','52180968',NULL,'2026-02-11 04:40:28','$2y$12$AeWQip3pUhHgrGYZyLkbMOhpv2GdKdU1La7y0uGABWYGyANHKjpoq',NULL,NULL,NULL,'Z19kSE0rCH','2026-02-11 04:40:28','2026-02-11 04:40:28',12,NULL),(78,NULL,'Bruno Martins','2019-09-26',NULL,NULL,'21979858638','galhardo.agustina@example.org','Alameda Santos Dumont','8747',NULL,'Vila Esperanca','Belem','CE','63865361',NULL,'2026-02-11 04:40:28','$2y$12$AeWQip3pUhHgrGYZyLkbMOhpv2GdKdU1La7y0uGABWYGyANHKjpoq',NULL,NULL,NULL,'ovNLfDfZFT','2026-02-11 04:40:28','2026-02-11 04:40:28',26,NULL),(79,NULL,'Marcos Barbosa','1979-02-01',NULL,NULL,'85939384127','natalia05@example.com','Avenida Sete de Setembro','5795','Casa 2','Boa Vista','Belem','SP','82345687',NULL,'2026-02-11 04:40:28','$2y$12$AeWQip3pUhHgrGYZyLkbMOhpv2GdKdU1La7y0uGABWYGyANHKjpoq',NULL,NULL,NULL,'bVmUQvUhEQ','2026-02-11 04:40:28','2026-02-11 04:40:28',7,NULL),(80,NULL,'Beatriz Rocha','2006-01-22',NULL,NULL,'31946285825','pontes.leo@example.net','Rua Sete de Setembro','2996',NULL,'Nova Esperanca','Salvador','DF','53813602',NULL,'2026-02-11 04:40:28','$2y$12$AeWQip3pUhHgrGYZyLkbMOhpv2GdKdU1La7y0uGABWYGyANHKjpoq',NULL,NULL,NULL,'uTPFzKwyuD','2026-02-11 04:40:28','2026-02-11 04:40:28',23,NULL),(81,NULL,'Bruno Gomes','2020-12-22','Feminino',NULL,'61911962294','pablo80@example.com','Travessa Brasil','5273',NULL,'Jardim America','Goiania','MG','61724285',NULL,'2026-02-11 04:40:28','$2y$12$AeWQip3pUhHgrGYZyLkbMOhpv2GdKdU1La7y0uGABWYGyANHKjpoq',NULL,NULL,NULL,'S0xkBH40hn','2026-02-11 04:40:28','2026-02-11 04:40:28',1,NULL),(82,NULL,'Andre Rocha','2019-10-19','Feminino',NULL,'85932333094','verdara.marilia@example.org','Avenida Dom Pedro II','6240','Fundos','Jardim America','Manaus','RJ','89676809','Odit laborum et et architecto aut quis aut nihil quod illo molestiae nobis est voluptatum minima.','2026-02-11 04:40:28','$2y$12$AeWQip3pUhHgrGYZyLkbMOhpv2GdKdU1La7y0uGABWYGyANHKjpoq',NULL,NULL,NULL,'qRFyaQWP5H','2026-02-11 04:40:28','2026-02-11 04:40:28',25,NULL),(83,NULL,'Patricia Almeida','1986-04-24','Outro',NULL,'81925228118','mary37@example.com','Travessa Santos Dumont','1744','Fundos','Santa Clara','Manaus','PR','05333721',NULL,'2026-02-11 04:40:28','$2y$12$AeWQip3pUhHgrGYZyLkbMOhpv2GdKdU1La7y0uGABWYGyANHKjpoq',NULL,NULL,NULL,'UJoMsoKf2g','2026-02-11 04:40:28','2026-02-11 04:40:28',10,NULL),(84,NULL,'Beatriz Oliveira',NULL,'Masculino',NULL,'81981741152','tiago.zamana@example.org','Travessa Paulista','6429','Casa 2','Bela Vista','Manaus','PA','99314696',NULL,'2026-02-11 04:40:28','$2y$12$AeWQip3pUhHgrGYZyLkbMOhpv2GdKdU1La7y0uGABWYGyANHKjpoq',NULL,NULL,NULL,'yEwiVsYpDb','2026-02-11 04:40:28','2026-02-11 04:40:28',17,NULL),(85,NULL,'Gabriel Pereira','1996-03-31','Feminino',NULL,'85920250054','gabi.escobar@example.net','Avenida Paulista','9704','Casa 2','Nova Esperanca','Salvador','SP','81059858',NULL,'2026-02-11 04:40:28','$2y$12$AeWQip3pUhHgrGYZyLkbMOhpv2GdKdU1La7y0uGABWYGyANHKjpoq',NULL,NULL,NULL,'N1wYRuEzGh','2026-02-11 04:40:28','2026-02-11 04:40:28',17,NULL),(86,NULL,'Eduardo Dias','2008-08-06','Outro',NULL,'51934717212','vitoria.neves@example.net','Rua Paulista','7215',NULL,'Santa Clara','Porto Alegre','PA','98565898',NULL,'2026-02-11 04:40:28','$2y$12$AeWQip3pUhHgrGYZyLkbMOhpv2GdKdU1La7y0uGABWYGyANHKjpoq',NULL,NULL,NULL,'nqxr5iBIMB','2026-02-11 04:40:28','2026-02-11 04:40:28',18,NULL),(87,NULL,'Mariana Barbosa','1976-04-18','Masculino',NULL,'71922032425','esteves.marcos@example.net','Avenida das Flores','8260',NULL,'Centro','Fortaleza','MG','29679503',NULL,'2026-02-11 04:40:28','$2y$12$AeWQip3pUhHgrGYZyLkbMOhpv2GdKdU1La7y0uGABWYGyANHKjpoq',NULL,NULL,NULL,'ZhZsEXGQDo','2026-02-11 04:40:28','2026-02-11 04:40:28',12,NULL),(88,NULL,'Vitor Costa','1976-03-28','Feminino',NULL,'81972842454','veronica79@example.net','Alameda dos Ipes','5119',NULL,'Centro','Goiania','CE','22553184','Tempore sint quidem aut est aspernatur aut maiores.','2026-02-11 04:40:28','$2y$12$AeWQip3pUhHgrGYZyLkbMOhpv2GdKdU1La7y0uGABWYGyANHKjpoq',NULL,NULL,NULL,'YSkxctOoOn','2026-02-11 04:40:28','2026-02-11 04:40:28',14,NULL),(89,NULL,'Renata Lima','1977-11-14','Masculino',NULL,'41981618125','zromero@example.com','Rua das Flores','9885','Bloco B','Nova Esperanca','Goiania','RJ','82594292',NULL,'2026-02-11 04:40:28','$2y$12$AeWQip3pUhHgrGYZyLkbMOhpv2GdKdU1La7y0uGABWYGyANHKjpoq',NULL,NULL,NULL,'oOJptWDIyg','2026-02-11 04:40:28','2026-02-11 04:40:28',15,NULL),(90,'Pr. Daniel Ferreira','Henrique Ribeiro','2020-01-21','Feminino',NULL,'21960322648','paz.maria@example.org','Rua Dom Pedro II','2957','Apto 101','Bela Vista','Curitiba','MG','50102056',NULL,'2026-02-11 04:40:28','$2y$12$AeWQip3pUhHgrGYZyLkbMOhpv2GdKdU1La7y0uGABWYGyANHKjpoq',NULL,NULL,NULL,'fZcxELrjIi','2026-02-11 04:40:28','2026-02-11 04:40:28',25,NULL),(91,NULL,'Renata Pereira','1974-06-29','Masculino',NULL,'41916370855','prado.ivan@example.com','Rua Paulista','9276',NULL,'Jardim America','Brasilia','PA','46675943',NULL,'2026-02-11 04:40:28','$2y$12$AeWQip3pUhHgrGYZyLkbMOhpv2GdKdU1La7y0uGABWYGyANHKjpoq',NULL,NULL,NULL,'7nM0L0kJX1','2026-02-11 04:40:28','2026-02-11 04:40:28',12,NULL),(92,NULL,'Carlos Martins','2000-08-08','Feminino',NULL,'21923505922','varanda@example.org','Alameda Dom Pedro II','1464',NULL,'Santa Clara','Belem','MG','39565472',NULL,'2026-02-11 04:40:28','$2y$12$AeWQip3pUhHgrGYZyLkbMOhpv2GdKdU1La7y0uGABWYGyANHKjpoq',NULL,NULL,NULL,'5ouD2sCyaa','2026-02-11 04:40:28','2026-02-11 04:40:28',25,NULL),(93,'Pra. Beatriz Carvalho','Patricia Pereira','2023-04-11','Masculino',NULL,'11997386616','laura.balestero@example.com','Rua Dom Pedro II','5443',NULL,'Boa Vista','Brasilia','SP','30646943','Non iste debitis quisquam repellat in laudantium ea aliquam qui sit harum ut nesciunt.','2026-02-11 04:40:28','$2y$12$AeWQip3pUhHgrGYZyLkbMOhpv2GdKdU1La7y0uGABWYGyANHKjpoq',NULL,NULL,NULL,'DdGabPRFWD','2026-02-11 04:40:28','2026-02-11 04:40:28',5,NULL),(94,NULL,'Andre Oliveira',NULL,'Masculino',NULL,'31943667212','noeli.cortes@example.org','Travessa Dom Pedro II','4321','Fundos','Jardim America','Curitiba','PA','93121534',NULL,'2026-02-11 04:40:28','$2y$12$AeWQip3pUhHgrGYZyLkbMOhpv2GdKdU1La7y0uGABWYGyANHKjpoq',NULL,NULL,NULL,'TwEJxXJoho','2026-02-11 04:40:28','2026-02-11 04:40:28',13,NULL),(95,NULL,'Felipe Rezende','2013-11-14','Outro',NULL,'21958113486','burgos.santiago@example.org','Avenida Getulio Vargas','8835',NULL,'Bela Vista','Sao Paulo','GO','77241989','Aut omnis corporis voluptas earum voluptatum natus labore illum.','2026-02-11 04:40:28','$2y$12$AeWQip3pUhHgrGYZyLkbMOhpv2GdKdU1La7y0uGABWYGyANHKjpoq',NULL,NULL,NULL,'H9b8hc5KbY','2026-02-11 04:40:28','2026-02-11 04:40:28',11,NULL),(96,'Pra. Eduardo Rezende','Carlos Gomes','1972-05-04','Masculino',NULL,'85966677090','benjamin40@example.com','Alameda Dom Pedro II','1717','Fundos','Parque das Nacoes','Curitiba','PR','79547058','Earum fuga nam ut aut neque quo aperiam pariatur est.','2026-02-11 04:40:28','$2y$12$AeWQip3pUhHgrGYZyLkbMOhpv2GdKdU1La7y0uGABWYGyANHKjpoq',NULL,NULL,NULL,'8nW18oEnCw','2026-02-11 04:40:28','2026-02-11 04:40:28',25,NULL),(97,NULL,'Rafael Ferreira',NULL,NULL,NULL,'51918849437','dasneves.matias@example.com','Travessa Brasil','8798','Bloco B','Jardim das Oliveiras','Fortaleza','RS','05753937','Dolor hic eos soluta facilis doloribus sit omnis dolor ab eaque cum sit sit porro non placeat.','2026-02-11 04:40:28','$2y$12$AeWQip3pUhHgrGYZyLkbMOhpv2GdKdU1La7y0uGABWYGyANHKjpoq',NULL,NULL,NULL,'SymHGZr5Mu','2026-02-11 04:40:28','2026-02-11 04:40:28',24,NULL),(98,'Pr. Andre Cardoso','Marcos Lima','1970-06-01','Feminino',NULL,'31959476621','stephany.duarte@example.org','Alameda das Flores','3666',NULL,'Vila Esperanca','Belem','PE','35351057',NULL,'2026-02-11 04:40:28','$2y$12$AeWQip3pUhHgrGYZyLkbMOhpv2GdKdU1La7y0uGABWYGyANHKjpoq',NULL,NULL,NULL,'HK0IqwLwTY','2026-02-11 04:40:28','2026-02-11 04:40:28',12,NULL),(99,NULL,'Amanda Cardoso','1990-02-20','Feminino',NULL,'41931182955','pena.artur@example.com','Avenida Getulio Vargas','8736',NULL,'Jardim das Oliveiras','Porto Alegre','RJ','40990190','Et veritatis quam ut iusto sunt sit soluta ut voluptas quisquam.','2026-02-11 04:40:28','$2y$12$AeWQip3pUhHgrGYZyLkbMOhpv2GdKdU1La7y0uGABWYGyANHKjpoq',NULL,NULL,NULL,'JufPuj0niV','2026-02-11 04:40:28','2026-02-11 04:40:28',4,NULL),(100,NULL,'Gabriel Ribeiro','2005-01-16','Feminino',NULL,'11912576272','nicole44@example.com','Travessa Paulista','5352',NULL,'Centro','Rio de Janeiro','DF','98270082',NULL,'2026-02-11 04:40:28','$2y$12$AeWQip3pUhHgrGYZyLkbMOhpv2GdKdU1La7y0uGABWYGyANHKjpoq',NULL,NULL,NULL,'6kwApcrYF8','2026-02-11 04:40:28','2026-02-11 04:40:28',3,NULL),(101,NULL,'Camila Pereira','1994-08-16','Outro',NULL,'81931634468','marcio72@example.com','Travessa Dom Pedro II','5994',NULL,'Jardim das Oliveiras','Recife','RS','52380278',NULL,'2026-02-11 04:40:28','$2y$12$AeWQip3pUhHgrGYZyLkbMOhpv2GdKdU1La7y0uGABWYGyANHKjpoq',NULL,NULL,NULL,'cn7UpMoYnz','2026-02-11 04:40:28','2026-02-11 04:40:28',9,NULL),(102,NULL,'Patricia Rezende','1975-01-20','Masculino',NULL,'61989870559','bella.toledo@example.net','Travessa Getulio Vargas','7319',NULL,'Jardim America','Goiania','SP','81382328',NULL,'2026-02-11 04:40:28','$2y$12$AeWQip3pUhHgrGYZyLkbMOhpv2GdKdU1La7y0uGABWYGyANHKjpoq',NULL,NULL,NULL,'EiSjvIm55p','2026-02-11 04:40:28','2026-02-11 04:40:28',21,NULL),(103,NULL,'Carolina Carvalho','1999-08-13','Feminino',NULL,'85904013048','burgos.vitor@example.org','Alameda Getulio Vargas','2389','Apto 101','Parque das Nacoes','Belo Horizonte','AM','60514685','Reiciendis quis similique voluptas aut officia accusantium animi.','2026-02-11 04:40:28','$2y$12$AeWQip3pUhHgrGYZyLkbMOhpv2GdKdU1La7y0uGABWYGyANHKjpoq',NULL,NULL,NULL,'kkN9m3UXJR','2026-02-11 04:40:28','2026-02-11 04:40:28',12,NULL),(104,NULL,'Daniel Cardoso','1979-11-03','Masculino',NULL,'71944017122','daiane99@example.com','Alameda das Flores','8178','Apto 101','Jardim America','Manaus','PR','56307951',NULL,'2026-02-11 04:40:28','$2y$12$AeWQip3pUhHgrGYZyLkbMOhpv2GdKdU1La7y0uGABWYGyANHKjpoq',NULL,NULL,NULL,'T9ezQrIdDT','2026-02-11 04:40:28','2026-02-11 04:40:28',11,NULL),(105,NULL,'Marcos Martins','1980-07-15','Feminino',NULL,'21985893646','josue03@example.com','Avenida Sete de Setembro','4799',NULL,'Santa Clara','Brasilia','PA','68196252',NULL,'2026-02-11 04:40:28','$2y$12$AeWQip3pUhHgrGYZyLkbMOhpv2GdKdU1La7y0uGABWYGyANHKjpoq',NULL,NULL,NULL,'HQ88QGmj8a','2026-02-11 04:40:28','2026-02-11 04:40:28',5,NULL);
/*!40000 ALTER TABLE `users` ENABLE KEYS */;
UNLOCK TABLES;

--
-- Table structure for table `vouchers`
--

DROP TABLE IF EXISTS `vouchers`;
/*!40101 SET @saved_cs_client     = @@character_set_client */;
/*!50503 SET character_set_client = utf8mb4 */;
CREATE TABLE `vouchers` (
  `id` bigint unsigned NOT NULL AUTO_INCREMENT,
  `training_id` bigint unsigned DEFAULT NULL,
  `name` varchar(255) COLLATE utf8mb4_unicode_ci NOT NULL,
  `value` varchar(255) COLLATE utf8mb4_unicode_ci NOT NULL,
  `created_at` timestamp NULL DEFAULT NULL,
  `updated_at` timestamp NULL DEFAULT NULL,
  PRIMARY KEY (`id`),
  KEY `vouchers_training_id_foreign` (`training_id`),
  CONSTRAINT `vouchers_training_id_foreign` FOREIGN KEY (`training_id`) REFERENCES `trainings` (`id`) ON DELETE CASCADE ON UPDATE CASCADE
) ENGINE=InnoDB DEFAULT CHARSET=utf8mb4 COLLATE=utf8mb4_unicode_ci;
/*!40101 SET character_set_client = @saved_cs_client */;

--
-- Dumping data for table `vouchers`
--

LOCK TABLES `vouchers` WRITE;
/*!40000 ALTER TABLE `vouchers` DISABLE KEYS */;
/*!40000 ALTER TABLE `vouchers` ENABLE KEYS */;
UNLOCK TABLES;
/*!40103 SET TIME_ZONE=@OLD_TIME_ZONE */;

/*!40101 SET SQL_MODE=@OLD_SQL_MODE */;
/*!40014 SET FOREIGN_KEY_CHECKS=@OLD_FOREIGN_KEY_CHECKS */;
/*!40014 SET UNIQUE_CHECKS=@OLD_UNIQUE_CHECKS */;
/*!40101 SET CHARACTER_SET_CLIENT=@OLD_CHARACTER_SET_CLIENT */;
/*!40101 SET CHARACTER_SET_RESULTS=@OLD_CHARACTER_SET_RESULTS */;
/*!40101 SET COLLATION_CONNECTION=@OLD_COLLATION_CONNECTION */;
/*!40111 SET SQL_NOTES=@OLD_SQL_NOTES */;

-- Dump completed on 2026-02-11 10:23:13
