/*!40101 SET @OLD_CHARACTER_SET_CLIENT=@@CHARACTER_SET_CLIENT */;
/*!40101 SET NAMES utf8 */;
/*!50503 SET NAMES utf8mb4 */;
/*!40103 SET @OLD_TIME_ZONE=@@TIME_ZONE */;
/*!40103 SET TIME_ZONE='+00:00' */;
/*!40014 SET @OLD_FOREIGN_KEY_CHECKS=@@FOREIGN_KEY_CHECKS, FOREIGN_KEY_CHECKS=0 */;
/*!40101 SET @OLD_SQL_MODE=@@SQL_MODE, SQL_MODE='NO_AUTO_VALUE_ON_ZERO' */;
/*!40111 SET @OLD_SQL_NOTES=@@SQL_NOTES, SQL_NOTES=0 */;

CREATE DATABASE IF NOT EXISTS `eebra780_development` /*!40100 DEFAULT CHARACTER SET utf8mb4 COLLATE utf8mb4_unicode_ci */ /*!80016 DEFAULT ENCRYPTION='N' */;
USE `eebra780_development`;

CREATE TABLE IF NOT EXISTS `cache` (
  `key` varchar(255) COLLATE utf8mb4_unicode_ci NOT NULL,
  `value` mediumtext COLLATE utf8mb4_unicode_ci NOT NULL,
  `expiration` int NOT NULL,
  PRIMARY KEY (`key`)
) ENGINE=InnoDB DEFAULT CHARSET=utf8mb4 COLLATE=utf8mb4_unicode_ci;

INSERT INTO `cache` (`key`, `value`, `expiration`) VALUES
	('evangelism-explosion-cache-468cd3cd90cacfb88de026244f4aea90', 'i:1;', 1770010186),
	('evangelism-explosion-cache-468cd3cd90cacfb88de026244f4aea90:timer', 'i:1770010186;', 1770010186);

CREATE TABLE IF NOT EXISTS `cache_locks` (
  `key` varchar(255) COLLATE utf8mb4_unicode_ci NOT NULL,
  `owner` varchar(255) COLLATE utf8mb4_unicode_ci NOT NULL,
  `expiration` int NOT NULL,
  PRIMARY KEY (`key`)
) ENGINE=InnoDB DEFAULT CHARSET=utf8mb4 COLLATE=utf8mb4_unicode_ci;


CREATE TABLE IF NOT EXISTS `categories` (
  `id` bigint unsigned NOT NULL AUTO_INCREMENT,
  `name` varchar(255) COLLATE utf8mb4_unicode_ci NOT NULL,
  `created_at` timestamp NULL DEFAULT NULL,
  `updated_at` timestamp NULL DEFAULT NULL,
  PRIMARY KEY (`id`)
) ENGINE=InnoDB DEFAULT CHARSET=utf8mb4 COLLATE=utf8mb4_unicode_ci;


CREATE TABLE IF NOT EXISTS `category_material` (
  `category_id` bigint unsigned DEFAULT NULL,
  `material_id` bigint unsigned DEFAULT NULL,
  KEY `category_material_category_id_foreign` (`category_id`),
  KEY `category_material_material_id_foreign` (`material_id`),
  CONSTRAINT `category_material_category_id_foreign` FOREIGN KEY (`category_id`) REFERENCES `categories` (`id`) ON DELETE CASCADE ON UPDATE CASCADE,
  CONSTRAINT `category_material_material_id_foreign` FOREIGN KEY (`material_id`) REFERENCES `materials` (`id`) ON DELETE CASCADE ON UPDATE CASCADE
) ENGINE=InnoDB DEFAULT CHARSET=utf8mb4 COLLATE=utf8mb4_unicode_ci;


CREATE TABLE IF NOT EXISTS `churches` (
  `id` bigint unsigned NOT NULL AUTO_INCREMENT,
  `name` varchar(255) COLLATE utf8mb4_unicode_ci NOT NULL,
  `pastor` varchar(255) COLLATE utf8mb4_unicode_ci DEFAULT NULL,
  `email` varchar(255) COLLATE utf8mb4_unicode_ci DEFAULT NULL,
  `phone` varchar(255) COLLATE utf8mb4_unicode_ci DEFAULT NULL,
  `street` varchar(255) COLLATE utf8mb4_unicode_ci DEFAULT NULL,
  `number` varchar(255) COLLATE utf8mb4_unicode_ci DEFAULT NULL,
  `complement` varchar(255) COLLATE utf8mb4_unicode_ci DEFAULT NULL,
  `district` varchar(255) COLLATE utf8mb4_unicode_ci DEFAULT NULL,
  `city` varchar(255) COLLATE utf8mb4_unicode_ci DEFAULT NULL,
  `state` varchar(255) COLLATE utf8mb4_unicode_ci DEFAULT NULL,
  `postal_code` varchar(255) COLLATE utf8mb4_unicode_ci DEFAULT NULL,
  `contact` varchar(255) COLLATE utf8mb4_unicode_ci DEFAULT NULL,
  `contact_phone` varchar(255) COLLATE utf8mb4_unicode_ci DEFAULT NULL,
  `contact_email` varchar(255) COLLATE utf8mb4_unicode_ci DEFAULT NULL,
  `notes` text COLLATE utf8mb4_unicode_ci,
  `logo` varchar(255) COLLATE utf8mb4_unicode_ci DEFAULT NULL,
  `created_at` timestamp NULL DEFAULT NULL,
  `updated_at` timestamp NULL DEFAULT NULL,
  PRIMARY KEY (`id`)
) ENGINE=InnoDB AUTO_INCREMENT=27 DEFAULT CHARSET=utf8mb4 COLLATE=utf8mb4_unicode_ci;

INSERT INTO `churches` (`id`, `name`, `pastor`, `email`, `phone`, `street`, `number`, `complement`, `district`, `city`, `state`, `postal_code`, `contact`, `contact_phone`, `contact_email`, `notes`, `logo`, `created_at`, `updated_at`) VALUES
	(1, 'Primeira Igreja Batista do Ingá', 'Pr. Edimar Guimarães Pereira', 'secretaria@pibinga.org.br', '2126211268', 'Rua Doutor Paulo Alves', '125', NULL, 'Ingá', 'Niterói', 'RJ', '24210445', 'Secretaria', '21984945914', 'secretaria@pibinga.org.br', 'Site: pibinga.org.br | Tel.: (21) 2621-1268 | WhatsApp: (21) 98494-5914 | End.: Rua Doutor Paulo Alves, 125 - Ingá - Niterói/RJ - CEP 24210-445 | Email do pastor (Atos6): ediguimaraes@yahoo.com.br', 'https://ik.imagekit.io/a6/uploads/organization/avatar/3744/4a5753cf-8004-42e6-8519-3af3d27734ff.jpg?tr=h-100%2Cw-100', '2026-02-02 08:26:23', '2026-02-02 08:26:23'),
	(2, 'Primeira Igreja Batista de Niterói', 'Pr. Paschoal Piragine Júnior', 'secretaria@pibn.org.br', '2127220355', 'Av. Marquês do Paraná', '225', NULL, 'Centro', 'Niterói', 'RJ', '24030215', 'Secretaria', '21984976149', 'secretaria@pibn.org.br', 'Site: pibn.org.br | End.: Av. Marquês do Paraná, 225 - Centro - Niterói/RJ - CEP 24030-215 | Tel.: (21) 2722-0355 | WhatsApp: (21) 98497-6149 | Cultos (perfil público): Dom 10h e 19h | Qua 19h30', NULL, '2026-02-02 08:26:23', '2026-02-02 08:26:23'),
	(3, 'Primeira Igreja Batista em Heliópolis', 'Pr. Davidson Freitas', 'equipecomunicacao.pibh@gmail.com', '2127611176', 'Rua Madame Mariana', '116', NULL, 'Heliópolis', 'Belford Roxo', 'RJ', '26123710', 'Equipe de Comunicação', '2127611176', 'equipecomunicacao.pibh@gmail.com', 'Site: pibheliopolis.org.br | End.: Rua Madame Mariana, 116 - Heliópolis - Belford Roxo/RJ - CEP 26123-710 | Tel.: (21) 2761-1176 | Cultos (perfil público): Dom 8h30 e 18h | Qua 19h30', 'https://yata-apix-a12c0cf0-3df6-47d2-95b4-5d3fee0f4766.s3-object.locaweb.com.br/e1f68fe4032f4cbcb93c0568c979563f.png', '2026-02-02 08:26:23', '2026-02-02 08:26:23'),
	(4, 'Primeira Igreja Batista em Itaipu', 'Pr. Marcos Caldeira Tristão', 'secretaria@pibitaipu.com.br', '2127099149', 'Estrada Francisco da Cruz Nunes', '308', NULL, 'Itaipu', 'Niterói', 'RJ', '24355160', 'Secretaria', '2127099149', 'secretaria@pibitaipu.com.br', 'Site: pibitaipu.com.br | End.: Estrada Francisco da Cruz Nunes, 308 - Itaipu - Niterói/RJ - CEP 24355-160 | Tel.: (21) 2709-9149 | Cultos (perfil público): Dom 10h30 e 19h30 | Qua 20h', NULL, '2026-02-02 08:26:23', '2026-02-02 08:26:23'),
	(5, 'Igreja Batista Memorial em Rondonópolis', 'Pr. Cleverson Rodrigues', 'batistamemorialroo@gmail.com', '66996911400', 'Avenida Guarapuava', '1087', NULL, 'Jardim Iguassu', 'Rondonópolis', 'MT', '78730312', 'Secretaria', '66996911400', 'batistamemorialroo@gmail.com', 'Site: ibmroo.com | End.: Av. Guarapuava, 1087 - Jardim Iguassu - Rondonópolis/MT - CEP 78730-312 | Tel./WhatsApp: (66) 99691-1400 | Programação (perfil público): Dom EBD 8h45 | Cultos 10h e 19h | Qua 19h30 | Sex Pequenos Grupos 19h30', NULL, '2026-02-02 08:26:23', '2026-02-02 08:26:23'),
	(6, 'First Baptist Church Atlanta', 'Dr. Anthony George', NULL, '7702348300', 'North Peachtree Road', '4400', NULL, 'Dunwoody', 'Atlanta', 'GA', '30338', 'Church Office', '7702348300', NULL, 'Site oficial: https://www.fba.org | Endereço oficial: 4400 North Peachtree Road, Atlanta, GA 30338 | Telefone oficial: 770.234.8300 | Senior Pastor: Dr. Anthony George | Fundada em 1848.', NULL, '2026-02-02 08:26:23', '2026-02-02 08:26:23'),
	(7, 'Igreja Comunidade Crista Ebenezer de Belo Horizonte', 'Pr. Henrique Rocha', 'ebenezer.belo.horizonte@ministerio.com.br', '85928291646', 'Avenida Rio Branco', '7725', NULL, 'Jardim America', 'Belo Horizonte', 'MG', '75699780', 'Juliana Souza', '21907570527', 'juliana.souza@hotmail.com', NULL, NULL, '2026-02-02 08:26:23', '2026-02-02 08:26:23'),
	(8, 'Igreja Evangelica Vida Nova de Manaus', 'Pr. Juliana Barbosa', 'vida.nova.manaus@ministerio.com.br', '51969836788', 'Avenida Getulio Vargas', '5670', 'Bloco B', 'Jardim America', 'Manaus', 'AM', '52271547', 'Felipe Gomes', '21929194563', 'felipe.gomes@outlook.com', NULL, NULL, '2026-02-02 08:26:23', '2026-02-02 08:26:23'),
	(9, 'Igreja Comunidade Crista Central de Fortaleza', 'Pr. Carlos Ramos', 'central.fortaleza@comunidade.com.br', '91960382077', 'Alameda Santos Dumont', '3307', NULL, 'Vila Esperanca', 'Fortaleza', 'CE', '87862603', 'Joao Martins', '85990773930', 'joao.martins@hotmail.com', NULL, NULL, '2026-02-02 08:26:23', '2026-02-02 08:26:23'),
	(10, 'Igreja Assembleia de Deus Esperanca de Fortaleza', 'Pr. Joao Carvalho', 'esperanca.fortaleza@ministerio.com.br', '51926323173', 'Avenida Santos Dumont', '8355', NULL, 'Jardim America', 'Fortaleza', 'CE', '66928930', 'Renata Rezende', '21974529096', 'renata.rezende@hotmail.com', NULL, NULL, '2026-02-02 08:26:23', '2026-02-02 08:26:23'),
	(11, 'Igreja do Nazareno Vida Nova de Salvador', 'Pr. Patricia Moura', 'vida.nova.salvador@igreja.org.br', '41993462311', 'Avenida Getulio Vargas', '2403', NULL, 'Vila Nova', 'Salvador', 'BA', '72156101', 'Amanda Rocha', '41908193142', 'amanda.rocha@gmail.com', NULL, NULL, '2026-02-02 08:26:23', '2026-02-02 08:26:23'),
	(12, 'Igreja do Nazareno Monte Sinai de Porto Alegre', 'Pr. Andre Dias', 'monte.sinai.porto.alegre@igreja.org.br', '85959894052', 'Travessa dos Ipês', '7357', NULL, 'Boa Vista', 'Porto Alegre', 'RS', '45174659', 'Carlos Carvalho', '11918451378', 'carlos.carvalho@hotmail.com', NULL, NULL, '2026-02-02 08:26:23', '2026-02-02 08:26:23'),
	(13, 'Igreja Evangelica Vida Nova de Sao Paulo', 'Pr. Fernanda Rezende', 'vida.nova.sao.paulo@ministerio.com.br', '11977410215', 'Alameda Dom Pedro II', '8726', NULL, 'Jardim das Oliveiras', 'Sao Paulo', 'SP', '41803831', 'Carlos Souza', '71962948648', 'carlos.souza@uol.com.br', NULL, NULL, '2026-02-02 08:26:23', '2026-02-02 08:26:23'),
	(14, 'Igreja do Nazareno Betel de Rio de Janeiro', 'Pr. Eduardo Barbosa', 'betel.rio.de.janeiro@comunidade.com.br', '85945516286', 'Rua Rio Branco', '1910', NULL, 'Boa Vista', 'Rio de Janeiro', 'RJ', '19658233', 'Carlos Gomes', '41992560146', 'carlos.gomes@gmail.com', NULL, NULL, '2026-02-02 08:26:23', '2026-02-02 08:26:23'),
	(15, 'Igreja Comunidade Crista Betel de Porto Alegre', 'Pr. Bruno Santana', 'betel.porto.alegre@ministerio.com.br', '31913110295', 'Travessa Getulio Vargas', '6479', NULL, 'Centro', 'Porto Alegre', 'RS', '02220839', 'Andre Martins', '81990868570', 'andre.martins@outlook.com', NULL, NULL, '2026-02-02 08:26:23', '2026-02-02 08:26:23'),
	(16, 'Igreja Comunidade Crista Ebenezer de Sao Paulo', 'Pr. Daniel Almeida', 'ebenezer.sao.paulo@comunidade.com.br', '31911590275', 'Rua Dom Pedro II', '298', NULL, 'Jardim America', 'Sao Paulo', 'SP', '94294173', 'Juliana Rezende', '21975885998', 'juliana.rezende@outlook.com', 'Vero atque aut quia aut ipsam facere qui numquam non veritatis et eaque.', NULL, '2026-02-02 08:26:23', '2026-02-02 08:26:23'),
	(17, 'Igreja do Nazareno Monte Sinai de Goiania', 'Pr. Larissa Pereira', 'monte.sinai.goiania@igreja.org.br', '91902588285', 'Alameda Santos Dumont', '7161', NULL, 'Boa Vista', 'Goiania', 'GO', '12261478', 'Daniel Dias', '61945741369', 'daniel.dias@uol.com.br', NULL, NULL, '2026-02-02 08:26:23', '2026-02-02 08:26:23'),
	(18, 'Igreja Comunidade Crista Nova Alianca de Recife', 'Pr. Rafael Souza', 'nova.alianca.recife@igreja.org.br', '51968378073', 'Alameda dos Ipês', '381', NULL, 'Bela Vista', 'Recife', 'PE', '95461358', 'Tiago Almeida', '81973679760', 'tiago.almeida@gmail.com', 'Et et odit voluptatum voluptates beatae expedita sunt quibusdam.', NULL, '2026-02-02 08:26:23', '2026-02-02 08:26:23'),
	(19, 'Igreja Presbiteriana Ebenezer de Rio de Janeiro', 'Pr. Eduardo Almeida', 'ebenezer.rio.de.janeiro@comunidade.com.br', '41964573073', 'Alameda Rio Branco', '6299', NULL, 'Centro', 'Rio de Janeiro', 'RJ', '31613561', 'Paulo Cardoso', '51961689165', 'paulo.cardoso@gmail.com', 'Recusandae sunt qui expedita voluptatem suscipit sequi et placeat at sed ipsum expedita nemo voluptatem veritatis dolorem.', NULL, '2026-02-02 08:26:23', '2026-02-02 08:26:23'),
	(20, 'Igreja do Nazareno Central de Manaus', 'Pr. Rafael Rocha', 'central.manaus@ministerio.com.br', '91937941094', 'Travessa Paulista', '5992', NULL, 'Vila Nova', 'Manaus', 'AM', '88159733', 'Andre Dias', '85972884671', 'andre.dias@hotmail.com', NULL, NULL, '2026-02-02 08:26:23', '2026-02-02 08:26:23'),
	(21, 'Igreja do Nazareno Esperanca de Goiania', 'Pr. Camila Pereira', 'esperanca.goiania@ministerio.com.br', '71986197932', 'Avenida Getulio Vargas', '1217', NULL, 'Parque das Nacoes', 'Goiania', 'GO', '20617846', 'Renata Ramos', '11903905456', 'renata.ramos@outlook.com', 'Error vel facere inventore illo sed maiores aut voluptas dolores distinctio perspiciatis temporibus.', NULL, '2026-02-02 08:26:23', '2026-02-02 08:26:23'),
	(22, 'Igreja Presbiteriana Ebenezer de Belo Horizonte', 'Pr. Daniel Ferreira', 'ebenezer.belo.horizonte@igreja.org.br', '41919277064', 'Avenida Brasil', '7789', 'Fundos', 'Centro', 'Belo Horizonte', 'MG', '97730273', 'Renata Souza', '21983888753', 'renata.souza@hotmail.com', NULL, NULL, '2026-02-02 08:26:23', '2026-02-02 08:26:23'),
	(23, 'Igreja Batista Memorial de Salvador', 'Pr. Mariana Costa', 'memorial.salvador@ministerio.com.br', '51910915549', 'Rua Dom Pedro II', '4967', 'Bloco B', 'Jardim das Oliveiras', 'Salvador', 'BA', '08077836', 'Marcos Gomes', '81976957557', 'marcos.gomes@uol.com.br', NULL, NULL, '2026-02-02 08:26:23', '2026-02-02 08:26:23'),
	(24, 'Igreja Assembleia de Deus Betel de Brasilia', 'Pr. Gabriel Dias', 'betel.brasilia@ministerio.com.br', '71951693978', 'Avenida Santos Dumont', '449', 'Sala 101', 'Vila Esperanca', 'Brasilia', 'DF', '09705954', 'Camila Ferreira', '51975700191', 'camila.ferreira@gmail.com', NULL, NULL, '2026-02-02 08:26:23', '2026-02-02 08:26:23'),
	(25, 'Igreja Batista Nova Alianca de Manaus', 'Pr. Patricia Barbosa', 'nova.alianca.manaus@comunidade.com.br', '71978482110', 'Rua Independencia', '5246', 'Bloco B', 'Nova Esperanca', 'Manaus', 'AM', '64613589', 'Mariana Martins', '51960696031', 'mariana.martins@outlook.com', NULL, NULL, '2026-02-02 08:26:23', '2026-02-02 08:26:23'),
	(26, 'Igreja Evangelica Ebenezer de Curitiba', 'Pr. Isabela Almeida', 'ebenezer.curitiba@comunidade.com.br', '81971804239', 'Alameda Rio Branco', '2881', 'Anexo A', 'Centro', 'Curitiba', 'PR', '21340369', 'Isabela Dias', '85957964868', 'isabela.dias@hotmail.com', 'A voluptate provident et porro et rerum ullam aut labore qui delectus esse rerum.', NULL, '2026-02-02 08:26:23', '2026-02-02 08:26:23');

CREATE TABLE IF NOT EXISTS `church_missionary` (
  `church_id` bigint unsigned DEFAULT NULL,
  `user_id` bigint unsigned DEFAULT NULL,
  KEY `church_missionary_church_id_foreign` (`church_id`),
  KEY `church_missionary_user_id_foreign` (`user_id`),
  CONSTRAINT `church_missionary_church_id_foreign` FOREIGN KEY (`church_id`) REFERENCES `churches` (`id`) ON DELETE CASCADE ON UPDATE CASCADE,
  CONSTRAINT `church_missionary_user_id_foreign` FOREIGN KEY (`user_id`) REFERENCES `users` (`id`) ON DELETE CASCADE ON UPDATE CASCADE
) ENGINE=InnoDB DEFAULT CHARSET=utf8mb4 COLLATE=utf8mb4_unicode_ci;


CREATE TABLE IF NOT EXISTS `church_temps` (
  `id` bigint unsigned NOT NULL AUTO_INCREMENT,
  `name` varchar(255) COLLATE utf8mb4_unicode_ci NOT NULL,
  `pastor` varchar(255) COLLATE utf8mb4_unicode_ci DEFAULT NULL,
  `email` varchar(255) COLLATE utf8mb4_unicode_ci DEFAULT NULL,
  `phone` varchar(255) COLLATE utf8mb4_unicode_ci DEFAULT NULL,
  `street` varchar(255) COLLATE utf8mb4_unicode_ci DEFAULT NULL,
  `number` varchar(255) COLLATE utf8mb4_unicode_ci DEFAULT NULL,
  `complement` varchar(255) COLLATE utf8mb4_unicode_ci DEFAULT NULL,
  `district` varchar(255) COLLATE utf8mb4_unicode_ci DEFAULT NULL,
  `city` varchar(255) COLLATE utf8mb4_unicode_ci DEFAULT NULL,
  `state` varchar(255) COLLATE utf8mb4_unicode_ci DEFAULT NULL,
  `postal_code` varchar(255) COLLATE utf8mb4_unicode_ci DEFAULT NULL,
  `contact` varchar(255) COLLATE utf8mb4_unicode_ci DEFAULT NULL,
  `contact_phone` varchar(255) COLLATE utf8mb4_unicode_ci DEFAULT NULL,
  `contact_email` varchar(255) COLLATE utf8mb4_unicode_ci DEFAULT NULL,
  `notes` text COLLATE utf8mb4_unicode_ci,
  `logo` varchar(255) COLLATE utf8mb4_unicode_ci DEFAULT NULL,
  `created_at` timestamp NULL DEFAULT NULL,
  `updated_at` timestamp NULL DEFAULT NULL,
  PRIMARY KEY (`id`)
) ENGINE=InnoDB DEFAULT CHARSET=utf8mb4 COLLATE=utf8mb4_unicode_ci;


CREATE TABLE IF NOT EXISTS `courses` (
  `id` bigint unsigned NOT NULL AUTO_INCREMENT,
  `order` varchar(255) COLLATE utf8mb4_unicode_ci DEFAULT NULL,
  `execution` int DEFAULT '0',
  `ojt_default_count` smallint unsigned NOT NULL DEFAULT '0',
  `ojt_default_policy` varchar(10) COLLATE utf8mb4_unicode_ci DEFAULT NULL,
  `type` varchar(255) COLLATE utf8mb4_unicode_ci DEFAULT NULL,
  `initials` varchar(255) COLLATE utf8mb4_unicode_ci DEFAULT NULL,
  `name` varchar(255) COLLATE utf8mb4_unicode_ci DEFAULT NULL,
  `slogan` varchar(255) COLLATE utf8mb4_unicode_ci DEFAULT NULL,
  `targetAudience` varchar(255) COLLATE utf8mb4_unicode_ci DEFAULT NULL,
  `learnMoreLink` varchar(255) COLLATE utf8mb4_unicode_ci DEFAULT NULL,
  `certificate` varchar(255) COLLATE utf8mb4_unicode_ci DEFAULT NULL,
  `color` varchar(255) COLLATE utf8mb4_unicode_ci DEFAULT '#4F4F4F',
  `description` text COLLATE utf8mb4_unicode_ci,
  `knowhow` text COLLATE utf8mb4_unicode_ci,
  `logo` varchar(255) COLLATE utf8mb4_unicode_ci DEFAULT NULL,
  `banner` varchar(255) COLLATE utf8mb4_unicode_ci DEFAULT NULL,
  `price` varchar(255) COLLATE utf8mb4_unicode_ci NOT NULL DEFAULT '0,00',
  `created_at` timestamp NULL DEFAULT NULL,
  `updated_at` timestamp NULL DEFAULT NULL,
  `ministry_id` bigint unsigned DEFAULT NULL,
  PRIMARY KEY (`id`),
  KEY `courses_ministry_id_foreign` (`ministry_id`),
  CONSTRAINT `courses_ministry_id_foreign` FOREIGN KEY (`ministry_id`) REFERENCES `ministries` (`id`) ON DELETE CASCADE ON UPDATE CASCADE
) ENGINE=InnoDB AUTO_INCREMENT=9 DEFAULT CHARSET=utf8mb4 COLLATE=utf8mb4_unicode_ci;

INSERT INTO `courses` (`id`, `order`, `execution`, `ojt_default_count`, `ojt_default_policy`, `type`, `initials`, `name`, `slogan`, `targetAudience`, `learnMoreLink`, `certificate`, `color`, `description`, `knowhow`, `logo`, `banner`, `price`, `created_at`, `updated_at`, `ministry_id`) VALUES
	(1, '0', 0, 0, NULL, 'Clínica', 'ev²', 'Evangelismo Eficaz', NULL, 'A Clínica de Evangelismo Eficaz é destinada a pastores, líderes e membros da igreja local que desejam ser treinados para viver e compartilhar o evangelho de forma bíblica, intencional e multiplicadora no dia a dia.', 'https://beta.eebrasil.org.br/ministry/everyday-evangelism', NULL, NULL, 'A Clínica de Evangelismo Explosivo capacita a igreja local a viver o evangelismo como estilo de vida, fortalecendo amizades intencionais, promovendo o evangelismo pessoal, estruturando o discipulado com acompanhamento e conduzindo a um crescimento saudável, no qual cada crente é preparado para testemunhar com fidelidade bíblica e compromisso com a Grande Comissão.', NULL, NULL, NULL, '180,00', '2026-02-02 08:26:25', '2026-02-02 08:26:25', 1),
	(2, '1', 1, 0, NULL, 'Workshop', 'ESM', 'Evangelho Em Sua Mão', NULL, 'A Implementação do Evangelismo Eficaz é destinada a membros da igreja local que desejam ser treinados para viver e compartilhar o evangelho de forma bíblica, intencional e multiplicadora no dia a dia.', 'https://beta.eebrasil.org.br/ministry/everyday-evangelism', NULL, NULL, NULL, NULL, NULL, NULL, '65,00', '2026-02-02 08:26:25', '2026-02-02 08:26:25', 1),
	(3, '2', 1, 0, NULL, 'implementation', 'e²', 'Explicar o Evangelho', NULL, 'A Implementação do Evangelismo Eficaz é destinada a membros da igreja local que desejam ser treinados para viver e compartilhar o evangelho de forma bíblica, intencional e multiplicadora no dia a dia.', 'https://beta.eebrasil.org.br/ministry/everyday-evangelism', NULL, NULL, NULL, NULL, NULL, NULL, '22,00', '2026-02-02 08:26:25', '2026-02-02 08:26:25', 1),
	(4, '3', 1, 0, NULL, 'implementation', 'm²', 'Mentorear para Multiplicar', NULL, 'A Implementação do Evangelismo Eficaz é destinada a membros da igreja local que desejam ser treinados para viver e compartilhar o evangelho de forma bíblica, intencional e multiplicadora no dia a dia.', 'https://beta.eebrasil.org.br/ministry/everyday-evangelism', NULL, NULL, NULL, NULL, NULL, NULL, '18,00', '2026-02-02 08:26:25', '2026-02-02 08:26:25', 1),
	(5, '4', 1, 0, NULL, 'implementation', 'c²', 'Crescer em Cristo', NULL, 'A Implementação do Evangelismo Eficaz é destinada a membros da igreja local que desejam ser treinados para viver e compartilhar o evangelho de forma bíblica, intencional e multiplicadora no dia a dia.', 'https://beta.eebrasil.org.br/ministry/everyday-evangelism', NULL, NULL, NULL, NULL, NULL, NULL, '18,00', '2026-02-02 08:26:25', '2026-02-02 08:26:25', 1),
	(6, '5', 1, 0, NULL, 'implementation', 'r²', 'Responder com a Razão', NULL, 'A Implementação do Evangelismo Eficaz é destinada a membros da igreja local que desejam ser treinados para viver e compartilhar o evangelho de forma bíblica, intencional e multiplicadora no dia a dia.', 'https://beta.eebrasil.org.br/ministry/everyday-evangelism', NULL, NULL, NULL, NULL, NULL, NULL, '18,00', '2026-02-02 08:26:25', '2026-02-02 08:26:25', 1),
	(7, '0', 0, 0, NULL, 'Workshop', 'EPC', 'Esperança Para Crianças', NULL, 'O Workshop Hope for Kids (EE-Kids) é destinado a professores, líderes de ministério infantil, pais e voluntários que desejam ser capacitados para apresentar o evangelho às crianças de forma bíblica, clara e adequada à sua faixa etária.', 'https://beta.eebrasil.org.br/ministry/kids-ee', NULL, NULL, 'O EE-Kids, por meio da ferramenta Esperança Para Crianças, capacita a igreja local a apresentar o evangelho de Cristo às crianças de forma clara, bíblica e apropriada à sua idade, envolvendo família e comunidade no processo. Com metodologia simples e fiel às Escrituras, o ministério forma líderes e voluntários para comunicar a mensagem da salvação, cultivar valores cristãos e estabelecer fundamentos de discipulado desde cedo, cooperando para o crescimento saudável da igreja. Em suma: sem atalhos, sem modismos, o bom e antigo evangelho, semeado nos corações pequenos para frutos eternos.', NULL, NULL, NULL, '50,00', '2026-02-02 08:26:25', '2026-02-02 08:26:25', 2),
	(8, '1', 1, 0, NULL, 'implementation', 'EPC', 'Esperança Para Crianças', NULL, 'O Workshop Hope for Kids (EE-Kids) é destinado a professores, líderes de ministério infantil, pais e voluntários que desejam ser capacitados para apresentar o evangelho às crianças de forma bíblica, clara e adequada à sua faixa etária.', 'https://beta.eebrasil.org.br/ministry/kids-ee', NULL, NULL, NULL, NULL, NULL, NULL, '10,00', '2026-02-02 08:26:25', '2026-02-02 08:26:25', 2);

CREATE TABLE IF NOT EXISTS `course_user` (
  `course_id` bigint unsigned DEFAULT NULL,
  `user_id` bigint unsigned DEFAULT NULL,
  `status` int NOT NULL DEFAULT '0',
  KEY `course_user_course_id_foreign` (`course_id`),
  KEY `course_user_user_id_foreign` (`user_id`),
  CONSTRAINT `course_user_course_id_foreign` FOREIGN KEY (`course_id`) REFERENCES `courses` (`id`) ON DELETE CASCADE ON UPDATE CASCADE,
  CONSTRAINT `course_user_user_id_foreign` FOREIGN KEY (`user_id`) REFERENCES `users` (`id`) ON DELETE CASCADE ON UPDATE CASCADE
) ENGINE=InnoDB DEFAULT CHARSET=utf8mb4 COLLATE=utf8mb4_unicode_ci;

INSERT INTO `course_user` (`course_id`, `user_id`, `status`) VALUES
	(1, NULL, 0),
	(1, 1, 0),
	(2, 1, 0),
	(3, 1, 0),
	(4, 1, 0),
	(5, 1, 0),
	(6, 1, 0),
	(7, 1, 0),
	(8, 1, 0);

CREATE TABLE IF NOT EXISTS `event_dates` (
  `id` bigint unsigned NOT NULL AUTO_INCREMENT,
  `training_id` bigint unsigned NOT NULL,
  `date` date NOT NULL,
  `start_time` time DEFAULT NULL,
  `end_time` time DEFAULT NULL,
  `created_at` timestamp NULL DEFAULT NULL,
  `updated_at` timestamp NULL DEFAULT NULL,
  PRIMARY KEY (`id`),
  UNIQUE KEY `event_dates_training_id_date_start_time_unique` (`training_id`,`date`,`start_time`),
  CONSTRAINT `event_dates_training_id_foreign` FOREIGN KEY (`training_id`) REFERENCES `trainings` (`id`) ON DELETE CASCADE ON UPDATE CASCADE
) ENGINE=InnoDB AUTO_INCREMENT=462 DEFAULT CHARSET=utf8mb4 COLLATE=utf8mb4_unicode_ci;

INSERT INTO `event_dates` (`id`, `training_id`, `date`, `start_time`, `end_time`, `created_at`, `updated_at`) VALUES
	(1, 1, '2026-02-06', '18:30:00', '21:30:00', NULL, NULL),
	(2, 1, '2026-02-07', '08:30:00', '21:30:00', NULL, NULL),
	(3, 1, '2026-02-08', '08:30:00', '18:00:00', NULL, NULL),
	(4, 2, '2026-02-02', '19:00:00', '22:30:00', NULL, NULL),
	(5, 2, '2026-02-03', '19:00:00', '22:30:00', NULL, NULL),
	(6, 2, '2026-02-04', '19:00:00', '22:30:00', NULL, NULL),
	(7, 2, '2026-02-05', '19:00:00', '22:30:00', NULL, NULL),
	(8, 2, '2026-02-06', '19:00:00', '22:30:00', NULL, NULL),
	(9, 2, '2026-02-07', '09:00:00', '17:00:00', NULL, NULL),
	(10, 3, '2026-02-12', '19:00:00', '21:30:00', '2026-02-02 08:26:26', '2026-02-02 08:26:26'),
	(11, 3, '2026-02-13', '08:00:00', '22:00:00', '2026-02-02 08:26:26', '2026-02-02 08:26:26'),
	(12, 3, '2026-02-14', '08:00:00', '18:00:00', '2026-02-02 08:26:26', '2026-02-02 08:26:26'),
	(13, 4, '2026-05-09', '19:00:00', '21:30:00', '2026-02-02 08:26:26', '2026-02-02 08:26:26'),
	(14, 4, '2026-05-10', '08:00:00', '22:00:00', '2026-02-02 08:26:26', '2026-02-02 08:26:26'),
	(15, 4, '2026-05-11', '08:00:00', '18:00:00', '2026-02-02 08:26:26', '2026-02-02 08:26:26'),
	(16, 5, '2026-05-28', '19:00:00', '21:30:00', '2026-02-02 08:26:26', '2026-02-02 08:26:26'),
	(17, 5, '2026-05-29', '08:00:00', '22:00:00', '2026-02-02 08:26:26', '2026-02-02 08:26:26'),
	(18, 5, '2026-05-30', '08:00:00', '18:00:00', '2026-02-02 08:26:26', '2026-02-02 08:26:26'),
	(19, 6, '2026-04-08', '19:00:00', '21:30:00', '2026-02-02 08:26:26', '2026-02-02 08:26:26'),
	(20, 6, '2026-04-09', '08:00:00', '22:00:00', '2026-02-02 08:26:26', '2026-02-02 08:26:26'),
	(21, 6, '2026-04-10', '08:00:00', '18:00:00', '2026-02-02 08:26:26', '2026-02-02 08:26:26'),
	(22, 7, '2026-04-24', '19:00:00', '21:30:00', '2026-02-02 08:26:26', '2026-02-02 08:26:26'),
	(23, 7, '2026-04-25', '08:00:00', '22:00:00', '2026-02-02 08:26:26', '2026-02-02 08:26:26'),
	(24, 7, '2026-04-26', '08:00:00', '18:00:00', '2026-02-02 08:26:26', '2026-02-02 08:26:26'),
	(25, 8, '2026-03-01', '19:00:00', '21:30:00', '2026-02-02 08:26:26', '2026-02-02 08:26:26'),
	(26, 8, '2026-03-02', '08:00:00', '22:00:00', '2026-02-02 08:26:26', '2026-02-02 08:26:26'),
	(27, 8, '2026-03-03', '08:00:00', '18:00:00', '2026-02-02 08:26:26', '2026-02-02 08:26:26'),
	(28, 9, '2026-04-18', '19:00:00', '21:30:00', '2026-02-02 08:26:26', '2026-02-02 08:26:26'),
	(29, 9, '2026-04-19', '08:00:00', '22:00:00', '2026-02-02 08:26:26', '2026-02-02 08:26:26'),
	(30, 9, '2026-04-20', '08:00:00', '18:00:00', '2026-02-02 08:26:26', '2026-02-02 08:26:26'),
	(31, 10, '2026-03-29', '19:00:00', '21:30:00', '2026-02-02 08:26:26', '2026-02-02 08:26:26'),
	(32, 10, '2026-03-30', '08:00:00', '22:00:00', '2026-02-02 08:26:26', '2026-02-02 08:26:26'),
	(33, 10, '2026-03-31', '08:00:00', '18:00:00', '2026-02-02 08:26:26', '2026-02-02 08:26:26'),
	(34, 11, '2026-06-01', '19:00:00', '21:30:00', '2026-02-02 08:26:26', '2026-02-02 08:26:26'),
	(35, 11, '2026-06-02', '08:00:00', '22:00:00', '2026-02-02 08:26:26', '2026-02-02 08:26:26'),
	(36, 11, '2026-06-03', '08:00:00', '18:00:00', '2026-02-02 08:26:26', '2026-02-02 08:26:26'),
	(37, 12, '2026-04-04', '19:00:00', '21:30:00', '2026-02-02 08:26:26', '2026-02-02 08:26:26'),
	(38, 12, '2026-04-05', '08:00:00', '22:00:00', '2026-02-02 08:26:26', '2026-02-02 08:26:26'),
	(39, 12, '2026-04-06', '08:00:00', '18:00:00', '2026-02-02 08:26:26', '2026-02-02 08:26:26'),
	(40, 13, '2026-04-01', '19:00:00', '21:30:00', '2026-02-02 08:26:26', '2026-02-02 08:26:26'),
	(41, 13, '2026-04-02', '08:00:00', '22:00:00', '2026-02-02 08:26:26', '2026-02-02 08:26:26'),
	(42, 13, '2026-04-03', '08:00:00', '18:00:00', '2026-02-02 08:26:26', '2026-02-02 08:26:26'),
	(43, 14, '2026-03-07', '19:00:00', '21:30:00', '2026-02-02 08:26:26', '2026-02-02 08:26:26'),
	(44, 14, '2026-03-08', '08:00:00', '22:00:00', '2026-02-02 08:26:26', '2026-02-02 08:26:26'),
	(45, 14, '2026-03-09', '08:00:00', '18:00:00', '2026-02-02 08:26:26', '2026-02-02 08:26:26'),
	(46, 15, '2026-04-23', '19:00:00', '21:30:00', '2026-02-02 08:26:26', '2026-02-02 08:26:26'),
	(47, 15, '2026-04-24', '08:00:00', '22:00:00', '2026-02-02 08:26:26', '2026-02-02 08:26:26'),
	(48, 15, '2026-04-25', '08:00:00', '18:00:00', '2026-02-02 08:26:26', '2026-02-02 08:26:26'),
	(49, 16, '2026-05-28', '19:00:00', '21:30:00', '2026-02-02 08:26:26', '2026-02-02 08:26:26'),
	(50, 16, '2026-05-29', '08:00:00', '22:00:00', '2026-02-02 08:26:26', '2026-02-02 08:26:26'),
	(51, 16, '2026-05-30', '08:00:00', '18:00:00', '2026-02-02 08:26:26', '2026-02-02 08:26:26'),
	(52, 17, '2026-03-13', '19:00:00', '21:30:00', '2026-02-02 08:26:26', '2026-02-02 08:26:26'),
	(53, 17, '2026-03-14', '08:00:00', '22:00:00', '2026-02-02 08:26:26', '2026-02-02 08:26:26'),
	(54, 17, '2026-03-15', '08:00:00', '18:00:00', '2026-02-02 08:26:26', '2026-02-02 08:26:26'),
	(55, 18, '2026-03-13', '19:00:00', '21:30:00', '2026-02-02 08:26:26', '2026-02-02 08:26:26'),
	(56, 18, '2026-03-14', '08:00:00', '22:00:00', '2026-02-02 08:26:26', '2026-02-02 08:26:26'),
	(57, 18, '2026-03-15', '08:00:00', '18:00:00', '2026-02-02 08:26:26', '2026-02-02 08:26:26'),
	(58, 19, '2026-02-23', '19:00:00', '21:30:00', '2026-02-02 08:26:26', '2026-02-02 08:26:26'),
	(59, 19, '2026-02-24', '08:00:00', '22:00:00', '2026-02-02 08:26:26', '2026-02-02 08:26:26'),
	(60, 19, '2026-02-25', '08:00:00', '18:00:00', '2026-02-02 08:26:26', '2026-02-02 08:26:26'),
	(61, 20, '2026-03-18', '19:00:00', '21:30:00', '2026-02-02 08:26:26', '2026-02-02 08:26:26'),
	(62, 20, '2026-03-19', '08:00:00', '22:00:00', '2026-02-02 08:26:26', '2026-02-02 08:26:26'),
	(63, 20, '2026-03-20', '08:00:00', '18:00:00', '2026-02-02 08:26:26', '2026-02-02 08:26:26'),
	(64, 21, '2026-04-03', '09:00:00', '17:00:00', '2026-02-02 08:26:26', '2026-02-02 08:26:26'),
	(65, 22, '2026-04-11', '09:00:00', '17:00:00', '2026-02-02 08:26:26', '2026-02-02 08:26:26'),
	(66, 23, '2026-05-29', '09:00:00', '17:00:00', '2026-02-02 08:26:26', '2026-02-02 08:26:26'),
	(67, 24, '2026-02-14', '09:00:00', '17:00:00', '2026-02-02 08:26:26', '2026-02-02 08:26:26'),
	(68, 25, '2026-03-11', '09:00:00', '17:00:00', '2026-02-02 08:26:26', '2026-02-02 08:26:26'),
	(69, 26, '2026-02-27', '09:00:00', '17:00:00', '2026-02-02 08:26:26', '2026-02-02 08:26:26'),
	(70, 27, '2026-04-12', '09:00:00', '17:00:00', '2026-02-02 08:26:26', '2026-02-02 08:26:26'),
	(71, 28, '2026-05-21', '09:00:00', '17:00:00', '2026-02-02 08:26:26', '2026-02-02 08:26:26'),
	(72, 29, '2026-03-06', '09:00:00', '17:00:00', '2026-02-02 08:26:26', '2026-02-02 08:26:26'),
	(73, 30, '2026-02-20', '09:00:00', '17:00:00', '2026-02-02 08:26:26', '2026-02-02 08:26:26'),
	(74, 31, '2026-04-04', '09:00:00', '17:00:00', '2026-02-02 08:26:26', '2026-02-02 08:26:26'),
	(75, 32, '2026-04-05', '09:00:00', '17:00:00', '2026-02-02 08:26:26', '2026-02-02 08:26:26'),
	(76, 33, '2026-03-12', '09:00:00', '17:00:00', '2026-02-02 08:26:26', '2026-02-02 08:26:26'),
	(77, 34, '2026-04-01', '09:00:00', '17:00:00', '2026-02-02 08:26:26', '2026-02-02 08:26:26'),
	(78, 35, '2026-05-26', '09:00:00', '17:00:00', '2026-02-02 08:26:26', '2026-02-02 08:26:26'),
	(79, 36, '2026-03-13', '09:00:00', '17:00:00', '2026-02-02 08:26:26', '2026-02-02 08:26:26'),
	(80, 37, '2026-02-25', '09:00:00', '17:00:00', '2026-02-02 08:26:26', '2026-02-02 08:26:26'),
	(81, 38, '2026-05-22', '09:00:00', '17:00:00', '2026-02-02 08:26:26', '2026-02-02 08:26:26'),
	(82, 39, '2026-03-05', '09:00:00', '17:00:00', '2026-02-02 08:26:26', '2026-02-02 08:26:26'),
	(83, 40, '2026-04-07', '09:00:00', '17:00:00', '2026-02-02 08:26:26', '2026-02-02 08:26:26'),
	(84, 41, '2026-05-02', '09:00:00', '17:00:00', '2026-02-02 08:26:26', '2026-02-02 08:26:26'),
	(85, 42, '2026-03-14', '09:00:00', '17:00:00', '2026-02-02 08:26:26', '2026-02-02 08:26:26'),
	(86, 43, '2026-03-16', '09:00:00', '17:00:00', '2026-02-02 08:26:26', '2026-02-02 08:26:26'),
	(87, 44, '2026-05-25', '09:00:00', '17:00:00', '2026-02-02 08:26:26', '2026-02-02 08:26:26'),
	(88, 45, '2026-04-23', '09:00:00', '17:00:00', '2026-02-02 08:26:26', '2026-02-02 08:26:26'),
	(89, 46, '2026-05-22', '09:00:00', '17:00:00', '2026-02-02 08:26:26', '2026-02-02 08:26:26'),
	(90, 47, '2026-02-21', '09:00:00', '17:00:00', '2026-02-02 08:26:26', '2026-02-02 08:26:26'),
	(91, 48, '2026-04-20', '09:00:00', '17:00:00', '2026-02-02 08:26:26', '2026-02-02 08:26:26'),
	(92, 49, '2026-04-30', '09:00:00', '17:00:00', '2026-02-02 08:26:26', '2026-02-02 08:26:26'),
	(93, 50, '2026-02-23', '09:00:00', '17:00:00', '2026-02-02 08:26:26', '2026-02-02 08:26:26'),
	(94, 51, '2026-03-21', '09:00:00', '17:00:00', '2026-02-02 08:26:26', '2026-02-02 08:26:26'),
	(95, 52, '2026-03-17', '09:00:00', '17:00:00', '2026-02-02 08:26:26', '2026-02-02 08:26:26'),
	(96, 53, '2026-04-29', '09:00:00', '17:00:00', '2026-02-02 08:26:26', '2026-02-02 08:26:26'),
	(97, 54, '2026-05-28', '09:00:00', '17:00:00', '2026-02-02 08:26:26', '2026-02-02 08:26:26'),
	(98, 55, '2026-02-16', '09:00:00', '17:00:00', '2026-02-02 08:26:26', '2026-02-02 08:26:26'),
	(99, 56, '2026-05-10', '09:00:00', '17:00:00', '2026-02-02 08:26:26', '2026-02-02 08:26:26'),
	(100, 57, '2026-04-20', '09:00:00', '17:00:00', '2026-02-02 08:26:27', '2026-02-02 08:26:27'),
	(101, 58, '2026-04-22', '08:00:00', '17:30:00', '2026-02-02 08:26:27', '2026-02-02 08:26:27'),
	(102, 58, '2026-04-23', '08:00:00', '17:30:00', '2026-02-02 08:26:27', '2026-02-02 08:26:27'),
	(103, 59, '2026-04-21', '09:00:00', '17:00:00', '2026-02-02 08:26:27', '2026-02-02 08:26:27'),
	(104, 60, '2026-03-01', '09:00:00', '17:00:00', '2026-02-02 08:26:27', '2026-02-02 08:26:27'),
	(105, 61, '2026-04-01', '09:00:00', '17:00:00', '2026-02-02 08:26:27', '2026-02-02 08:26:27'),
	(106, 62, '2026-03-02', '09:00:00', '17:00:00', '2026-02-02 08:26:27', '2026-02-02 08:26:27'),
	(107, 63, '2026-02-13', '09:00:00', '17:00:00', '2026-02-02 08:26:27', '2026-02-02 08:26:27'),
	(108, 64, '2026-03-21', '19:00:00', '21:30:00', '2026-02-02 08:26:27', '2026-02-02 08:26:27'),
	(109, 64, '2026-03-22', '08:00:00', '22:00:00', '2026-02-02 08:26:27', '2026-02-02 08:26:27'),
	(110, 64, '2026-03-23', '08:00:00', '18:00:00', '2026-02-02 08:26:27', '2026-02-02 08:26:27'),
	(111, 65, '2026-04-09', '08:00:00', '17:30:00', '2026-02-02 08:26:27', '2026-02-02 08:26:27'),
	(112, 65, '2026-04-10', '08:00:00', '17:30:00', '2026-02-02 08:26:27', '2026-02-02 08:26:27'),
	(113, 66, '2026-02-15', '09:00:00', '17:00:00', '2026-02-02 08:26:27', '2026-02-02 08:26:27'),
	(114, 67, '2026-02-16', '19:00:00', '21:30:00', '2026-02-02 08:26:27', '2026-02-02 08:26:27'),
	(115, 67, '2026-02-17', '08:00:00', '22:00:00', '2026-02-02 08:26:27', '2026-02-02 08:26:27'),
	(116, 67, '2026-02-18', '08:00:00', '18:00:00', '2026-02-02 08:26:27', '2026-02-02 08:26:27'),
	(117, 68, '2026-04-14', '09:00:00', '17:00:00', '2026-02-02 08:26:27', '2026-02-02 08:26:27'),
	(118, 69, '2026-04-20', '08:00:00', '17:30:00', '2026-02-02 08:26:27', '2026-02-02 08:26:27'),
	(119, 69, '2026-04-21', '08:00:00', '17:30:00', '2026-02-02 08:26:27', '2026-02-02 08:26:27'),
	(120, 70, '2026-05-10', '19:00:00', '21:30:00', '2026-02-02 08:26:27', '2026-02-02 08:26:27'),
	(121, 70, '2026-05-11', '08:00:00', '22:00:00', '2026-02-02 08:26:27', '2026-02-02 08:26:27'),
	(122, 70, '2026-05-12', '08:00:00', '18:00:00', '2026-02-02 08:26:27', '2026-02-02 08:26:27'),
	(123, 71, '2026-04-04', '19:00:00', '21:30:00', '2026-02-02 08:26:27', '2026-02-02 08:26:27'),
	(124, 71, '2026-04-05', '08:00:00', '22:00:00', '2026-02-02 08:26:27', '2026-02-02 08:26:27'),
	(125, 71, '2026-04-06', '08:00:00', '18:00:00', '2026-02-02 08:26:27', '2026-02-02 08:26:27'),
	(126, 72, '2026-05-19', '19:00:00', '21:30:00', '2026-02-02 08:26:27', '2026-02-02 08:26:27'),
	(127, 72, '2026-05-20', '08:00:00', '22:00:00', '2026-02-02 08:26:27', '2026-02-02 08:26:27'),
	(128, 72, '2026-05-21', '08:00:00', '18:00:00', '2026-02-02 08:26:27', '2026-02-02 08:26:27'),
	(129, 73, '2026-03-02', '09:00:00', '17:00:00', '2026-02-02 08:26:27', '2026-02-02 08:26:27'),
	(130, 74, '2026-05-27', '19:00:00', '21:30:00', '2026-02-02 08:26:27', '2026-02-02 08:26:27'),
	(131, 74, '2026-05-28', '08:00:00', '22:00:00', '2026-02-02 08:26:27', '2026-02-02 08:26:27'),
	(132, 74, '2026-05-29', '08:00:00', '18:00:00', '2026-02-02 08:26:27', '2026-02-02 08:26:27'),
	(133, 75, '2026-03-08', '09:00:00', '17:00:00', '2026-02-02 08:26:27', '2026-02-02 08:26:27'),
	(134, 76, '2026-05-22', '09:00:00', '17:00:00', '2026-02-02 08:26:27', '2026-02-02 08:26:27'),
	(135, 77, '2026-02-09', '19:00:00', '21:30:00', '2026-02-02 08:26:27', '2026-02-02 08:26:27'),
	(136, 77, '2026-02-10', '08:00:00', '22:00:00', '2026-02-02 08:26:27', '2026-02-02 08:26:27'),
	(137, 77, '2026-02-11', '08:00:00', '18:00:00', '2026-02-02 08:26:27', '2026-02-02 08:26:27'),
	(138, 78, '2026-04-02', '19:00:00', '21:30:00', '2026-02-02 08:26:27', '2026-02-02 08:26:27'),
	(139, 78, '2026-04-03', '08:00:00', '22:00:00', '2026-02-02 08:26:27', '2026-02-02 08:26:27'),
	(140, 78, '2026-04-04', '08:00:00', '18:00:00', '2026-02-02 08:26:27', '2026-02-02 08:26:27'),
	(141, 79, '2026-05-01', '09:00:00', '17:00:00', '2026-02-02 08:26:27', '2026-02-02 08:26:27'),
	(142, 80, '2026-05-14', '09:00:00', '17:00:00', '2026-02-02 08:26:27', '2026-02-02 08:26:27'),
	(143, 81, '2026-02-27', '09:00:00', '17:00:00', '2026-02-02 08:26:27', '2026-02-02 08:26:27'),
	(144, 82, '2026-03-12', '09:00:00', '17:00:00', '2026-02-02 08:26:27', '2026-02-02 08:26:27'),
	(145, 83, '2026-02-12', '09:00:00', '17:00:00', '2026-02-02 08:26:27', '2026-02-02 08:26:27'),
	(146, 84, '2026-05-24', '09:00:00', '17:00:00', '2026-02-02 08:26:27', '2026-02-02 08:26:27'),
	(147, 85, '2026-04-25', '09:00:00', '17:00:00', '2026-02-02 08:26:27', '2026-02-02 08:26:27'),
	(148, 86, '2026-04-07', '09:00:00', '17:00:00', '2026-02-02 08:26:27', '2026-02-02 08:26:27'),
	(149, 87, '2026-03-13', '09:00:00', '17:00:00', '2026-02-02 08:26:27', '2026-02-02 08:26:27'),
	(150, 88, '2026-02-21', '09:00:00', '17:00:00', '2026-02-02 08:26:27', '2026-02-02 08:26:27'),
	(151, 89, '2026-05-07', '19:00:00', '21:30:00', '2026-02-02 08:26:27', '2026-02-02 08:26:27'),
	(152, 89, '2026-05-08', '08:00:00', '22:00:00', '2026-02-02 08:26:27', '2026-02-02 08:26:27'),
	(153, 89, '2026-05-09', '08:00:00', '18:00:00', '2026-02-02 08:26:27', '2026-02-02 08:26:27'),
	(154, 90, '2026-03-19', '19:00:00', '21:30:00', '2026-02-02 08:26:27', '2026-02-02 08:26:27'),
	(155, 90, '2026-03-20', '08:00:00', '22:00:00', '2026-02-02 08:26:27', '2026-02-02 08:26:27'),
	(156, 90, '2026-03-21', '08:00:00', '18:00:00', '2026-02-02 08:26:27', '2026-02-02 08:26:27'),
	(157, 91, '2026-05-18', '09:00:00', '17:00:00', '2026-02-02 08:26:27', '2026-02-02 08:26:27'),
	(158, 92, '2026-02-17', '09:00:00', '17:00:00', '2026-02-02 08:26:27', '2026-02-02 08:26:27'),
	(159, 93, '2026-02-19', '09:00:00', '17:00:00', '2026-02-02 08:26:27', '2026-02-02 08:26:27'),
	(160, 94, '2026-05-21', '09:00:00', '17:00:00', '2026-02-02 08:26:27', '2026-02-02 08:26:27'),
	(161, 95, '2026-02-09', '09:00:00', '17:00:00', '2026-02-02 08:26:27', '2026-02-02 08:26:27'),
	(162, 96, '2026-05-05', '19:00:00', '21:30:00', '2026-02-02 08:26:27', '2026-02-02 08:26:27'),
	(163, 96, '2026-05-06', '08:00:00', '22:00:00', '2026-02-02 08:26:27', '2026-02-02 08:26:27'),
	(164, 96, '2026-05-07', '08:00:00', '18:00:00', '2026-02-02 08:26:27', '2026-02-02 08:26:27'),
	(165, 97, '2026-02-18', '09:00:00', '17:00:00', '2026-02-02 08:26:27', '2026-02-02 08:26:27'),
	(166, 98, '2026-04-24', '09:00:00', '17:00:00', '2026-02-02 08:26:27', '2026-02-02 08:26:27'),
	(167, 99, '2026-03-22', '09:00:00', '17:00:00', '2026-02-02 08:26:27', '2026-02-02 08:26:27'),
	(168, 100, '2026-04-30', '09:00:00', '17:00:00', '2026-02-02 08:26:27', '2026-02-02 08:26:27'),
	(169, 101, '2026-04-05', '08:00:00', '17:30:00', '2026-02-02 08:26:27', '2026-02-02 08:26:27'),
	(170, 101, '2026-04-06', '08:00:00', '17:30:00', '2026-02-02 08:26:27', '2026-02-02 08:26:27'),
	(171, 102, '2026-02-20', '08:00:00', '17:30:00', '2026-02-02 08:26:27', '2026-02-02 08:26:27'),
	(172, 102, '2026-02-21', '08:00:00', '17:30:00', '2026-02-02 08:26:27', '2026-02-02 08:26:27'),
	(173, 103, '2026-04-29', '09:00:00', '17:00:00', '2026-02-02 08:26:27', '2026-02-02 08:26:27'),
	(174, 104, '2026-04-03', '09:00:00', '17:00:00', '2026-02-02 08:26:27', '2026-02-02 08:26:27'),
	(175, 105, '2026-03-24', '09:00:00', '17:00:00', '2026-02-02 08:26:27', '2026-02-02 08:26:27'),
	(176, 106, '2026-05-24', '09:00:00', '17:00:00', '2026-02-02 08:26:27', '2026-02-02 08:26:27'),
	(177, 107, '2026-03-24', '09:00:00', '17:00:00', '2026-02-02 08:26:27', '2026-02-02 08:26:27'),
	(178, 108, '2026-04-05', '09:00:00', '17:00:00', '2026-02-02 08:26:27', '2026-02-02 08:26:27'),
	(179, 109, '2026-04-23', '09:00:00', '17:00:00', '2026-02-02 08:26:27', '2026-02-02 08:26:27'),
	(180, 110, '2026-05-02', '08:00:00', '17:30:00', '2026-02-02 08:26:27', '2026-02-02 08:26:27'),
	(181, 110, '2026-05-03', '08:00:00', '17:30:00', '2026-02-02 08:26:27', '2026-02-02 08:26:27'),
	(182, 111, '2026-03-28', '19:00:00', '21:30:00', '2026-02-02 08:26:27', '2026-02-02 08:26:27'),
	(183, 111, '2026-03-29', '08:00:00', '22:00:00', '2026-02-02 08:26:27', '2026-02-02 08:26:27'),
	(184, 111, '2026-03-30', '08:00:00', '18:00:00', '2026-02-02 08:26:27', '2026-02-02 08:26:27'),
	(185, 112, '2026-03-23', '09:00:00', '17:00:00', '2026-02-02 08:26:27', '2026-02-02 08:26:27'),
	(186, 113, '2026-04-05', '09:00:00', '17:00:00', '2026-02-02 08:26:27', '2026-02-02 08:26:27'),
	(187, 114, '2026-02-24', '09:00:00', '17:00:00', '2026-02-02 08:26:27', '2026-02-02 08:26:27'),
	(188, 115, '2026-04-02', '09:00:00', '17:00:00', '2026-02-02 08:26:27', '2026-02-02 08:26:27'),
	(189, 116, '2026-04-10', '08:00:00', '17:30:00', '2026-02-02 08:26:27', '2026-02-02 08:26:27'),
	(190, 116, '2026-04-11', '08:00:00', '17:30:00', '2026-02-02 08:26:27', '2026-02-02 08:26:27'),
	(191, 117, '2026-05-22', '08:00:00', '17:30:00', '2026-02-02 08:26:27', '2026-02-02 08:26:27'),
	(192, 117, '2026-05-23', '08:00:00', '17:30:00', '2026-02-02 08:26:27', '2026-02-02 08:26:27'),
	(193, 118, '2026-04-11', '09:00:00', '17:00:00', '2026-02-02 08:26:27', '2026-02-02 08:26:27'),
	(194, 119, '2026-02-12', '09:00:00', '17:00:00', '2026-02-02 08:26:27', '2026-02-02 08:26:27'),
	(195, 120, '2026-05-09', '09:00:00', '17:00:00', '2026-02-02 08:26:27', '2026-02-02 08:26:27'),
	(196, 121, '2026-04-19', '09:00:00', '17:00:00', '2026-02-02 08:26:27', '2026-02-02 08:26:27'),
	(197, 122, '2026-03-28', '09:00:00', '17:00:00', '2026-02-02 08:26:27', '2026-02-02 08:26:27'),
	(198, 123, '2026-03-13', '09:00:00', '17:00:00', '2026-02-02 08:26:27', '2026-02-02 08:26:27'),
	(199, 124, '2026-02-10', '09:00:00', '17:00:00', '2026-02-02 08:26:27', '2026-02-02 08:26:27'),
	(200, 125, '2026-03-13', '09:00:00', '17:00:00', '2026-02-02 08:26:27', '2026-02-02 08:26:27'),
	(201, 126, '2026-03-11', '09:00:00', '17:00:00', '2026-02-02 08:26:27', '2026-02-02 08:26:27'),
	(202, 127, '2026-06-02', '19:00:00', '21:30:00', '2026-02-02 08:26:27', '2026-02-02 08:26:27'),
	(203, 127, '2026-06-03', '08:00:00', '22:00:00', '2026-02-02 08:26:27', '2026-02-02 08:26:27'),
	(204, 127, '2026-06-04', '08:00:00', '18:00:00', '2026-02-02 08:26:27', '2026-02-02 08:26:27'),
	(205, 128, '2026-05-14', '09:00:00', '17:00:00', '2026-02-02 08:26:27', '2026-02-02 08:26:27'),
	(206, 129, '2026-04-30', '09:00:00', '17:00:00', '2026-02-02 08:26:27', '2026-02-02 08:26:27'),
	(207, 130, '2026-05-13', '09:00:00', '17:00:00', '2026-02-02 08:26:27', '2026-02-02 08:26:27'),
	(208, 131, '2026-04-29', '09:00:00', '17:00:00', '2026-02-02 08:26:27', '2026-02-02 08:26:27'),
	(209, 132, '2026-04-26', '09:00:00', '17:00:00', '2026-02-02 08:26:27', '2026-02-02 08:26:27'),
	(210, 133, '2026-04-25', '19:00:00', '21:30:00', '2026-02-02 08:26:27', '2026-02-02 08:26:27'),
	(211, 133, '2026-04-26', '08:00:00', '22:00:00', '2026-02-02 08:26:27', '2026-02-02 08:26:27'),
	(212, 133, '2026-04-27', '08:00:00', '18:00:00', '2026-02-02 08:26:27', '2026-02-02 08:26:27'),
	(213, 134, '2026-05-12', '09:00:00', '17:00:00', '2026-02-02 08:26:27', '2026-02-02 08:26:27'),
	(214, 135, '2026-05-24', '09:00:00', '17:00:00', '2026-02-02 08:26:27', '2026-02-02 08:26:27'),
	(215, 136, '2026-04-19', '09:00:00', '17:00:00', '2026-02-02 08:26:27', '2026-02-02 08:26:27'),
	(216, 137, '2026-03-08', '09:00:00', '17:00:00', '2026-02-02 08:26:27', '2026-02-02 08:26:27'),
	(217, 138, '2026-03-02', '09:00:00', '17:00:00', '2026-02-02 08:26:27', '2026-02-02 08:26:27'),
	(218, 139, '2026-04-05', '09:00:00', '17:00:00', '2026-02-02 08:26:27', '2026-02-02 08:26:27'),
	(219, 140, '2026-04-18', '09:00:00', '17:00:00', '2026-02-02 08:26:27', '2026-02-02 08:26:27'),
	(220, 141, '2026-05-16', '19:00:00', '21:30:00', '2026-02-02 08:26:27', '2026-02-02 08:26:27'),
	(221, 141, '2026-05-17', '08:00:00', '22:00:00', '2026-02-02 08:26:27', '2026-02-02 08:26:27'),
	(222, 141, '2026-05-18', '08:00:00', '18:00:00', '2026-02-02 08:26:27', '2026-02-02 08:26:27'),
	(223, 142, '2026-03-04', '09:00:00', '17:00:00', '2026-02-02 08:26:27', '2026-02-02 08:26:27'),
	(224, 143, '2026-04-04', '09:00:00', '17:00:00', '2026-02-02 08:26:27', '2026-02-02 08:26:27'),
	(225, 144, '2026-04-05', '08:00:00', '17:30:00', '2026-02-02 08:26:27', '2026-02-02 08:26:27'),
	(226, 144, '2026-04-06', '08:00:00', '17:30:00', '2026-02-02 08:26:27', '2026-02-02 08:26:27'),
	(227, 145, '2026-05-13', '09:00:00', '17:00:00', '2026-02-02 08:26:27', '2026-02-02 08:26:27'),
	(228, 146, '2026-03-18', '08:00:00', '17:30:00', '2026-02-02 08:26:27', '2026-02-02 08:26:27'),
	(229, 146, '2026-03-19', '08:00:00', '17:30:00', '2026-02-02 08:26:27', '2026-02-02 08:26:27'),
	(230, 147, '2026-05-18', '09:00:00', '17:00:00', '2026-02-02 08:26:27', '2026-02-02 08:26:27'),
	(231, 148, '2026-03-19', '08:00:00', '17:30:00', '2026-02-02 08:26:27', '2026-02-02 08:26:27'),
	(232, 148, '2026-03-20', '08:00:00', '17:30:00', '2026-02-02 08:26:27', '2026-02-02 08:26:27'),
	(233, 149, '2026-04-07', '09:00:00', '17:00:00', '2026-02-02 08:26:27', '2026-02-02 08:26:27'),
	(234, 150, '2026-05-05', '19:00:00', '21:30:00', '2026-02-02 08:26:27', '2026-02-02 08:26:27'),
	(235, 150, '2026-05-06', '08:00:00', '22:00:00', '2026-02-02 08:26:27', '2026-02-02 08:26:27'),
	(236, 150, '2026-05-07', '08:00:00', '18:00:00', '2026-02-02 08:26:27', '2026-02-02 08:26:27'),
	(237, 151, '2026-03-16', '09:00:00', '17:00:00', '2026-02-02 08:26:27', '2026-02-02 08:26:27'),
	(238, 152, '2026-02-19', '09:00:00', '17:00:00', '2026-02-02 08:26:27', '2026-02-02 08:26:27'),
	(239, 153, '2026-03-28', '09:00:00', '17:00:00', '2026-02-02 08:26:27', '2026-02-02 08:26:27'),
	(240, 154, '2026-05-08', '09:00:00', '17:00:00', '2026-02-02 08:26:27', '2026-02-02 08:26:27'),
	(241, 155, '2026-02-23', '19:00:00', '21:30:00', '2026-02-02 08:26:27', '2026-02-02 08:26:27'),
	(242, 155, '2026-02-24', '08:00:00', '22:00:00', '2026-02-02 08:26:27', '2026-02-02 08:26:27'),
	(243, 155, '2026-02-25', '08:00:00', '18:00:00', '2026-02-02 08:26:27', '2026-02-02 08:26:27'),
	(244, 156, '2026-04-26', '09:00:00', '17:00:00', '2026-02-02 08:26:27', '2026-02-02 08:26:27'),
	(245, 157, '2026-03-01', '08:00:00', '17:30:00', '2026-02-02 08:26:27', '2026-02-02 08:26:27'),
	(246, 157, '2026-03-02', '08:00:00', '17:30:00', '2026-02-02 08:26:27', '2026-02-02 08:26:27'),
	(247, 158, '2026-05-26', '09:00:00', '17:00:00', '2026-02-02 08:26:27', '2026-02-02 08:26:27'),
	(248, 159, '2026-04-13', '19:00:00', '21:30:00', '2026-02-02 08:26:27', '2026-02-02 08:26:27'),
	(249, 159, '2026-04-14', '08:00:00', '22:00:00', '2026-02-02 08:26:27', '2026-02-02 08:26:27'),
	(250, 159, '2026-04-15', '08:00:00', '18:00:00', '2026-02-02 08:26:27', '2026-02-02 08:26:27'),
	(251, 160, '2026-05-18', '09:00:00', '17:00:00', '2026-02-02 08:26:27', '2026-02-02 08:26:27'),
	(252, 161, '2026-03-29', '09:00:00', '17:00:00', '2026-02-02 08:26:27', '2026-02-02 08:26:27'),
	(253, 162, '2026-02-08', '09:00:00', '17:00:00', '2026-02-02 08:26:27', '2026-02-02 08:26:27'),
	(254, 163, '2026-03-28', '09:00:00', '17:00:00', '2026-02-02 08:26:27', '2026-02-02 08:26:27'),
	(255, 164, '2026-05-23', '09:00:00', '17:00:00', '2026-02-02 08:26:27', '2026-02-02 08:26:27'),
	(256, 165, '2026-03-20', '09:00:00', '17:00:00', '2026-02-02 08:26:27', '2026-02-02 08:26:27'),
	(257, 166, '2026-05-08', '19:00:00', '21:30:00', '2026-02-02 08:26:27', '2026-02-02 08:26:27'),
	(258, 166, '2026-05-09', '08:00:00', '22:00:00', '2026-02-02 08:26:27', '2026-02-02 08:26:27'),
	(259, 166, '2026-05-10', '08:00:00', '18:00:00', '2026-02-02 08:26:27', '2026-02-02 08:26:27'),
	(260, 167, '2026-03-22', '08:00:00', '17:30:00', '2026-02-02 08:26:27', '2026-02-02 08:26:27'),
	(261, 167, '2026-03-23', '08:00:00', '17:30:00', '2026-02-02 08:26:27', '2026-02-02 08:26:27'),
	(262, 168, '2026-03-26', '09:00:00', '17:00:00', '2026-02-02 08:26:27', '2026-02-02 08:26:27'),
	(263, 169, '2026-04-08', '09:00:00', '17:00:00', '2026-02-02 08:26:27', '2026-02-02 08:26:27'),
	(264, 170, '2026-04-25', '09:00:00', '17:00:00', '2026-02-02 08:26:27', '2026-02-02 08:26:27'),
	(265, 171, '2026-03-14', '19:00:00', '21:30:00', '2026-02-02 08:26:27', '2026-02-02 08:26:27'),
	(266, 171, '2026-03-15', '08:00:00', '22:00:00', '2026-02-02 08:26:27', '2026-02-02 08:26:27'),
	(267, 171, '2026-03-16', '08:00:00', '18:00:00', '2026-02-02 08:26:27', '2026-02-02 08:26:27'),
	(268, 172, '2026-05-20', '09:00:00', '17:00:00', '2026-02-02 08:26:27', '2026-02-02 08:26:27'),
	(269, 173, '2026-02-23', '19:00:00', '21:30:00', '2026-02-02 08:26:27', '2026-02-02 08:26:27'),
	(270, 173, '2026-02-24', '08:00:00', '22:00:00', '2026-02-02 08:26:27', '2026-02-02 08:26:27'),
	(271, 173, '2026-02-25', '08:00:00', '18:00:00', '2026-02-02 08:26:27', '2026-02-02 08:26:27'),
	(272, 174, '2026-05-10', '09:00:00', '17:00:00', '2026-02-02 08:26:27', '2026-02-02 08:26:27'),
	(273, 175, '2026-04-19', '08:00:00', '17:30:00', '2026-02-02 08:26:27', '2026-02-02 08:26:27'),
	(274, 175, '2026-04-20', '08:00:00', '17:30:00', '2026-02-02 08:26:27', '2026-02-02 08:26:27'),
	(275, 176, '2026-05-15', '09:00:00', '17:00:00', '2026-02-02 08:26:27', '2026-02-02 08:26:27'),
	(276, 177, '2026-05-25', '09:00:00', '17:00:00', '2026-02-02 08:26:27', '2026-02-02 08:26:27'),
	(277, 178, '2026-03-30', '19:00:00', '21:30:00', '2026-02-02 08:26:27', '2026-02-02 08:26:27'),
	(278, 178, '2026-03-31', '08:00:00', '22:00:00', '2026-02-02 08:26:27', '2026-02-02 08:26:27'),
	(279, 178, '2026-04-01', '08:00:00', '18:00:00', '2026-02-02 08:26:27', '2026-02-02 08:26:27'),
	(280, 179, '2026-04-27', '09:00:00', '17:00:00', '2026-02-02 08:26:27', '2026-02-02 08:26:27'),
	(281, 180, '2026-03-06', '09:00:00', '17:00:00', '2026-02-02 08:26:27', '2026-02-02 08:26:27'),
	(282, 181, '2026-02-22', '09:00:00', '17:00:00', '2026-02-02 08:26:27', '2026-02-02 08:26:27'),
	(283, 182, '2026-03-15', '09:00:00', '17:00:00', '2026-02-02 08:26:27', '2026-02-02 08:26:27'),
	(284, 183, '2026-04-20', '09:00:00', '17:00:00', '2026-02-02 08:26:27', '2026-02-02 08:26:27'),
	(285, 184, '2026-03-25', '09:00:00', '17:00:00', '2026-02-02 08:26:27', '2026-02-02 08:26:27'),
	(286, 185, '2026-05-04', '19:00:00', '21:30:00', '2026-02-02 08:26:27', '2026-02-02 08:26:27'),
	(287, 185, '2026-05-05', '08:00:00', '22:00:00', '2026-02-02 08:26:27', '2026-02-02 08:26:27'),
	(288, 185, '2026-05-06', '08:00:00', '18:00:00', '2026-02-02 08:26:27', '2026-02-02 08:26:27'),
	(289, 186, '2026-05-25', '09:00:00', '17:00:00', '2026-02-02 08:26:27', '2026-02-02 08:26:27'),
	(290, 187, '2026-05-07', '09:00:00', '17:00:00', '2026-02-02 08:26:27', '2026-02-02 08:26:27'),
	(291, 188, '2026-02-11', '09:00:00', '17:00:00', '2026-02-02 08:26:27', '2026-02-02 08:26:27'),
	(292, 189, '2026-02-15', '08:00:00', '17:30:00', '2026-02-02 08:26:27', '2026-02-02 08:26:27'),
	(293, 189, '2026-02-16', '08:00:00', '17:30:00', '2026-02-02 08:26:27', '2026-02-02 08:26:27'),
	(294, 190, '2026-03-30', '09:00:00', '17:00:00', '2026-02-02 08:26:27', '2026-02-02 08:26:27'),
	(295, 191, '2026-04-20', '19:00:00', '21:30:00', '2026-02-02 08:26:27', '2026-02-02 08:26:27'),
	(296, 191, '2026-04-21', '08:00:00', '22:00:00', '2026-02-02 08:26:27', '2026-02-02 08:26:27'),
	(297, 191, '2026-04-22', '08:00:00', '18:00:00', '2026-02-02 08:26:27', '2026-02-02 08:26:27'),
	(298, 192, '2026-02-24', '08:00:00', '17:30:00', '2026-02-02 08:26:27', '2026-02-02 08:26:27'),
	(299, 192, '2026-02-25', '08:00:00', '17:30:00', '2026-02-02 08:26:27', '2026-02-02 08:26:27'),
	(300, 193, '2026-04-18', '09:00:00', '17:00:00', '2026-02-02 08:26:27', '2026-02-02 08:26:27'),
	(301, 194, '2026-03-16', '09:00:00', '17:00:00', '2026-02-02 08:26:27', '2026-02-02 08:26:27'),
	(302, 195, '2026-03-17', '09:00:00', '17:00:00', '2026-02-02 08:26:27', '2026-02-02 08:26:27'),
	(303, 196, '2026-03-11', '09:00:00', '17:00:00', '2026-02-02 08:26:27', '2026-02-02 08:26:27'),
	(304, 197, '2026-03-23', '09:00:00', '17:00:00', '2026-02-02 08:26:27', '2026-02-02 08:26:27'),
	(305, 198, '2026-02-14', '09:00:00', '17:00:00', '2026-02-02 08:26:27', '2026-02-02 08:26:27'),
	(306, 199, '2026-05-23', '08:00:00', '17:30:00', '2026-02-02 08:26:27', '2026-02-02 08:26:27'),
	(307, 199, '2026-05-24', '08:00:00', '17:30:00', '2026-02-02 08:26:27', '2026-02-02 08:26:27'),
	(308, 200, '2026-03-19', '19:00:00', '21:30:00', '2026-02-02 08:26:27', '2026-02-02 08:26:27'),
	(309, 200, '2026-03-20', '08:00:00', '22:00:00', '2026-02-02 08:26:27', '2026-02-02 08:26:27'),
	(310, 200, '2026-03-21', '08:00:00', '18:00:00', '2026-02-02 08:26:27', '2026-02-02 08:26:27'),
	(311, 201, '2026-04-14', '09:00:00', '17:00:00', '2026-02-02 08:26:27', '2026-02-02 08:26:27'),
	(312, 202, '2026-03-12', '19:00:00', '21:30:00', '2026-02-02 08:26:27', '2026-02-02 08:26:27'),
	(313, 202, '2026-03-13', '08:00:00', '22:00:00', '2026-02-02 08:26:27', '2026-02-02 08:26:27'),
	(314, 202, '2026-03-14', '08:00:00', '18:00:00', '2026-02-02 08:26:27', '2026-02-02 08:26:27'),
	(315, 203, '2026-04-23', '09:00:00', '17:00:00', '2026-02-02 08:26:27', '2026-02-02 08:26:27'),
	(316, 204, '2026-02-18', '19:00:00', '21:30:00', '2026-02-02 08:26:27', '2026-02-02 08:26:27'),
	(317, 204, '2026-02-19', '08:00:00', '22:00:00', '2026-02-02 08:26:27', '2026-02-02 08:26:27'),
	(318, 204, '2026-02-20', '08:00:00', '18:00:00', '2026-02-02 08:26:27', '2026-02-02 08:26:27'),
	(319, 205, '2026-03-25', '08:00:00', '17:30:00', '2026-02-02 08:26:27', '2026-02-02 08:26:27'),
	(320, 205, '2026-03-26', '08:00:00', '17:30:00', '2026-02-02 08:26:27', '2026-02-02 08:26:27'),
	(321, 206, '2026-02-08', '09:00:00', '17:00:00', '2026-02-02 08:26:27', '2026-02-02 08:26:27'),
	(322, 207, '2026-03-17', '09:00:00', '17:00:00', '2026-02-02 08:26:27', '2026-02-02 08:26:27'),
	(323, 208, '2026-03-11', '09:00:00', '17:00:00', '2026-02-02 08:26:27', '2026-02-02 08:26:27'),
	(324, 209, '2026-02-26', '08:00:00', '17:30:00', '2026-02-02 08:26:27', '2026-02-02 08:26:27'),
	(325, 209, '2026-02-27', '08:00:00', '17:30:00', '2026-02-02 08:26:27', '2026-02-02 08:26:27'),
	(326, 210, '2026-05-24', '09:00:00', '17:00:00', '2026-02-02 08:26:27', '2026-02-02 08:26:27'),
	(327, 211, '2026-03-20', '09:00:00', '17:00:00', '2026-02-02 08:26:27', '2026-02-02 08:26:27'),
	(328, 212, '2026-05-17', '09:00:00', '17:00:00', '2026-02-02 08:26:27', '2026-02-02 08:26:27'),
	(329, 213, '2026-03-26', '09:00:00', '17:00:00', '2026-02-02 08:26:27', '2026-02-02 08:26:27'),
	(330, 214, '2026-04-10', '09:00:00', '17:00:00', '2026-02-02 08:26:27', '2026-02-02 08:26:27'),
	(331, 215, '2026-04-22', '09:00:00', '17:00:00', '2026-02-02 08:26:27', '2026-02-02 08:26:27'),
	(332, 216, '2026-05-02', '09:00:00', '17:00:00', '2026-02-02 08:26:27', '2026-02-02 08:26:27'),
	(333, 217, '2026-04-30', '09:00:00', '17:00:00', '2026-02-02 08:26:27', '2026-02-02 08:26:27'),
	(334, 218, '2026-05-01', '09:00:00', '17:00:00', '2026-02-02 08:26:27', '2026-02-02 08:26:27'),
	(335, 219, '2026-03-03', '08:00:00', '17:30:00', '2026-02-02 08:26:27', '2026-02-02 08:26:27'),
	(336, 219, '2026-03-04', '08:00:00', '17:30:00', '2026-02-02 08:26:27', '2026-02-02 08:26:27'),
	(337, 220, '2026-03-27', '09:00:00', '17:00:00', '2026-02-02 08:26:27', '2026-02-02 08:26:27'),
	(338, 221, '2026-03-29', '09:00:00', '17:00:00', '2026-02-02 08:26:27', '2026-02-02 08:26:27'),
	(339, 222, '2026-05-02', '09:00:00', '17:00:00', '2026-02-02 08:26:27', '2026-02-02 08:26:27'),
	(340, 223, '2026-05-20', '09:00:00', '17:00:00', '2026-02-02 08:26:27', '2026-02-02 08:26:27'),
	(341, 224, '2026-02-22', '08:00:00', '17:30:00', '2026-02-02 08:26:27', '2026-02-02 08:26:27'),
	(342, 224, '2026-02-23', '08:00:00', '17:30:00', '2026-02-02 08:26:27', '2026-02-02 08:26:27'),
	(343, 225, '2026-04-04', '09:00:00', '17:00:00', '2026-02-02 08:26:27', '2026-02-02 08:26:27'),
	(344, 226, '2026-04-13', '09:00:00', '17:00:00', '2026-02-02 08:26:27', '2026-02-02 08:26:27'),
	(345, 227, '2026-04-25', '09:00:00', '17:00:00', '2026-02-02 08:26:27', '2026-02-02 08:26:27'),
	(346, 228, '2026-04-20', '09:00:00', '17:00:00', '2026-02-02 08:26:27', '2026-02-02 08:26:27'),
	(347, 229, '2026-02-14', '09:00:00', '17:00:00', '2026-02-02 08:26:27', '2026-02-02 08:26:27'),
	(348, 230, '2026-02-12', '19:00:00', '21:30:00', '2026-02-02 08:26:27', '2026-02-02 08:26:27'),
	(349, 230, '2026-02-13', '08:00:00', '22:00:00', '2026-02-02 08:26:27', '2026-02-02 08:26:27'),
	(350, 230, '2026-02-14', '08:00:00', '18:00:00', '2026-02-02 08:26:27', '2026-02-02 08:26:27'),
	(351, 231, '2026-02-10', '09:00:00', '17:00:00', '2026-02-02 08:26:27', '2026-02-02 08:26:27'),
	(352, 232, '2026-05-12', '09:00:00', '17:00:00', '2026-02-02 08:26:27', '2026-02-02 08:26:27'),
	(353, 233, '2026-06-02', '09:00:00', '17:00:00', '2026-02-02 08:26:27', '2026-02-02 08:26:27'),
	(354, 234, '2026-02-26', '09:00:00', '17:00:00', '2026-02-02 08:26:27', '2026-02-02 08:26:27'),
	(355, 235, '2026-03-23', '09:00:00', '17:00:00', '2026-02-02 08:26:27', '2026-02-02 08:26:27'),
	(356, 236, '2026-04-15', '19:00:00', '21:30:00', '2026-02-02 08:26:27', '2026-02-02 08:26:27'),
	(357, 236, '2026-04-16', '08:00:00', '22:00:00', '2026-02-02 08:26:27', '2026-02-02 08:26:27'),
	(358, 236, '2026-04-17', '08:00:00', '18:00:00', '2026-02-02 08:26:27', '2026-02-02 08:26:27'),
	(359, 237, '2026-03-11', '09:00:00', '17:00:00', '2026-02-02 08:26:27', '2026-02-02 08:26:27'),
	(360, 238, '2026-04-04', '09:00:00', '17:00:00', '2026-02-02 08:26:27', '2026-02-02 08:26:27'),
	(361, 239, '2026-03-23', '09:00:00', '17:00:00', '2026-02-02 08:26:28', '2026-02-02 08:26:28'),
	(362, 240, '2026-03-18', '09:00:00', '17:00:00', '2026-02-02 08:26:28', '2026-02-02 08:26:28'),
	(363, 241, '2026-03-01', '09:00:00', '17:00:00', '2026-02-02 08:26:28', '2026-02-02 08:26:28'),
	(364, 242, '2026-05-19', '08:00:00', '17:30:00', '2026-02-02 08:26:28', '2026-02-02 08:26:28'),
	(365, 242, '2026-05-20', '08:00:00', '17:30:00', '2026-02-02 08:26:28', '2026-02-02 08:26:28'),
	(366, 243, '2026-02-22', '09:00:00', '17:00:00', '2026-02-02 08:26:28', '2026-02-02 08:26:28'),
	(367, 244, '2026-03-10', '09:00:00', '17:00:00', '2026-02-02 08:26:28', '2026-02-02 08:26:28'),
	(368, 245, '2026-03-12', '09:00:00', '17:00:00', '2026-02-02 08:26:28', '2026-02-02 08:26:28'),
	(369, 246, '2026-03-10', '09:00:00', '17:00:00', '2026-02-02 08:26:28', '2026-02-02 08:26:28'),
	(370, 247, '2026-04-14', '08:00:00', '17:30:00', '2026-02-02 08:26:28', '2026-02-02 08:26:28'),
	(371, 247, '2026-04-15', '08:00:00', '17:30:00', '2026-02-02 08:26:28', '2026-02-02 08:26:28'),
	(372, 248, '2026-02-18', '09:00:00', '17:00:00', '2026-02-02 08:26:28', '2026-02-02 08:26:28'),
	(373, 249, '2026-03-19', '09:00:00', '17:00:00', '2026-02-02 08:26:28', '2026-02-02 08:26:28'),
	(374, 250, '2026-04-23', '09:00:00', '17:00:00', '2026-02-02 08:26:28', '2026-02-02 08:26:28'),
	(375, 251, '2026-02-17', '09:00:00', '17:00:00', '2026-02-02 08:26:28', '2026-02-02 08:26:28'),
	(376, 252, '2026-05-03', '09:00:00', '17:00:00', '2026-02-02 08:26:28', '2026-02-02 08:26:28'),
	(377, 253, '2026-02-17', '09:00:00', '17:00:00', '2026-02-02 08:26:28', '2026-02-02 08:26:28'),
	(378, 254, '2026-05-06', '09:00:00', '17:00:00', '2026-02-02 08:26:28', '2026-02-02 08:26:28'),
	(379, 255, '2026-05-25', '09:00:00', '17:00:00', '2026-02-02 08:26:28', '2026-02-02 08:26:28'),
	(380, 256, '2026-05-20', '09:00:00', '17:00:00', '2026-02-02 08:26:28', '2026-02-02 08:26:28'),
	(381, 257, '2026-05-09', '09:00:00', '17:00:00', '2026-02-02 08:26:28', '2026-02-02 08:26:28'),
	(382, 258, '2026-03-18', '09:00:00', '17:00:00', '2026-02-02 08:26:28', '2026-02-02 08:26:28'),
	(383, 259, '2026-03-07', '09:00:00', '17:00:00', '2026-02-02 08:26:28', '2026-02-02 08:26:28'),
	(384, 260, '2026-02-19', '08:00:00', '17:30:00', '2026-02-02 08:26:28', '2026-02-02 08:26:28'),
	(385, 260, '2026-02-20', '08:00:00', '17:30:00', '2026-02-02 08:26:28', '2026-02-02 08:26:28'),
	(386, 261, '2026-04-23', '09:00:00', '17:00:00', '2026-02-02 08:26:28', '2026-02-02 08:26:28'),
	(387, 262, '2026-04-24', '09:00:00', '17:00:00', '2026-02-02 08:26:28', '2026-02-02 08:26:28'),
	(388, 263, '2026-05-10', '09:00:00', '17:00:00', '2026-02-02 08:26:28', '2026-02-02 08:26:28'),
	(389, 264, '2026-03-03', '09:00:00', '17:00:00', '2026-02-02 08:26:28', '2026-02-02 08:26:28'),
	(390, 265, '2026-03-18', '09:00:00', '17:00:00', '2026-02-02 08:26:28', '2026-02-02 08:26:28'),
	(391, 266, '2026-04-04', '09:00:00', '17:00:00', '2026-02-02 08:26:28', '2026-02-02 08:26:28'),
	(392, 267, '2026-05-04', '09:00:00', '17:00:00', '2026-02-02 08:26:28', '2026-02-02 08:26:28'),
	(393, 268, '2026-03-18', '09:00:00', '17:00:00', '2026-02-02 08:26:28', '2026-02-02 08:26:28'),
	(394, 269, '2026-05-03', '09:00:00', '17:00:00', '2026-02-02 08:26:28', '2026-02-02 08:26:28'),
	(395, 270, '2026-02-28', '09:00:00', '17:00:00', '2026-02-02 08:26:28', '2026-02-02 08:26:28'),
	(396, 271, '2026-04-12', '09:00:00', '17:00:00', '2026-02-02 08:26:28', '2026-02-02 08:26:28'),
	(397, 272, '2026-05-25', '09:00:00', '17:00:00', '2026-02-02 08:26:28', '2026-02-02 08:26:28'),
	(398, 273, '2026-03-31', '19:00:00', '21:30:00', '2026-02-02 08:26:28', '2026-02-02 08:26:28'),
	(399, 273, '2026-04-01', '08:00:00', '22:00:00', '2026-02-02 08:26:28', '2026-02-02 08:26:28'),
	(400, 273, '2026-04-02', '08:00:00', '18:00:00', '2026-02-02 08:26:28', '2026-02-02 08:26:28'),
	(401, 274, '2026-04-17', '09:00:00', '17:00:00', '2026-02-02 08:26:28', '2026-02-02 08:26:28'),
	(402, 275, '2026-02-26', '09:00:00', '17:00:00', '2026-02-02 08:26:28', '2026-02-02 08:26:28'),
	(403, 276, '2026-05-15', '09:00:00', '17:00:00', '2026-02-02 08:26:28', '2026-02-02 08:26:28'),
	(404, 277, '2026-04-14', '09:00:00', '17:00:00', '2026-02-02 08:26:28', '2026-02-02 08:26:28'),
	(405, 278, '2026-03-26', '09:00:00', '17:00:00', '2026-02-02 08:26:28', '2026-02-02 08:26:28'),
	(406, 279, '2026-04-28', '09:00:00', '17:00:00', '2026-02-02 08:26:28', '2026-02-02 08:26:28'),
	(407, 280, '2026-04-28', '19:00:00', '21:30:00', '2026-02-02 08:26:28', '2026-02-02 08:26:28'),
	(408, 280, '2026-04-29', '08:00:00', '22:00:00', '2026-02-02 08:26:28', '2026-02-02 08:26:28'),
	(409, 280, '2026-04-30', '08:00:00', '18:00:00', '2026-02-02 08:26:28', '2026-02-02 08:26:28'),
	(410, 281, '2026-03-31', '09:00:00', '17:00:00', '2026-02-02 08:26:28', '2026-02-02 08:26:28'),
	(411, 282, '2026-02-15', '09:00:00', '17:00:00', '2026-02-02 08:26:28', '2026-02-02 08:26:28'),
	(412, 283, '2026-04-29', '09:00:00', '17:00:00', '2026-02-02 08:26:28', '2026-02-02 08:26:28'),
	(413, 284, '2026-05-01', '19:00:00', '21:30:00', '2026-02-02 08:26:28', '2026-02-02 08:26:28'),
	(414, 284, '2026-05-02', '08:00:00', '22:00:00', '2026-02-02 08:26:28', '2026-02-02 08:26:28'),
	(415, 284, '2026-05-03', '08:00:00', '18:00:00', '2026-02-02 08:26:28', '2026-02-02 08:26:28'),
	(416, 285, '2026-03-30', '09:00:00', '17:00:00', '2026-02-02 08:26:28', '2026-02-02 08:26:28'),
	(417, 286, '2026-04-22', '09:00:00', '17:00:00', '2026-02-02 08:26:28', '2026-02-02 08:26:28'),
	(418, 287, '2026-02-14', '09:00:00', '17:00:00', '2026-02-02 08:26:28', '2026-02-02 08:26:28'),
	(419, 288, '2026-05-06', '09:00:00', '17:00:00', '2026-02-02 08:26:28', '2026-02-02 08:26:28'),
	(420, 289, '2026-02-14', '19:00:00', '21:30:00', '2026-02-02 08:26:28', '2026-02-02 08:26:28'),
	(421, 289, '2026-02-15', '08:00:00', '22:00:00', '2026-02-02 08:26:28', '2026-02-02 08:26:28'),
	(422, 289, '2026-02-16', '08:00:00', '18:00:00', '2026-02-02 08:26:28', '2026-02-02 08:26:28'),
	(423, 290, '2026-04-03', '09:00:00', '17:00:00', '2026-02-02 08:26:28', '2026-02-02 08:26:28'),
	(424, 291, '2026-05-07', '08:00:00', '17:30:00', '2026-02-02 08:26:28', '2026-02-02 08:26:28'),
	(425, 291, '2026-05-08', '08:00:00', '17:30:00', '2026-02-02 08:26:28', '2026-02-02 08:26:28'),
	(426, 292, '2026-06-02', '08:00:00', '17:30:00', '2026-02-02 08:26:28', '2026-02-02 08:26:28'),
	(427, 292, '2026-06-03', '08:00:00', '17:30:00', '2026-02-02 08:26:28', '2026-02-02 08:26:28'),
	(428, 293, '2026-05-01', '08:00:00', '17:30:00', '2026-02-02 08:26:28', '2026-02-02 08:26:28'),
	(429, 293, '2026-05-02', '08:00:00', '17:30:00', '2026-02-02 08:26:28', '2026-02-02 08:26:28'),
	(430, 294, '2026-03-10', '19:00:00', '21:30:00', '2026-02-02 08:26:28', '2026-02-02 08:26:28'),
	(431, 294, '2026-03-11', '08:00:00', '22:00:00', '2026-02-02 08:26:28', '2026-02-02 08:26:28'),
	(432, 294, '2026-03-12', '08:00:00', '18:00:00', '2026-02-02 08:26:28', '2026-02-02 08:26:28'),
	(433, 295, '2026-03-16', '19:00:00', '21:30:00', '2026-02-02 08:26:28', '2026-02-02 08:26:28'),
	(434, 295, '2026-03-17', '08:00:00', '22:00:00', '2026-02-02 08:26:28', '2026-02-02 08:26:28'),
	(435, 295, '2026-03-18', '08:00:00', '18:00:00', '2026-02-02 08:26:28', '2026-02-02 08:26:28'),
	(436, 296, '2026-05-19', '09:00:00', '17:00:00', '2026-02-02 08:26:28', '2026-02-02 08:26:28'),
	(437, 297, '2026-05-02', '09:00:00', '17:00:00', '2026-02-02 08:26:28', '2026-02-02 08:26:28'),
	(438, 298, '2026-05-12', '09:00:00', '17:00:00', '2026-02-02 08:26:28', '2026-02-02 08:26:28'),
	(439, 299, '2026-03-23', '09:00:00', '17:00:00', '2026-02-02 08:26:28', '2026-02-02 08:26:28'),
	(440, 300, '2026-02-14', '08:00:00', '17:30:00', '2026-02-02 08:26:28', '2026-02-02 08:26:28'),
	(441, 300, '2026-02-15', '08:00:00', '17:30:00', '2026-02-02 08:26:28', '2026-02-02 08:26:28'),
	(442, 301, '2026-03-11', '09:00:00', '17:00:00', '2026-02-02 08:26:28', '2026-02-02 08:26:28'),
	(443, 302, '2026-02-07', '08:00:00', '17:30:00', '2026-02-02 08:26:28', '2026-02-02 08:26:28'),
	(444, 302, '2026-02-08', '08:00:00', '17:30:00', '2026-02-02 08:26:28', '2026-02-02 08:26:28'),
	(445, 303, '2026-04-26', '08:00:00', '17:30:00', '2026-02-02 08:26:28', '2026-02-02 08:26:28'),
	(446, 303, '2026-04-27', '08:00:00', '17:30:00', '2026-02-02 08:26:28', '2026-02-02 08:26:28'),
	(447, 304, '2026-04-13', '08:00:00', '17:30:00', '2026-02-02 08:26:28', '2026-02-02 08:26:28'),
	(448, 304, '2026-04-14', '08:00:00', '17:30:00', '2026-02-02 08:26:28', '2026-02-02 08:26:28'),
	(449, 305, '2026-05-11', '09:00:00', '17:00:00', '2026-02-02 08:26:28', '2026-02-02 08:26:28'),
	(450, 306, '2026-05-24', '09:00:00', '17:00:00', '2026-02-02 08:26:28', '2026-02-02 08:26:28'),
	(451, 307, '2026-05-28', '09:00:00', '17:00:00', '2026-02-02 08:26:28', '2026-02-02 08:26:28'),
	(452, 308, '2026-03-17', '09:00:00', '17:00:00', '2026-02-02 08:26:28', '2026-02-02 08:26:28'),
	(453, 309, '2026-04-14', '09:00:00', '17:00:00', '2026-02-02 08:26:28', '2026-02-02 08:26:28'),
	(454, 310, '2026-04-19', '19:00:00', '21:30:00', '2026-02-02 08:26:28', '2026-02-02 08:26:28'),
	(455, 310, '2026-04-20', '08:00:00', '22:00:00', '2026-02-02 08:26:28', '2026-02-02 08:26:28'),
	(456, 310, '2026-04-21', '08:00:00', '18:00:00', '2026-02-02 08:26:28', '2026-02-02 08:26:28'),
	(457, 311, '2026-04-04', '09:00:00', '17:00:00', '2026-02-02 08:26:28', '2026-02-02 08:26:28'),
	(458, 312, '2026-02-17', '08:00:00', '18:00:00', '2026-02-02 08:35:07', '2026-02-02 08:35:07'),
	(459, 312, '2026-02-18', '08:00:00', '18:00:00', '2026-02-02 08:35:07', '2026-02-02 08:35:07'),
	(460, 312, '2026-02-19', '08:00:00', '18:00:00', '2026-02-02 08:35:07', '2026-02-02 08:35:07'),
	(461, 312, '2026-02-20', '08:00:00', '12:00:00', '2026-02-02 08:35:07', '2026-02-02 08:35:07');

CREATE TABLE IF NOT EXISTS `failed_jobs` (
  `id` bigint unsigned NOT NULL AUTO_INCREMENT,
  `uuid` varchar(255) COLLATE utf8mb4_unicode_ci NOT NULL,
  `connection` text COLLATE utf8mb4_unicode_ci NOT NULL,
  `queue` text COLLATE utf8mb4_unicode_ci NOT NULL,
  `payload` longtext COLLATE utf8mb4_unicode_ci NOT NULL,
  `exception` longtext COLLATE utf8mb4_unicode_ci NOT NULL,
  `failed_at` timestamp NOT NULL DEFAULT CURRENT_TIMESTAMP,
  PRIMARY KEY (`id`),
  UNIQUE KEY `failed_jobs_uuid_unique` (`uuid`)
) ENGINE=InnoDB DEFAULT CHARSET=utf8mb4 COLLATE=utf8mb4_unicode_ci;


CREATE TABLE IF NOT EXISTS `helps` (
  `id` bigint unsigned NOT NULL AUTO_INCREMENT,
  `fullname` varchar(255) COLLATE utf8mb4_unicode_ci DEFAULT NULL,
  `email` varchar(255) COLLATE utf8mb4_unicode_ci DEFAULT NULL,
  `subject` varchar(255) COLLATE utf8mb4_unicode_ci DEFAULT NULL,
  `message` tinytext COLLATE utf8mb4_unicode_ci,
  `attachment` varchar(255) COLLATE utf8mb4_unicode_ci DEFAULT NULL,
  `created_at` timestamp NULL DEFAULT NULL,
  `updated_at` timestamp NULL DEFAULT NULL,
  PRIMARY KEY (`id`)
) ENGINE=InnoDB DEFAULT CHARSET=utf8mb4 COLLATE=utf8mb4_unicode_ci;


CREATE TABLE IF NOT EXISTS `host_churches` (
  `id` bigint unsigned NOT NULL AUTO_INCREMENT,
  `church_id` bigint unsigned NOT NULL,
  `since_date` date DEFAULT NULL,
  `notes` text COLLATE utf8mb4_unicode_ci,
  `created_at` timestamp NULL DEFAULT NULL,
  `updated_at` timestamp NULL DEFAULT NULL,
  PRIMARY KEY (`id`),
  KEY `host_churches_church_id_foreign` (`church_id`),
  CONSTRAINT `host_churches_church_id_foreign` FOREIGN KEY (`church_id`) REFERENCES `churches` (`id`) ON DELETE CASCADE
) ENGINE=InnoDB DEFAULT CHARSET=utf8mb4 COLLATE=utf8mb4_unicode_ci;


CREATE TABLE IF NOT EXISTS `host_church_admins` (
  `id` bigint unsigned NOT NULL AUTO_INCREMENT,
  `host_church_id` bigint unsigned NOT NULL,
  `user_id` bigint unsigned NOT NULL,
  `certified_at` date DEFAULT NULL,
  `status` varchar(16) COLLATE utf8mb4_unicode_ci NOT NULL DEFAULT 'active',
  `created_at` timestamp NULL DEFAULT NULL,
  `updated_at` timestamp NULL DEFAULT NULL,
  PRIMARY KEY (`id`),
  UNIQUE KEY `host_church_admins_host_church_id_user_id_unique` (`host_church_id`,`user_id`),
  KEY `host_church_admins_user_id_status_index` (`user_id`,`status`),
  CONSTRAINT `host_church_admins_host_church_id_foreign` FOREIGN KEY (`host_church_id`) REFERENCES `host_churches` (`id`) ON DELETE CASCADE,
  CONSTRAINT `host_church_admins_user_id_foreign` FOREIGN KEY (`user_id`) REFERENCES `users` (`id`) ON DELETE CASCADE
) ENGINE=InnoDB DEFAULT CHARSET=utf8mb4 COLLATE=utf8mb4_unicode_ci;


CREATE TABLE IF NOT EXISTS `inventories` (
  `id` bigint unsigned NOT NULL AUTO_INCREMENT,
  `name` varchar(255) COLLATE utf8mb4_unicode_ci NOT NULL,
  `phone` varchar(255) COLLATE utf8mb4_unicode_ci DEFAULT NULL,
  `email` varchar(255) COLLATE utf8mb4_unicode_ci DEFAULT NULL,
  `street` varchar(255) COLLATE utf8mb4_unicode_ci DEFAULT NULL,
  `number` varchar(255) COLLATE utf8mb4_unicode_ci DEFAULT NULL,
  `complement` varchar(255) COLLATE utf8mb4_unicode_ci DEFAULT NULL,
  `district` varchar(255) COLLATE utf8mb4_unicode_ci DEFAULT NULL,
  `city` varchar(255) COLLATE utf8mb4_unicode_ci DEFAULT NULL,
  `state` varchar(255) COLLATE utf8mb4_unicode_ci DEFAULT NULL,
  `postal_code` varchar(255) COLLATE utf8mb4_unicode_ci DEFAULT NULL,
  `notes` varchar(255) COLLATE utf8mb4_unicode_ci DEFAULT NULL,
  `created_at` timestamp NULL DEFAULT NULL,
  `updated_at` timestamp NULL DEFAULT NULL,
  PRIMARY KEY (`id`)
) ENGINE=InnoDB DEFAULT CHARSET=utf8mb4 COLLATE=utf8mb4_unicode_ci;


CREATE TABLE IF NOT EXISTS `inventory_material` (
  `material_id` bigint unsigned DEFAULT NULL,
  `inventory_id` bigint unsigned DEFAULT NULL,
  `received_items` int NOT NULL DEFAULT '0',
  `current_quantity` int NOT NULL DEFAULT '0',
  `lost_items` int NOT NULL DEFAULT '0',
  KEY `inventory_material_material_id_foreign` (`material_id`),
  KEY `inventory_material_inventory_id_foreign` (`inventory_id`),
  CONSTRAINT `inventory_material_inventory_id_foreign` FOREIGN KEY (`inventory_id`) REFERENCES `inventories` (`id`) ON DELETE CASCADE ON UPDATE CASCADE,
  CONSTRAINT `inventory_material_material_id_foreign` FOREIGN KEY (`material_id`) REFERENCES `materials` (`id`) ON DELETE CASCADE ON UPDATE CASCADE
) ENGINE=InnoDB DEFAULT CHARSET=utf8mb4 COLLATE=utf8mb4_unicode_ci;


CREATE TABLE IF NOT EXISTS `jobs` (
  `id` bigint unsigned NOT NULL AUTO_INCREMENT,
  `queue` varchar(255) COLLATE utf8mb4_unicode_ci NOT NULL,
  `payload` longtext COLLATE utf8mb4_unicode_ci NOT NULL,
  `attempts` tinyint unsigned NOT NULL,
  `reserved_at` int unsigned DEFAULT NULL,
  `available_at` int unsigned NOT NULL,
  `created_at` int unsigned NOT NULL,
  PRIMARY KEY (`id`),
  KEY `jobs_queue_index` (`queue`)
) ENGINE=InnoDB DEFAULT CHARSET=utf8mb4 COLLATE=utf8mb4_unicode_ci;


CREATE TABLE IF NOT EXISTS `job_batches` (
  `id` varchar(255) COLLATE utf8mb4_unicode_ci NOT NULL,
  `name` varchar(255) COLLATE utf8mb4_unicode_ci NOT NULL,
  `total_jobs` int NOT NULL,
  `pending_jobs` int NOT NULL,
  `failed_jobs` int NOT NULL,
  `failed_job_ids` longtext COLLATE utf8mb4_unicode_ci NOT NULL,
  `options` mediumtext COLLATE utf8mb4_unicode_ci,
  `cancelled_at` int DEFAULT NULL,
  `created_at` int NOT NULL,
  `finished_at` int DEFAULT NULL,
  PRIMARY KEY (`id`)
) ENGINE=InnoDB DEFAULT CHARSET=utf8mb4 COLLATE=utf8mb4_unicode_ci;


CREATE TABLE IF NOT EXISTS `lessonplans` (
  `id` bigint unsigned NOT NULL AUTO_INCREMENT,
  `section_id` bigint unsigned DEFAULT NULL,
  `course_id` bigint unsigned DEFAULT NULL,
  `day` varchar(255) COLLATE utf8mb4_unicode_ci NOT NULL,
  `time_start` varchar(255) COLLATE utf8mb4_unicode_ci NOT NULL,
  `time_end` varchar(255) COLLATE utf8mb4_unicode_ci NOT NULL,
  `created_at` timestamp NULL DEFAULT NULL,
  `updated_at` timestamp NULL DEFAULT NULL,
  PRIMARY KEY (`id`),
  KEY `lessonplans_section_id_foreign` (`section_id`),
  KEY `lessonplans_course_id_foreign` (`course_id`),
  CONSTRAINT `lessonplans_course_id_foreign` FOREIGN KEY (`course_id`) REFERENCES `courses` (`id`) ON DELETE CASCADE ON UPDATE CASCADE,
  CONSTRAINT `lessonplans_section_id_foreign` FOREIGN KEY (`section_id`) REFERENCES `sections` (`id`) ON DELETE CASCADE ON UPDATE CASCADE
) ENGINE=InnoDB DEFAULT CHARSET=utf8mb4 COLLATE=utf8mb4_unicode_ci;


CREATE TABLE IF NOT EXISTS `materials` (
  `id` bigint unsigned NOT NULL AUTO_INCREMENT,
  `photo` varchar(255) COLLATE utf8mb4_unicode_ci DEFAULT NULL,
  `name` varchar(255) COLLATE utf8mb4_unicode_ci NOT NULL,
  `price` varchar(255) COLLATE utf8mb4_unicode_ci NOT NULL DEFAULT '0,00',
  `status` varchar(255) COLLATE utf8mb4_unicode_ci DEFAULT NULL,
  `description` text COLLATE utf8mb4_unicode_ci,
  `created_at` timestamp NULL DEFAULT NULL,
  `updated_at` timestamp NULL DEFAULT NULL,
  PRIMARY KEY (`id`)
) ENGINE=InnoDB DEFAULT CHARSET=utf8mb4 COLLATE=utf8mb4_unicode_ci;


CREATE TABLE IF NOT EXISTS `material_shipping` (
  `material_id` bigint unsigned DEFAULT NULL,
  `shipping_id` bigint unsigned DEFAULT NULL,
  KEY `material_shipping_material_id_foreign` (`material_id`),
  KEY `material_shipping_shipping_id_foreign` (`shipping_id`),
  CONSTRAINT `material_shipping_material_id_foreign` FOREIGN KEY (`material_id`) REFERENCES `materials` (`id`) ON DELETE CASCADE ON UPDATE CASCADE,
  CONSTRAINT `material_shipping_shipping_id_foreign` FOREIGN KEY (`shipping_id`) REFERENCES `shippings` (`id`) ON DELETE CASCADE ON UPDATE CASCADE
) ENGINE=InnoDB DEFAULT CHARSET=utf8mb4 COLLATE=utf8mb4_unicode_ci;


CREATE TABLE IF NOT EXISTS `material_suppliers` (
  `material_id` bigint unsigned DEFAULT NULL,
  `supplier_id` bigint unsigned DEFAULT NULL,
  KEY `material_suppliers_material_id_foreign` (`material_id`),
  KEY `material_suppliers_supplier_id_foreign` (`supplier_id`),
  CONSTRAINT `material_suppliers_material_id_foreign` FOREIGN KEY (`material_id`) REFERENCES `materials` (`id`) ON DELETE CASCADE ON UPDATE CASCADE,
  CONSTRAINT `material_suppliers_supplier_id_foreign` FOREIGN KEY (`supplier_id`) REFERENCES `suppliers` (`id`) ON DELETE CASCADE ON UPDATE CASCADE
) ENGINE=InnoDB DEFAULT CHARSET=utf8mb4 COLLATE=utf8mb4_unicode_ci;


CREATE TABLE IF NOT EXISTS `media` (
  `id` bigint unsigned NOT NULL AUTO_INCREMENT,
  `training_id` bigint unsigned DEFAULT NULL,
  `name` varchar(255) COLLATE utf8mb4_unicode_ci DEFAULT NULL,
  `extension` varchar(255) COLLATE utf8mb4_unicode_ci DEFAULT NULL,
  `path_original` varchar(255) COLLATE utf8mb4_unicode_ci DEFAULT NULL,
  `path_thumbnail` varchar(255) COLLATE utf8mb4_unicode_ci DEFAULT NULL,
  `path_optimized` varchar(255) COLLATE utf8mb4_unicode_ci DEFAULT NULL,
  `created_at` timestamp NULL DEFAULT NULL,
  `updated_at` timestamp NULL DEFAULT NULL,
  PRIMARY KEY (`id`),
  KEY `media_training_id_foreign` (`training_id`),
  CONSTRAINT `media_training_id_foreign` FOREIGN KEY (`training_id`) REFERENCES `trainings` (`id`) ON DELETE CASCADE ON UPDATE CASCADE
) ENGINE=InnoDB DEFAULT CHARSET=utf8mb4 COLLATE=utf8mb4_unicode_ci;


CREATE TABLE IF NOT EXISTS `migrations` (
  `id` int unsigned NOT NULL AUTO_INCREMENT,
  `migration` varchar(255) COLLATE utf8mb4_unicode_ci NOT NULL,
  `batch` int NOT NULL,
  PRIMARY KEY (`id`)
) ENGINE=InnoDB AUTO_INCREMENT=223 DEFAULT CHARSET=utf8mb4 COLLATE=utf8mb4_unicode_ci;

INSERT INTO `migrations` (`id`, `migration`, `batch`) VALUES
	(178, '0001_01_01_000001_create_cache_table', 1),
	(179, '0001_01_01_000002_create_jobs_table', 1),
	(180, '2014_01_02_235701_create_churches_table', 1),
	(181, '2014_01_09_160954_create_church_temps_table', 1),
	(182, '2014_10_11_000000_create_users_table', 1),
	(183, '2023_12_27_224631_create_helps_table', 1),
	(184, '2024_01_02_002154_create_roles_table', 1),
	(185, '2024_01_02_003133_create_role_user_table', 1),
	(186, '2024_01_11_225211_create_ministries_table', 1),
	(187, '2024_01_12_223102_create_courses_table', 1),
	(188, '2024_01_13_222129_create_sections_table', 1),
	(189, '2024_01_18_213110_create_course_user_table', 1),
	(190, '2024_01_19_171219_create_categories_table', 1),
	(191, '2024_01_19_184630_create_materials_table', 1),
	(192, '2024_01_19_211229_create_suppliers_table', 1),
	(193, '2024_01_19_211244_create_shippings_table', 1),
	(194, '2024_01_19_211251_create_inventories_table', 1),
	(195, '2024_01_19_230054_create_category_material_table', 1),
	(196, '2024_01_19_230105_create_inventory_material_table', 1),
	(197, '2024_01_19_230119_create_material_shipping_table', 1),
	(198, '2024_01_19_231248_create_material_suppliers_table', 1),
	(199, '2024_01_25_073903_create_lessonplans_table', 1),
	(200, '2024_01_30_225932_create_church_missionary_table', 1),
	(201, '2024_01_31_133849_create_trainings_table', 1),
	(202, '2024_01_31_134317_create_training_user_table', 1),
	(203, '2024_01_31_153017_create_receipts_table', 1),
	(204, '2024_02_19_142650_create_vouchers_table', 1),
	(205, '2024_02_28_092825_create_media_table', 1),
	(206, '2025_09_02_075243_add_two_factor_columns_to_users_table', 1),
	(207, '2026_01_15_023852_create_host_churches_table', 1),
	(208, '2026_01_15_023907_create_host_church_admins_table', 1),
	(209, '2026_01_15_143736_create_event_dates_table', 1),
	(210, '2026_01_16_174032_remove_status_from_event_dates_table', 1),
	(211, '2026_01_25_164233_create_training_schedule_items_table', 1),
	(212, '2026_01_26_203430_add_welcome_duration_minutes_to_trainings_table', 1),
	(213, '2026_01_27_045612_create_ojt_sessions_table', 1),
	(214, '2026_01_27_045616_create_ojt_training_mentors_table', 1),
	(215, '2026_01_27_045622_create_ojt_teams_table', 1),
	(216, '2026_01_27_045625_create_ojt_team_trainees_table', 1),
	(217, '2026_01_27_045629_create_ojt_reports_table', 1),
	(218, '2026_01_27_050301_add_ojt_defaults_to_courses_table', 1),
	(219, '2026_01_27_050305_add_ojt_overrides_to_trainings_table', 1),
	(220, '2026_01_28_023555_add_locking_and_contact_type_counts_to_ojt_reports_table', 1),
	(221, '2026_01_29_025508_add_schedule_settings_to_trainings_table', 1),
	(222, '2026_02_02_011829_add_position_to_training_schedule_items_table', 1);

CREATE TABLE IF NOT EXISTS `ministries` (
  `id` bigint unsigned NOT NULL AUTO_INCREMENT,
  `initials` varchar(255) COLLATE utf8mb4_unicode_ci NOT NULL,
  `name` varchar(255) COLLATE utf8mb4_unicode_ci NOT NULL,
  `logo` varchar(255) COLLATE utf8mb4_unicode_ci DEFAULT NULL,
  `color` varchar(255) COLLATE utf8mb4_unicode_ci DEFAULT '#4F4F4F',
  `description` text COLLATE utf8mb4_unicode_ci,
  `created_at` timestamp NULL DEFAULT NULL,
  `updated_at` timestamp NULL DEFAULT NULL,
  PRIMARY KEY (`id`)
) ENGINE=InnoDB AUTO_INCREMENT=3 DEFAULT CHARSET=utf8mb4 COLLATE=utf8mb4_unicode_ci;

INSERT INTO `ministries` (`id`, `initials`, `name`, `logo`, `color`, `description`, `created_at`, `updated_at`) VALUES
	(1, 'ev²', 'Evangelismo Eficaz', NULL, NULL, 'O Ministério Evangelismo Eficaz tem como propósito capacitar cristãos a compartilhar o evangelho de Jesus Cristo de forma clara, bíblica e intencional no dia a dia. Por meio de treinamentos práticos e fundamentados nas Escrituras, o ministério promove uma vida de testemunho fiel, preparando a igreja para cumprir a Grande Comissão com convicção, amor e simplicidade.', '2026-02-02 08:26:25', '2026-02-02 08:26:25'),
	(2, 'ee-kids', 'EE-Kids', NULL, NULL, 'O EE-Kids é o ministério voltado à evangelização de crianças, ensinando desde cedo as verdades fundamentais do evangelho de forma didática, bíblica e adequada à faixa etária. Seu objetivo é auxiliar pais, educadores e igrejas na formação espiritual das crianças, cultivando uma fé sólida e um coração disposto a conhecer e seguir a Cristo.', '2026-02-02 08:26:25', '2026-02-02 08:26:25');

CREATE TABLE IF NOT EXISTS `ojt_reports` (
  `id` bigint unsigned NOT NULL AUTO_INCREMENT,
  `ojt_team_id` bigint unsigned NOT NULL,
  `contact_type` varchar(30) COLLATE utf8mb4_unicode_ci DEFAULT NULL,
  `contact_type_counts` json DEFAULT NULL,
  `gospel_presentations` smallint unsigned NOT NULL DEFAULT '0',
  `listeners_count` smallint unsigned NOT NULL DEFAULT '0',
  `results_decisions` smallint unsigned NOT NULL DEFAULT '0',
  `results_interested` smallint unsigned NOT NULL DEFAULT '0',
  `results_rejection` smallint unsigned NOT NULL DEFAULT '0',
  `results_assurance` smallint unsigned NOT NULL DEFAULT '0',
  `follow_up_scheduled` tinyint(1) NOT NULL DEFAULT '0',
  `outline_participation` json DEFAULT NULL,
  `lesson_learned` text COLLATE utf8mb4_unicode_ci,
  `public_report` json DEFAULT NULL,
  `submitted_at` timestamp NULL DEFAULT NULL,
  `is_locked` tinyint(1) NOT NULL DEFAULT '0',
  `created_at` timestamp NULL DEFAULT NULL,
  `updated_at` timestamp NULL DEFAULT NULL,
  PRIMARY KEY (`id`),
  KEY `ojt_reports_ojt_team_id_index` (`ojt_team_id`),
  KEY `ojt_reports_submitted_at_index` (`submitted_at`),
  CONSTRAINT `ojt_reports_ojt_team_id_foreign` FOREIGN KEY (`ojt_team_id`) REFERENCES `ojt_teams` (`id`) ON DELETE CASCADE ON UPDATE CASCADE
) ENGINE=InnoDB DEFAULT CHARSET=utf8mb4 COLLATE=utf8mb4_unicode_ci;


CREATE TABLE IF NOT EXISTS `ojt_sessions` (
  `id` bigint unsigned NOT NULL AUTO_INCREMENT,
  `training_id` bigint unsigned NOT NULL,
  `date` date NOT NULL,
  `starts_at` time DEFAULT NULL,
  `ends_at` time DEFAULT NULL,
  `week_number` smallint unsigned NOT NULL,
  `status` varchar(20) COLLATE utf8mb4_unicode_ci NOT NULL DEFAULT 'planned',
  `meta` json DEFAULT NULL,
  `created_at` timestamp NULL DEFAULT NULL,
  `updated_at` timestamp NULL DEFAULT NULL,
  PRIMARY KEY (`id`),
  KEY `ojt_sessions_training_id_date_index` (`training_id`,`date`),
  KEY `ojt_sessions_training_id_week_number_index` (`training_id`,`week_number`),
  KEY `ojt_sessions_status_index` (`status`),
  CONSTRAINT `ojt_sessions_training_id_foreign` FOREIGN KEY (`training_id`) REFERENCES `trainings` (`id`) ON DELETE CASCADE ON UPDATE CASCADE
) ENGINE=InnoDB DEFAULT CHARSET=utf8mb4 COLLATE=utf8mb4_unicode_ci;


CREATE TABLE IF NOT EXISTS `ojt_teams` (
  `id` bigint unsigned NOT NULL AUTO_INCREMENT,
  `ojt_session_id` bigint unsigned NOT NULL,
  `mentor_id` bigint unsigned NOT NULL,
  `team_number` smallint unsigned NOT NULL,
  `created_at` timestamp NULL DEFAULT NULL,
  `updated_at` timestamp NULL DEFAULT NULL,
  PRIMARY KEY (`id`),
  UNIQUE KEY `ojt_teams_ojt_session_id_mentor_id_unique` (`ojt_session_id`,`mentor_id`),
  KEY `ojt_teams_mentor_id_foreign` (`mentor_id`),
  KEY `ojt_teams_ojt_session_id_team_number_index` (`ojt_session_id`,`team_number`),
  CONSTRAINT `ojt_teams_mentor_id_foreign` FOREIGN KEY (`mentor_id`) REFERENCES `users` (`id`) ON DELETE CASCADE ON UPDATE CASCADE,
  CONSTRAINT `ojt_teams_ojt_session_id_foreign` FOREIGN KEY (`ojt_session_id`) REFERENCES `ojt_sessions` (`id`) ON DELETE CASCADE ON UPDATE CASCADE
) ENGINE=InnoDB DEFAULT CHARSET=utf8mb4 COLLATE=utf8mb4_unicode_ci;


CREATE TABLE IF NOT EXISTS `ojt_team_trainees` (
  `id` bigint unsigned NOT NULL AUTO_INCREMENT,
  `ojt_team_id` bigint unsigned NOT NULL,
  `trainee_id` bigint unsigned NOT NULL,
  `order` tinyint unsigned NOT NULL,
  `created_at` timestamp NULL DEFAULT NULL,
  `updated_at` timestamp NULL DEFAULT NULL,
  PRIMARY KEY (`id`),
  UNIQUE KEY `ojt_team_trainees_ojt_team_id_trainee_id_unique` (`ojt_team_id`,`trainee_id`),
  KEY `ojt_team_trainees_trainee_id_index` (`trainee_id`),
  CONSTRAINT `ojt_team_trainees_ojt_team_id_foreign` FOREIGN KEY (`ojt_team_id`) REFERENCES `ojt_teams` (`id`) ON DELETE CASCADE ON UPDATE CASCADE,
  CONSTRAINT `ojt_team_trainees_trainee_id_foreign` FOREIGN KEY (`trainee_id`) REFERENCES `users` (`id`) ON DELETE CASCADE ON UPDATE CASCADE
) ENGINE=InnoDB DEFAULT CHARSET=utf8mb4 COLLATE=utf8mb4_unicode_ci;


CREATE TABLE IF NOT EXISTS `ojt_training_mentors` (
  `id` bigint unsigned NOT NULL AUTO_INCREMENT,
  `training_id` bigint unsigned NOT NULL,
  `mentor_id` bigint unsigned NOT NULL,
  `status` varchar(16) COLLATE utf8mb4_unicode_ci NOT NULL DEFAULT 'active',
  `created_at` timestamp NULL DEFAULT NULL,
  `updated_at` timestamp NULL DEFAULT NULL,
  PRIMARY KEY (`id`),
  UNIQUE KEY `ojt_training_mentors_training_id_mentor_id_unique` (`training_id`,`mentor_id`),
  KEY `ojt_training_mentors_mentor_id_status_index` (`mentor_id`,`status`),
  CONSTRAINT `ojt_training_mentors_mentor_id_foreign` FOREIGN KEY (`mentor_id`) REFERENCES `users` (`id`) ON DELETE CASCADE ON UPDATE CASCADE,
  CONSTRAINT `ojt_training_mentors_training_id_foreign` FOREIGN KEY (`training_id`) REFERENCES `trainings` (`id`) ON DELETE CASCADE ON UPDATE CASCADE
) ENGINE=InnoDB DEFAULT CHARSET=utf8mb4 COLLATE=utf8mb4_unicode_ci;


CREATE TABLE IF NOT EXISTS `password_reset_tokens` (
  `email` varchar(255) COLLATE utf8mb4_unicode_ci NOT NULL,
  `token` varchar(255) COLLATE utf8mb4_unicode_ci NOT NULL,
  `created_at` timestamp NULL DEFAULT NULL,
  PRIMARY KEY (`email`)
) ENGINE=InnoDB DEFAULT CHARSET=utf8mb4 COLLATE=utf8mb4_unicode_ci;


CREATE TABLE IF NOT EXISTS `receipts` (
  `id` bigint unsigned NOT NULL AUTO_INCREMENT,
  `training_id` bigint unsigned DEFAULT NULL,
  `file` varchar(255) COLLATE utf8mb4_unicode_ci NOT NULL,
  `created_at` timestamp NULL DEFAULT NULL,
  `updated_at` timestamp NULL DEFAULT NULL,
  PRIMARY KEY (`id`),
  KEY `receipts_training_id_foreign` (`training_id`),
  CONSTRAINT `receipts_training_id_foreign` FOREIGN KEY (`training_id`) REFERENCES `trainings` (`id`) ON DELETE CASCADE ON UPDATE CASCADE
) ENGINE=InnoDB DEFAULT CHARSET=utf8mb4 COLLATE=utf8mb4_unicode_ci;


CREATE TABLE IF NOT EXISTS `roles` (
  `id` bigint unsigned NOT NULL AUTO_INCREMENT,
  `name` varchar(255) COLLATE utf8mb4_unicode_ci NOT NULL,
  `created_at` timestamp NULL DEFAULT NULL,
  `updated_at` timestamp NULL DEFAULT NULL,
  PRIMARY KEY (`id`)
) ENGINE=InnoDB AUTO_INCREMENT=8 DEFAULT CHARSET=utf8mb4 COLLATE=utf8mb4_unicode_ci;

INSERT INTO `roles` (`id`, `name`, `created_at`, `updated_at`) VALUES
	(1, 'Board', '2026-02-02 08:26:23', '2026-02-02 08:26:23'),
	(2, 'Director', '2026-02-02 08:26:23', '2026-02-02 08:26:23'),
	(3, 'FieldWorker', '2026-02-02 08:26:23', '2026-02-02 08:26:23'),
	(4, 'Teacher', '2026-02-02 08:26:23', '2026-02-02 08:26:23'),
	(5, 'Facilitator', '2026-02-02 08:26:23', '2026-02-02 08:26:23'),
	(6, 'Mentor', '2026-02-02 08:26:23', '2026-02-02 08:26:23'),
	(7, 'Student', '2026-02-02 08:26:23', '2026-02-02 08:26:23');

CREATE TABLE IF NOT EXISTS `role_user` (
  `user_id` bigint unsigned DEFAULT NULL,
  `role_id` bigint unsigned DEFAULT NULL,
  `status` tinyint unsigned DEFAULT '1',
  KEY `role_user_user_id_foreign` (`user_id`),
  KEY `role_user_role_id_foreign` (`role_id`),
  CONSTRAINT `role_user_role_id_foreign` FOREIGN KEY (`role_id`) REFERENCES `roles` (`id`) ON DELETE CASCADE ON UPDATE CASCADE,
  CONSTRAINT `role_user_user_id_foreign` FOREIGN KEY (`user_id`) REFERENCES `users` (`id`) ON DELETE CASCADE ON UPDATE CASCADE
) ENGINE=InnoDB DEFAULT CHARSET=utf8mb4 COLLATE=utf8mb4_unicode_ci;

INSERT INTO `role_user` (`user_id`, `role_id`, `status`) VALUES
	(1, 1, 1),
	(1, 2, 1),
	(1, 3, 1),
	(1, 4, 1),
	(1, 5, 1),
	(1, 6, 1),
	(1, 7, 1),
	(2, 1, 1),
	(2, 2, 1),
	(2, 3, 1),
	(2, 4, 1),
	(2, 5, 1),
	(2, 6, 1),
	(3, 3, 1),
	(3, 4, 1),
	(3, 5, 1),
	(3, 6, 1),
	(4, 1, 1),
	(4, 3, 1),
	(4, 4, 1),
	(4, 5, 1),
	(4, 6, 1),
	(5, 1, 1),
	(5, 2, 1),
	(5, 3, 1),
	(5, 4, 1),
	(5, 5, 1),
	(5, 6, 1),
	(5, 7, 1),
	(6, 5, 1),
	(7, 7, 1),
	(8, 5, 1),
	(9, 6, 1),
	(10, 1, 1),
	(11, 5, 1),
	(12, 1, 1),
	(13, 6, 1),
	(14, 2, 1),
	(15, 5, 1),
	(16, 2, 1),
	(17, 4, 1),
	(18, 7, 1),
	(19, 1, 1),
	(20, 5, 1),
	(21, 4, 1),
	(22, 5, 1),
	(23, 5, 1),
	(24, 5, 1),
	(25, 6, 1),
	(26, 2, 1),
	(27, 6, 1),
	(28, 4, 1),
	(29, 7, 1),
	(30, 4, 1),
	(31, 2, 1),
	(32, 1, 1),
	(33, 5, 1),
	(34, 6, 1),
	(35, 5, 1),
	(36, 6, 1),
	(37, 1, 1),
	(38, 2, 1),
	(39, 6, 1),
	(40, 6, 1),
	(41, 6, 1),
	(42, 4, 1),
	(43, 4, 1),
	(44, 7, 1),
	(45, 5, 1),
	(46, 1, 1),
	(47, 2, 1),
	(48, 4, 1),
	(49, 2, 1),
	(50, 5, 1),
	(51, 5, 1),
	(52, 2, 1),
	(53, 6, 1),
	(54, 6, 1),
	(55, 2, 1),
	(56, 1, 1),
	(57, 1, 1),
	(58, 2, 1),
	(59, 4, 1),
	(60, 2, 1),
	(61, 6, 1),
	(62, 4, 1),
	(63, 2, 1),
	(64, 5, 1),
	(65, 6, 1),
	(66, 4, 1),
	(67, 4, 1),
	(68, 1, 1),
	(69, 2, 1),
	(70, 4, 1),
	(71, 6, 1),
	(72, 4, 1),
	(73, 1, 1),
	(74, 4, 1),
	(75, 6, 1),
	(76, 1, 1),
	(77, 2, 1),
	(78, 5, 1),
	(79, 6, 1),
	(80, 7, 1),
	(81, 7, 1),
	(82, 7, 1),
	(83, 2, 1),
	(84, 1, 1),
	(85, 2, 1),
	(86, 5, 1),
	(87, 1, 1),
	(88, 2, 1),
	(89, 1, 1),
	(90, 4, 1),
	(91, 2, 1),
	(92, 5, 1),
	(93, 6, 1),
	(94, 6, 1),
	(95, 6, 1),
	(96, 4, 1),
	(97, 5, 1),
	(98, 6, 1),
	(99, 7, 1),
	(100, 7, 1),
	(101, 5, 1),
	(102, 2, 1),
	(103, 6, 1),
	(104, 1, 1),
	(105, 5, 1);

CREATE TABLE IF NOT EXISTS `sections` (
  `id` bigint unsigned NOT NULL AUTO_INCREMENT,
  `name` varchar(255) COLLATE utf8mb4_unicode_ci NOT NULL,
  `banner` varchar(255) COLLATE utf8mb4_unicode_ci DEFAULT NULL,
  `order` int DEFAULT NULL,
  `duration` varchar(255) COLLATE utf8mb4_unicode_ci DEFAULT NULL,
  `devotional` varchar(255) COLLATE utf8mb4_unicode_ci DEFAULT NULL,
  `description` text COLLATE utf8mb4_unicode_ci,
  `knowhow` text COLLATE utf8mb4_unicode_ci,
  `created_at` timestamp NULL DEFAULT NULL,
  `updated_at` timestamp NULL DEFAULT NULL,
  `course_id` bigint unsigned DEFAULT NULL,
  PRIMARY KEY (`id`),
  KEY `sections_course_id_foreign` (`course_id`),
  CONSTRAINT `sections_course_id_foreign` FOREIGN KEY (`course_id`) REFERENCES `courses` (`id`) ON DELETE CASCADE ON UPDATE CASCADE
) ENGINE=InnoDB AUTO_INCREMENT=97 DEFAULT CHARSET=utf8mb4 COLLATE=utf8mb4_unicode_ci;

INSERT INTO `sections` (`id`, `name`, `banner`, `order`, `duration`, `devotional`, `description`, `knowhow`, `created_at`, `updated_at`, `course_id`) VALUES
	(1, 'Unidade 1: Por Que Estamos Aqui?', NULL, 1, '40 min', NULL, 'Esta unidade estabelece o propósito do workshop: recuperar o senso de chamado para compartilhar a fé e formar discípulos, não apenas convertidos. Trabalha motivações, expectativas e fundamentos bíblicos para que o evangelismo volte a ser um estilo de vida, como na igreja primitiva.', NULL, NULL, NULL, 1),
	(2, 'Unidade 2: Aprendendo a Explicação do Evangelho Em Sua Mão', NULL, 2, '20 min', NULL, 'Esta unidade ensina uma ferramenta prática e memorável para apresentar o Evangelho usando a própria mão, tornando a explicação simples, natural e fácil de reproduzir. O foco é capacitar o aluno a comunicar com clareza e segurança.', NULL, NULL, NULL, 1),
	(3, 'Unidade 3: Vencendo o Medo de Testemunhar', NULL, 3, '40 min', NULL, 'Esta unidade confronta o medo como uma das maiores barreiras ao testemunho cristão. O participante aprende a substituir insegurança por dependência do Espírito Santo, entendendo que evangelizar é um ato de obediência, não de habilidade pessoal.', NULL, NULL, NULL, 1),
	(4, 'Unidade 4: Encontrando Pessoas Receptivas', NULL, 4, '40 min', NULL, 'Ensina como discernir abertura espiritual e conduzir conversas significativas, identificando oportunidades naturais para apresentar o Evangelho com respeito, sensibilidade e intencionalidade.', NULL, NULL, NULL, 1),
	(5, 'Unidade 5: Compartilhando o Evangelho Através de Ilustrações', NULL, 5, '35 min', NULL, 'Apresenta o uso de ilustrações como recurso pedagógico para comunicar verdades espirituais de forma clara e memorável, facilitando a compreensão do Evangelho sem comprometer sua fidelidade bíblica.', NULL, NULL, NULL, 1),
	(6, 'Unidade 6: Levando a Uma Decisão', NULL, 6, '30 min', NULL, 'Orienta como conduzir o ouvinte a uma resposta consciente ao Evangelho, explicando arrependimento e fé, lidando com dúvidas comuns e respeitando o tempo e a consciência da pessoa.', NULL, NULL, NULL, 1),
	(7, 'Unidade 7: Desenvolvendo Amor pelos Perdidos', NULL, 7, '20 min', NULL, 'Trabalha o aspecto do coração do evangelista, despertando compaixão, sensibilidade espiritual e urgência missionária, para que o evangelismo flua do amor e não apenas da técnica.', NULL, NULL, NULL, 1),
	(8, 'Unidade 8: Desenvolvendo um Ministério Contínuo de Evangelismo e Discipulado', NULL, 8, '20 min', NULL, 'Apresenta princípios para estruturar um ministério permanente de evangelismo e discipulado na igreja local, integrando treinamento, prática e acompanhamento espiritual.', NULL, NULL, NULL, 1),
	(9, 'Encerramento: Juntos na Colheita do Senhor', NULL, 9, '40 min', NULL, 'Sessão final que reforça o compromisso com a missão, chamando os participantes a permanecerem ativos na colheita espiritual, unidos em oração, ação e visão de multiplicação.', NULL, NULL, NULL, 1),
	(10, 'Orientações da Clínica de Evangelismo Explosivo', NULL, 10, '10 min', NULL, 'Esta unidade apresenta a visão, o propósito e a base histórica da Clínica de Evangelismo Explosivo, destacando seu papel no cumprimento da Grande Comissão. O conteúdo enfatiza o compromisso espiritual, a unidade do Corpo de Cristo e a responsabilidade do participante em viver e multiplicar o evangelismo como estilo de vida.', NULL, NULL, NULL, 1),
	(11, 'O Treinamento de e² — Evangelismo Eficaz', NULL, 11, '20 min', NULL, 'Nesta unidade o facilitador compreende a proposta pedagógica do treinamento e², fundamentada na aprendizagem autêntica. O conteúdo apresenta a transição do modelo tradicional de ensino para um formato relacional, prático e participativo, preparando líderes para formar discípulos que aprendem fazendo.', NULL, NULL, NULL, 1),
	(12, 'Elementos-Chave do Treinamento e²', NULL, 12, '40 min', NULL, 'Esta unidade detalha os princípios essenciais que sustentam o treinamento e², incluindo o papel do facilitador, mentores, companheiros de oração, dinâmica em pequenos grupos, uso correto das ilustrações e a integração entre relacionamento e proclamação do Evangelho.', NULL, NULL, NULL, 1),
	(13, 'O Ensino Semanal no e²', NULL, 13, '30 min', 'Devocional Semanal', 'Esta unidade orienta o facilitador quanto à condução das aulas semanais do e², apresentando a estrutura pedagógica baseada em devocional, revisão, prática e conversa. O foco está no desenvolvimento espiritual contínuo e na participação ativa dos alunos no processo de aprendizagem.', NULL, NULL, NULL, 1),
	(14, 'AULA: Saídas de Treinamento Prático (STP)', NULL, 14, '45 min', NULL, 'Esta unidade aborda a importância das Saídas de Treinamento Prático como elemento central do aprendizado. O conteúdo ensina como planejar, organizar e conduzir visitas evangelísticas, promovendo experiências reais que fortalecem a confiança e a maturidade espiritual dos participantes.', NULL, NULL, NULL, 1),
	(15, 'Uso do Questionário de Segurança', NULL, 15, '20 min', NULL, 'Nesta unidade o facilitador aprende o propósito e a aplicação do questionário de segurança como ferramenta evangelística. O conteúdo orienta sobre abordagem respeitosa, identificação de pessoas receptivas e condução sábia de conversas espirituais em ambientes públicos e residenciais.', NULL, NULL, NULL, 1),
	(16, 'ORIENTAÇÕES PARA PRÁTICA 1: Saídas de Treinamento Prático (STP)', NULL, 16, '10 min', NULL, 'Esta unidade aborda a importância das Saídas de Treinamento Prático como elemento central do aprendizado. O conteúdo ensina como planejar, organizar e conduzir visitas evangelísticas, promovendo experiências reais que fortalecem a confiança e a maturidade espiritual dos participantes.', NULL, NULL, NULL, 1),
	(17, 'PRÁTICA 1: Saídas de Treinamento Prático (STP)', NULL, 17, '60 min', NULL, 'Esta unidade aborda a importância das Saídas de Treinamento Prático como elemento central do aprendizado. O conteúdo ensina como planejar, organizar e conduzir visitas evangelísticas, promovendo experiências reais que fortalecem a confiança e a maturidade espiritual dos participantes.', NULL, NULL, NULL, 1),
	(18, 'Relatório Público', NULL, 18, '30 min', NULL, 'Esta unidade ensina a condução dos relatórios públicos após as Saídas de Treinamento Prático. O objetivo é promover encorajamento, aprendizado coletivo e intercessão, fortalecendo o senso de unidade e celebração da obra que Deus está realizando.', NULL, NULL, NULL, 1),
	(19, 'PRÁTICA 1: Relatório Público', NULL, 19, '40 min', NULL, 'Esta unidade ensina a condução dos relatórios públicos após as Saídas de Treinamento Prático. O objetivo é promover encorajamento, aprendizado coletivo e intercessão, fortalecendo o senso de unidade e celebração da obra que Deus está realizando.', NULL, NULL, NULL, 1),
	(20, 'Unidade 1 — Conectando', NULL, 20, '60 min', 'Conectando-se às Pessoas', 'Esta unidade desenvolve a habilidade de criar relacionamentos intencionais que conduzem naturalmente ao diálogo espiritual. O aluno aprende a ouvir com atenção, fazer perguntas apropriadas e identificar pessoas receptivas, seguindo o exemplo de Jesus ao se conectar genuinamente com as pessoas.', NULL, NULL, NULL, 1),
	(21, 'Unidade 2 — O Evangelho: Graça', NULL, 21, '35 min', 'A Graça de Deus', 'Nesta unidade o aluno compreende que a vida eterna é um presente de Deus, não conquistado por méritos ou boas obras. O conteúdo enfatiza o contraste entre o caminho humano e o caminho divino, estabelecendo a graça como fundamento central do Evangelho.', NULL, NULL, NULL, 1),
	(22, 'Unidade 3 — O Evangelho: Homem', NULL, 22, '35 min', 'A Condição do Homem', 'Esta unidade apresenta a realidade do pecado e a incapacidade humana de alcançar o padrão de perfeição exigido por Deus. O aluno aprende a explicar com clareza a condição espiritual do homem e sua necessidade absoluta de salvação.', NULL, NULL, NULL, 1),
	(23, 'ORIENTAÇÕES PARA PRÁTICA 2: Saídas de Treinamento Prático (STP)', NULL, 23, '10 min', NULL, 'Esta unidade aborda a importância das Saídas de Treinamento Prático como elemento central do aprendizado. O conteúdo ensina como planejar, organizar e conduzir visitas evangelísticas, promovendo experiências reais que fortalecem a confiança e a maturidade espiritual dos participantes.', NULL, NULL, NULL, 1),
	(24, 'PRÁTICA 2: Saídas de Treinamento Prático (STP)', NULL, 24, '90 min', NULL, 'Esta unidade aborda a importância das Saídas de Treinamento Prático como elemento central do aprendizado. O conteúdo ensina como planejar, organizar e conduzir visitas evangelísticas, promovendo experiências reais que fortalecem a confiança e a maturidade espiritual dos participantes.', NULL, NULL, NULL, 1),
	(25, 'PRÁTICA 2: Relatório Público', NULL, 25, '40 min', NULL, 'Esta unidade ensina a condução dos relatórios públicos após as Saídas de Treinamento Prático. O objetivo é promover encorajamento, aprendizado coletivo e intercessão, fortalecendo o senso de unidade e celebração da obra que Deus está realizando.', NULL, NULL, NULL, 1),
	(26, 'Unidade 4 — Compartilhando Seu Testemunho', NULL, 26, '35 min', 'O Poder de Seu Testemunho', 'Nesta unidade o aluno aprende a preparar e compartilhar seu testemunho pessoal de forma clara, objetiva e centrada na obra de Deus. O testemunho é apresentado como ponte relacional que desperta interesse espiritual e prepara o coração para o Evangelho.', NULL, NULL, NULL, 1),
	(27, 'Unidade 5 — O Evangelho: Deus e Cristo', NULL, 27, '35 min', 'Deus e Jesus Cristo', 'Esta unidade aprofunda o entendimento sobre a natureza de Deus como amoroso e justo, e apresenta Jesus Cristo como o Deus-homem. O aluno aprende a explicar a obra substitutiva de Cristo na cruz como solução definitiva para o problema do pecado.', NULL, NULL, NULL, 1),
	(28, 'Unidade 6 — O Evangelho: Fé', NULL, 28, '35 min', 'Entendendo a Fé', 'Nesta unidade o aluno distingue fé salvadora de fé temporal ou mero conhecimento intelectual. O conteúdo ensina que a salvação ocorre quando a confiança é transferida totalmente para Jesus Cristo, e não para esforços humanos.', NULL, NULL, NULL, 1),
	(29, 'Unidade 7 — Decisão e Acompanhamento', NULL, 29, '35 min', 'O Amor de Deus pelos Perdidos', 'A unidade final ensina como conduzir uma pessoa à decisão por Cristo e como oferecer acompanhamento espiritual adequado. O foco está em apresentar o convite com clareza, respeito e amor, garantindo segurança de salvação e cuidado com o novo convertido.', NULL, NULL, NULL, 1),
	(30, 'Guia de Implementação do Ministério de Evangelismo Explosivo', NULL, 30, '60 min', NULL, 'Esta unidade capacita o facilitador a implementar o ministério de Evangelismo Explosivo na igreja local. O conteúdo apresenta princípios de visão, planejamento, organização, formação de líderes e acompanhamento espiritual, visando a multiplicação saudável do ministério.', NULL, NULL, NULL, 1),
	(31, 'ORIENTAÇÕES PARA PRÁTICA 3: Saídas de Treinamento Prático (STP)', NULL, 31, '10 min', NULL, 'Esta unidade aborda a importância das Saídas de Treinamento Prático como elemento central do aprendizado. O conteúdo ensina como planejar, organizar e conduzir visitas evangelísticas, promovendo experiências reais que fortalecem a confiança e a maturidade espiritual dos participantes.', NULL, NULL, NULL, 1),
	(32, 'PRÁTICA 3: Saídas de Treinamento Prático (STP)', NULL, 32, '80 min', NULL, 'Esta unidade aborda a importância das Saídas de Treinamento Prático como elemento central do aprendizado. O conteúdo ensina como planejar, organizar e conduzir visitas evangelísticas, promovendo experiências reais que fortalecem a confiança e a maturidade espiritual dos participantes.', NULL, NULL, NULL, 1),
	(33, 'PRÁTICA 3: Relatório Público', NULL, 33, '40 min', NULL, 'Esta unidade ensina a condução dos relatórios públicos após as Saídas de Treinamento Prático. O objetivo é promover encorajamento, aprendizado coletivo e intercessão, fortalecendo o senso de unidade e celebração da obra que Deus está realizando.', NULL, NULL, NULL, 1),
	(34, 'Unidade 1 — Por Que Estamos Aqui?', NULL, 1, '45 min', NULL, 'Esta unidade estabelece o propósito do workshop: recuperar o senso de chamado para compartilhar a fé e formar discípulos, não apenas convertidos. Trabalha motivações, expectativas e fundamentos bíblicos para que o evangelismo volte a ser um estilo de vida, como na igreja primitiva.', NULL, NULL, NULL, 2),
	(35, 'Unidade 2 — Aprendendo a Explicação do Evangelho Em Sua Mão', NULL, 2, '20 min', NULL, 'Esta unidade ensina uma ferramenta prática e memorável para apresentar o Evangelho usando a própria mão, tornando a explicação simples, natural e fácil de reproduzir. O foco é capacitar o aluno a comunicar com clareza e segurança.', NULL, NULL, NULL, 2),
	(36, 'Unidade 3 — Vencendo o Medo de Testemunhar', NULL, 3, '40 min', NULL, 'Esta unidade confronta o medo como uma das maiores barreiras ao testemunho cristão. O participante aprende a substituir insegurança por dependência do Espírito Santo, entendendo que evangelizar é um ato de obediência, não de habilidade pessoal.', NULL, NULL, NULL, 2),
	(37, 'Unidade 4 — Encontrando Pessoas Receptivas', NULL, 4, '50 min', NULL, 'Ensina como discernir abertura espiritual e conduzir conversas significativas, identificando oportunidades naturais para apresentar o Evangelho com respeito, sensibilidade e intencionalidade.', NULL, NULL, NULL, 2),
	(38, 'Unidade 5 — Compartilhando o Evangelho Através de Ilustrações', NULL, 5, '35 min', NULL, 'Apresenta o uso de ilustrações como recurso pedagógico para comunicar verdades espirituais de forma clara e memorável, facilitando a compreensão do Evangelho sem comprometer sua fidelidade bíblica.', NULL, NULL, NULL, 2),
	(39, 'Unidade 6 — Levando a Uma Decisão', NULL, 6, '40 min', NULL, 'Orienta como conduzir o ouvinte a uma resposta consciente ao Evangelho, explicando arrependimento e fé, lidando com dúvidas comuns e respeitando o tempo e a consciência da pessoa.', NULL, NULL, NULL, 2),
	(40, 'Unidade 7 — Desenvolvendo Amor pelos Perdidos', NULL, 7, '20 min', NULL, 'Trabalha o aspecto do coração do evangelista, despertando compaixão, sensibilidade espiritual e urgência missionária, para que o evangelismo flua do amor e não apenas da técnica.', NULL, NULL, NULL, 2),
	(41, 'Unidade 8 — Desenvolvendo um Ministério Contínuo de Evangelismo e Discipulado', NULL, 8, '20 min', NULL, 'Apresenta princípios para estruturar um ministério permanente de evangelismo e discipulado na igreja local, integrando treinamento, prática e acompanhamento espiritual.', NULL, NULL, NULL, 2),
	(42, 'Encerramento — Juntos na Colheita do Senhor', NULL, 9, '40 min', NULL, 'Sessão final que reforça o compromisso com a missão, chamando os participantes a permanecerem ativos na colheita espiritual, unidos em oração, ação e visão de multiplicação.', NULL, NULL, NULL, 2),
	(43, 'Unidade 1 — Conectando', NULL, 1, '60 min', 'Conectando-se às Pessoas', 'Esta unidade desenvolve a habilidade de criar relacionamentos intencionais que conduzem naturalmente ao diálogo espiritual. O aluno aprende a ouvir com atenção, fazer perguntas apropriadas e identificar pessoas receptivas, seguindo o exemplo de Jesus ao se conectar genuinamente com as pessoas.', NULL, NULL, NULL, 3),
	(44, 'Unidade 2 — O Evangelho: Graça', NULL, 2, '60 min', 'A Graça de Deus', 'Nesta unidade o aluno compreende que a vida eterna é um presente de Deus, não conquistado por méritos ou boas obras. O conteúdo enfatiza o contraste entre o caminho humano e o caminho divino, estabelecendo a graça como fundamento central do Evangelho.', NULL, NULL, NULL, 3),
	(45, 'Unidade 3 — O Evangelho: Homem', NULL, 3, '60 min', 'A Condição do Homem', 'Esta unidade apresenta a realidade do pecado e a incapacidade humana de alcançar o padrão de perfeição exigido por Deus. O aluno aprende a explicar com clareza a condição espiritual do homem e sua necessidade absoluta de salvação.', NULL, NULL, NULL, 3),
	(46, 'Unidade 4 — Compartilhando Seu Testemunho', NULL, 4, '60 min', 'O Poder de Seu Testemunho', 'Nesta unidade o aluno aprende a preparar e compartilhar seu testemunho pessoal de forma clara, objetiva e centrada na obra de Deus. O testemunho é apresentado como ponte relacional que desperta interesse espiritual e prepara o coração para o Evangelho.', NULL, NULL, NULL, 3),
	(47, 'Unidade 5 — O Evangelho: Deus e Cristo', NULL, 5, '60 min', 'Deus e Jesus Cristo', 'Esta unidade aprofunda o entendimento sobre a natureza de Deus como amoroso e justo, e apresenta Jesus Cristo como o Deus-homem. O aluno aprende a explicar a obra substitutiva de Cristo na cruz como solução definitiva para o problema do pecado.', NULL, NULL, NULL, 3),
	(48, 'Unidade 6 — O Evangelho: Fé', NULL, 6, '60 min', 'Entendendo a Fé', 'Nesta unidade o aluno distingue fé salvadora de fé temporal ou mero conhecimento intelectual. O conteúdo ensina que a salvação ocorre quando a confiança é transferida totalmente para Jesus Cristo, e não para esforços humanos.', NULL, NULL, NULL, 3),
	(49, 'Unidade 7 — Decisão e Acompanhamento', NULL, 7, '60 min', 'O Amor de Deus pelos Perdidos', 'A unidade final ensina como conduzir uma pessoa à decisão por Cristo e como oferecer acompanhamento espiritual adequado. O foco está em apresentar o convite com clareza, respeito e amor, garantindo segurança de salvação e cuidado com o novo convertido.', NULL, NULL, NULL, 3),
	(50, 'Unidade 1 — A Formação de um Mentor', NULL, 1, '60 min', 'Devocional 1 — Poder do Alto', 'Esta unidade introduz o papel do mentor como alguém que lidera pelo exemplo e forma discípulos com visão de multiplicação. O aluno aprende que mentorear envolve oração, demonstração, delegação e prática intencional, preparando-se para guiar novos discípulos na explicação do Evangelho e no desenvolvimento de hábitos espirituais consistentes.', NULL, NULL, NULL, 4),
	(51, 'Unidade 2 — O Método de um Mentor', NULL, 2, '60 min', 'Devocional 2 — Jesus como Mentor', 'Esta unidade apresenta o método de mentoreamento centrado em treinamento prático e acompanhamento relacional. O conteúdo enfatiza a Saída de Treinamento Prático como ferramenta principal para formar discípulos que aprendem observando, participando e recebendo feedback, sempre com responsabilidade e sensibilidade à direção de Deus.', NULL, NULL, NULL, 4),
	(52, 'Unidade 3 — O Modelo de um Mentor', NULL, 3, '60 min', 'Devocional 3 — Encontros Marcados por Deus', 'Nesta unidade, o aluno é levado a enxergar o evangelismo como cooperação com a obra de Deus, aprendendo a identificar oportunidades preparadas pelo Senhor. O foco está em conexão genuína com as pessoas, boas transições na conversa e uso responsável de perguntas diagnósticas, evitando manipulação e buscando receptividade real.', NULL, NULL, NULL, 4),
	(53, 'Unidade 4 — A Mensagem de um Mentor', NULL, 4, '60 min', 'Devocional 4 — A Arte de Contar Histórias', 'Esta unidade treina o mentor a comunicar verdades espirituais com clareza e impacto, usando histórias e experiências com Deus de forma apropriada. O aluno aprende a fortalecer o discipulado ao compartilhar testemunhos objetivos e úteis, ajudando também seus discípulos a reconhecerem e estruturarem suas próprias histórias para edificação e evangelização.', NULL, NULL, NULL, 4),
	(54, 'Unidade 5 — A Atitude de um Mentor', NULL, 5, '60 min', 'Devocional 5 — A Importância de Servir', 'Esta unidade trabalha o caráter do mentor como servo: amor, preparo, paciência, paz e propósito na missão. O aluno aprende que mentorear não é dominar pessoas, mas servir discípulos e cooperar com Deus em meio à oposição espiritual, mantendo mansidão e firmeza ao explicar o Evangelho e ao formar novos evangelistas.', NULL, NULL, NULL, 4),
	(55, 'Unidade 6 — O Foco de um Mentor', NULL, 6, '60 min', 'Devocional 6 — Os Obstáculos do Discipulado', 'Nesta unidade, o aluno consolida que o alvo da Grande Comissão é fazer discípulos e não apenas convertidos. O conteúdo orienta como lidar com obstáculos ao discipulado e como conduzir acompanhamento contínuo, ensinando meios de crescimento espiritual e incentivando comunhão, serviço e perseverança para que o fruto permaneça.', NULL, NULL, NULL, 4),
	(56, 'Unidade 7 — A Missão de um Mentor', NULL, 7, '60 min', 'Devocional 7 — Multiplicação', 'A unidade final firma a visão de multiplicação espiritual, chamando o mentor a reproduzir discípulos fiéis, disponíveis e ensináveis. O aluno é direcionado a praticar e avaliar a explicação do Evangelho em formato de conversa, e a assumir o compromisso de formar novas equipes, apoiar o discipulado e fortalecer a missão da igreja local.', NULL, NULL, NULL, 4),
	(57, 'Estudo 1 — Você Tem Certeza?', NULL, 1, '60 min', NULL, 'Esta unidade conduz o aluno a examinar, à luz das Escrituras, se é possível ter certeza da vida eterna. Por meio de perguntas de diagnóstico e textos bíblicos, o estudo confronta falsas seguranças e direciona a confiança para Cristo, levando a uma resposta pessoal clara e fundamentada.', NULL, NULL, NULL, 5),
	(58, 'Estudo 2 — Bíblia', NULL, 2, '60 min', NULL, 'Esta unidade apresenta a Palavra de Deus como base indispensável para o crescimento espiritual. O aluno é encorajado a ler, guardar e praticar as Escrituras com constância, entendendo que a Bíblia orienta a vida cristã e fortalece a fé por meio da obediência diária.', NULL, NULL, NULL, 5),
	(59, 'Estudo 3 — Oração', NULL, 3, '60 min', NULL, 'Esta unidade ensina a oração como comunhão viva com Deus — uma conversa reverente e constante que aprofunda intimidade e consolida a fé. O estudo destaca oração como adoração, confissão, gratidão e súplica, incentivando uma prática simples, perseverante e alinhada à vontade do Senhor.', NULL, NULL, NULL, 5),
	(60, 'Estudo 4 — Adoração', NULL, 4, '60 min', NULL, 'Esta unidade amplia a visão bíblica de adoração como mais do que momentos de culto: trata-se de uma vida inteira voltada a honrar a Deus. O aluno é chamado a glorificar o Senhor no tempo, recursos, atitudes e motivações, aprendendo a adorar em todo lugar e em todo tempo.', NULL, NULL, NULL, 5),
	(61, 'Estudo 5 — Comunhão', NULL, 5, '60 min', NULL, 'Esta unidade mostra que o crescimento espiritual floresce no convívio com o corpo de Cristo. Comunhão é viver em unidade, amor, cuidado e serviço dentro da família de Deus, recebendo edificação, incentivo e apoio; o aluno é encorajado a se comprometer com a vida da igreja e relacionamentos cristãos saudáveis.', NULL, NULL, NULL, 5),
	(62, 'Estudo 6 — Testemunho', NULL, 6, '60 min', NULL, 'Esta unidade reafirma o privilégio e a responsabilidade cristã de anunciar o Evangelho. O aluno aprende que testemunhar é comunicar as Boas Novas com clareza e coerência de vida, desenvolvendo interesse genuíno pelas pessoas e se preparando para compartilhar sua própria história e a mensagem da salvação em Cristo.', NULL, NULL, NULL, 5),
	(63, 'Estudo 7 — Direção', NULL, 7, '60 min', NULL, 'Esta unidade orienta o aluno a buscar e reconhecer a vontade de Deus para decisões e vida diária. O estudo enfatiza que o Senhor ama seus filhos, conduz com segurança e chama o cristão a viver sob Seu governo, aprendendo a discernir caminhos à luz das Escrituras e a seguir a direção divina com confiança e obediência.', NULL, NULL, NULL, 5),
	(64, 'Sessão 1 — Manejo da Palavra da Verdade', NULL, 1, '60 min', 'Devocional 1 — A Palavra da Verdade', 'Esta unidade estabelece o fundamento do treinamento, capacitando o aluno a lidar corretamente com as Escrituras. O conteúdo reforça a importância da verdade absoluta, da confiabilidade bíblica e da preparação espiritual para responder com clareza às perguntas sinceras daqueles que questionam a fé cristã.', NULL, NULL, NULL, 6),
	(65, 'Sessão 2 — Cinco Maneiras de Lidar com uma Objeção ao Evangelho', NULL, 2, '60 min', 'Devocional 2 — A Atitude é Tudo', 'Nesta unidade o aluno aprende princípios práticos para responder objeções sem confronto ou arrogância. O foco está na atitude correta do evangelista, combinando mansidão, respeito e dependência do Espírito Santo ao lidar com dúvidas, interrupções ou resistências durante conversas espirituais.', NULL, NULL, NULL, 6),
	(66, 'Sessão 3 — Eu Não Acredito na Bíblia', NULL, 3, '60 min', 'Devocional 3 — A Confiabilidade da Bíblia', 'Esta unidade prepara o aluno para responder à objeção quanto à autoridade das Escrituras. O conteúdo apresenta razões históricas, arqueológicas e proféticas que demonstram a confiabilidade da Bíblia, ajudando o cristão a conduzir o diálogo de forma lógica, respeitosa e centrada no Evangelho.', NULL, NULL, NULL, 6),
	(67, 'Sessão 4 — Como Você Sabe que Deus Existe?', NULL, 4, '60 min', 'Devocional 4 — Deus é Real', 'Nesta unidade o aluno aprende a apresentar respostas racionais à existência de Deus, utilizando argumentos baseados na criação, ordem, design e consciência humana. O objetivo é demonstrar que a fé cristã não é irracional, mas plenamente coerente com a realidade observável.', NULL, NULL, NULL, 6),
	(68, 'Sessão 5 — Como Deus Pode Permitir o Mal?', NULL, 5, '60 min', 'Devocional 5 — A Perfeita Justiça de Deus', 'Esta unidade aborda uma das objeções mais sensíveis ao cristianismo: o problema do sofrimento, do mal e do inferno. O aluno aprende a explicar a justiça e o amor de Deus de forma equilibrada, mostrando que o mal é consequência da queda humana e que Deus oferece redenção, esperança e justiça final.', NULL, NULL, NULL, 6),
	(69, 'Sessão 6 — Como Jesus Pode Ser o Único Caminho?', NULL, 6, '60 min', 'Devocional 6 — Um Só Caminho', 'Nesta unidade o aluno é capacitado a responder à exclusividade de Cristo com clareza bíblica. O conteúdo apresenta Jesus como o único Salvador por causa do pecado, do sacrifício e da ressurreição, fortalecendo a convicção cristã diante do pluralismo religioso.', NULL, NULL, NULL, 6),
	(70, 'Sessão 7 — E Quanto àqueles que Nunca Ouviram?', NULL, 7, '60 min', 'Devocional 7 — A Criação Anuncia a Deus', 'A unidade final responde às objeções relacionadas à justiça divina diante dos que nunca ouviram o Evangelho e ao tema da hipocrisia religiosa. O aluno compreende a revelação de Deus por meio da criação, da consciência e de Cristo, e é desafiado a assumir responsabilidade pessoal na missão.', NULL, NULL, NULL, 6),
	(71, 'Unidade Introdutória — Orientações do Treinamento Esperança para Crianças', NULL, 1, '30 min', NULL, 'Esta unidade introdutória apresenta a visão, os objetivos e a estrutura do treinamento Esperança para Crianças. O facilitador é orientado quanto ao propósito evangelístico do ministério, ao papel da equipe, à importância da oração e ao preparo espiritual necessário para conduzir crianças ao conhecimento do Evangelho.', NULL, NULL, NULL, 7),
	(72, 'Unidade 1 — Olimpíadas Bíblicas', NULL, 2, '60 min', NULL, 'Esta unidade utiliza atividades lúdicas para ensinar verdades bíblicas fundamentais às crianças. Por meio de jogos, versículos e dinâmicas, elas aprendem que a Palavra de Deus é verdadeira, confiável e poderosa, criando um ambiente alegre e propício para o aprendizado espiritual.', NULL, NULL, NULL, 7),
	(73, 'Unidade 2 — A Entrevista', NULL, 3, '30 min', NULL, 'Nesta unidade o facilitador aprende a conduzir entrevistas espirituais com crianças, utilizando perguntas simples para identificar o nível de compreensão do Evangelho. O foco está em ouvir com atenção, estabelecer vínculo e discernir a condição espiritual de cada criança.', NULL, NULL, NULL, 7),
	(74, 'Unidade 3 — O Caminho do Evangelho', NULL, 4, '40 min', NULL, 'Esta unidade apresenta o Caminho do Evangelho por meio de gestos e explicações visuais, ajudando as crianças a memorizar e compreender os principais pontos da mensagem da salvação. O método facilita a explicação clara e progressiva do Evangelho.', NULL, NULL, NULL, 7),
	(75, 'Unidade 4 — As Boas Novas', NULL, 5, '40 min', NULL, 'Nesta unidade as crianças aprendem quem é Jesus e o que Ele fez para oferecer a vida eterna. O ensino enfatiza a morte e a ressurreição de Cristo, apresentando as Boas Novas de forma simples, bíblica e adequada à compreensão infantil.', NULL, NULL, NULL, 7),
	(76, 'Unidade 5 — Vamos Conversar', NULL, 6, '40 min', NULL, 'Esta unidade ensina como iniciar conversas espirituais e compartilhar o testemunho pessoal. As crianças aprendem a fazer perguntas, ouvir com respeito e identificar oportunidades naturais para falar sobre Deus.', NULL, NULL, NULL, 7),
	(77, 'Unidade 6 — Céu', NULL, 7, '40 min', NULL, 'Nesta unidade é ensinado que a vida eterna é um presente gratuito de Deus. As crianças aprendem o conceito bíblico da graça, compreendendo que o Céu não pode ser conquistado por boas obras, mas recebido pela fé.', NULL, NULL, NULL, 7),
	(78, 'Unidade 7 — Pecado', NULL, 8, '40 min', NULL, 'Esta unidade aborda a realidade do pecado de forma clara e apropriada para crianças. O ensino mostra que o pecado separa o ser humano de Deus e que todos necessitam do perdão oferecido por meio de Jesus Cristo.', NULL, NULL, NULL, 7),
	(79, 'Unidade 8 — Deus', NULL, 9, '40 min', NULL, 'Nesta unidade as crianças aprendem sobre o caráter de Deus, destacando Seu amor e Sua justiça. O ensino mostra que Deus deseja restaurar o relacionamento com as pessoas e oferece salvação por meio de Seu amor.', NULL, NULL, NULL, 7),
	(80, 'Unidade 9 — Cristo', NULL, 10, '40 min', NULL, 'Esta unidade ensina que Jesus é o Filho de Deus, que viveu sem pecado, morreu na cruz e ressuscitou. As crianças compreendem que somente Cristo pode perdoar pecados e conceder a vida eterna.', NULL, NULL, NULL, 7),
	(81, 'Unidade 10 — Fé', NULL, 11, '40 min', NULL, 'Nesta unidade é explicado o verdadeiro significado da fé bíblica, ensinando que confiar em Jesus é depender somente dEle para a salvação, e não de boas ações ou comportamento.', NULL, NULL, NULL, 7),
	(82, 'Unidade 11 — Resposta', NULL, 12, '40 min', NULL, 'Esta unidade orienta como conduzir uma criança a responder ao Evangelho com clareza e respeito. O foco está em apresentar o convite à fé, reconhecendo que a decisão é uma obra do Espírito Santo.', NULL, NULL, NULL, 7),
	(83, 'Unidade 12 — Crescendo em Cristo', NULL, 13, '40 min', NULL, 'A unidade final ensina princípios básicos de crescimento cristão, como oração, leitura bíblica, comunhão e testemunho. As crianças são encorajadas a viver diariamente sua fé e a continuar firmes em Jesus.', NULL, NULL, NULL, 7),
	(84, 'Unidade de Implementação — Implantação do Ministério Esperança para Crianças', NULL, 14, '60 min', NULL, 'Esta unidade orienta a implementação do ministério Esperança para Crianças na igreja local. O conteúdo aborda planejamento, formação de equipe, envolvimento da liderança, acompanhamento espiritual e continuidade do trabalho evangelístico infantil.', NULL, NULL, NULL, 7),
	(85, 'Unidade 1 — Olimpíadas Bíblicas', NULL, 1, '60 min', NULL, 'Esta unidade inaugura o treinamento de forma dinâmica, usando jogos e atividades para fixar os versículos-chave do Caminho do Evangelho. O objetivo é que as crianças compreendam que a Palavra de Deus é verdadeira e poderosa, criando um ambiente alegre e memorável para iniciar o aprendizado do Evangelho.', NULL, NULL, NULL, 8),
	(86, 'Unidade 2 — A Entrevista', NULL, 2, '60 min', NULL, 'Nesta unidade, o professor e os líderes aprendem a conhecer melhor cada criança e avaliar sua compreensão espiritual. A entrevista cria vínculo, promove escuta cuidadosa e permite discernir necessidades, preparando o caminho para ensinar o Evangelho com clareza e sensibilidade.', NULL, NULL, NULL, 8),
	(87, 'Unidade 3 — O Caminho do Evangelho', NULL, 3, '60 min', NULL, 'Esta unidade introduz o Caminho do Evangelho como trilho seguro para explicar a salvação de modo progressivo. As crianças aprendem a recitar com gestos os seis pontos, compreendendo que boas informações guiam ao destino correto, assim como o Evangelho guia ao Céu.', NULL, NULL, NULL, 8),
	(88, 'Unidade 4 — As Boas Novas', NULL, 4, '60 min', NULL, 'Nesta unidade, as crianças aprendem quem é Jesus e o que Ele fez para oferecer a vida eterna. O foco é comunicar o núcleo do Evangelho de forma simples e bíblica, incentivar o compartilhamento com outras pessoas e ensinar como oferecer oportunidade de resposta com respeito e clareza.', NULL, NULL, NULL, 8),
	(89, 'Unidade 5 — Vamos Conversar', NULL, 5, '60 min', NULL, 'Esta unidade treina as crianças a iniciar conversas espirituais com naturalidade, compartilhar sua história (testemunho) e usar perguntas de diagnóstico para entender em que a pessoa confia. O conteúdo reforça postura respeitosa e ajuda a conduzir o diálogo para o Evangelho sem constrangimento.', NULL, NULL, NULL, 8),
	(90, 'Unidade 6 — Céu', NULL, 6, '60 min', NULL, 'Nesta unidade, as crianças entendem o conceito bíblico de graça e aprendem que o Céu (vida eterna) é presente de Deus, não conquistado nem merecido. Por ilustrações e textos bíblicos, elas são encorajadas a confiar somente em Jesus e a explicar o ponto “Céu” com clareza.', NULL, NULL, NULL, 8),
	(91, 'Unidade 7 — Pecado', NULL, 7, '60 min', NULL, 'Esta unidade ensina o que é pecado, por que todos pecam e como o pecado separa o ser humano de Deus. As crianças aprendem a explicar o ponto “Pecado” de maneira adequada, entendendo a necessidade de salvação e preparando o terreno para compreender a obra de Cristo.', NULL, NULL, NULL, 8),
	(92, 'Unidade 8 — Deus', NULL, 8, '60 min', NULL, 'Nesta unidade, as crianças aprendem quem Deus é, enfatizando Seu amor e Sua justiça. O conteúdo fortalece a compreensão de que Deus é santo e correto, e que Seu amor não anula Sua justiça, preparando uma visão equilibrada do Evangelho.', NULL, NULL, NULL, 8),
	(93, 'Unidade 9 — Cristo', NULL, 9, '60 min', NULL, 'Esta unidade apresenta Jesus Cristo como o centro do Evangelho: Deus que veio ao mundo, viveu sem pecado, morreu em nosso lugar e ressuscitou. As crianças aprendem a explicar a obra de Cristo como a única provisão suficiente para o perdão e a vida eterna.', NULL, NULL, NULL, 8),
	(94, 'Unidade 10 — Fé', NULL, 10, '60 min', NULL, 'Nesta unidade, as crianças compreendem o significado de fé bíblica: confiar em Jesus, e não em esforço próprio, religiosidade ou boas obras. O objetivo é que elas saibam explicar o ponto “Fé” com simplicidade e segurança, chamando o ouvinte a depender de Cristo.', NULL, NULL, NULL, 8),
	(95, 'Unidade 11 — Resposta', NULL, 11, '60 min', NULL, 'Esta unidade orienta como dar oportunidade para a pessoa responder ao Evangelho, com perguntas claras e postura respeitosa. As crianças aprendem que a decisão não é pressionada, mas apresentada com amor, reconhecendo que o Espírito Santo é quem convence o coração.', NULL, NULL, NULL, 8),
	(96, 'Unidade 12 — Crescendo em Jesus', NULL, 12, '60 min', NULL, 'A unidade final consolida o discipulado básico, ensinando práticas essenciais para crescer em Jesus: leitura da Bíblia, oração, comunhão e testemunho. O foco é ajudar as crianças a perseverarem na fé e a continuarem compartilhando o Evangelho como estilo de vida.', NULL, NULL, NULL, 8);

CREATE TABLE IF NOT EXISTS `sessions` (
  `id` varchar(255) COLLATE utf8mb4_unicode_ci NOT NULL,
  `user_id` bigint unsigned DEFAULT NULL,
  `ip_address` varchar(45) COLLATE utf8mb4_unicode_ci DEFAULT NULL,
  `user_agent` text COLLATE utf8mb4_unicode_ci,
  `payload` longtext COLLATE utf8mb4_unicode_ci NOT NULL,
  `last_activity` int NOT NULL,
  PRIMARY KEY (`id`),
  KEY `sessions_user_id_index` (`user_id`),
  KEY `sessions_last_activity_index` (`last_activity`)
) ENGINE=InnoDB DEFAULT CHARSET=utf8mb4 COLLATE=utf8mb4_unicode_ci;

INSERT INTO `sessions` (`id`, `user_id`, `ip_address`, `user_agent`, `payload`, `last_activity`) VALUES
	('QzG86YhmKjHIQMls1O98a2TYoWP7TOrbGx5DXvK9', 1, '127.0.0.1', 'Mozilla/5.0 (Windows NT 10.0; Win64; x64) AppleWebKit/537.36 (KHTML, like Gecko) Chrome/144.0.0.0 Safari/537.36 Edg/144.0.0.0', 'YTo1OntzOjY6Il90b2tlbiI7czo0MDoidWdDeURYQ1BTR3ozd3BqVHhUejY2VllFWXdodVpSMXVTWFlhUkFPTiI7czozOiJ1cmwiO2E6MDp7fXM6OToiX3ByZXZpb3VzIjthOjI6e3M6MzoidXJsIjtzOjYzOiJodHRwOi8vZXZhbmdlbGlzbS1leHBsb3Npb24udGVzdC90ZWFjaGVyL3RyYWluaW5ncy8zMTIvc2NoZWR1bGUiO3M6NToicm91dGUiO3M6MzA6ImFwcC50ZWFjaGVyLnRyYWluaW5ncy5zY2hlZHVsZSI7fXM6NjoiX2ZsYXNoIjthOjI6e3M6Mzoib2xkIjthOjA6e31zOjM6Im5ldyI7YTowOnt9fXM6NTA6ImxvZ2luX3dlYl81OWJhMzZhZGRjMmIyZjk0MDE1ODBmMDE0YzdmNThlYTRlMzA5ODlkIjtpOjE7fQ==', 1770012638);

CREATE TABLE IF NOT EXISTS `shippings` (
  `id` bigint unsigned NOT NULL AUTO_INCREMENT,
  `name` varchar(255) COLLATE utf8mb4_unicode_ci NOT NULL,
  `phone` varchar(255) COLLATE utf8mb4_unicode_ci DEFAULT NULL,
  `email` varchar(255) COLLATE utf8mb4_unicode_ci DEFAULT NULL,
  `street` varchar(255) COLLATE utf8mb4_unicode_ci DEFAULT NULL,
  `number` varchar(255) COLLATE utf8mb4_unicode_ci DEFAULT NULL,
  `complement` varchar(255) COLLATE utf8mb4_unicode_ci DEFAULT NULL,
  `district` varchar(255) COLLATE utf8mb4_unicode_ci DEFAULT NULL,
  `city` varchar(255) COLLATE utf8mb4_unicode_ci DEFAULT NULL,
  `state` varchar(255) COLLATE utf8mb4_unicode_ci DEFAULT NULL,
  `postal_code` varchar(255) COLLATE utf8mb4_unicode_ci DEFAULT NULL,
  `notes` varchar(255) COLLATE utf8mb4_unicode_ci DEFAULT NULL,
  `created_at` timestamp NULL DEFAULT NULL,
  `updated_at` timestamp NULL DEFAULT NULL,
  PRIMARY KEY (`id`)
) ENGINE=InnoDB DEFAULT CHARSET=utf8mb4 COLLATE=utf8mb4_unicode_ci;


CREATE TABLE IF NOT EXISTS `suppliers` (
  `id` bigint unsigned NOT NULL AUTO_INCREMENT,
  `name` varchar(255) COLLATE utf8mb4_unicode_ci NOT NULL,
  `phone` varchar(255) COLLATE utf8mb4_unicode_ci DEFAULT NULL,
  `email` varchar(255) COLLATE utf8mb4_unicode_ci DEFAULT NULL,
  `street` varchar(255) COLLATE utf8mb4_unicode_ci DEFAULT NULL,
  `number` varchar(255) COLLATE utf8mb4_unicode_ci DEFAULT NULL,
  `complement` varchar(255) COLLATE utf8mb4_unicode_ci DEFAULT NULL,
  `district` varchar(255) COLLATE utf8mb4_unicode_ci DEFAULT NULL,
  `city` varchar(255) COLLATE utf8mb4_unicode_ci DEFAULT NULL,
  `state` varchar(255) COLLATE utf8mb4_unicode_ci DEFAULT NULL,
  `postal_code` varchar(255) COLLATE utf8mb4_unicode_ci DEFAULT NULL,
  `notes` varchar(255) COLLATE utf8mb4_unicode_ci DEFAULT NULL,
  `created_at` timestamp NULL DEFAULT NULL,
  `updated_at` timestamp NULL DEFAULT NULL,
  PRIMARY KEY (`id`)
) ENGINE=InnoDB DEFAULT CHARSET=utf8mb4 COLLATE=utf8mb4_unicode_ci;


CREATE TABLE IF NOT EXISTS `trainings` (
  `id` bigint unsigned NOT NULL AUTO_INCREMENT,
  `banner` varchar(255) COLLATE utf8mb4_unicode_ci DEFAULT NULL,
  `coordinator` varchar(255) COLLATE utf8mb4_unicode_ci DEFAULT NULL,
  `phone` varchar(20) COLLATE utf8mb4_unicode_ci DEFAULT NULL,
  `email` varchar(100) COLLATE utf8mb4_unicode_ci DEFAULT NULL,
  `street` varchar(100) COLLATE utf8mb4_unicode_ci DEFAULT NULL,
  `number` varchar(20) COLLATE utf8mb4_unicode_ci DEFAULT NULL,
  `complement` varchar(100) COLLATE utf8mb4_unicode_ci DEFAULT NULL,
  `district` varchar(100) COLLATE utf8mb4_unicode_ci DEFAULT NULL,
  `city` varchar(100) COLLATE utf8mb4_unicode_ci DEFAULT NULL,
  `state` varchar(255) COLLATE utf8mb4_unicode_ci DEFAULT NULL,
  `postal_code` varchar(10) COLLATE utf8mb4_unicode_ci DEFAULT NULL,
  `url` varchar(255) COLLATE utf8mb4_unicode_ci DEFAULT NULL,
  `gpwhatsapp` varchar(255) COLLATE utf8mb4_unicode_ci DEFAULT NULL,
  `price` varchar(255) COLLATE utf8mb4_unicode_ci DEFAULT '0,00',
  `price_church` varchar(255) COLLATE utf8mb4_unicode_ci DEFAULT '0,00',
  `discount` varchar(255) COLLATE utf8mb4_unicode_ci DEFAULT '0,00',
  `kits` int DEFAULT '0',
  `totStudents` int NOT NULL DEFAULT '0',
  `totChurches` int NOT NULL DEFAULT '0',
  `totNewChurches` int NOT NULL DEFAULT '0',
  `totPastors` int NOT NULL DEFAULT '0',
  `totKitsUsed` int NOT NULL DEFAULT '0',
  `totListeners` int NOT NULL DEFAULT '0',
  `totKitsReceived` int NOT NULL DEFAULT '0',
  `totApproaches` int NOT NULL DEFAULT '0',
  `totDecisions` int NOT NULL DEFAULT '0',
  `notes` text COLLATE utf8mb4_unicode_ci,
  `status` int DEFAULT NULL,
  `created_at` timestamp NULL DEFAULT NULL,
  `updated_at` timestamp NULL DEFAULT NULL,
  `course_id` bigint unsigned DEFAULT NULL,
  `teacher_id` bigint unsigned DEFAULT NULL,
  `church_id` bigint unsigned DEFAULT NULL,
  `welcome_duration_minutes` smallint unsigned NOT NULL DEFAULT '30',
  `schedule_settings` json DEFAULT NULL,
  `ojt_count_override` smallint unsigned DEFAULT NULL,
  `ojt_policy_override` varchar(10) COLLATE utf8mb4_unicode_ci DEFAULT NULL,
  PRIMARY KEY (`id`),
  KEY `trainings_course_id_foreign` (`course_id`),
  KEY `trainings_teacher_id_foreign` (`teacher_id`),
  KEY `trainings_church_id_foreign` (`church_id`),
  CONSTRAINT `trainings_church_id_foreign` FOREIGN KEY (`church_id`) REFERENCES `churches` (`id`) ON DELETE CASCADE ON UPDATE CASCADE,
  CONSTRAINT `trainings_course_id_foreign` FOREIGN KEY (`course_id`) REFERENCES `courses` (`id`) ON DELETE CASCADE ON UPDATE CASCADE,
  CONSTRAINT `trainings_teacher_id_foreign` FOREIGN KEY (`teacher_id`) REFERENCES `users` (`id`) ON DELETE SET NULL ON UPDATE CASCADE
) ENGINE=InnoDB AUTO_INCREMENT=313 DEFAULT CHARSET=utf8mb4 COLLATE=utf8mb4_unicode_ci;

INSERT INTO `trainings` (`id`, `banner`, `coordinator`, `phone`, `email`, `street`, `number`, `complement`, `district`, `city`, `state`, `postal_code`, `url`, `gpwhatsapp`, `price`, `price_church`, `discount`, `kits`, `totStudents`, `totChurches`, `totNewChurches`, `totPastors`, `totKitsUsed`, `totListeners`, `totKitsReceived`, `totApproaches`, `totDecisions`, `notes`, `status`, `created_at`, `updated_at`, `course_id`, `teacher_id`, `church_id`, `welcome_duration_minutes`, `schedule_settings`, `ojt_count_override`, `ojt_policy_override`) VALUES
	(1, NULL, 'Secretaria', '21972765535', 'secretaria@pibinga.org.br', 'Rua Dr. Paulo Alves', '125', NULL, 'Ingá', 'Niterói', 'RJ', '24365170', NULL, NULL, '180.00', '20.00', '0.00', NULL, 0, 0, 0, 0, 0, 0, 0, 0, 0, NULL, 1, '2026-02-02 08:26:26', '2026-02-02 08:30:54', 1, 1, 1, 30, '{"overrides": [], "day_blocks": {"2026-02-06": {"lunch": false, "snack": false, "dinner": false, "welcome": true, "breakfast": false, "devotional": true}, "2026-02-07": {"lunch": false, "snack": false, "dinner": false, "welcome": true, "breakfast": false, "devotional": true}, "2026-02-08": {"lunch": false, "snack": false, "dinner": false, "welcome": true, "breakfast": false, "devotional": true}}}', NULL, NULL),
	(2, NULL, 'Secretaria', '21972765535', 'secretaria@pibinga.org.br', 'Rua Dr. Paulo Alves', '125', NULL, 'Ingá', 'Niterói', 'RJ', '24365170', NULL, NULL, '180.00', '20.00', '0.00', NULL, 0, 0, 0, 0, 0, 0, 0, 0, 0, NULL, 1, '2026-02-02 08:26:26', '2026-02-02 08:50:29', 1, 1, 1, 30, '{"overrides": [], "day_blocks": {"2026-02-02": {"lunch": false, "snack": false, "dinner": false, "welcome": true, "breakfast": false, "devotional": true}, "2026-02-03": {"lunch": false, "snack": false, "dinner": false, "welcome": true, "breakfast": false, "devotional": true}, "2026-02-04": {"lunch": false, "snack": false, "dinner": false, "welcome": true, "breakfast": false, "devotional": true}, "2026-02-05": {"lunch": false, "snack": false, "dinner": false, "welcome": true, "breakfast": false, "devotional": true}, "2026-02-06": {"lunch": false, "snack": false, "dinner": false, "welcome": true, "breakfast": false, "devotional": true}, "2026-02-07": {"lunch": false, "snack": false, "dinner": false, "welcome": true, "breakfast": false, "devotional": true}}}', NULL, NULL),
	(3, NULL, 'Pr. Lucas Cardoso', '21969035698', 'treinamento.sao.paulo@comunidade.com.br', 'Travessa Rio Branco', '8262', 'Fundos', 'Vila Nova', 'Sao Paulo', 'SP', '40732929', 'https://www.treinamento-sao-paulo.org.br', NULL, '100,00', '100,00', NULL, 131, 235, 106, 56, 0, 114, 122, 192, 379, 81, 'Aliquam praesentium quia iure tempora fuga doloribus id ut similique sit itaque quas in.', 0, '2026-02-02 08:26:26', '2026-02-02 08:26:26', 1, 29, 13, 30, NULL, NULL, NULL),
	(4, NULL, 'Pr. Amanda Oliveira', '41940822070', 'treinamento.belem@comunidade.com.br', 'Alameda Dom Pedro II', '2863', NULL, 'Vila Nova', 'Belem', 'PA', '18215814', 'https://www.treinamento-belem.org.br', NULL, '150,00', '100,00', NULL, 51, 117, 4, 49, 52, 136, 236, 86, 138, 100, 'Magni molestiae quia reiciendis voluptatibus voluptatem tempora esse.', 3, '2026-02-02 08:26:26', '2026-02-02 08:26:26', 1, 96, 8, 30, NULL, NULL, NULL),
	(5, NULL, 'Pr. Marcos Cardoso', '51990372510', 'treinamento.salvador@comunidade.com.br', 'Alameda das Flores', '2418', 'Casa 2', 'Jardim America', 'Salvador', 'BA', '97469867', 'https://www.treinamento-salvador.org.br', NULL, '0,00', '50,00', '20,00', 157, 70, 9, 52, 47, 30, 155, 185, 99, 67, NULL, 2, '2026-02-02 08:26:26', '2026-02-02 08:26:26', 1, 41, 8, 30, NULL, NULL, NULL),
	(6, NULL, 'Pr. Andre Souza', '81995410330', 'treinamento.belem@ministerio.com.br', 'Travessa Dom Pedro II', '2566', 'Fundos', 'Vila Esperanca', 'Belem', 'PA', '25303254', 'https://www.treinamento-belem.org.br', NULL, '50,00', '200,00', NULL, 144, 83, 18, 58, 17, 9, 44, 142, 260, 43, 'Veritatis quas repellendus dolor fugit cumque libero perspiciatis itaque dicta iure.', 2, '2026-02-02 08:26:26', '2026-02-02 08:26:26', 1, 74, 5, 30, NULL, NULL, NULL),
	(7, NULL, 'Pr. Rafael Souza', '21962020778', 'treinamento.belo.horizonte@ministerio.com.br', 'Travessa Sete de Setembro', '3370', NULL, 'Parque das Nacoes', 'Belo Horizonte', 'MG', '94920688', 'https://www.treinamento-belo-horizonte.org.br', NULL, '150,00', '0,00', NULL, 238, 280, 8, 48, 13, 141, 147, 164, 28, 168, NULL, 1, '2026-02-02 08:26:26', '2026-02-02 08:26:26', 1, 67, 20, 30, NULL, NULL, NULL),
	(8, NULL, 'Pr. Felipe Ramos', '41963970327', 'treinamento.goiania@ministerio.com.br', 'Avenida Getulio Vargas', '7362', NULL, 'Jardim das Oliveiras', 'Goiania', 'GO', '04082313', 'https://www.treinamento-goiania.org.br', NULL, '50,00', '200,00', '10,00', 172, 200, 52, 46, 17, 25, 106, 120, 175, 166, 'Est in doloremque nobis est tenetur modi quisquam porro quos facilis explicabo tempora eius voluptatem quia natus.', 1, '2026-02-02 08:26:26', '2026-02-02 08:26:26', 1, 53, 10, 30, NULL, NULL, NULL),
	(9, NULL, 'Pr. Renata Lima', '31993145053', 'treinamento.porto.alegre@igreja.org.br', 'Alameda Brasil', '7005', NULL, 'Vila Esperanca', 'Porto Alegre', 'RS', '34349666', 'https://www.treinamento-porto-alegre.org.br', NULL, '100,00', '50,00', NULL, 270, 33, 34, 14, 44, 168, 150, 66, 142, 39, NULL, 2, '2026-02-02 08:26:26', '2026-02-02 08:26:26', 1, 102, 26, 30, NULL, NULL, NULL),
	(10, NULL, 'Pr. Gabriel Lima', '61907543913', 'treinamento.manaus@igreja.org.br', 'Rua Dom Pedro II', '5379', NULL, 'Vila Nova', 'Manaus', 'AM', '62246440', 'https://www.treinamento-manaus.org.br', NULL, '50,00', '150,00', '10,00', 258, 82, 50, 13, 48, 42, 87, 164, 184, 53, NULL, 1, '2026-02-02 08:26:26', '2026-02-02 08:26:26', 1, 21, 12, 30, NULL, NULL, NULL),
	(11, NULL, 'Pr. Larissa Cardoso', '21925096062', 'treinamento.fortaleza@ministerio.com.br', 'Alameda das Flores', '2108', NULL, 'Vila Nova', 'Fortaleza', 'CE', '70403897', 'https://www.treinamento-fortaleza.org.br', NULL, '50,00', '0,00', NULL, 268, 102, 28, 7, 60, 166, 93, 119, 387, 155, NULL, 0, '2026-02-02 08:26:26', '2026-02-02 08:26:26', 1, 54, 26, 30, NULL, NULL, NULL),
	(12, NULL, 'Pr. Mariana Almeida', '51923937245', 'treinamento.salvador@comunidade.com.br', 'Avenida dos Ipes', '8957', NULL, 'Nova Esperanca', 'Salvador', 'BA', '67235753', 'https://www.treinamento-salvador.org.br', NULL, '0,00', '50,00', NULL, 159, 214, 28, 60, 45, 42, 69, 152, 119, 130, NULL, 3, '2026-02-02 08:26:26', '2026-02-02 08:26:26', 1, 18, 3, 30, NULL, NULL, NULL),
	(13, NULL, 'Pr. Juliana Martins', '61923126104', 'treinamento.salvador@igreja.org.br', 'Travessa Brasil', '4099', NULL, 'Boa Vista', 'Salvador', 'BA', '07154391', 'https://www.treinamento-salvador.org.br', NULL, '0,00', '200,00', NULL, 290, 236, 100, 53, 3, 22, 140, 290, 21, 88, 'Omnis dignissimos et quis minima sunt dolor unde perferendis architecto esse nesciunt laborum.', 1, '2026-02-02 08:26:26', '2026-02-02 08:26:26', 1, 62, 11, 30, NULL, NULL, NULL),
	(14, NULL, 'Pr. Carolina Moura', '91923827948', 'treinamento.fortaleza@ministerio.com.br', 'Rua Dom Pedro II', '3396', NULL, 'Santa Clara', 'Fortaleza', 'CE', '82487117', 'https://www.treinamento-fortaleza.org.br', NULL, '50,00', '50,00', '5,00', 43, 281, 54, 21, 44, 177, 128, 218, 299, 83, NULL, 3, '2026-02-02 08:26:26', '2026-02-02 08:26:26', 1, 58, 7, 30, NULL, NULL, NULL),
	(15, NULL, 'Pr. Renata Rocha', '41993849343', 'treinamento.porto.alegre@ministerio.com.br', 'Rua Dom Pedro II', '2233', NULL, 'Parque das Nacoes', 'Porto Alegre', 'RS', '93254928', 'https://www.treinamento-porto-alegre.org.br', NULL, '0,00', '100,00', NULL, 287, 173, 101, 37, 34, 126, 125, 113, 79, 12, NULL, 3, '2026-02-02 08:26:26', '2026-02-02 08:26:26', 1, 80, 25, 30, NULL, NULL, NULL),
	(16, NULL, 'Pr. Carlos Cardoso', '51912987314', 'treinamento.belem@comunidade.com.br', 'Avenida Paulista', '5565', NULL, 'Jardim America', 'Belem', 'PA', '68863636', 'https://www.treinamento-belem.org.br', NULL, '50,00', '0,00', '20,00', 56, 170, 33, 8, 5, 101, 270, 111, 398, 131, NULL, 2, '2026-02-02 08:26:26', '2026-02-02 08:26:26', 1, 64, 15, 30, NULL, NULL, NULL),
	(17, NULL, 'Pr. Vitor Barbosa', '85945744290', 'treinamento.goiania@ministerio.com.br', 'Rua Sete de Setembro', '6408', NULL, 'Boa Vista', 'Goiania', 'GO', '61392702', 'https://www.treinamento-goiania.org.br', NULL, '50,00', '200,00', '15,00', 143, 65, 68, 27, 21, 90, 229, 238, 154, 32, NULL, 3, '2026-02-02 08:26:26', '2026-02-02 08:26:26', 1, 55, 17, 30, NULL, NULL, NULL),
	(18, NULL, 'Pr. Patricia Souza', '11947419052', 'treinamento.recife@igreja.org.br', 'Travessa das Flores', '7718', 'Casa 2', 'Vila Nova', 'Recife', 'PE', '02392686', 'https://www.treinamento-recife.org.br', NULL, '200,00', '200,00', NULL, 219, 150, 31, 9, 51, 110, 254, 108, 216, 172, NULL, 1, '2026-02-02 08:26:26', '2026-02-02 08:26:26', 1, 19, 7, 30, NULL, NULL, NULL),
	(19, NULL, 'Pr. Bruno Costa', '85953643753', 'treinamento.sao.paulo@comunidade.com.br', 'Travessa Brasil', '6887', NULL, 'Jardim das Oliveiras', 'Sao Paulo', 'SP', '46339621', 'https://www.treinamento-sao-paulo.org.br', NULL, '200,00', '50,00', '10,00', 280, 114, 86, 54, 30, 172, 163, 202, 52, 25, NULL, 0, '2026-02-02 08:26:26', '2026-02-02 08:26:26', 1, 84, 14, 30, NULL, NULL, NULL),
	(20, NULL, 'Pr. Felipe Carvalho', '71938567426', 'treinamento.sao.paulo@igreja.org.br', 'Alameda Independencia', '7568', NULL, 'Parque das Nacoes', 'Sao Paulo', 'SP', '63485839', 'https://www.treinamento-sao-paulo.org.br', NULL, '0,00', '0,00', '10,00', 138, 193, 26, 13, 46, 111, 201, 241, 196, 33, NULL, 1, '2026-02-02 08:26:26', '2026-02-02 08:26:26', 1, 54, 8, 30, NULL, NULL, NULL),
	(21, NULL, 'Pr. Daniel Santana', '91906868117', 'treinamento.belem@ministerio.com.br', 'Rua Brasil', '8062', NULL, 'Vila Nova', 'Belem', 'PA', '85933643', 'https://www.treinamento-belem.org.br', NULL, '200,00', '50,00', '20,00', 96, 219, 57, 43, 9, 121, 89, 79, 98, 56, NULL, 0, '2026-02-02 08:26:26', '2026-02-02 08:26:26', 2, 86, 20, 30, NULL, NULL, NULL),
	(22, NULL, 'Pr. Rafael Ramos', '21935565569', 'treinamento.goiania@igreja.org.br', 'Rua das Flores', '1089', NULL, 'Nova Esperanca', 'Goiania', 'GO', '10701446', 'https://www.treinamento-goiania.org.br', NULL, '200,00', '200,00', NULL, 187, 114, 15, 13, 12, 162, 257, 41, 270, 23, NULL, 0, '2026-02-02 08:26:26', '2026-02-02 08:26:26', 2, 90, 9, 30, NULL, NULL, NULL),
	(23, NULL, 'Pr. Patricia Lima', '71944166325', 'treinamento.sao.paulo@igreja.org.br', 'Alameda Dom Pedro II', '911', 'Fundos', 'Jardim das Oliveiras', 'Sao Paulo', 'SP', '12990064', 'https://www.treinamento-sao-paulo.org.br', NULL, '150,00', '100,00', NULL, 95, 121, 37, 24, 13, 225, 80, 296, 43, 164, NULL, 2, '2026-02-02 08:26:26', '2026-02-02 08:26:26', 2, 13, 19, 30, NULL, NULL, NULL),
	(24, NULL, 'Pr. Rafael Costa', '71929300244', 'treinamento.goiania@comunidade.com.br', 'Alameda Sete de Setembro', '561', NULL, 'Bela Vista', 'Goiania', 'GO', '83400012', 'https://www.treinamento-goiania.org.br', NULL, '200,00', '100,00', '15,00', 251, 298, 11, 0, 21, 237, 133, 205, 166, 12, NULL, 1, '2026-02-02 08:26:26', '2026-02-02 08:26:26', 2, 60, 13, 30, NULL, NULL, NULL),
	(25, NULL, 'Pr. Carolina Rezende', '41928224291', 'treinamento.belem@ministerio.com.br', 'Travessa Rio Branco', '3514', NULL, 'Santa Clara', 'Belem', 'PA', '65068310', 'https://www.treinamento-belem.org.br', NULL, '100,00', '50,00', NULL, 72, 252, 1, 53, 38, 147, 190, 99, 19, 4, 'Rerum minima itaque quibusdam mollitia aut quasi dolores et pariatur repellat nobis consequatur asperiores.', 0, '2026-02-02 08:26:26', '2026-02-02 08:26:26', 2, 59, 25, 30, NULL, NULL, NULL),
	(26, NULL, 'Pr. Rafael Barbosa', '71917764437', 'treinamento.curitiba@comunidade.com.br', 'Rua das Flores', '3358', 'Bloco B', 'Bela Vista', 'Curitiba', 'PR', '99571266', 'https://www.treinamento-curitiba.org.br', NULL, '0,00', '50,00', '10,00', 122, 46, 81, 53, 1, 175, 150, 273, 335, 23, NULL, 1, '2026-02-02 08:26:26', '2026-02-02 08:26:26', 2, 29, 14, 30, NULL, NULL, NULL),
	(27, NULL, 'Pr. Andre Martins', '81931021384', 'treinamento.rio.de.janeiro@igreja.org.br', 'Rua Getulio Vargas', '6872', NULL, 'Santa Clara', 'Rio de Janeiro', 'RJ', '20808874', 'https://www.treinamento-rio-de-janeiro.org.br', NULL, '150,00', '0,00', NULL, 191, 181, 72, 4, 3, 95, 19, 38, 84, 154, NULL, 3, '2026-02-02 08:26:26', '2026-02-02 08:26:26', 2, 22, 21, 30, NULL, NULL, NULL),
	(28, NULL, 'Pr. Henrique Oliveira', '51903050363', 'treinamento.porto.alegre@ministerio.com.br', 'Rua dos Ipes', '3598', NULL, 'Parque das Nacoes', 'Porto Alegre', 'RS', '11458117', 'https://www.treinamento-porto-alegre.org.br', NULL, '50,00', '0,00', '10,00', 298, 145, 104, 1, 56, 213, 229, 7, 400, 37, NULL, 0, '2026-02-02 08:26:26', '2026-02-02 08:26:26', 2, 18, 24, 30, NULL, NULL, NULL),
	(29, NULL, 'Pr. Mariana Pereira', '85965698893', 'treinamento.goiania@ministerio.com.br', 'Rua Getulio Vargas', '7346', NULL, 'Bela Vista', 'Goiania', 'GO', '19697407', 'https://www.treinamento-goiania.org.br', NULL, '0,00', '50,00', NULL, 244, 55, 109, 49, 28, 200, 159, 65, 85, 40, 'Alias alias sint consequuntur ea occaecati quibusdam est occaecati.', 2, '2026-02-02 08:26:26', '2026-02-02 08:26:26', 2, 38, 17, 30, NULL, NULL, NULL),
	(30, NULL, 'Pr. Gabriel Costa', '85920673548', 'treinamento.belem@comunidade.com.br', 'Travessa Getulio Vargas', '2349', NULL, 'Centro', 'Belem', 'PA', '14925652', 'https://www.treinamento-belem.org.br', NULL, '50,00', '200,00', NULL, 193, 122, 19, 48, 24, 114, 0, 23, 266, 10, NULL, 1, '2026-02-02 08:26:26', '2026-02-02 08:26:26', 2, 13, 21, 30, NULL, NULL, NULL),
	(31, NULL, 'Pr. Beatriz Souza', '85926784641', 'treinamento.curitiba@comunidade.com.br', 'Avenida Dom Pedro II', '6711', 'Sala 101', 'Jardim das Oliveiras', 'Curitiba', 'PR', '44077115', 'https://www.treinamento-curitiba.org.br', NULL, '100,00', '150,00', '15,00', 41, 242, 91, 26, 21, 229, 212, 156, 230, 116, NULL, 0, '2026-02-02 08:26:26', '2026-02-02 08:26:26', 2, 52, 13, 30, NULL, NULL, NULL),
	(32, NULL, 'Pr. Gabriel Gomes', '41919175361', 'treinamento.belo.horizonte@ministerio.com.br', 'Travessa dos Ipes', '2395', NULL, 'Centro', 'Belo Horizonte', 'MG', '57522192', 'https://www.treinamento-belo-horizonte.org.br', NULL, '50,00', '100,00', NULL, 217, 132, 12, 36, 11, 146, 281, 84, 148, 95, NULL, 3, '2026-02-02 08:26:26', '2026-02-02 08:26:26', 2, 14, 21, 30, NULL, NULL, NULL),
	(33, NULL, 'Pr. Carolina Costa', '51954852285', 'treinamento.brasilia@ministerio.com.br', 'Rua Sete de Setembro', '8555', NULL, 'Santa Clara', 'Brasilia', 'DF', '07380393', 'https://www.treinamento-brasilia.org.br', NULL, '200,00', '100,00', '20,00', 261, 84, 93, 3, 37, 211, 117, 255, 363, 121, NULL, 0, '2026-02-02 08:26:26', '2026-02-02 08:26:26', 2, 14, 26, 30, NULL, NULL, NULL),
	(34, NULL, 'Pr. Fernanda Cardoso', '51901274819', 'treinamento.curitiba@comunidade.com.br', 'Alameda dos Ipes', '91', 'Anexo A', 'Nova Esperanca', 'Curitiba', 'PR', '46321200', 'https://www.treinamento-curitiba.org.br', NULL, '0,00', '50,00', '5,00', 183, 261, 41, 14, 20, 215, 106, 49, 261, 188, NULL, 1, '2026-02-02 08:26:26', '2026-02-02 08:26:26', 2, 92, 10, 30, NULL, NULL, NULL),
	(35, NULL, 'Pr. Lucas Martins', '31997131904', 'treinamento.recife@comunidade.com.br', 'Rua dos Ipes', '9922', NULL, 'Jardim das Oliveiras', 'Recife', 'PE', '79111897', 'https://www.treinamento-recife.org.br', NULL, '150,00', '50,00', '15,00', 69, 298, 101, 50, 31, 218, 202, 4, 36, 151, NULL, 0, '2026-02-02 08:26:26', '2026-02-02 08:26:26', 2, 64, 21, 30, NULL, NULL, NULL),
	(36, NULL, 'Pr. Fernanda Dias', '91943128281', 'treinamento.manaus@ministerio.com.br', 'Avenida Brasil', '8298', 'Sala 101', 'Jardim America', 'Manaus', 'AM', '97246947', 'https://www.treinamento-manaus.org.br', NULL, '0,00', '100,00', NULL, 248, 122, 110, 59, 55, 3, 197, 255, 109, 197, NULL, 1, '2026-02-02 08:26:26', '2026-02-02 08:26:26', 2, 80, 3, 30, NULL, NULL, NULL),
	(37, NULL, 'Pr. Tiago Rezende', '71915138365', 'treinamento.salvador@ministerio.com.br', 'Alameda Paulista', '4504', 'Fundos', 'Santa Clara', 'Salvador', 'BA', '32434914', 'https://www.treinamento-salvador.org.br', NULL, '100,00', '200,00', '15,00', 118, 142, 116, 28, 7, 56, 283, 25, 257, 186, NULL, 3, '2026-02-02 08:26:26', '2026-02-02 08:26:26', 2, 27, 2, 30, NULL, NULL, NULL),
	(38, NULL, 'Pr. Gabriel Souza', '81924207203', 'treinamento.brasilia@comunidade.com.br', 'Alameda Getulio Vargas', '1985', NULL, 'Bela Vista', 'Brasilia', 'DF', '67387674', 'https://www.treinamento-brasilia.org.br', NULL, '100,00', '100,00', '20,00', 293, 212, 97, 29, 13, 222, 287, 295, 242, 157, NULL, 2, '2026-02-02 08:26:26', '2026-02-02 08:26:26', 2, 8, 3, 30, NULL, NULL, NULL),
	(39, NULL, 'Pr. Marcos Carvalho', '85982607107', 'treinamento.belo.horizonte@igreja.org.br', 'Travessa dos Ipes', '6146', 'Casa 2', 'Jardim America', 'Belo Horizonte', 'MG', '50333293', 'https://www.treinamento-belo-horizonte.org.br', NULL, '50,00', '0,00', NULL, 138, 183, 82, 14, 46, 26, 199, 185, 84, 44, 'Autem repudiandae dolorum dolorem et quidem facilis qui veniam blanditiis tempore odit expedita omnis.', 2, '2026-02-02 08:26:26', '2026-02-02 08:26:26', 3, 21, 23, 30, NULL, NULL, NULL),
	(40, NULL, 'Pr. Felipe Martins', '21969637553', 'treinamento.belem@igreja.org.br', 'Travessa Santos Dumont', '2752', NULL, 'Jardim America', 'Belem', 'PA', '92810019', 'https://www.treinamento-belem.org.br', NULL, '0,00', '150,00', NULL, 77, 174, 42, 55, 57, 218, 58, 247, 182, 108, 'Asperiores cupiditate dignissimos blanditiis et iste quis et explicabo.', 0, '2026-02-02 08:26:26', '2026-02-02 08:26:26', 3, 85, 12, 30, NULL, NULL, NULL),
	(41, NULL, 'Pr. Marcos Santana', '31959791833', 'treinamento.sao.paulo@comunidade.com.br', 'Travessa Dom Pedro II', '6716', NULL, 'Bela Vista', 'Sao Paulo', 'SP', '01485495', 'https://www.treinamento-sao-paulo.org.br', NULL, '150,00', '0,00', '20,00', 160, 15, 24, 24, 39, 128, 160, 139, 356, 78, 'Provident assumenda quo repellat sunt cupiditate enim consequatur ea.', 0, '2026-02-02 08:26:26', '2026-02-02 08:26:26', 3, 52, 19, 30, NULL, NULL, NULL),
	(42, NULL, 'Pr. Felipe Souza', '31987942692', 'treinamento.curitiba@comunidade.com.br', 'Travessa Santos Dumont', '6350', NULL, 'Vila Nova', 'Curitiba', 'PR', '29206810', 'https://www.treinamento-curitiba.org.br', NULL, '200,00', '150,00', NULL, 188, 158, 104, 28, 36, 37, 227, 173, 334, 11, NULL, 1, '2026-02-02 08:26:26', '2026-02-02 08:26:26', 3, 58, 3, 30, NULL, NULL, NULL),
	(43, NULL, 'Pr. Eduardo Barbosa', '51932168066', 'treinamento.recife@comunidade.com.br', 'Alameda Independencia', '995', NULL, 'Jardim America', 'Recife', 'PE', '59249973', 'https://www.treinamento-recife.org.br', NULL, '200,00', '100,00', '10,00', 288, 10, 94, 13, 23, 103, 99, 260, 124, 18, NULL, 1, '2026-02-02 08:26:26', '2026-02-02 08:26:26', 3, 30, 10, 30, NULL, NULL, NULL),
	(44, NULL, 'Pr. Henrique Carvalho', '51932550054', 'treinamento.brasilia@comunidade.com.br', 'Avenida Independencia', '187', 'Bloco B', 'Parque das Nacoes', 'Brasilia', 'DF', '17185557', 'https://www.treinamento-brasilia.org.br', NULL, '200,00', '50,00', '20,00', 2, 109, 41, 2, 20, 101, 179, 125, 210, 129, NULL, 1, '2026-02-02 08:26:26', '2026-02-02 08:26:26', 3, 3, 24, 30, NULL, NULL, NULL),
	(45, NULL, 'Pr. Patricia Lima', '85927287722', 'treinamento.curitiba@ministerio.com.br', 'Rua Rio Branco', '7761', NULL, 'Parque das Nacoes', 'Curitiba', 'PR', '07827370', 'https://www.treinamento-curitiba.org.br', NULL, '50,00', '200,00', NULL, 111, 90, 26, 52, 8, 144, 108, 17, 79, 4, 'Numquam reprehenderit sunt ex atque nostrum et mollitia quam placeat quia quis fugiat recusandae.', 1, '2026-02-02 08:26:26', '2026-02-02 08:26:26', 3, 39, 25, 30, NULL, NULL, NULL),
	(46, NULL, 'Pr. Juliana Carvalho', '21919362898', 'treinamento.belo.horizonte@igreja.org.br', 'Alameda Dom Pedro II', '5466', 'Fundos', 'Centro', 'Belo Horizonte', 'MG', '35998968', 'https://www.treinamento-belo-horizonte.org.br', NULL, '150,00', '200,00', NULL, 214, 71, 75, 15, 56, 192, 190, 27, 224, 182, NULL, 3, '2026-02-02 08:26:26', '2026-02-02 08:26:26', 3, 97, 17, 30, NULL, NULL, NULL),
	(47, NULL, 'Pr. Vitor Ramos', '31943028891', 'treinamento.recife@igreja.org.br', 'Alameda Sete de Setembro', '6680', 'Sala 101', 'Vila Esperanca', 'Recife', 'PE', '77335728', 'https://www.treinamento-recife.org.br', NULL, '100,00', '150,00', NULL, 140, 59, 7, 23, 22, 167, 144, 231, 124, 68, 'Aut quia et quia tempora perspiciatis nihil et modi.', 0, '2026-02-02 08:26:26', '2026-02-02 08:26:26', 3, 98, 4, 30, NULL, NULL, NULL),
	(48, NULL, 'Pr. Felipe Rocha', '91978841821', 'treinamento.salvador@comunidade.com.br', 'Rua Getulio Vargas', '1728', NULL, 'Santa Clara', 'Salvador', 'BA', '66807137', 'https://www.treinamento-salvador.org.br', NULL, '150,00', '100,00', NULL, 171, 188, 29, 47, 51, 39, 217, 203, 53, 73, NULL, 1, '2026-02-02 08:26:26', '2026-02-02 08:26:26', 3, 9, 13, 30, NULL, NULL, NULL),
	(49, NULL, 'Pr. Rafael Carvalho', '21966859673', 'treinamento.curitiba@igreja.org.br', 'Travessa Paulista', '598', NULL, 'Santa Clara', 'Curitiba', 'PR', '64176050', 'https://www.treinamento-curitiba.org.br', NULL, '200,00', '0,00', NULL, 100, 17, 23, 52, 55, 122, 51, 85, 262, 194, NULL, 2, '2026-02-02 08:26:26', '2026-02-02 08:26:26', 3, 98, 9, 30, NULL, NULL, NULL),
	(50, NULL, 'Pr. Isabela Almeida', '41945474220', 'treinamento.manaus@igreja.org.br', 'Alameda Santos Dumont', '5769', NULL, 'Jardim das Oliveiras', 'Manaus', 'AM', '65635932', 'https://www.treinamento-manaus.org.br', NULL, '0,00', '200,00', '10,00', 61, 226, 21, 46, 14, 105, 156, 179, 333, 88, NULL, 0, '2026-02-02 08:26:26', '2026-02-02 08:26:26', 3, 60, 10, 30, NULL, NULL, NULL),
	(51, NULL, 'Pr. Rafael Rezende', '41925356717', 'treinamento.belo.horizonte@ministerio.com.br', 'Avenida Getulio Vargas', '5603', 'Sala 101', 'Boa Vista', 'Belo Horizonte', 'MG', '02847369', 'https://www.treinamento-belo-horizonte.org.br', NULL, '50,00', '50,00', NULL, 159, 163, 103, 52, 13, 201, 54, 264, 153, 73, 'Eaque dolor dolorum aut assumenda et exercitationem fuga.', 0, '2026-02-02 08:26:26', '2026-02-02 08:26:26', 3, 37, 15, 30, NULL, NULL, NULL),
	(52, NULL, 'Pr. Paulo Oliveira', '21954329268', 'treinamento.recife@igreja.org.br', 'Rua Rio Branco', '1540', 'Bloco B', 'Santa Clara', 'Recife', 'PE', '98990386', 'https://www.treinamento-recife.org.br', NULL, '50,00', '50,00', '5,00', 69, 61, 20, 3, 46, 200, 223, 211, 342, 189, NULL, 2, '2026-02-02 08:26:26', '2026-02-02 08:26:26', 3, 52, 18, 30, NULL, NULL, NULL),
	(53, NULL, 'Pr. Larissa Costa', '91977132454', 'treinamento.brasilia@comunidade.com.br', 'Avenida Rio Branco', '5313', NULL, 'Vila Nova', 'Brasilia', 'DF', '31166599', 'https://www.treinamento-brasilia.org.br', NULL, '0,00', '200,00', '15,00', 0, 274, 39, 31, 60, 171, 133, 188, 210, 199, NULL, 0, '2026-02-02 08:26:26', '2026-02-02 08:26:26', 3, 91, 11, 30, NULL, NULL, NULL),
	(54, NULL, 'Pr. Larissa Santana', '71915061940', 'treinamento.belem@comunidade.com.br', 'Alameda das Flores', '769', 'Anexo A', 'Parque das Nacoes', 'Belem', 'PA', '40467705', 'https://www.treinamento-belem.org.br', NULL, '0,00', '200,00', NULL, 10, 272, 97, 36, 10, 39, 192, 13, 162, 137, NULL, 0, '2026-02-02 08:26:26', '2026-02-02 08:26:26', 3, 51, 11, 30, NULL, NULL, NULL),
	(55, NULL, 'Pr. Vitor Gomes', '41927182324', 'treinamento.belo.horizonte@ministerio.com.br', 'Rua Paulista', '3051', 'Fundos', 'Jardim das Oliveiras', 'Belo Horizonte', 'MG', '20991405', 'https://www.treinamento-belo-horizonte.org.br', NULL, '50,00', '200,00', '20,00', 47, 210, 102, 2, 14, 130, 176, 124, 89, 144, 'Libero veritatis natus ea architecto non explicabo recusandae aut qui debitis cupiditate quos.', 1, '2026-02-02 08:26:26', '2026-02-02 08:26:26', 3, 32, 16, 30, NULL, NULL, NULL),
	(56, NULL, 'Pr. Paulo Gomes', '85985008403', 'treinamento.porto.alegre@igreja.org.br', 'Alameda dos Ipes', '9946', 'Anexo A', 'Bela Vista', 'Porto Alegre', 'RS', '46372883', 'https://www.treinamento-porto-alegre.org.br', NULL, '50,00', '100,00', '15,00', 202, 202, 80, 31, 6, 94, 239, 107, 279, 18, NULL, 2, '2026-02-02 08:26:26', '2026-02-02 08:26:26', 3, 29, 8, 30, NULL, NULL, NULL),
	(57, NULL, 'Pr. Andre Costa', '85929722834', 'treinamento.fortaleza@igreja.org.br', 'Travessa dos Ipes', '5882', NULL, 'Jardim das Oliveiras', 'Fortaleza', 'CE', '42998870', 'https://www.treinamento-fortaleza.org.br', NULL, '100,00', '0,00', NULL, 19, 117, 14, 21, 13, 60, 186, 186, 108, 60, NULL, 3, '2026-02-02 08:26:26', '2026-02-02 08:26:26', 4, 13, 26, 30, NULL, NULL, NULL),
	(58, NULL, 'Pr. Juliana Martins', '61922518673', 'treinamento.belo.horizonte@ministerio.com.br', 'Avenida Brasil', '5207', NULL, 'Centro', 'Belo Horizonte', 'MG', '93445254', 'https://www.treinamento-belo-horizonte.org.br', NULL, '50,00', '100,00', NULL, 296, 28, 37, 13, 28, 117, 116, 232, 12, 81, NULL, 3, '2026-02-02 08:26:26', '2026-02-02 08:26:26', 8, 71, 2, 30, NULL, NULL, NULL),
	(59, NULL, 'Pr. Daniel Ramos', '41932914849', 'treinamento.rio.de.janeiro@igreja.org.br', 'Avenida Getulio Vargas', '6281', 'Casa 2', 'Vila Nova', 'Rio de Janeiro', 'RJ', '73378242', 'https://www.treinamento-rio-de-janeiro.org.br', NULL, '0,00', '50,00', '5,00', 103, 124, 34, 50, 27, 46, 149, 39, 349, 147, NULL, 2, '2026-02-02 08:26:26', '2026-02-02 08:26:26', 2, 59, 10, 30, NULL, NULL, NULL),
	(60, NULL, 'Pr. Amanda Ferreira', '61968784744', 'treinamento.manaus@igreja.org.br', 'Travessa Independencia', '2208', 'Bloco B', 'Parque das Nacoes', 'Manaus', 'AM', '19343450', 'https://www.treinamento-manaus.org.br', NULL, '150,00', '200,00', NULL, 229, 58, 95, 15, 45, 211, 208, 15, 276, 168, NULL, 1, '2026-02-02 08:26:26', '2026-02-02 08:26:26', 2, 17, 3, 30, NULL, NULL, NULL),
	(61, NULL, 'Pr. Bruno Costa', '51920518375', 'treinamento.belem@ministerio.com.br', 'Rua dos Ipes', '8773', 'Casa 2', 'Jardim das Oliveiras', 'Belem', 'PA', '22586858', 'https://www.treinamento-belem.org.br', NULL, '50,00', '100,00', NULL, 33, 283, 84, 32, 50, 13, 253, 112, 214, 123, NULL, 3, '2026-02-02 08:26:26', '2026-02-02 08:26:26', 3, 87, 20, 30, NULL, NULL, NULL),
	(62, NULL, 'Pr. Bruno Gomes', '85942624556', 'treinamento.recife@igreja.org.br', 'Travessa Dom Pedro II', '514', 'Casa 2', 'Santa Clara', 'Recife', 'PE', '10941244', 'https://www.treinamento-recife.org.br', NULL, '50,00', '50,00', NULL, 90, 289, 38, 28, 14, 181, 66, 43, 250, 127, NULL, 0, '2026-02-02 08:26:26', '2026-02-02 08:26:26', 6, 12, 5, 30, NULL, NULL, NULL),
	(63, NULL, 'Pr. Bruno Rocha', '71921480653', 'treinamento.manaus@igreja.org.br', 'Avenida Sete de Setembro', '1830', NULL, 'Nova Esperanca', 'Manaus', 'AM', '62412691', 'https://www.treinamento-manaus.org.br', NULL, '150,00', '0,00', NULL, 59, 269, 78, 23, 0, 116, 89, 269, 67, 189, NULL, 2, '2026-02-02 08:26:26', '2026-02-02 08:26:26', 4, 100, 21, 30, NULL, NULL, NULL),
	(64, NULL, 'Pr. Rafael Ferreira', '31928205677', 'treinamento.sao.paulo@comunidade.com.br', 'Alameda Brasil', '1803', 'Bloco B', 'Vila Esperanca', 'Sao Paulo', 'SP', '29048495', 'https://www.treinamento-sao-paulo.org.br', NULL, '150,00', '50,00', NULL, 46, 270, 58, 43, 6, 79, 168, 288, 97, 8, NULL, 2, '2026-02-02 08:26:26', '2026-02-02 08:26:26', 1, 73, 18, 30, NULL, NULL, NULL),
	(65, NULL, 'Pr. Bruno Rezende', '85988411766', 'treinamento.fortaleza@igreja.org.br', 'Rua Rio Branco', '2064', NULL, 'Santa Clara', 'Fortaleza', 'CE', '93747017', 'https://www.treinamento-fortaleza.org.br', NULL, '50,00', '200,00', NULL, 240, 26, 72, 23, 55, 140, 261, 72, 90, 155, 'Officia voluptas nesciunt ex at nulla aliquam ea dolores molestias nobis laudantium repellendus praesentium aut similique.', 3, '2026-02-02 08:26:26', '2026-02-02 08:26:26', 8, 80, 16, 30, NULL, NULL, NULL),
	(66, NULL, 'Pr. Lucas Barbosa', '21928025174', 'treinamento.brasilia@igreja.org.br', 'Rua Sete de Setembro', '1782', NULL, 'Vila Nova', 'Brasilia', 'DF', '43121469', 'https://www.treinamento-brasilia.org.br', NULL, '50,00', '100,00', NULL, 153, 169, 117, 32, 10, 150, 140, 23, 352, 128, NULL, 3, '2026-02-02 08:26:26', '2026-02-02 08:26:26', 7, 44, 12, 30, NULL, NULL, NULL),
	(67, NULL, 'Pr. Isabela Gomes', '51980768514', 'treinamento.rio.de.janeiro@comunidade.com.br', 'Alameda Paulista', '6395', 'Bloco B', 'Vila Esperanca', 'Rio de Janeiro', 'RJ', '20344308', 'https://www.treinamento-rio-de-janeiro.org.br', NULL, '100,00', '150,00', NULL, 1, 215, 50, 35, 17, 187, 126, 18, 346, 107, NULL, 3, '2026-02-02 08:26:26', '2026-02-02 08:26:26', 1, 46, 1, 30, NULL, NULL, NULL),
	(68, NULL, 'Pr. Carlos Moura', '21945920468', 'treinamento.belem@comunidade.com.br', 'Travessa Santos Dumont', '9728', NULL, 'Centro', 'Belem', 'PA', '74828031', 'https://www.treinamento-belem.org.br', NULL, '150,00', '50,00', NULL, 269, 134, 47, 10, 53, 245, 287, 135, 116, 64, NULL, 3, '2026-02-02 08:26:26', '2026-02-02 08:26:26', 5, 56, 10, 30, NULL, NULL, NULL),
	(69, NULL, 'Pr. Renata Cardoso', '31949785855', 'treinamento.salvador@comunidade.com.br', 'Alameda Paulista', '1677', NULL, 'Bela Vista', 'Salvador', 'BA', '88055281', 'https://www.treinamento-salvador.org.br', NULL, '100,00', '0,00', '5,00', 124, 110, 84, 31, 38, 177, 45, 241, 79, 71, NULL, 2, '2026-02-02 08:26:26', '2026-02-02 08:26:26', 8, 52, 1, 30, NULL, NULL, NULL),
	(70, NULL, 'Pr. Lucas Ferreira', '51954791543', 'treinamento.sao.paulo@ministerio.com.br', 'Avenida Santos Dumont', '9624', NULL, 'Parque das Nacoes', 'Sao Paulo', 'SP', '87096109', 'https://www.treinamento-sao-paulo.org.br', NULL, '50,00', '200,00', NULL, 25, 36, 120, 51, 30, 72, 183, 232, 68, 84, NULL, 1, '2026-02-02 08:26:26', '2026-02-02 08:26:26', 1, 23, 1, 30, NULL, NULL, NULL),
	(71, NULL, 'Pr. Joao Martins', '85974505583', 'treinamento.rio.de.janeiro@comunidade.com.br', 'Rua das Flores', '241', NULL, 'Vila Nova', 'Rio de Janeiro', 'RJ', '75620095', 'https://www.treinamento-rio-de-janeiro.org.br', NULL, '0,00', '100,00', NULL, 63, 195, 32, 38, 12, 170, 159, 263, 125, 79, 'Eveniet quaerat provident et consequuntur fugit facilis ab quis beatae.', 2, '2026-02-02 08:26:26', '2026-02-02 08:26:26', 1, 102, 4, 30, NULL, NULL, NULL),
	(72, NULL, 'Pr. Lucas Carvalho', '41904261741', 'treinamento.belem@comunidade.com.br', 'Rua Brasil', '5915', NULL, 'Centro', 'Belem', 'PA', '54831066', 'https://www.treinamento-belem.org.br', NULL, '100,00', '0,00', NULL, 54, 277, 71, 47, 46, 118, 290, 277, 145, 168, NULL, 3, '2026-02-02 08:26:26', '2026-02-02 08:26:26', 1, 27, 20, 30, NULL, NULL, NULL),
	(73, NULL, 'Pr. Carolina Silva', '51983175607', 'treinamento.curitiba@igreja.org.br', 'Avenida Santos Dumont', '4703', NULL, 'Boa Vista', 'Curitiba', 'PR', '53826511', 'https://www.treinamento-curitiba.org.br', NULL, '200,00', '100,00', NULL, 123, 49, 81, 20, 6, 119, 150, 146, 137, 99, NULL, 2, '2026-02-02 08:26:26', '2026-02-02 08:26:26', 7, 94, 7, 30, NULL, NULL, NULL),
	(74, NULL, 'Pr. Vitor Cardoso', '41917716110', 'treinamento.salvador@comunidade.com.br', 'Travessa Paulista', '7147', 'Casa 2', 'Jardim America', 'Salvador', 'BA', '78943483', 'https://www.treinamento-salvador.org.br', NULL, '100,00', '100,00', NULL, 0, 132, 101, 10, 29, 160, 293, 195, 130, 146, NULL, 0, '2026-02-02 08:26:26', '2026-02-02 08:26:26', 1, 17, 6, 30, NULL, NULL, NULL),
	(75, NULL, 'Pr. Patricia Silva', '71931409960', 'treinamento.belo.horizonte@igreja.org.br', 'Avenida das Flores', '8612', NULL, 'Boa Vista', 'Belo Horizonte', 'MG', '87300060', 'https://www.treinamento-belo-horizonte.org.br', NULL, '50,00', '100,00', NULL, 47, 292, 83, 5, 43, 60, 171, 253, 396, 149, 'Quae dolores deserunt error temporibus quas eos eum.', 1, '2026-02-02 08:26:26', '2026-02-02 08:26:26', 3, 28, 16, 30, NULL, NULL, NULL),
	(76, NULL, 'Pr. Andre Rocha', '21967474319', 'treinamento.recife@ministerio.com.br', 'Alameda dos Ipes', '2695', NULL, 'Nova Esperanca', 'Recife', 'PE', '14694333', 'https://www.treinamento-recife.org.br', NULL, '50,00', '50,00', NULL, 188, 167, 46, 54, 32, 114, 233, 148, 252, 36, NULL, 2, '2026-02-02 08:26:26', '2026-02-02 08:26:26', 2, 20, 10, 30, NULL, NULL, NULL),
	(77, NULL, 'Pr. Joao Ferreira', '91989137335', 'treinamento.porto.alegre@comunidade.com.br', 'Travessa Independencia', '4558', NULL, 'Nova Esperanca', 'Porto Alegre', 'RS', '25975296', 'https://www.treinamento-porto-alegre.org.br', NULL, '200,00', '100,00', '5,00', 227, 187, 114, 11, 15, 230, 187, 60, 143, 2, NULL, 0, '2026-02-02 08:26:26', '2026-02-02 08:26:26', 1, 85, 18, 30, NULL, NULL, NULL),
	(78, NULL, 'Pr. Amanda Ribeiro', '31996555092', 'treinamento.rio.de.janeiro@ministerio.com.br', 'Rua Santos Dumont', '1317', 'Anexo A', 'Centro', 'Rio de Janeiro', 'RJ', '91809405', 'https://www.treinamento-rio-de-janeiro.org.br', NULL, '100,00', '50,00', '15,00', 230, 23, 78, 16, 42, 15, 243, 298, 141, 188, NULL, 1, '2026-02-02 08:26:26', '2026-02-02 08:26:26', 1, 68, 1, 30, NULL, NULL, NULL),
	(79, NULL, 'Pr. Vitor Martins', '11969625262', 'treinamento.rio.de.janeiro@igreja.org.br', 'Rua Brasil', '1702', NULL, 'Nova Esperanca', 'Rio de Janeiro', 'RJ', '35717016', 'https://www.treinamento-rio-de-janeiro.org.br', NULL, '50,00', '200,00', '5,00', 222, 113, 48, 26, 39, 72, 142, 212, 73, 60, NULL, 3, '2026-02-02 08:26:26', '2026-02-02 08:26:26', 5, 95, 19, 30, NULL, NULL, NULL),
	(80, NULL, 'Pr. Vitor Almeida', '51905097363', 'treinamento.belo.horizonte@ministerio.com.br', 'Rua Paulista', '4380', NULL, 'Jardim das Oliveiras', 'Belo Horizonte', 'MG', '05183189', 'https://www.treinamento-belo-horizonte.org.br', NULL, '0,00', '100,00', NULL, 194, 250, 82, 16, 16, 236, 88, 239, 203, 45, NULL, 2, '2026-02-02 08:26:26', '2026-02-02 08:26:26', 4, 76, 9, 30, NULL, NULL, NULL),
	(81, NULL, 'Pr. Eduardo Pereira', '71950732522', 'treinamento.goiania@comunidade.com.br', 'Rua das Flores', '2580', NULL, 'Vila Nova', 'Goiania', 'GO', '76245303', 'https://www.treinamento-goiania.org.br', NULL, '0,00', '200,00', '5,00', 153, 163, 79, 16, 26, 59, 208, 171, 299, 170, NULL, 3, '2026-02-02 08:26:26', '2026-02-02 08:26:26', 5, 61, 12, 30, NULL, NULL, NULL),
	(82, NULL, 'Pr. Larissa Barbosa', '85918175420', 'treinamento.salvador@igreja.org.br', 'Alameda Rio Branco', '2507', NULL, 'Vila Nova', 'Salvador', 'BA', '74424447', 'https://www.treinamento-salvador.org.br', NULL, '50,00', '100,00', '15,00', 27, 297, 93, 11, 15, 27, 63, 140, 109, 54, NULL, 3, '2026-02-02 08:26:26', '2026-02-02 08:26:26', 7, 11, 2, 30, NULL, NULL, NULL),
	(83, NULL, 'Pr. Renata Gomes', '61905522629', 'treinamento.porto.alegre@comunidade.com.br', 'Travessa Paulista', '7922', NULL, 'Bela Vista', 'Porto Alegre', 'RS', '90580444', 'https://www.treinamento-porto-alegre.org.br', NULL, '150,00', '50,00', '15,00', 198, 77, 114, 23, 42, 105, 82, 109, 86, 146, NULL, 1, '2026-02-02 08:26:26', '2026-02-02 08:26:26', 2, 52, 23, 30, NULL, NULL, NULL),
	(84, NULL, 'Pr. Henrique Souza', '51902998208', 'treinamento.belem@comunidade.com.br', 'Avenida dos Ipes', '3711', 'Fundos', 'Nova Esperanca', 'Belem', 'PA', '58355017', 'https://www.treinamento-belem.org.br', NULL, '100,00', '50,00', NULL, 96, 209, 97, 28, 29, 197, 115, 110, 106, 79, 'Qui rerum corporis laborum et alias consequatur laborum id laborum cum quod quia voluptas.', 2, '2026-02-02 08:26:26', '2026-02-02 08:26:26', 7, 19, 11, 30, NULL, NULL, NULL),
	(85, NULL, 'Pr. Marcos Santana', '11910152354', 'treinamento.manaus@igreja.org.br', 'Travessa Sete de Setembro', '4159', NULL, 'Parque das Nacoes', 'Manaus', 'AM', '35843159', 'https://www.treinamento-manaus.org.br', NULL, '50,00', '200,00', NULL, 175, 75, 101, 32, 22, 140, 198, 233, 188, 178, NULL, 2, '2026-02-02 08:26:26', '2026-02-02 08:26:26', 5, 103, 4, 30, NULL, NULL, NULL),
	(86, NULL, 'Pr. Lucas Rocha', '31924367711', 'treinamento.porto.alegre@ministerio.com.br', 'Avenida Independencia', '4937', 'Casa 2', 'Boa Vista', 'Porto Alegre', 'RS', '93967891', 'https://www.treinamento-porto-alegre.org.br', NULL, '100,00', '50,00', '5,00', 225, 198, 112, 31, 13, 6, 123, 85, 98, 74, NULL, 1, '2026-02-02 08:26:26', '2026-02-02 08:26:26', 2, 42, 7, 30, NULL, NULL, NULL),
	(87, NULL, 'Pr. Vitor Ferreira', '61992102103', 'treinamento.recife@igreja.org.br', 'Alameda Paulista', '9098', NULL, 'Centro', 'Recife', 'PE', '04793099', 'https://www.treinamento-recife.org.br', NULL, '100,00', '150,00', '20,00', 122, 134, 16, 51, 3, 128, 184, 288, 126, 95, NULL, 1, '2026-02-02 08:26:26', '2026-02-02 08:26:26', 6, 57, 2, 30, NULL, NULL, NULL),
	(88, NULL, 'Pr. Henrique Almeida', '71947142466', 'treinamento.porto.alegre@comunidade.com.br', 'Rua Sete de Setembro', '3345', 'Bloco B', 'Centro', 'Porto Alegre', 'RS', '62131158', 'https://www.treinamento-porto-alegre.org.br', NULL, '50,00', '200,00', NULL, 191, 17, 54, 27, 59, 78, 43, 200, 93, 73, NULL, 3, '2026-02-02 08:26:26', '2026-02-02 08:26:26', 5, 48, 24, 30, NULL, NULL, NULL),
	(89, NULL, 'Pr. Felipe Ribeiro', '41902874082', 'treinamento.salvador@igreja.org.br', 'Rua Dom Pedro II', '8061', NULL, 'Vila Nova', 'Salvador', 'BA', '40878895', 'https://www.treinamento-salvador.org.br', NULL, '100,00', '100,00', '20,00', 166, 263, 18, 40, 40, 186, 18, 87, 320, 143, NULL, 1, '2026-02-02 08:26:26', '2026-02-02 08:26:26', 1, 17, 3, 30, NULL, NULL, NULL),
	(90, NULL, 'Pr. Lucas Moura', '31915592869', 'treinamento.manaus@ministerio.com.br', 'Rua Brasil', '3781', NULL, 'Vila Nova', 'Manaus', 'AM', '14470280', 'https://www.treinamento-manaus.org.br', NULL, '150,00', '100,00', '10,00', 125, 84, 44, 34, 31, 150, 39, 176, 313, 22, 'Qui distinctio qui autem sed quidem ipsam qui.', 2, '2026-02-02 08:26:26', '2026-02-02 08:26:26', 1, 33, 16, 30, NULL, NULL, NULL),
	(91, NULL, 'Pr. Patricia Lima', '31968273980', 'treinamento.rio.de.janeiro@igreja.org.br', 'Travessa Dom Pedro II', '9798', NULL, 'Vila Nova', 'Rio de Janeiro', 'RJ', '79481343', 'https://www.treinamento-rio-de-janeiro.org.br', NULL, '100,00', '200,00', '10,00', 121, 241, 80, 50, 1, 164, 164, 56, 4, 33, 'Neque molestiae odio rerum et libero quas omnis modi iure voluptatum quia.', 1, '2026-02-02 08:26:26', '2026-02-02 08:26:26', 7, 20, 18, 30, NULL, NULL, NULL),
	(92, NULL, 'Pr. Felipe Dias', '11977199262', 'treinamento.curitiba@comunidade.com.br', 'Rua Independencia', '640', 'Casa 2', 'Vila Nova', 'Curitiba', 'PR', '03782344', 'https://www.treinamento-curitiba.org.br', NULL, '200,00', '150,00', NULL, 120, 17, 72, 32, 3, 117, 175, 298, 93, 150, NULL, 2, '2026-02-02 08:26:26', '2026-02-02 08:26:26', 3, 67, 15, 30, NULL, NULL, NULL),
	(93, NULL, 'Pr. Larissa Rocha', '85993792100', 'treinamento.salvador@igreja.org.br', 'Travessa Paulista', '5224', NULL, 'Bela Vista', 'Salvador', 'BA', '47788286', 'https://www.treinamento-salvador.org.br', NULL, '200,00', '0,00', NULL, 244, 192, 112, 6, 23, 47, 173, 107, 80, 124, NULL, 3, '2026-02-02 08:26:26', '2026-02-02 08:26:26', 7, 86, 25, 30, NULL, NULL, NULL),
	(94, NULL, 'Pr. Larissa Rocha', '71982201696', 'treinamento.fortaleza@comunidade.com.br', 'Travessa Paulista', '976', NULL, 'Boa Vista', 'Fortaleza', 'CE', '98483007', 'https://www.treinamento-fortaleza.org.br', NULL, '100,00', '100,00', NULL, 171, 226, 73, 25, 19, 3, 230, 188, 13, 27, NULL, 0, '2026-02-02 08:26:26', '2026-02-02 08:26:26', 6, 62, 1, 30, NULL, NULL, NULL),
	(95, NULL, 'Pr. Larissa Cardoso', '21993797906', 'treinamento.recife@ministerio.com.br', 'Avenida Dom Pedro II', '1785', NULL, 'Jardim das Oliveiras', 'Recife', 'PE', '79651518', 'https://www.treinamento-recife.org.br', NULL, '150,00', '200,00', NULL, 192, 56, 108, 59, 5, 156, 293, 30, 14, 161, 'Quibusdam aut alias tempora et necessitatibus reprehenderit itaque possimus magnam beatae et et nemo tempora.', 2, '2026-02-02 08:26:26', '2026-02-02 08:26:26', 4, 97, 15, 30, NULL, NULL, NULL),
	(96, NULL, 'Pr. Eduardo Carvalho', '21907651134', 'treinamento.fortaleza@igreja.org.br', 'Travessa Dom Pedro II', '2289', NULL, 'Jardim America', 'Fortaleza', 'CE', '72494051', 'https://www.treinamento-fortaleza.org.br', NULL, '100,00', '0,00', '10,00', 200, 119, 30, 56, 10, 34, 287, 272, 396, 78, NULL, 3, '2026-02-02 08:26:26', '2026-02-02 08:26:26', 1, 85, 13, 30, NULL, NULL, NULL),
	(97, NULL, 'Pr. Andre Pereira', '81947560950', 'treinamento.manaus@ministerio.com.br', 'Travessa Santos Dumont', '3024', NULL, 'Centro', 'Manaus', 'AM', '61956080', 'https://www.treinamento-manaus.org.br', NULL, '50,00', '50,00', NULL, 62, 126, 15, 5, 7, 221, 146, 179, 181, 66, NULL, 3, '2026-02-02 08:26:26', '2026-02-02 08:26:26', 7, 9, 20, 30, NULL, NULL, NULL),
	(98, NULL, 'Pr. Renata Rocha', '85979197561', 'treinamento.recife@ministerio.com.br', 'Travessa Independencia', '4162', NULL, 'Bela Vista', 'Recife', 'PE', '48592053', 'https://www.treinamento-recife.org.br', NULL, '150,00', '0,00', NULL, 20, 193, 46, 44, 8, 47, 299, 188, 339, 114, 'Expedita ut aut vel eos vero dolor velit est quaerat quas.', 2, '2026-02-02 08:26:26', '2026-02-02 08:26:26', 5, 46, 20, 30, NULL, NULL, NULL),
	(99, NULL, 'Pr. Carlos Pereira', '91998876442', 'treinamento.belem@comunidade.com.br', 'Travessa Dom Pedro II', '8595', NULL, 'Jardim das Oliveiras', 'Belem', 'PA', '91124482', 'https://www.treinamento-belem.org.br', NULL, '100,00', '150,00', '20,00', 210, 115, 6, 25, 21, 140, 39, 257, 113, 12, NULL, 2, '2026-02-02 08:26:26', '2026-02-02 08:26:26', 4, 77, 4, 30, NULL, NULL, NULL),
	(100, NULL, 'Pr. Isabela Almeida', '85937750464', 'treinamento.curitiba@comunidade.com.br', 'Travessa Independencia', '1512', NULL, 'Vila Nova', 'Curitiba', 'PR', '18651514', 'https://www.treinamento-curitiba.org.br', NULL, '100,00', '0,00', '5,00', 189, 128, 9, 17, 58, 98, 110, 248, 1, 146, NULL, 1, '2026-02-02 08:26:26', '2026-02-02 08:26:26', 6, 43, 9, 30, NULL, NULL, NULL),
	(101, NULL, 'Pr. Gabriel Costa', '81988749855', 'treinamento.brasilia@ministerio.com.br', 'Rua Sete de Setembro', '4136', 'Casa 2', 'Santa Clara', 'Brasilia', 'DF', '82191675', 'https://www.treinamento-brasilia.org.br', NULL, '200,00', '200,00', NULL, 133, 244, 67, 3, 59, 144, 150, 39, 239, 30, NULL, 1, '2026-02-02 08:26:26', '2026-02-02 08:26:26', 8, 91, 8, 30, NULL, NULL, NULL),
	(102, NULL, 'Pr. Joao Carvalho', '91939861215', 'treinamento.curitiba@comunidade.com.br', 'Travessa Getulio Vargas', '16', NULL, 'Parque das Nacoes', 'Curitiba', 'PR', '62052701', 'https://www.treinamento-curitiba.org.br', NULL, '100,00', '150,00', '10,00', 72, 277, 110, 42, 49, 104, 259, 197, 400, 146, NULL, 3, '2026-02-02 08:26:26', '2026-02-02 08:26:26', 8, 40, 9, 30, NULL, NULL, NULL),
	(103, NULL, 'Pr. Patricia Moura', '21978101443', 'treinamento.curitiba@igreja.org.br', 'Rua Rio Branco', '2711', 'Sala 101', 'Santa Clara', 'Curitiba', 'PR', '35792253', 'https://www.treinamento-curitiba.org.br', NULL, '200,00', '150,00', NULL, 69, 41, 63, 13, 16, 247, 237, 153, 9, 75, NULL, 2, '2026-02-02 08:26:26', '2026-02-02 08:26:26', 7, 16, 19, 30, NULL, NULL, NULL),
	(104, NULL, 'Pr. Marcos Rezende', '81905003174', 'treinamento.recife@comunidade.com.br', 'Rua Brasil', '8543', NULL, 'Jardim das Oliveiras', 'Recife', 'PE', '13045245', 'https://www.treinamento-recife.org.br', NULL, '100,00', '150,00', '10,00', 238, 114, 107, 58, 3, 6, 289, 180, 331, 97, NULL, 2, '2026-02-02 08:26:26', '2026-02-02 08:26:26', 3, 73, 16, 30, NULL, NULL, NULL),
	(105, NULL, 'Pr. Camila Ramos', '85997439332', 'treinamento.salvador@igreja.org.br', 'Alameda Independencia', '1356', NULL, 'Santa Clara', 'Salvador', 'BA', '64592951', 'https://www.treinamento-salvador.org.br', NULL, '100,00', '0,00', NULL, 159, 108, 42, 9, 58, 181, 22, 211, 123, 77, NULL, 2, '2026-02-02 08:26:26', '2026-02-02 08:26:26', 2, 52, 15, 30, NULL, NULL, NULL),
	(106, NULL, 'Pr. Lucas Souza', '11981684524', 'treinamento.sao.paulo@igreja.org.br', 'Travessa Sete de Setembro', '9987', NULL, 'Parque das Nacoes', 'Sao Paulo', 'SP', '17470691', 'https://www.treinamento-sao-paulo.org.br', NULL, '100,00', '50,00', NULL, 52, 219, 32, 6, 8, 1, 96, 234, 295, 21, NULL, 1, '2026-02-02 08:26:26', '2026-02-02 08:26:26', 2, 84, 13, 30, NULL, NULL, NULL),
	(107, NULL, 'Pr. Juliana Moura', '71994336723', 'treinamento.recife@comunidade.com.br', 'Avenida Independencia', '8667', 'Sala 101', 'Jardim America', 'Recife', 'PE', '92925077', 'https://www.treinamento-recife.org.br', NULL, '100,00', '150,00', NULL, 39, 20, 90, 16, 14, 223, 48, 116, 359, 194, NULL, 3, '2026-02-02 08:26:26', '2026-02-02 08:26:26', 6, 100, 22, 30, NULL, NULL, NULL),
	(108, NULL, 'Pr. Beatriz Dias', '51957693073', 'treinamento.porto.alegre@ministerio.com.br', 'Rua Brasil', '6674', NULL, 'Jardim das Oliveiras', 'Porto Alegre', 'RS', '06433769', 'https://www.treinamento-porto-alegre.org.br', NULL, '150,00', '100,00', '5,00', 171, 234, 104, 6, 36, 226, 135, 189, 127, 195, 'Voluptates et praesentium nulla nisi ea dolores sit qui neque alias dolore et.', 0, '2026-02-02 08:26:26', '2026-02-02 08:26:26', 7, 97, 21, 30, NULL, NULL, NULL),
	(109, NULL, 'Pr. Tiago Barbosa', '21930423815', 'treinamento.brasilia@ministerio.com.br', 'Alameda Paulista', '457', NULL, 'Jardim America', 'Brasilia', 'DF', '42226288', 'https://www.treinamento-brasilia.org.br', NULL, '100,00', '0,00', NULL, 126, 26, 73, 26, 32, 191, 273, 265, 41, 20, NULL, 0, '2026-02-02 08:26:26', '2026-02-02 08:26:26', 7, 77, 15, 30, NULL, NULL, NULL),
	(110, NULL, 'Pr. Lucas Ferreira', '81933789551', 'treinamento.belem@igreja.org.br', 'Avenida das Flores', '1803', NULL, 'Boa Vista', 'Belem', 'PA', '50392843', 'https://www.treinamento-belem.org.br', NULL, '150,00', '150,00', '5,00', 241, 280, 17, 4, 55, 65, 253, 37, 118, 72, NULL, 0, '2026-02-02 08:26:26', '2026-02-02 08:26:26', 8, 37, 1, 30, NULL, NULL, NULL),
	(111, NULL, 'Pr. Juliana Lima', '81921162333', 'treinamento.salvador@ministerio.com.br', 'Alameda Independencia', '5717', 'Anexo A', 'Jardim America', 'Salvador', 'BA', '79801469', 'https://www.treinamento-salvador.org.br', NULL, '50,00', '50,00', '20,00', 46, 48, 11, 49, 39, 188, 119, 21, 316, 38, 'Corporis officiis tenetur voluptatibus illo voluptate velit error.', 1, '2026-02-02 08:26:26', '2026-02-02 08:26:26', 1, 25, 5, 30, NULL, NULL, NULL),
	(112, NULL, 'Pr. Vitor Moura', '51922313616', 'treinamento.brasilia@ministerio.com.br', 'Avenida Getulio Vargas', '2367', NULL, 'Jardim America', 'Brasilia', 'DF', '05695026', 'https://www.treinamento-brasilia.org.br', NULL, '50,00', '50,00', '15,00', 145, 22, 28, 58, 8, 205, 220, 297, 53, 7, NULL, 3, '2026-02-02 08:26:26', '2026-02-02 08:26:26', 5, 27, 6, 30, NULL, NULL, NULL),
	(113, NULL, 'Pr. Marcos Barbosa', '31948143905', 'treinamento.brasilia@igreja.org.br', 'Rua Independencia', '3241', NULL, 'Nova Esperanca', 'Brasilia', 'DF', '80153442', 'https://www.treinamento-brasilia.org.br', NULL, '100,00', '50,00', '5,00', 40, 280, 91, 55, 24, 22, 13, 104, 140, 37, NULL, 3, '2026-02-02 08:26:26', '2026-02-02 08:26:26', 3, 10, 24, 30, NULL, NULL, NULL),
	(114, NULL, 'Pr. Tiago Cardoso', '31974490705', 'treinamento.belo.horizonte@igreja.org.br', 'Alameda Rio Branco', '5509', 'Fundos', 'Boa Vista', 'Belo Horizonte', 'MG', '12901003', 'https://www.treinamento-belo-horizonte.org.br', NULL, '200,00', '0,00', NULL, 235, 146, 56, 44, 8, 103, 24, 38, 183, 60, NULL, 2, '2026-02-02 08:26:26', '2026-02-02 08:26:26', 7, 11, 11, 30, NULL, NULL, NULL),
	(115, NULL, 'Pr. Paulo Carvalho', '85913962859', 'treinamento.salvador@igreja.org.br', 'Travessa Brasil', '3334', 'Bloco B', 'Jardim America', 'Salvador', 'BA', '31524563', 'https://www.treinamento-salvador.org.br', NULL, '50,00', '0,00', NULL, 147, 41, 90, 36, 14, 98, 231, 35, 136, 14, NULL, 0, '2026-02-02 08:26:26', '2026-02-02 08:26:26', 4, 102, 6, 30, NULL, NULL, NULL),
	(116, NULL, 'Pr. Eduardo Rocha', '61900644084', 'treinamento.manaus@igreja.org.br', 'Avenida Brasil', '4781', NULL, 'Centro', 'Manaus', 'AM', '37342181', 'https://www.treinamento-manaus.org.br', NULL, '50,00', '100,00', '15,00', 237, 77, 23, 38, 22, 14, 18, 106, 241, 41, NULL, 0, '2026-02-02 08:26:26', '2026-02-02 08:26:26', 8, 39, 11, 30, NULL, NULL, NULL),
	(117, NULL, 'Pr. Amanda Pereira', '41914704850', 'treinamento.salvador@ministerio.com.br', 'Travessa Independencia', '6421', NULL, 'Centro', 'Salvador', 'BA', '27353235', 'https://www.treinamento-salvador.org.br', NULL, '50,00', '150,00', '10,00', 201, 54, 119, 44, 19, 84, 93, 273, 221, 188, 'Ullam et dolore quia quidem id fuga maxime assumenda et omnis doloremque earum possimus voluptas.', 1, '2026-02-02 08:26:26', '2026-02-02 08:26:26', 8, 62, 21, 30, NULL, NULL, NULL),
	(118, NULL, 'Pr. Rafael Rezende', '31927163295', 'treinamento.curitiba@igreja.org.br', 'Alameda das Flores', '8348', 'Sala 101', 'Boa Vista', 'Curitiba', 'PR', '40383504', 'https://www.treinamento-curitiba.org.br', NULL, '100,00', '50,00', NULL, 208, 278, 99, 20, 51, 152, 252, 115, 48, 88, NULL, 2, '2026-02-02 08:26:26', '2026-02-02 08:26:26', 2, 48, 23, 30, NULL, NULL, NULL),
	(119, NULL, 'Pr. Felipe Lima', '11934199290', 'treinamento.goiania@igreja.org.br', 'Travessa Sete de Setembro', '1573', NULL, 'Jardim das Oliveiras', 'Goiania', 'GO', '91170412', 'https://www.treinamento-goiania.org.br', NULL, '150,00', '50,00', NULL, 65, 53, 41, 3, 7, 113, 186, 103, 55, 189, NULL, 3, '2026-02-02 08:26:26', '2026-02-02 08:26:26', 7, 26, 18, 30, NULL, NULL, NULL),
	(120, NULL, 'Pr. Daniel Almeida', '51912661575', 'treinamento.manaus@comunidade.com.br', 'Travessa Independencia', '3800', NULL, 'Vila Esperanca', 'Manaus', 'AM', '04083587', 'https://www.treinamento-manaus.org.br', NULL, '100,00', '50,00', NULL, 0, 280, 54, 42, 16, 69, 269, 169, 148, 99, NULL, 3, '2026-02-02 08:26:26', '2026-02-02 08:26:26', 7, 80, 4, 30, NULL, NULL, NULL),
	(121, NULL, 'Pr. Fernanda Rocha', '81968720256', 'treinamento.fortaleza@igreja.org.br', 'Avenida Santos Dumont', '8830', NULL, 'Jardim das Oliveiras', 'Fortaleza', 'CE', '95174253', 'https://www.treinamento-fortaleza.org.br', NULL, '0,00', '50,00', '10,00', 297, 284, 8, 45, 2, 69, 148, 159, 175, 90, NULL, 0, '2026-02-02 08:26:26', '2026-02-02 08:26:26', 6, 17, 23, 30, NULL, NULL, NULL),
	(122, NULL, 'Pr. Renata Ribeiro', '41904244384', 'treinamento.salvador@ministerio.com.br', 'Rua dos Ipes', '3539', 'Anexo A', 'Boa Vista', 'Salvador', 'BA', '35346981', 'https://www.treinamento-salvador.org.br', NULL, '50,00', '100,00', NULL, 136, 23, 9, 37, 44, 208, 97, 211, 316, 24, NULL, 3, '2026-02-02 08:26:26', '2026-02-02 08:26:26', 4, 14, 18, 30, NULL, NULL, NULL),
	(123, NULL, 'Pr. Amanda Barbosa', '91917918210', 'treinamento.manaus@igreja.org.br', 'Rua Rio Branco', '2747', NULL, 'Nova Esperanca', 'Manaus', 'AM', '52559109', 'https://www.treinamento-manaus.org.br', NULL, '200,00', '0,00', '5,00', 198, 132, 47, 42, 2, 213, 4, 185, 328, 179, NULL, 0, '2026-02-02 08:26:26', '2026-02-02 08:26:26', 5, 21, 15, 30, NULL, NULL, NULL),
	(124, NULL, 'Pr. Fernanda Carvalho', '81990933126', 'treinamento.manaus@comunidade.com.br', 'Avenida Dom Pedro II', '1540', NULL, 'Santa Clara', 'Manaus', 'AM', '07243024', 'https://www.treinamento-manaus.org.br', NULL, '150,00', '100,00', NULL, 298, 194, 108, 45, 48, 214, 258, 157, 200, 70, NULL, 2, '2026-02-02 08:26:26', '2026-02-02 08:26:26', 6, 20, 21, 30, NULL, NULL, NULL),
	(125, NULL, 'Pr. Patricia Ramos', '61971619387', 'treinamento.belo.horizonte@ministerio.com.br', 'Rua Brasil', '9073', NULL, 'Parque das Nacoes', 'Belo Horizonte', 'MG', '57919389', 'https://www.treinamento-belo-horizonte.org.br', NULL, '100,00', '50,00', NULL, 128, 234, 79, 50, 44, 223, 168, 82, 321, 196, NULL, 0, '2026-02-02 08:26:26', '2026-02-02 08:26:26', 6, 62, 18, 30, NULL, NULL, NULL),
	(126, NULL, 'Pr. Marcos Dias', '61913645949', 'treinamento.porto.alegre@igreja.org.br', 'Avenida Paulista', '1716', NULL, 'Bela Vista', 'Porto Alegre', 'RS', '67358000', 'https://www.treinamento-porto-alegre.org.br', NULL, '100,00', '150,00', NULL, 153, 26, 73, 59, 22, 52, 50, 285, 8, 73, 'Aut ut vero dolores impedit dolorem rerum nihil asperiores delectus aperiam voluptatem a ipsa corporis rerum sit.', 2, '2026-02-02 08:26:26', '2026-02-02 08:26:26', 3, 32, 21, 30, NULL, NULL, NULL),
	(127, NULL, 'Pr. Tiago Ribeiro', '81911437646', 'treinamento.sao.paulo@comunidade.com.br', 'Avenida Independencia', '7026', 'Sala 101', 'Jardim America', 'Sao Paulo', 'SP', '40207098', 'https://www.treinamento-sao-paulo.org.br', NULL, '200,00', '150,00', '10,00', 157, 1, 97, 52, 27, 238, 57, 136, 334, 152, NULL, 2, '2026-02-02 08:26:26', '2026-02-02 08:26:26', 1, 30, 24, 30, NULL, NULL, NULL),
	(128, NULL, 'Pr. Vitor Gomes', '51998595399', 'treinamento.goiania@comunidade.com.br', 'Rua das Flores', '5866', 'Bloco B', 'Jardim America', 'Goiania', 'GO', '95782407', 'https://www.treinamento-goiania.org.br', NULL, '150,00', '150,00', NULL, 244, 135, 76, 24, 13, 239, 159, 224, 176, 137, 'Provident facere esse ut qui exercitationem qui consectetur expedita et rerum et.', 0, '2026-02-02 08:26:26', '2026-02-02 08:26:26', 6, 54, 20, 30, NULL, NULL, NULL),
	(129, NULL, 'Pr. Patricia Silva', '61923555974', 'treinamento.rio.de.janeiro@ministerio.com.br', 'Alameda Getulio Vargas', '9591', 'Bloco B', 'Santa Clara', 'Rio de Janeiro', 'RJ', '27212390', 'https://www.treinamento-rio-de-janeiro.org.br', NULL, '150,00', '100,00', '10,00', 256, 72, 79, 47, 12, 69, 8, 74, 330, 107, NULL, 0, '2026-02-02 08:26:26', '2026-02-02 08:26:26', 7, 27, 3, 30, NULL, NULL, NULL),
	(130, NULL, 'Pr. Beatriz Martins', '85963991151', 'treinamento.brasilia@comunidade.com.br', 'Travessa Paulista', '9801', NULL, 'Centro', 'Brasilia', 'DF', '41392558', 'https://www.treinamento-brasilia.org.br', NULL, '150,00', '150,00', '20,00', 295, 14, 80, 55, 15, 167, 147, 73, 47, 34, NULL, 3, '2026-02-02 08:26:26', '2026-02-02 08:26:26', 5, 12, 22, 30, NULL, NULL, NULL),
	(131, NULL, 'Pr. Fernanda Almeida', '61932707593', 'treinamento.brasilia@igreja.org.br', 'Rua dos Ipes', '6398', NULL, 'Boa Vista', 'Brasilia', 'DF', '45938898', 'https://www.treinamento-brasilia.org.br', NULL, '200,00', '150,00', '15,00', 170, 240, 106, 35, 39, 196, 110, 117, 74, 136, NULL, 3, '2026-02-02 08:26:26', '2026-02-02 08:26:26', 3, 104, 13, 30, NULL, NULL, NULL),
	(132, NULL, 'Pr. Fernanda Martins', '31917130911', 'treinamento.rio.de.janeiro@igreja.org.br', 'Avenida Independencia', '7987', 'Bloco B', 'Bela Vista', 'Rio de Janeiro', 'RJ', '69988452', 'https://www.treinamento-rio-de-janeiro.org.br', NULL, '200,00', '150,00', NULL, 294, 192, 35, 45, 43, 95, 261, 22, 266, 132, NULL, 3, '2026-02-02 08:26:26', '2026-02-02 08:26:26', 5, 91, 2, 30, NULL, NULL, NULL),
	(133, NULL, 'Pr. Lucas Souza', '91979419312', 'treinamento.rio.de.janeiro@ministerio.com.br', 'Alameda Rio Branco', '3449', 'Bloco B', 'Vila Nova', 'Rio de Janeiro', 'RJ', '11358406', 'https://www.treinamento-rio-de-janeiro.org.br', NULL, '0,00', '0,00', '20,00', 218, 233, 120, 22, 46, 25, 285, 260, 4, 144, NULL, 0, '2026-02-02 08:26:26', '2026-02-02 08:26:26', 1, 25, 6, 30, NULL, NULL, NULL),
	(134, NULL, 'Pr. Rafael Silva', '11997081608', 'treinamento.curitiba@igreja.org.br', 'Alameda Getulio Vargas', '4710', NULL, 'Jardim das Oliveiras', 'Curitiba', 'PR', '22483653', 'https://www.treinamento-curitiba.org.br', NULL, '0,00', '150,00', NULL, 234, 208, 75, 55, 14, 71, 222, 146, 32, 11, NULL, 1, '2026-02-02 08:26:26', '2026-02-02 08:26:26', 7, 51, 7, 30, NULL, NULL, NULL),
	(135, NULL, 'Pr. Carlos Souza', '81979284783', 'treinamento.recife@igreja.org.br', 'Avenida Getulio Vargas', '4311', 'Anexo A', 'Vila Nova', 'Recife', 'PE', '59974024', 'https://www.treinamento-recife.org.br', NULL, '150,00', '150,00', NULL, 278, 55, 27, 16, 6, 232, 166, 33, 341, 57, NULL, 2, '2026-02-02 08:26:26', '2026-02-02 08:26:26', 7, 59, 1, 30, NULL, NULL, NULL),
	(136, NULL, 'Pr. Amanda Rocha', '81983680285', 'treinamento.fortaleza@igreja.org.br', 'Avenida Getulio Vargas', '2814', NULL, 'Santa Clara', 'Fortaleza', 'CE', '34663974', 'https://www.treinamento-fortaleza.org.br', NULL, '100,00', '0,00', NULL, 221, 147, 49, 17, 3, 134, 204, 185, 111, 83, NULL, 3, '2026-02-02 08:26:26', '2026-02-02 08:26:26', 5, 60, 7, 30, NULL, NULL, NULL),
	(137, NULL, 'Pr. Isabela Lima', '51907669707', 'treinamento.goiania@igreja.org.br', 'Avenida Sete de Setembro', '3702', 'Casa 2', 'Jardim America', 'Goiania', 'GO', '47400747', 'https://www.treinamento-goiania.org.br', NULL, '150,00', '50,00', '20,00', 53, 181, 37, 54, 19, 220, 27, 217, 270, 96, NULL, 1, '2026-02-02 08:26:26', '2026-02-02 08:26:26', 5, 90, 13, 30, NULL, NULL, NULL),
	(138, NULL, 'Pr. Gabriel Gomes', '41937756828', 'treinamento.belo.horizonte@ministerio.com.br', 'Avenida Paulista', '8678', NULL, 'Santa Clara', 'Belo Horizonte', 'MG', '21050122', 'https://www.treinamento-belo-horizonte.org.br', NULL, '100,00', '0,00', '10,00', 208, 95, 18, 39, 21, 37, 213, 132, 374, 44, NULL, 3, '2026-02-02 08:26:26', '2026-02-02 08:26:26', 6, 27, 26, 30, NULL, NULL, NULL),
	(139, NULL, 'Pr. Fernanda Ramos', '81923559331', 'treinamento.goiania@igreja.org.br', 'Alameda Sete de Setembro', '5682', NULL, 'Santa Clara', 'Goiania', 'GO', '42875065', 'https://www.treinamento-goiania.org.br', NULL, '100,00', '0,00', '15,00', 126, 155, 95, 3, 11, 219, 48, 229, 165, 123, NULL, 3, '2026-02-02 08:26:26', '2026-02-02 08:26:26', 7, 62, 2, 30, NULL, NULL, NULL),
	(140, NULL, 'Pr. Mariana Dias', '81901574201', 'treinamento.salvador@comunidade.com.br', 'Travessa das Flores', '8944', NULL, 'Jardim das Oliveiras', 'Salvador', 'BA', '42791748', 'https://www.treinamento-salvador.org.br', NULL, '100,00', '150,00', NULL, 42, 100, 0, 13, 37, 63, 283, 228, 94, 150, NULL, 2, '2026-02-02 08:26:26', '2026-02-02 08:26:26', 7, 49, 20, 30, NULL, NULL, NULL),
	(141, NULL, 'Pr. Juliana Cardoso', '31962133056', 'treinamento.belo.horizonte@igreja.org.br', 'Alameda Rio Branco', '8984', NULL, 'Vila Nova', 'Belo Horizonte', 'MG', '03763220', 'https://www.treinamento-belo-horizonte.org.br', NULL, '150,00', '50,00', NULL, 211, 91, 95, 33, 31, 57, 62, 32, 101, 40, NULL, 0, '2026-02-02 08:26:26', '2026-02-02 08:26:26', 1, 24, 13, 30, NULL, NULL, NULL),
	(142, NULL, 'Pr. Daniel Ferreira', '61950342373', 'treinamento.belem@comunidade.com.br', 'Alameda Paulista', '4921', 'Casa 2', 'Jardim das Oliveiras', 'Belem', 'PA', '89352487', 'https://www.treinamento-belem.org.br', NULL, '0,00', '150,00', NULL, 36, 140, 45, 8, 29, 77, 152, 192, 395, 64, NULL, 2, '2026-02-02 08:26:26', '2026-02-02 08:26:26', 3, 67, 20, 30, NULL, NULL, NULL),
	(143, NULL, 'Pr. Amanda Moura', '51946884860', 'treinamento.manaus@comunidade.com.br', 'Rua Sete de Setembro', '7312', NULL, 'Parque das Nacoes', 'Manaus', 'AM', '72447614', 'https://www.treinamento-manaus.org.br', NULL, '0,00', '0,00', NULL, 97, 55, 5, 41, 52, 103, 219, 269, 61, 45, NULL, 2, '2026-02-02 08:26:26', '2026-02-02 08:26:26', 7, 62, 18, 30, NULL, NULL, NULL),
	(144, NULL, 'Pr. Gabriel Oliveira', '41973818032', 'treinamento.brasilia@ministerio.com.br', 'Avenida das Flores', '9618', NULL, 'Vila Esperanca', 'Brasilia', 'DF', '78462484', 'https://www.treinamento-brasilia.org.br', NULL, '50,00', '50,00', '15,00', 179, 172, 118, 58, 54, 227, 117, 11, 265, 148, NULL, 0, '2026-02-02 08:26:26', '2026-02-02 08:26:26', 8, 83, 20, 30, NULL, NULL, NULL),
	(145, NULL, 'Pr. Henrique Ferreira', '11992391491', 'treinamento.brasilia@igreja.org.br', 'Travessa Paulista', '9890', NULL, 'Nova Esperanca', 'Brasilia', 'DF', '24860908', 'https://www.treinamento-brasilia.org.br', NULL, '100,00', '0,00', NULL, 99, 231, 0, 44, 22, 108, 92, 229, 63, 94, NULL, 3, '2026-02-02 08:26:26', '2026-02-02 08:26:26', 3, 12, 16, 30, NULL, NULL, NULL),
	(146, NULL, 'Pr. Renata Ferreira', '71931795409', 'treinamento.brasilia@ministerio.com.br', 'Travessa Rio Branco', '4220', NULL, 'Nova Esperanca', 'Brasilia', 'DF', '08108390', 'https://www.treinamento-brasilia.org.br', NULL, '50,00', '50,00', NULL, 262, 190, 31, 42, 0, 238, 173, 114, 263, 162, 'Aut magnam mollitia laboriosam et rerum eaque magni perferendis.', 1, '2026-02-02 08:26:26', '2026-02-02 08:26:26', 8, 76, 17, 30, NULL, NULL, NULL),
	(147, NULL, 'Pr. Carolina Martins', '51934687727', 'treinamento.salvador@comunidade.com.br', 'Alameda Independencia', '3544', NULL, 'Vila Nova', 'Salvador', 'BA', '09961683', 'https://www.treinamento-salvador.org.br', NULL, '200,00', '100,00', NULL, 22, 128, 80, 13, 34, 0, 103, 116, 278, 187, NULL, 3, '2026-02-02 08:26:26', '2026-02-02 08:26:26', 5, 94, 5, 30, NULL, NULL, NULL),
	(148, NULL, 'Pr. Amanda Silva', '91901173068', 'treinamento.fortaleza@ministerio.com.br', 'Avenida Getulio Vargas', '7333', NULL, 'Nova Esperanca', 'Fortaleza', 'CE', '83604476', 'https://www.treinamento-fortaleza.org.br', NULL, '0,00', '100,00', NULL, 275, 148, 89, 25, 0, 138, 129, 188, 338, 91, NULL, 3, '2026-02-02 08:26:26', '2026-02-02 08:26:26', 8, 46, 10, 30, NULL, NULL, NULL),
	(149, NULL, 'Pr. Tiago Martins', '85963822891', 'treinamento.manaus@igreja.org.br', 'Travessa Independencia', '2257', NULL, 'Jardim das Oliveiras', 'Manaus', 'AM', '84723702', 'https://www.treinamento-manaus.org.br', NULL, '100,00', '100,00', '20,00', 204, 60, 23, 24, 33, 124, 287, 106, 293, 81, NULL, 2, '2026-02-02 08:26:26', '2026-02-02 08:26:26', 7, 92, 6, 30, NULL, NULL, NULL),
	(150, NULL, 'Pr. Tiago Martins', '71937866597', 'treinamento.curitiba@comunidade.com.br', 'Alameda Independencia', '2026', 'Bloco B', 'Boa Vista', 'Curitiba', 'PR', '09658096', 'https://www.treinamento-curitiba.org.br', NULL, '200,00', '100,00', NULL, 115, 195, 77, 11, 23, 148, 8, 223, 8, 31, NULL, 3, '2026-02-02 08:26:26', '2026-02-02 08:26:26', 1, 100, 2, 30, NULL, NULL, NULL),
	(151, NULL, 'Pr. Amanda Dias', '21974014355', 'treinamento.rio.de.janeiro@comunidade.com.br', 'Avenida Sete de Setembro', '107', NULL, 'Jardim America', 'Rio de Janeiro', 'RJ', '49383779', 'https://www.treinamento-rio-de-janeiro.org.br', NULL, '0,00', '0,00', NULL, 22, 72, 0, 36, 50, 202, 168, 184, 107, 155, 'Provident officia labore nam et voluptatem rerum ab officia natus nesciunt facere consectetur consectetur architecto.', 2, '2026-02-02 08:26:26', '2026-02-02 08:26:26', 7, 89, 26, 30, NULL, NULL, NULL),
	(152, NULL, 'Pr. Rafael Carvalho', '51903734507', 'treinamento.curitiba@ministerio.com.br', 'Rua Sete de Setembro', '3781', 'Anexo A', 'Jardim America', 'Curitiba', 'PR', '62805603', 'https://www.treinamento-curitiba.org.br', NULL, '50,00', '150,00', '5,00', 186, 255, 21, 6, 8, 77, 13, 24, 189, 14, NULL, 3, '2026-02-02 08:26:26', '2026-02-02 08:26:26', 2, 63, 5, 30, NULL, NULL, NULL),
	(153, NULL, 'Pr. Amanda Cardoso', '61992413488', 'treinamento.belo.horizonte@ministerio.com.br', 'Alameda das Flores', '2576', 'Casa 2', 'Parque das Nacoes', 'Belo Horizonte', 'MG', '45644869', 'https://www.treinamento-belo-horizonte.org.br', NULL, '0,00', '0,00', NULL, 295, 256, 30, 59, 40, 99, 97, 72, 308, 200, NULL, 0, '2026-02-02 08:26:26', '2026-02-02 08:26:26', 5, 29, 9, 30, NULL, NULL, NULL),
	(154, NULL, 'Pr. Renata Oliveira', '91968698115', 'treinamento.manaus@ministerio.com.br', 'Avenida Rio Branco', '9191', 'Sala 101', 'Vila Nova', 'Manaus', 'AM', '64822820', 'https://www.treinamento-manaus.org.br', NULL, '50,00', '150,00', NULL, 251, 19, 84, 8, 21, 223, 18, 1, 107, 25, NULL, 0, '2026-02-02 08:26:26', '2026-02-02 08:26:26', 3, 81, 13, 30, NULL, NULL, NULL),
	(155, NULL, 'Pr. Vitor Lima', '91927895413', 'treinamento.belem@ministerio.com.br', 'Avenida Brasil', '7443', NULL, 'Vila Esperanca', 'Belem', 'PA', '73037145', 'https://www.treinamento-belem.org.br', NULL, '50,00', '200,00', NULL, 153, 258, 39, 57, 17, 242, 40, 257, 227, 98, NULL, 3, '2026-02-02 08:26:26', '2026-02-02 08:26:26', 1, 97, 6, 30, NULL, NULL, NULL),
	(156, NULL, 'Pr. Camila Silva', '85981740605', 'treinamento.manaus@comunidade.com.br', 'Avenida Sete de Setembro', '2876', NULL, 'Bela Vista', 'Manaus', 'AM', '69328488', 'https://www.treinamento-manaus.org.br', NULL, '100,00', '50,00', NULL, 101, 125, 56, 28, 24, 69, 98, 111, 234, 135, NULL, 2, '2026-02-02 08:26:26', '2026-02-02 08:26:26', 7, 89, 4, 30, NULL, NULL, NULL),
	(157, NULL, 'Pr. Marcos Carvalho', '51900509997', 'treinamento.goiania@igreja.org.br', 'Rua das Flores', '5089', NULL, 'Vila Nova', 'Goiania', 'GO', '10459465', 'https://www.treinamento-goiania.org.br', NULL, '150,00', '150,00', '20,00', 285, 32, 7, 25, 6, 170, 40, 222, 125, 160, NULL, 3, '2026-02-02 08:26:26', '2026-02-02 08:26:26', 8, 17, 14, 30, NULL, NULL, NULL),
	(158, NULL, 'Pr. Tiago Dias', '85902125382', 'treinamento.sao.paulo@igreja.org.br', 'Rua Sete de Setembro', '5350', NULL, 'Nova Esperanca', 'Sao Paulo', 'SP', '41548422', 'https://www.treinamento-sao-paulo.org.br', NULL, '150,00', '200,00', '15,00', 293, 225, 28, 38, 26, 126, 183, 158, 13, 128, 'Optio odio facere consectetur ab sit assumenda et corrupti et rem eos asperiores laboriosam rerum.', 1, '2026-02-02 08:26:26', '2026-02-02 08:26:26', 3, 92, 10, 30, NULL, NULL, NULL),
	(159, NULL, 'Pr. Carolina Rezende', '85965751296', 'treinamento.belem@ministerio.com.br', 'Avenida Dom Pedro II', '9036', NULL, 'Parque das Nacoes', 'Belem', 'PA', '36227513', 'https://www.treinamento-belem.org.br', NULL, '200,00', '0,00', NULL, 42, 45, 9, 27, 60, 88, 224, 253, 270, 8, NULL, 3, '2026-02-02 08:26:26', '2026-02-02 08:26:26', 1, 33, 17, 30, NULL, NULL, NULL),
	(160, NULL, 'Pr. Beatriz Barbosa', '31983882939', 'treinamento.sao.paulo@igreja.org.br', 'Rua Paulista', '8731', NULL, 'Jardim das Oliveiras', 'Sao Paulo', 'SP', '11354755', 'https://www.treinamento-sao-paulo.org.br', NULL, '150,00', '200,00', NULL, 137, 80, 79, 5, 9, 219, 282, 270, 372, 158, NULL, 1, '2026-02-02 08:26:26', '2026-02-02 08:26:26', 4, 21, 22, 30, NULL, NULL, NULL),
	(161, NULL, 'Pr. Carolina Carvalho', '41937331451', 'treinamento.fortaleza@comunidade.com.br', 'Avenida Getulio Vargas', '8105', NULL, 'Jardim America', 'Fortaleza', 'CE', '28949491', 'https://www.treinamento-fortaleza.org.br', NULL, '0,00', '0,00', '15,00', 117, 38, 119, 4, 4, 144, 215, 128, 123, 105, NULL, 3, '2026-02-02 08:26:26', '2026-02-02 08:26:26', 4, 32, 15, 30, NULL, NULL, NULL),
	(162, NULL, 'Pr. Mariana Ribeiro', '21940566551', 'treinamento.belem@igreja.org.br', 'Travessa Rio Branco', '218', NULL, 'Jardim America', 'Belem', 'PA', '05323741', 'https://www.treinamento-belem.org.br', NULL, '200,00', '0,00', '15,00', 201, 249, 95, 15, 5, 248, 118, 229, 274, 154, NULL, 3, '2026-02-02 08:26:26', '2026-02-02 08:26:26', 2, 27, 13, 30, NULL, NULL, NULL),
	(163, NULL, 'Pr. Amanda Ribeiro', '81926698735', 'treinamento.salvador@igreja.org.br', 'Avenida Independencia', '646', NULL, 'Jardim das Oliveiras', 'Salvador', 'BA', '01995014', 'https://www.treinamento-salvador.org.br', NULL, '50,00', '0,00', NULL, 185, 298, 92, 37, 49, 91, 238, 223, 390, 184, 'Ut debitis voluptatem laudantium vel vel similique ut velit eius hic tenetur quis optio.', 2, '2026-02-02 08:26:26', '2026-02-02 08:26:26', 7, 91, 11, 30, NULL, NULL, NULL),
	(164, NULL, 'Pr. Isabela Oliveira', '31951448552', 'treinamento.salvador@igreja.org.br', 'Alameda Paulista', '3222', 'Fundos', 'Centro', 'Salvador', 'BA', '73105880', 'https://www.treinamento-salvador.org.br', NULL, '150,00', '200,00', NULL, 185, 169, 38, 35, 10, 203, 251, 173, 103, 25, 'Est similique quasi quo porro ut saepe enim ipsum qui dolores nobis similique quam.', 3, '2026-02-02 08:26:26', '2026-02-02 08:26:26', 3, 14, 13, 30, NULL, NULL, NULL),
	(165, NULL, 'Pr. Henrique Rocha', '31990037554', 'treinamento.fortaleza@comunidade.com.br', 'Rua Dom Pedro II', '4045', NULL, 'Santa Clara', 'Fortaleza', 'CE', '61552202', 'https://www.treinamento-fortaleza.org.br', NULL, '200,00', '50,00', '20,00', 259, 197, 107, 52, 48, 28, 101, 74, 218, 17, NULL, 3, '2026-02-02 08:26:26', '2026-02-02 08:26:26', 2, 68, 19, 30, NULL, NULL, NULL),
	(166, NULL, 'Pr. Eduardo Barbosa', '85979624941', 'treinamento.manaus@igreja.org.br', 'Travessa dos Ipes', '582', NULL, 'Vila Esperanca', 'Manaus', 'AM', '30074132', 'https://www.treinamento-manaus.org.br', NULL, '150,00', '50,00', NULL, 41, 285, 62, 60, 30, 171, 94, 164, 134, 2, NULL, 2, '2026-02-02 08:26:26', '2026-02-02 08:26:26', 1, 99, 12, 30, NULL, NULL, NULL),
	(167, NULL, 'Pr. Larissa Oliveira', '21922571341', 'treinamento.salvador@ministerio.com.br', 'Alameda Getulio Vargas', '6788', NULL, 'Jardim das Oliveiras', 'Salvador', 'BA', '07306271', 'https://www.treinamento-salvador.org.br', NULL, '100,00', '50,00', '5,00', 119, 6, 75, 34, 29, 158, 238, 10, 156, 16, NULL, 2, '2026-02-02 08:26:26', '2026-02-02 08:26:26', 8, 13, 5, 30, NULL, NULL, NULL),
	(168, NULL, 'Pr. Beatriz Pereira', '81958960403', 'treinamento.sao.paulo@ministerio.com.br', 'Rua Sete de Setembro', '8795', NULL, 'Santa Clara', 'Sao Paulo', 'SP', '20597523', 'https://www.treinamento-sao-paulo.org.br', NULL, '0,00', '50,00', NULL, 62, 94, 52, 26, 55, 183, 221, 110, 35, 116, NULL, 0, '2026-02-02 08:26:26', '2026-02-02 08:26:26', 4, 35, 22, 30, NULL, NULL, NULL),
	(169, NULL, 'Pr. Joao Costa', '81929503176', 'treinamento.belem@ministerio.com.br', 'Avenida Independencia', '9967', NULL, 'Jardim America', 'Belem', 'PA', '47617025', 'https://www.treinamento-belem.org.br', NULL, '200,00', '200,00', NULL, 270, 164, 52, 55, 59, 186, 17, 293, 299, 170, NULL, 0, '2026-02-02 08:26:26', '2026-02-02 08:26:26', 3, 91, 10, 30, NULL, NULL, NULL),
	(170, NULL, 'Pr. Beatriz Carvalho', '21922080618', 'treinamento.fortaleza@comunidade.com.br', 'Alameda Independencia', '3408', 'Sala 101', 'Vila Nova', 'Fortaleza', 'CE', '89808805', 'https://www.treinamento-fortaleza.org.br', NULL, '200,00', '50,00', NULL, 219, 130, 12, 45, 28, 227, 239, 270, 287, 199, NULL, 0, '2026-02-02 08:26:26', '2026-02-02 08:26:26', 6, 38, 4, 30, NULL, NULL, NULL),
	(171, NULL, 'Pr. Larissa Carvalho', '61949580991', 'treinamento.goiania@comunidade.com.br', 'Rua Getulio Vargas', '2548', NULL, 'Jardim America', 'Goiania', 'GO', '44558649', 'https://www.treinamento-goiania.org.br', NULL, '50,00', '50,00', NULL, 2, 261, 24, 51, 46, 227, 240, 239, 233, 7, NULL, 0, '2026-02-02 08:26:26', '2026-02-02 08:26:26', 1, 55, 17, 30, NULL, NULL, NULL),
	(172, NULL, 'Pr. Isabela Dias', '91900568149', 'treinamento.belo.horizonte@ministerio.com.br', 'Avenida Santos Dumont', '978', NULL, 'Jardim America', 'Belo Horizonte', 'MG', '70670227', 'https://www.treinamento-belo-horizonte.org.br', NULL, '100,00', '50,00', NULL, 96, 39, 117, 20, 31, 216, 187, 244, 54, 114, 'Sit repellendus quos quae odio doloremque quas qui veniam accusamus autem velit.', 3, '2026-02-02 08:26:26', '2026-02-02 08:26:26', 6, 25, 10, 30, NULL, NULL, NULL),
	(173, NULL, 'Pr. Carlos Martins', '85951177913', 'treinamento.manaus@igreja.org.br', 'Avenida Rio Branco', '9305', NULL, 'Centro', 'Manaus', 'AM', '69598721', 'https://www.treinamento-manaus.org.br', NULL, '0,00', '200,00', '20,00', 217, 23, 84, 22, 42, 216, 262, 220, 276, 74, NULL, 0, '2026-02-02 08:26:26', '2026-02-02 08:26:26', 1, 19, 13, 30, NULL, NULL, NULL),
	(174, NULL, 'Pr. Rafael Cardoso', '41900222832', 'treinamento.recife@igreja.org.br', 'Avenida Sete de Setembro', '2154', NULL, 'Jardim das Oliveiras', 'Recife', 'PE', '35990699', 'https://www.treinamento-recife.org.br', NULL, '200,00', '50,00', NULL, 297, 270, 118, 15, 19, 90, 226, 163, 293, 23, NULL, 1, '2026-02-02 08:26:26', '2026-02-02 08:26:26', 2, 27, 7, 30, NULL, NULL, NULL),
	(175, NULL, 'Pr. Patricia Costa', '11933650605', 'treinamento.brasilia@igreja.org.br', 'Rua Paulista', '4252', NULL, 'Vila Esperanca', 'Brasilia', 'DF', '36112014', 'https://www.treinamento-brasilia.org.br', NULL, '100,00', '0,00', '15,00', 102, 287, 72, 16, 53, 41, 221, 25, 281, 167, 'Laudantium consequuntur harum dolor sit sequi impedit vel debitis aut molestiae necessitatibus blanditiis aspernatur quia id.', 3, '2026-02-02 08:26:26', '2026-02-02 08:26:26', 8, 104, 6, 30, NULL, NULL, NULL),
	(176, NULL, 'Pr. Bruno Ferreira', '21934935812', 'treinamento.manaus@comunidade.com.br', 'Alameda Rio Branco', '4319', NULL, 'Jardim America', 'Manaus', 'AM', '44067600', 'https://www.treinamento-manaus.org.br', NULL, '0,00', '50,00', NULL, 269, 250, 37, 8, 59, 222, 16, 132, 337, 144, NULL, 0, '2026-02-02 08:26:26', '2026-02-02 08:26:26', 2, 24, 6, 30, NULL, NULL, NULL),
	(177, NULL, 'Pr. Renata Silva', '85960366627', 'treinamento.salvador@comunidade.com.br', 'Travessa Dom Pedro II', '48', NULL, 'Boa Vista', 'Salvador', 'BA', '99989447', 'https://www.treinamento-salvador.org.br', NULL, '100,00', '50,00', '5,00', 49, 99, 76, 35, 20, 89, 15, 182, 155, 80, NULL, 1, '2026-02-02 08:26:26', '2026-02-02 08:26:26', 7, 21, 26, 30, NULL, NULL, NULL),
	(178, NULL, 'Pr. Rafael Moura', '71990809289', 'treinamento.belem@igreja.org.br', 'Rua dos Ipes', '6259', NULL, 'Santa Clara', 'Belem', 'PA', '71472819', 'https://www.treinamento-belem.org.br', NULL, '50,00', '200,00', NULL, 218, 295, 6, 27, 14, 240, 191, 297, 8, 40, 'Hic nemo aut voluptas iure dolor non explicabo.', 1, '2026-02-02 08:26:26', '2026-02-02 08:26:26', 1, 88, 15, 30, NULL, NULL, NULL),
	(179, NULL, 'Pr. Rafael Costa', '81936107188', 'treinamento.fortaleza@igreja.org.br', 'Travessa Getulio Vargas', '1802', NULL, 'Boa Vista', 'Fortaleza', 'CE', '70360316', 'https://www.treinamento-fortaleza.org.br', NULL, '100,00', '150,00', '15,00', 193, 109, 85, 23, 18, 111, 238, 204, 170, 2, NULL, 3, '2026-02-02 08:26:26', '2026-02-02 08:26:26', 5, 2, 6, 30, NULL, NULL, NULL),
	(180, NULL, 'Pr. Daniel Rocha', '21922063633', 'treinamento.salvador@comunidade.com.br', 'Rua Paulista', '5363', NULL, 'Boa Vista', 'Salvador', 'BA', '60424592', 'https://www.treinamento-salvador.org.br', NULL, '100,00', '100,00', '10,00', 57, 89, 120, 51, 49, 238, 274, 134, 150, 99, NULL, 0, '2026-02-02 08:26:26', '2026-02-02 08:26:26', 2, 9, 1, 30, NULL, NULL, NULL),
	(181, NULL, 'Pr. Amanda Oliveira', '11987742498', 'treinamento.brasilia@igreja.org.br', 'Avenida das Flores', '1800', NULL, 'Boa Vista', 'Brasilia', 'DF', '00234389', 'https://www.treinamento-brasilia.org.br', NULL, '150,00', '100,00', NULL, 67, 125, 27, 14, 4, 173, 63, 33, 385, 175, NULL, 2, '2026-02-02 08:26:26', '2026-02-02 08:26:26', 4, 74, 12, 30, NULL, NULL, NULL),
	(182, NULL, 'Pr. Camila Costa', '85917548565', 'treinamento.curitiba@ministerio.com.br', 'Rua Dom Pedro II', '3445', 'Sala 101', 'Vila Esperanca', 'Curitiba', 'PR', '65217388', 'https://www.treinamento-curitiba.org.br', NULL, '50,00', '150,00', NULL, 120, 247, 29, 16, 14, 104, 299, 164, 108, 124, NULL, 2, '2026-02-02 08:26:26', '2026-02-02 08:26:26', 4, 55, 17, 30, NULL, NULL, NULL),
	(183, NULL, 'Pr. Camila Lima', '71981869674', 'treinamento.sao.paulo@igreja.org.br', 'Avenida Paulista', '7390', NULL, 'Santa Clara', 'Sao Paulo', 'SP', '17655954', 'https://www.treinamento-sao-paulo.org.br', NULL, '200,00', '200,00', '10,00', 41, 213, 76, 16, 52, 117, 155, 112, 252, 126, NULL, 0, '2026-02-02 08:26:26', '2026-02-02 08:26:26', 2, 99, 15, 30, NULL, NULL, NULL),
	(184, NULL, 'Pr. Vitor Santana', '51917931928', 'treinamento.belo.horizonte@ministerio.com.br', 'Avenida Paulista', '1059', NULL, 'Centro', 'Belo Horizonte', 'MG', '72188386', 'https://www.treinamento-belo-horizonte.org.br', NULL, '0,00', '0,00', '10,00', 201, 218, 45, 31, 5, 87, 138, 157, 14, 16, 'Qui optio cumque ratione accusantium ut magni odio.', 3, '2026-02-02 08:26:26', '2026-02-02 08:26:26', 2, 38, 8, 30, NULL, NULL, NULL),
	(185, NULL, 'Pr. Beatriz Costa', '85972743492', 'treinamento.rio.de.janeiro@ministerio.com.br', 'Travessa Paulista', '4273', NULL, 'Boa Vista', 'Rio de Janeiro', 'RJ', '75723946', 'https://www.treinamento-rio-de-janeiro.org.br', NULL, '0,00', '50,00', NULL, 137, 1, 104, 12, 4, 24, 172, 49, 327, 46, 'Dolores et eligendi facilis dignissimos rem sed optio architecto dolorem commodi quaerat.', 3, '2026-02-02 08:26:26', '2026-02-02 08:26:26', 1, 16, 12, 30, NULL, NULL, NULL),
	(186, NULL, 'Pr. Camila Lima', '41901924292', 'treinamento.goiania@ministerio.com.br', 'Avenida Rio Branco', '4391', NULL, 'Bela Vista', 'Goiania', 'GO', '22791599', 'https://www.treinamento-goiania.org.br', NULL, '200,00', '150,00', '5,00', 192, 224, 75, 17, 4, 80, 38, 105, 261, 135, NULL, 0, '2026-02-02 08:26:26', '2026-02-02 08:26:26', 2, 36, 9, 30, NULL, NULL, NULL),
	(187, NULL, 'Pr. Lucas Carvalho', '85918612404', 'treinamento.curitiba@igreja.org.br', 'Avenida Paulista', '7264', 'Sala 101', 'Nova Esperanca', 'Curitiba', 'PR', '63927423', 'https://www.treinamento-curitiba.org.br', NULL, '200,00', '50,00', '5,00', 28, 10, 74, 53, 53, 21, 73, 246, 219, 40, NULL, 1, '2026-02-02 08:26:26', '2026-02-02 08:26:26', 5, 28, 6, 30, NULL, NULL, NULL),
	(188, NULL, 'Pr. Lucas Rezende', '41993640533', 'treinamento.porto.alegre@comunidade.com.br', 'Avenida Santos Dumont', '7617', NULL, 'Boa Vista', 'Porto Alegre', 'RS', '90678849', 'https://www.treinamento-porto-alegre.org.br', NULL, '150,00', '0,00', '5,00', 273, 237, 38, 59, 50, 190, 225, 39, 145, 112, NULL, 0, '2026-02-02 08:26:27', '2026-02-02 08:26:27', 6, 32, 15, 30, NULL, NULL, NULL),
	(189, NULL, 'Pr. Fernanda Cardoso', '91934851721', 'treinamento.recife@ministerio.com.br', 'Avenida Getulio Vargas', '774', 'Bloco B', 'Parque das Nacoes', 'Recife', 'PE', '59601625', 'https://www.treinamento-recife.org.br', NULL, '0,00', '0,00', NULL, 151, 43, 116, 3, 2, 79, 157, 192, 214, 51, NULL, 3, '2026-02-02 08:26:27', '2026-02-02 08:26:27', 8, 40, 8, 30, NULL, NULL, NULL),
	(190, NULL, 'Pr. Henrique Pereira', '21954904016', 'treinamento.recife@igreja.org.br', 'Travessa Independencia', '7365', NULL, 'Parque das Nacoes', 'Recife', 'PE', '29450589', 'https://www.treinamento-recife.org.br', NULL, '200,00', '0,00', NULL, 184, 113, 9, 59, 15, 14, 64, 231, 218, 153, NULL, 3, '2026-02-02 08:26:27', '2026-02-02 08:26:27', 2, 4, 20, 30, NULL, NULL, NULL),
	(191, NULL, 'Pr. Camila Lima', '85980823596', 'treinamento.curitiba@comunidade.com.br', 'Rua Dom Pedro II', '9416', 'Casa 2', 'Boa Vista', 'Curitiba', 'PR', '35768739', 'https://www.treinamento-curitiba.org.br', NULL, '150,00', '150,00', '5,00', 83, 70, 43, 26, 22, 46, 239, 158, 365, 111, NULL, 2, '2026-02-02 08:26:27', '2026-02-02 08:26:27', 1, 5, 25, 30, NULL, NULL, NULL),
	(192, NULL, 'Pr. Mariana Santana', '71967300613', 'treinamento.recife@comunidade.com.br', 'Travessa das Flores', '7137', NULL, 'Jardim America', 'Recife', 'PE', '61839786', 'https://www.treinamento-recife.org.br', NULL, '150,00', '50,00', '15,00', 258, 73, 86, 35, 9, 172, 68, 14, 259, 153, NULL, 2, '2026-02-02 08:26:27', '2026-02-02 08:26:27', 8, 10, 6, 30, NULL, NULL, NULL),
	(193, NULL, 'Pr. Larissa Ramos', '85992044069', 'treinamento.brasilia@igreja.org.br', 'Travessa Independencia', '1540', NULL, 'Vila Nova', 'Brasilia', 'DF', '06984562', 'https://www.treinamento-brasilia.org.br', NULL, '100,00', '200,00', '15,00', 146, 204, 7, 15, 1, 32, 273, 100, 183, 139, NULL, 2, '2026-02-02 08:26:27', '2026-02-02 08:26:27', 4, 39, 11, 30, NULL, NULL, NULL),
	(194, NULL, 'Pr. Gabriel Carvalho', '85954691606', 'treinamento.porto.alegre@ministerio.com.br', 'Travessa Independencia', '6959', NULL, 'Parque das Nacoes', 'Porto Alegre', 'RS', '59569186', 'https://www.treinamento-porto-alegre.org.br', NULL, '50,00', '0,00', NULL, 5, 23, 68, 4, 5, 239, 32, 68, 49, 169, 'Et ad commodi odit earum perferendis alias ut deserunt eos.', 0, '2026-02-02 08:26:27', '2026-02-02 08:26:27', 4, 20, 4, 30, NULL, NULL, NULL),
	(195, NULL, 'Pr. Tiago Gomes', '51917603385', 'treinamento.manaus@ministerio.com.br', 'Alameda Getulio Vargas', '4799', NULL, 'Parque das Nacoes', 'Manaus', 'AM', '06778073', 'https://www.treinamento-manaus.org.br', NULL, '100,00', '200,00', NULL, 47, 206, 71, 32, 36, 178, 283, 21, 80, 39, NULL, 1, '2026-02-02 08:26:27', '2026-02-02 08:26:27', 5, 98, 2, 30, NULL, NULL, NULL),
	(196, NULL, 'Pr. Daniel Cardoso', '61940571012', 'treinamento.brasilia@igreja.org.br', 'Travessa Rio Branco', '4608', NULL, 'Boa Vista', 'Brasilia', 'DF', '13793474', 'https://www.treinamento-brasilia.org.br', NULL, '50,00', '0,00', '20,00', 123, 155, 76, 4, 4, 34, 173, 66, 36, 117, NULL, 1, '2026-02-02 08:26:27', '2026-02-02 08:26:27', 4, 14, 4, 30, NULL, NULL, NULL),
	(197, NULL, 'Pr. Renata Ferreira', '31911637870', 'treinamento.curitiba@igreja.org.br', 'Travessa Getulio Vargas', '3667', NULL, 'Centro', 'Curitiba', 'PR', '65093832', 'https://www.treinamento-curitiba.org.br', NULL, '0,00', '200,00', NULL, 229, 3, 51, 38, 9, 190, 76, 300, 368, 110, NULL, 1, '2026-02-02 08:26:27', '2026-02-02 08:26:27', 3, 28, 16, 30, NULL, NULL, NULL),
	(198, NULL, 'Pr. Andre Cardoso', '11991585392', 'treinamento.sao.paulo@comunidade.com.br', 'Travessa Getulio Vargas', '1236', 'Anexo A', 'Santa Clara', 'Sao Paulo', 'SP', '80799811', 'https://www.treinamento-sao-paulo.org.br', NULL, '0,00', '200,00', NULL, 217, 296, 44, 17, 30, 210, 93, 219, 205, 115, NULL, 2, '2026-02-02 08:26:27', '2026-02-02 08:26:27', 2, 34, 16, 30, NULL, NULL, NULL),
	(199, NULL, 'Pr. Vitor Silva', '81980163619', 'treinamento.manaus@ministerio.com.br', 'Travessa dos Ipes', '615', NULL, 'Boa Vista', 'Manaus', 'AM', '27613651', 'https://www.treinamento-manaus.org.br', NULL, '200,00', '150,00', NULL, 209, 287, 76, 25, 48, 173, 161, 215, 77, 47, 'Molestias deleniti incidunt impedit qui est ipsa sed doloribus pariatur rerum magni reiciendis atque molestiae et.', 2, '2026-02-02 08:26:27', '2026-02-02 08:26:27', 8, 78, 16, 30, NULL, NULL, NULL),
	(200, NULL, 'Pr. Lucas Moura', '61942868993', 'treinamento.porto.alegre@comunidade.com.br', 'Travessa Getulio Vargas', '4193', NULL, 'Vila Nova', 'Porto Alegre', 'RS', '15202271', 'https://www.treinamento-porto-alegre.org.br', NULL, '50,00', '0,00', '15,00', 200, 29, 80, 57, 56, 195, 93, 53, 378, 115, NULL, 2, '2026-02-02 08:26:27', '2026-02-02 08:26:27', 1, 101, 15, 30, NULL, NULL, NULL),
	(201, NULL, 'Pr. Joao Carvalho', '31918923106', 'treinamento.sao.paulo@igreja.org.br', 'Travessa Getulio Vargas', '6439', NULL, 'Parque das Nacoes', 'Sao Paulo', 'SP', '02824713', 'https://www.treinamento-sao-paulo.org.br', NULL, '0,00', '100,00', NULL, 166, 166, 77, 31, 24, 243, 187, 41, 186, 70, NULL, 3, '2026-02-02 08:26:27', '2026-02-02 08:26:27', 5, 6, 24, 30, NULL, NULL, NULL),
	(202, NULL, 'Pr. Vitor Almeida', '71991145856', 'treinamento.porto.alegre@comunidade.com.br', 'Travessa Brasil', '945', 'Fundos', 'Vila Esperanca', 'Porto Alegre', 'RS', '83666211', 'https://www.treinamento-porto-alegre.org.br', NULL, '150,00', '150,00', NULL, 158, 202, 95, 3, 20, 242, 166, 7, 11, 74, NULL, 2, '2026-02-02 08:26:27', '2026-02-02 08:26:27', 1, 43, 18, 30, NULL, NULL, NULL),
	(203, NULL, 'Pr. Eduardo Souza', '11917208337', 'treinamento.sao.paulo@igreja.org.br', 'Alameda Dom Pedro II', '7882', 'Casa 2', 'Parque das Nacoes', 'Sao Paulo', 'SP', '85862258', 'https://www.treinamento-sao-paulo.org.br', NULL, '200,00', '100,00', NULL, 204, 173, 77, 29, 21, 242, 34, 153, 31, 107, NULL, 0, '2026-02-02 08:26:27', '2026-02-02 08:26:27', 2, 88, 17, 30, NULL, NULL, NULL),
	(204, NULL, 'Pr. Gabriel Oliveira', '31970547078', 'treinamento.belem@igreja.org.br', 'Travessa Independencia', '5149', NULL, 'Bela Vista', 'Belem', 'PA', '51141268', 'https://www.treinamento-belem.org.br', NULL, '0,00', '100,00', NULL, 218, 171, 29, 35, 57, 111, 261, 233, 277, 59, NULL, 3, '2026-02-02 08:26:27', '2026-02-02 08:26:27', 1, 15, 12, 30, NULL, NULL, NULL),
	(205, NULL, 'Pr. Paulo Dias', '31936404708', 'treinamento.rio.de.janeiro@ministerio.com.br', 'Avenida Santos Dumont', '2059', 'Bloco B', 'Parque das Nacoes', 'Rio de Janeiro', 'RJ', '44336995', 'https://www.treinamento-rio-de-janeiro.org.br', NULL, '100,00', '50,00', NULL, 270, 212, 104, 19, 57, 138, 184, 79, 157, 32, NULL, 3, '2026-02-02 08:26:27', '2026-02-02 08:26:27', 8, 103, 12, 30, NULL, NULL, NULL),
	(206, NULL, 'Pr. Carolina Martins', '21910501554', 'treinamento.recife@igreja.org.br', 'Rua Independencia', '8770', NULL, 'Centro', 'Recife', 'PE', '02918288', 'https://www.treinamento-recife.org.br', NULL, '200,00', '150,00', '15,00', 175, 168, 6, 6, 46, 113, 116, 214, 267, 175, NULL, 0, '2026-02-02 08:26:27', '2026-02-02 08:26:27', 6, 64, 17, 30, NULL, NULL, NULL),
	(207, NULL, 'Pr. Patricia Gomes', '11985231540', 'treinamento.salvador@igreja.org.br', 'Rua Sete de Setembro', '5863', NULL, 'Jardim America', 'Salvador', 'BA', '93619931', 'https://www.treinamento-salvador.org.br', NULL, '200,00', '0,00', NULL, 248, 235, 59, 42, 3, 73, 169, 35, 176, 115, NULL, 2, '2026-02-02 08:26:27', '2026-02-02 08:26:27', 4, 37, 25, 30, NULL, NULL, NULL),
	(208, NULL, 'Pr. Paulo Almeida', '51964108360', 'treinamento.goiania@comunidade.com.br', 'Alameda Sete de Setembro', '6125', NULL, 'Nova Esperanca', 'Goiania', 'GO', '39862623', 'https://www.treinamento-goiania.org.br', NULL, '200,00', '0,00', NULL, 228, 155, 43, 6, 58, 152, 104, 276, 365, 32, NULL, 2, '2026-02-02 08:26:27', '2026-02-02 08:26:27', 4, 47, 8, 30, NULL, NULL, NULL),
	(209, NULL, 'Pr. Paulo Ramos', '21904478279', 'treinamento.sao.paulo@igreja.org.br', 'Avenida dos Ipes', '5762', 'Fundos', 'Jardim das Oliveiras', 'Sao Paulo', 'SP', '32100398', 'https://www.treinamento-sao-paulo.org.br', NULL, '100,00', '100,00', '5,00', 107, 146, 47, 58, 35, 223, 125, 298, 64, 54, NULL, 2, '2026-02-02 08:26:27', '2026-02-02 08:26:27', 8, 102, 16, 30, NULL, NULL, NULL),
	(210, NULL, 'Pr. Larissa Almeida', '81941847419', 'treinamento.salvador@igreja.org.br', 'Avenida Independencia', '4524', NULL, 'Vila Nova', 'Salvador', 'BA', '67683567', 'https://www.treinamento-salvador.org.br', NULL, '200,00', '50,00', NULL, 105, 98, 116, 10, 6, 52, 4, 82, 68, 9, 'Fugit ut consequatur rem est rerum id sapiente laborum.', 0, '2026-02-02 08:26:27', '2026-02-02 08:26:27', 3, 69, 19, 30, NULL, NULL, NULL),
	(211, NULL, 'Pr. Lucas Ramos', '11972688031', 'treinamento.brasilia@ministerio.com.br', 'Rua Getulio Vargas', '6601', NULL, 'Santa Clara', 'Brasilia', 'DF', '51473753', 'https://www.treinamento-brasilia.org.br', NULL, '150,00', '0,00', NULL, 17, 24, 14, 39, 19, 27, 208, 109, 199, 81, 'Ipsa aliquam et officia sint quasi a ex beatae ipsam id aut voluptates culpa quo neque voluptatem.', 0, '2026-02-02 08:26:27', '2026-02-02 08:26:27', 7, 29, 18, 30, NULL, NULL, NULL),
	(212, NULL, 'Pr. Tiago Rezende', '11919414425', 'treinamento.manaus@igreja.org.br', 'Rua Sete de Setembro', '4186', NULL, 'Vila Nova', 'Manaus', 'AM', '04555254', 'https://www.treinamento-manaus.org.br', NULL, '100,00', '100,00', '5,00', 110, 3, 90, 34, 15, 60, 296, 82, 236, 54, NULL, 0, '2026-02-02 08:26:27', '2026-02-02 08:26:27', 4, 47, 14, 30, NULL, NULL, NULL),
	(213, NULL, 'Pr. Amanda Costa', '71927077040', 'treinamento.porto.alegre@ministerio.com.br', 'Alameda Santos Dumont', '6802', NULL, 'Bela Vista', 'Porto Alegre', 'RS', '50004924', 'https://www.treinamento-porto-alegre.org.br', NULL, '100,00', '200,00', '15,00', 84, 225, 49, 53, 23, 119, 56, 110, 86, 40, NULL, 2, '2026-02-02 08:26:27', '2026-02-02 08:26:27', 2, 15, 23, 30, NULL, NULL, NULL),
	(214, NULL, 'Pr. Mariana Rocha', '81939822207', 'treinamento.manaus@comunidade.com.br', 'Alameda Getulio Vargas', '9750', NULL, 'Bela Vista', 'Manaus', 'AM', '87366892', 'https://www.treinamento-manaus.org.br', NULL, '0,00', '200,00', NULL, 90, 264, 86, 60, 17, 65, 40, 45, 84, 165, NULL, 2, '2026-02-02 08:26:27', '2026-02-02 08:26:27', 6, 53, 13, 30, NULL, NULL, NULL),
	(215, NULL, 'Pr. Carolina Pereira', '21963669107', 'treinamento.salvador@igreja.org.br', 'Travessa Sete de Setembro', '7011', NULL, 'Vila Nova', 'Salvador', 'BA', '54142224', 'https://www.treinamento-salvador.org.br', NULL, '150,00', '100,00', NULL, 69, 254, 19, 39, 14, 163, 10, 147, 143, 156, NULL, 3, '2026-02-02 08:26:27', '2026-02-02 08:26:27', 5, 46, 8, 30, NULL, NULL, NULL),
	(216, NULL, 'Pr. Marcos Carvalho', '91906559298', 'treinamento.belo.horizonte@comunidade.com.br', 'Rua dos Ipes', '8079', NULL, 'Santa Clara', 'Belo Horizonte', 'MG', '23570197', 'https://www.treinamento-belo-horizonte.org.br', NULL, '100,00', '200,00', NULL, 216, 212, 112, 24, 1, 204, 236, 131, 55, 194, NULL, 0, '2026-02-02 08:26:27', '2026-02-02 08:26:27', 4, 50, 25, 30, NULL, NULL, NULL),
	(217, NULL, 'Pr. Camila Gomes', '85929999835', 'treinamento.brasilia@ministerio.com.br', 'Rua Dom Pedro II', '4586', NULL, 'Jardim America', 'Brasilia', 'DF', '52969720', 'https://www.treinamento-brasilia.org.br', NULL, '200,00', '100,00', NULL, 157, 138, 87, 39, 50, 196, 89, 51, 268, 38, NULL, 1, '2026-02-02 08:26:27', '2026-02-02 08:26:27', 6, 43, 23, 30, NULL, NULL, NULL),
	(218, NULL, 'Pr. Bruno Barbosa', '51986696475', 'treinamento.porto.alegre@igreja.org.br', 'Travessa Independencia', '5551', NULL, 'Vila Nova', 'Porto Alegre', 'RS', '86779108', 'https://www.treinamento-porto-alegre.org.br', NULL, '50,00', '100,00', NULL, 18, 296, 38, 59, 54, 174, 103, 184, 79, 192, NULL, 2, '2026-02-02 08:26:27', '2026-02-02 08:26:27', 2, 41, 13, 30, NULL, NULL, NULL),
	(219, NULL, 'Pr. Gabriel Pereira', '85902512387', 'treinamento.brasilia@comunidade.com.br', 'Rua Dom Pedro II', '7567', NULL, 'Parque das Nacoes', 'Brasilia', 'DF', '36358735', 'https://www.treinamento-brasilia.org.br', NULL, '200,00', '200,00', NULL, 284, 109, 18, 37, 23, 169, 140, 23, 256, 59, NULL, 1, '2026-02-02 08:26:27', '2026-02-02 08:26:27', 8, 13, 19, 30, NULL, NULL, NULL),
	(220, NULL, 'Pr. Bruno Santana', '51910623481', 'treinamento.porto.alegre@ministerio.com.br', 'Avenida Sete de Setembro', '6795', NULL, 'Jardim America', 'Porto Alegre', 'RS', '24562923', 'https://www.treinamento-porto-alegre.org.br', NULL, '200,00', '200,00', '20,00', 19, 65, 11, 10, 14, 11, 93, 73, 181, 166, NULL, 3, '2026-02-02 08:26:27', '2026-02-02 08:26:27', 6, 82, 18, 30, NULL, NULL, NULL),
	(221, NULL, 'Pr. Beatriz Gomes', '31961951656', 'treinamento.porto.alegre@igreja.org.br', 'Avenida dos Ipes', '2315', NULL, 'Nova Esperanca', 'Porto Alegre', 'RS', '64512577', 'https://www.treinamento-porto-alegre.org.br', NULL, '50,00', '100,00', '15,00', 82, 196, 81, 56, 29, 202, 167, 214, 110, 6, NULL, 2, '2026-02-02 08:26:27', '2026-02-02 08:26:27', 7, 70, 5, 30, NULL, NULL, NULL),
	(222, NULL, 'Pr. Isabela Ramos', '61983471322', 'treinamento.salvador@igreja.org.br', 'Rua Rio Branco', '6273', NULL, 'Jardim das Oliveiras', 'Salvador', 'BA', '36284942', 'https://www.treinamento-salvador.org.br', NULL, '100,00', '150,00', NULL, 85, 76, 113, 2, 16, 67, 248, 247, 139, 9, NULL, 2, '2026-02-02 08:26:27', '2026-02-02 08:26:27', 6, 12, 18, 30, NULL, NULL, NULL),
	(223, NULL, 'Pr. Carlos Souza', '11938627539', 'treinamento.brasilia@ministerio.com.br', 'Travessa Dom Pedro II', '7140', NULL, 'Boa Vista', 'Brasilia', 'DF', '42525276', 'https://www.treinamento-brasilia.org.br', NULL, '0,00', '100,00', NULL, 117, 223, 5, 45, 13, 249, 129, 59, 36, 162, NULL, 0, '2026-02-02 08:26:27', '2026-02-02 08:26:27', 2, 48, 20, 30, NULL, NULL, NULL),
	(224, NULL, 'Pr. Bruno Ferreira', '21957615450', 'treinamento.manaus@comunidade.com.br', 'Travessa Dom Pedro II', '7509', 'Fundos', 'Nova Esperanca', 'Manaus', 'AM', '41454563', 'https://www.treinamento-manaus.org.br', NULL, '50,00', '150,00', NULL, 185, 58, 4, 35, 8, 216, 294, 56, 86, 18, NULL, 1, '2026-02-02 08:26:27', '2026-02-02 08:26:27', 8, 39, 20, 30, NULL, NULL, NULL),
	(225, NULL, 'Pr. Gabriel Gomes', '71920021099', 'treinamento.belo.horizonte@ministerio.com.br', 'Avenida Rio Branco', '276', NULL, 'Centro', 'Belo Horizonte', 'MG', '60574740', 'https://www.treinamento-belo-horizonte.org.br', NULL, '100,00', '0,00', NULL, 17, 244, 104, 6, 50, 10, 256, 16, 81, 146, 'Delectus hic voluptatem quae voluptatem nihil aperiam dolorem rerum sapiente neque non rem.', 2, '2026-02-02 08:26:27', '2026-02-02 08:26:27', 2, 2, 15, 30, NULL, NULL, NULL),
	(226, NULL, 'Pr. Henrique Barbosa', '91992108634', 'treinamento.sao.paulo@igreja.org.br', 'Rua dos Ipes', '6129', NULL, 'Boa Vista', 'Sao Paulo', 'SP', '02492210', 'https://www.treinamento-sao-paulo.org.br', NULL, '200,00', '200,00', NULL, 146, 0, 63, 41, 6, 89, 261, 72, 236, 23, 'Quo quaerat assumenda voluptatem sed error laboriosam voluptate unde culpa sit eum qui.', 2, '2026-02-02 08:26:27', '2026-02-02 08:26:27', 6, 67, 12, 30, NULL, NULL, NULL),
	(227, NULL, 'Pr. Henrique Rocha', '21966688989', 'treinamento.belo.horizonte@igreja.org.br', 'Travessa Paulista', '9347', NULL, 'Centro', 'Belo Horizonte', 'MG', '75302700', 'https://www.treinamento-belo-horizonte.org.br', NULL, '150,00', '0,00', '5,00', 21, 269, 3, 12, 20, 237, 165, 195, 9, 192, NULL, 3, '2026-02-02 08:26:27', '2026-02-02 08:26:27', 5, 64, 16, 30, NULL, NULL, NULL),
	(228, NULL, 'Pr. Tiago Martins', '31946589492', 'treinamento.recife@comunidade.com.br', 'Alameda Independencia', '5753', 'Bloco B', 'Parque das Nacoes', 'Recife', 'PE', '61136388', 'https://www.treinamento-recife.org.br', NULL, '150,00', '50,00', NULL, 0, 56, 35, 16, 5, 114, 205, 109, 165, 9, NULL, 3, '2026-02-02 08:26:27', '2026-02-02 08:26:27', 4, 45, 11, 30, NULL, NULL, NULL),
	(229, NULL, 'Pr. Felipe Santana', '61979308485', 'treinamento.salvador@comunidade.com.br', 'Travessa das Flores', '751', 'Anexo A', 'Vila Esperanca', 'Salvador', 'BA', '63979848', 'https://www.treinamento-salvador.org.br', NULL, '200,00', '50,00', NULL, 237, 278, 34, 11, 47, 86, 232, 98, 55, 61, NULL, 0, '2026-02-02 08:26:27', '2026-02-02 08:26:27', 6, 18, 8, 30, NULL, NULL, NULL),
	(230, NULL, 'Pr. Carlos Rocha', '31946900512', 'treinamento.sao.paulo@igreja.org.br', 'Travessa Sete de Setembro', '6269', 'Bloco B', 'Vila Nova', 'Sao Paulo', 'SP', '35847386', 'https://www.treinamento-sao-paulo.org.br', NULL, '100,00', '50,00', NULL, 225, 66, 72, 32, 41, 240, 49, 297, 254, 79, 'Aut alias nobis cumque voluptas ea sapiente rem harum quia tempore inventore nihil recusandae.', 1, '2026-02-02 08:26:27', '2026-02-02 08:26:27', 1, 60, 1, 30, NULL, NULL, NULL),
	(231, NULL, 'Pr. Renata Santana', '51961157507', 'treinamento.rio.de.janeiro@igreja.org.br', 'Rua Brasil', '9460', NULL, 'Parque das Nacoes', 'Rio de Janeiro', 'RJ', '15450783', 'https://www.treinamento-rio-de-janeiro.org.br', NULL, '150,00', '50,00', NULL, 267, 254, 41, 52, 29, 35, 15, 68, 161, 148, NULL, 1, '2026-02-02 08:26:27', '2026-02-02 08:26:27', 2, 100, 5, 30, NULL, NULL, NULL),
	(232, NULL, 'Pr. Mariana Oliveira', '41905748702', 'treinamento.recife@comunidade.com.br', 'Travessa Brasil', '6964', 'Bloco B', 'Boa Vista', 'Recife', 'PE', '44536762', 'https://www.treinamento-recife.org.br', NULL, '100,00', '100,00', NULL, 226, 59, 1, 31, 42, 171, 162, 163, 72, 106, 'Voluptatum excepturi magnam in perspiciatis sint voluptatem qui voluptate.', 1, '2026-02-02 08:26:27', '2026-02-02 08:26:27', 2, 11, 4, 30, NULL, NULL, NULL),
	(233, NULL, 'Pr. Vitor Ferreira', '81961389206', 'treinamento.manaus@igreja.org.br', 'Rua Dom Pedro II', '5612', NULL, 'Jardim das Oliveiras', 'Manaus', 'AM', '50070483', 'https://www.treinamento-manaus.org.br', NULL, '50,00', '50,00', '10,00', 4, 111, 50, 5, 4, 150, 73, 22, 101, 46, NULL, 1, '2026-02-02 08:26:27', '2026-02-02 08:26:27', 5, 11, 8, 30, NULL, NULL, NULL),
	(234, NULL, 'Pr. Renata Dias', '71949440666', 'treinamento.sao.paulo@comunidade.com.br', 'Travessa Rio Branco', '3303', 'Casa 2', 'Boa Vista', 'Sao Paulo', 'SP', '07241970', 'https://www.treinamento-sao-paulo.org.br', NULL, '100,00', '50,00', NULL, 129, 123, 17, 20, 18, 219, 83, 70, 197, 153, NULL, 3, '2026-02-02 08:26:27', '2026-02-02 08:26:27', 6, 14, 1, 30, NULL, NULL, NULL),
	(235, NULL, 'Pr. Vitor Santana', '41999102962', 'treinamento.recife@ministerio.com.br', 'Rua Brasil', '9783', NULL, 'Santa Clara', 'Recife', 'PE', '67315318', 'https://www.treinamento-recife.org.br', NULL, '0,00', '200,00', NULL, 86, 25, 119, 36, 18, 76, 259, 91, 348, 76, NULL, 3, '2026-02-02 08:26:27', '2026-02-02 08:26:27', 5, 91, 15, 30, NULL, NULL, NULL),
	(236, NULL, 'Pr. Marcos Oliveira', '85964346616', 'treinamento.rio.de.janeiro@igreja.org.br', 'Alameda Paulista', '86', 'Anexo A', 'Jardim America', 'Rio de Janeiro', 'RJ', '91078635', 'https://www.treinamento-rio-de-janeiro.org.br', NULL, '0,00', '0,00', NULL, 235, 215, 42, 49, 57, 207, 198, 283, 217, 104, NULL, 2, '2026-02-02 08:26:27', '2026-02-02 08:26:27', 1, 31, 2, 30, NULL, NULL, NULL),
	(237, NULL, 'Pr. Joao Ramos', '31969707111', 'treinamento.brasilia@comunidade.com.br', 'Alameda Getulio Vargas', '2355', NULL, 'Vila Nova', 'Brasilia', 'DF', '94167514', 'https://www.treinamento-brasilia.org.br', NULL, '150,00', '100,00', NULL, 186, 89, 96, 12, 37, 128, 291, 213, 59, 110, NULL, 1, '2026-02-02 08:26:27', '2026-02-02 08:26:27', 4, 99, 3, 30, NULL, NULL, NULL),
	(238, NULL, 'Pr. Isabela Ramos', '71983188735', 'treinamento.recife@ministerio.com.br', 'Rua Getulio Vargas', '8465', 'Sala 101', 'Jardim das Oliveiras', 'Recife', 'PE', '88627762', 'https://www.treinamento-recife.org.br', NULL, '150,00', '50,00', NULL, 191, 117, 14, 58, 45, 240, 152, 209, 169, 45, NULL, 0, '2026-02-02 08:26:27', '2026-02-02 08:26:27', 7, 61, 7, 30, NULL, NULL, NULL),
	(239, NULL, 'Pr. Tiago Lima', '61915463494', 'treinamento.manaus@igreja.org.br', 'Avenida Santos Dumont', '879', 'Sala 101', 'Bela Vista', 'Manaus', 'AM', '80803546', 'https://www.treinamento-manaus.org.br', NULL, '50,00', '0,00', NULL, 281, 191, 4, 10, 58, 186, 88, 207, 305, 188, NULL, 0, '2026-02-02 08:26:27', '2026-02-02 08:26:27', 2, 25, 15, 30, NULL, NULL, NULL),
	(240, NULL, 'Pr. Renata Ribeiro', '11908243960', 'treinamento.fortaleza@ministerio.com.br', 'Rua Rio Branco', '3958', NULL, 'Centro', 'Fortaleza', 'CE', '09868506', 'https://www.treinamento-fortaleza.org.br', NULL, '100,00', '50,00', '20,00', 145, 270, 47, 37, 8, 50, 68, 247, 126, 69, NULL, 3, '2026-02-02 08:26:27', '2026-02-02 08:26:27', 6, 72, 7, 30, NULL, NULL, NULL),
	(241, NULL, 'Pr. Carolina Silva', '81930258334', 'treinamento.belem@comunidade.com.br', 'Rua Independencia', '1358', NULL, 'Boa Vista', 'Belem', 'PA', '56063009', 'https://www.treinamento-belem.org.br', NULL, '50,00', '50,00', '20,00', 84, 170, 101, 13, 24, 32, 207, 260, 395, 137, NULL, 2, '2026-02-02 08:26:27', '2026-02-02 08:26:27', 2, 76, 26, 30, NULL, NULL, NULL),
	(242, NULL, 'Pr. Renata Santana', '11999188797', 'treinamento.recife@ministerio.com.br', 'Rua Sete de Setembro', '1015', NULL, 'Centro', 'Recife', 'PE', '93497211', 'https://www.treinamento-recife.org.br', NULL, '100,00', '200,00', NULL, 126, 58, 94, 21, 6, 213, 213, 247, 302, 152, NULL, 0, '2026-02-02 08:26:27', '2026-02-02 08:26:27', 8, 67, 8, 30, NULL, NULL, NULL),
	(243, NULL, 'Pr. Gabriel Gomes', '41909421867', 'treinamento.curitiba@igreja.org.br', 'Avenida Independencia', '3183', NULL, 'Boa Vista', 'Curitiba', 'PR', '77000445', 'https://www.treinamento-curitiba.org.br', NULL, '50,00', '0,00', '5,00', 270, 257, 106, 50, 0, 227, 111, 131, 10, 54, NULL, 1, '2026-02-02 08:26:27', '2026-02-02 08:26:27', 2, 40, 22, 30, NULL, NULL, NULL),
	(244, NULL, 'Pr. Renata Lima', '61942507614', 'treinamento.sao.paulo@igreja.org.br', 'Alameda Santos Dumont', '8209', NULL, 'Jardim America', 'Sao Paulo', 'SP', '21438598', 'https://www.treinamento-sao-paulo.org.br', NULL, '50,00', '50,00', NULL, 157, 272, 68, 39, 41, 6, 49, 270, 232, 143, NULL, 3, '2026-02-02 08:26:27', '2026-02-02 08:26:27', 4, 15, 23, 30, NULL, NULL, NULL),
	(245, NULL, 'Pr. Patricia Ribeiro', '71932677060', 'treinamento.belem@ministerio.com.br', 'Travessa Independencia', '2029', NULL, 'Jardim America', 'Belem', 'PA', '74959542', 'https://www.treinamento-belem.org.br', NULL, '100,00', '50,00', '5,00', 140, 263, 119, 6, 46, 161, 72, 286, 276, 111, NULL, 0, '2026-02-02 08:26:27', '2026-02-02 08:26:27', 2, 1, 24, 30, NULL, NULL, NULL),
	(246, NULL, 'Pr. Fernanda Moura', '31966894968', 'treinamento.belem@igreja.org.br', 'Alameda Sete de Setembro', '1822', 'Casa 2', 'Santa Clara', 'Belem', 'PA', '45939828', 'https://www.treinamento-belem.org.br', NULL, '50,00', '0,00', '20,00', 207, 185, 42, 41, 54, 114, 121, 32, 334, 156, NULL, 2, '2026-02-02 08:26:27', '2026-02-02 08:26:27', 5, 95, 26, 30, NULL, NULL, NULL),
	(247, NULL, 'Pr. Larissa Dias', '91982354113', 'treinamento.sao.paulo@comunidade.com.br', 'Rua Dom Pedro II', '2847', NULL, 'Nova Esperanca', 'Sao Paulo', 'SP', '19619372', 'https://www.treinamento-sao-paulo.org.br', NULL, '50,00', '200,00', NULL, 215, 187, 88, 51, 23, 163, 72, 264, 151, 31, NULL, 0, '2026-02-02 08:26:27', '2026-02-02 08:26:27', 8, 43, 3, 30, NULL, NULL, NULL),
	(248, NULL, 'Pr. Gabriel Cardoso', '21952514478', 'treinamento.porto.alegre@igreja.org.br', 'Travessa Getulio Vargas', '3921', NULL, 'Bela Vista', 'Porto Alegre', 'RS', '72398423', 'https://www.treinamento-porto-alegre.org.br', NULL, '150,00', '50,00', '5,00', 71, 30, 22, 42, 9, 167, 1, 28, 258, 180, NULL, 3, '2026-02-02 08:26:27', '2026-02-02 08:26:27', 5, 102, 11, 30, NULL, NULL, NULL),
	(249, NULL, 'Pr. Larissa Souza', '41907153288', 'treinamento.belem@comunidade.com.br', 'Travessa Santos Dumont', '1413', NULL, 'Jardim das Oliveiras', 'Belem', 'PA', '15991540', 'https://www.treinamento-belem.org.br', NULL, '150,00', '100,00', NULL, 221, 249, 92, 10, 12, 60, 60, 188, 359, 152, NULL, 1, '2026-02-02 08:26:27', '2026-02-02 08:26:27', 4, 64, 8, 30, NULL, NULL, NULL),
	(250, NULL, 'Pr. Gabriel Costa', '31975675832', 'treinamento.belem@ministerio.com.br', 'Avenida Paulista', '7810', NULL, 'Bela Vista', 'Belem', 'PA', '43248774', 'https://www.treinamento-belem.org.br', NULL, '50,00', '50,00', '20,00', 109, 72, 48, 27, 23, 247, 98, 237, 243, 4, NULL, 0, '2026-02-02 08:26:27', '2026-02-02 08:26:27', 5, 75, 5, 30, NULL, NULL, NULL),
	(251, NULL, 'Pr. Larissa Carvalho', '31937536759', 'treinamento.belo.horizonte@comunidade.com.br', 'Rua Rio Branco', '2380', NULL, 'Jardim das Oliveiras', 'Belo Horizonte', 'MG', '48197551', 'https://www.treinamento-belo-horizonte.org.br', NULL, '0,00', '0,00', NULL, 294, 71, 100, 26, 48, 209, 170, 148, 317, 73, NULL, 3, '2026-02-02 08:26:27', '2026-02-02 08:26:27', 6, 78, 24, 30, NULL, NULL, NULL),
	(252, NULL, 'Pr. Fernanda Ramos', '31989828521', 'treinamento.rio.de.janeiro@igreja.org.br', 'Alameda Dom Pedro II', '5097', NULL, 'Parque das Nacoes', 'Rio de Janeiro', 'RJ', '29402687', 'https://www.treinamento-rio-de-janeiro.org.br', NULL, '100,00', '200,00', '15,00', 91, 159, 78, 16, 54, 120, 201, 51, 246, 47, NULL, 2, '2026-02-02 08:26:27', '2026-02-02 08:26:27', 7, 4, 19, 30, NULL, NULL, NULL),
	(253, NULL, 'Pr. Andre Oliveira', '91932507339', 'treinamento.porto.alegre@comunidade.com.br', 'Alameda Paulista', '1460', NULL, 'Parque das Nacoes', 'Porto Alegre', 'RS', '58416427', 'https://www.treinamento-porto-alegre.org.br', NULL, '50,00', '200,00', NULL, 194, 52, 62, 58, 14, 213, 102, 111, 158, 171, NULL, 0, '2026-02-02 08:26:27', '2026-02-02 08:26:27', 7, 104, 5, 30, NULL, NULL, NULL),
	(254, NULL, 'Pr. Carlos Rocha', '31946675506', 'treinamento.belem@comunidade.com.br', 'Travessa Brasil', '538', NULL, 'Santa Clara', 'Belem', 'PA', '47921772', 'https://www.treinamento-belem.org.br', NULL, '100,00', '50,00', '10,00', 94, 200, 16, 48, 41, 162, 263, 230, 58, 127, NULL, 0, '2026-02-02 08:26:27', '2026-02-02 08:26:27', 6, 105, 4, 30, NULL, NULL, NULL),
	(255, NULL, 'Pr. Fernanda Gomes', '51947676607', 'treinamento.porto.alegre@comunidade.com.br', 'Avenida Rio Branco', '5044', 'Bloco B', 'Boa Vista', 'Porto Alegre', 'RS', '53711150', 'https://www.treinamento-porto-alegre.org.br', NULL, '150,00', '50,00', '15,00', 100, 103, 111, 7, 35, 9, 158, 180, 343, 127, 'Natus cum incidunt nisi soluta est totam dignissimos molestiae iste mollitia minima.', 2, '2026-02-02 08:26:27', '2026-02-02 08:26:27', 3, 95, 8, 30, NULL, NULL, NULL),
	(256, NULL, 'Pr. Juliana Moura', '41952276226', 'treinamento.fortaleza@comunidade.com.br', 'Travessa Brasil', '9809', NULL, 'Nova Esperanca', 'Fortaleza', 'CE', '77079346', 'https://www.treinamento-fortaleza.org.br', NULL, '100,00', '200,00', '20,00', 103, 1, 90, 50, 13, 220, 57, 28, 238, 47, NULL, 2, '2026-02-02 08:26:27', '2026-02-02 08:26:27', 4, 105, 24, 30, NULL, NULL, NULL),
	(257, NULL, 'Pr. Isabela Santana', '85927661709', 'treinamento.brasilia@ministerio.com.br', 'Travessa das Flores', '8757', 'Sala 101', 'Nova Esperanca', 'Brasilia', 'DF', '35919413', 'https://www.treinamento-brasilia.org.br', NULL, '200,00', '150,00', NULL, 280, 215, 94, 54, 4, 9, 44, 204, 361, 163, NULL, 2, '2026-02-02 08:26:27', '2026-02-02 08:26:27', 3, 95, 2, 30, NULL, NULL, NULL),
	(258, NULL, 'Pr. Larissa Barbosa', '85916776451', 'treinamento.goiania@comunidade.com.br', 'Avenida Getulio Vargas', '174', NULL, 'Vila Esperanca', 'Goiania', 'GO', '74522196', 'https://www.treinamento-goiania.org.br', NULL, '150,00', '100,00', '15,00', 69, 35, 53, 31, 26, 152, 226, 161, 23, 111, NULL, 0, '2026-02-02 08:26:27', '2026-02-02 08:26:27', 2, 65, 13, 30, NULL, NULL, NULL),
	(259, NULL, 'Pr. Isabela Ribeiro', '81949335113', 'treinamento.recife@comunidade.com.br', 'Rua Dom Pedro II', '2230', 'Sala 101', 'Parque das Nacoes', 'Recife', 'PE', '81422527', 'https://www.treinamento-recife.org.br', NULL, '200,00', '100,00', NULL, 172, 68, 60, 26, 1, 105, 210, 116, 263, 186, NULL, 2, '2026-02-02 08:26:27', '2026-02-02 08:26:27', 6, 91, 9, 30, NULL, NULL, NULL),
	(260, NULL, 'Pr. Lucas Silva', '31918291551', 'treinamento.rio.de.janeiro@comunidade.com.br', 'Rua Sete de Setembro', '2118', NULL, 'Centro', 'Rio de Janeiro', 'RJ', '95792738', 'https://www.treinamento-rio-de-janeiro.org.br', NULL, '150,00', '50,00', NULL, 109, 288, 45, 33, 55, 191, 201, 299, 2, 53, 'Maiores ut culpa deleniti eveniet id perferendis ut dolorem dolorem aut voluptatum ad reprehenderit qui omnis et.', 0, '2026-02-02 08:26:27', '2026-02-02 08:26:27', 8, 38, 22, 30, NULL, NULL, NULL),
	(261, NULL, 'Pr. Carlos Silva', '81940808513', 'treinamento.rio.de.janeiro@comunidade.com.br', 'Alameda Getulio Vargas', '5619', NULL, 'Centro', 'Rio de Janeiro', 'RJ', '33701020', 'https://www.treinamento-rio-de-janeiro.org.br', NULL, '100,00', '200,00', '20,00', 75, 202, 24, 40, 51, 233, 251, 56, 47, 34, NULL, 0, '2026-02-02 08:26:27', '2026-02-02 08:26:27', 6, 21, 4, 30, NULL, NULL, NULL),
	(262, NULL, 'Pr. Felipe Carvalho', '81957108220', 'treinamento.recife@igreja.org.br', 'Alameda Getulio Vargas', '1820', NULL, 'Nova Esperanca', 'Recife', 'PE', '92792433', 'https://www.treinamento-recife.org.br', NULL, '100,00', '50,00', '5,00', 299, 166, 100, 32, 0, 147, 148, 43, 102, 141, NULL, 3, '2026-02-02 08:26:27', '2026-02-02 08:26:27', 7, 62, 7, 30, NULL, NULL, NULL),
	(263, NULL, 'Pr. Vitor Rocha', '51998193048', 'treinamento.belem@igreja.org.br', 'Rua Paulista', '2782', NULL, 'Jardim America', 'Belem', 'PA', '09784883', 'https://www.treinamento-belem.org.br', NULL, '100,00', '50,00', '15,00', 265, 259, 49, 26, 44, 149, 92, 118, 51, 101, NULL, 3, '2026-02-02 08:26:27', '2026-02-02 08:26:27', 7, 12, 17, 30, NULL, NULL, NULL),
	(264, NULL, 'Pr. Isabela Ramos', '31948818450', 'treinamento.goiania@ministerio.com.br', 'Avenida Brasil', '9611', 'Anexo A', 'Centro', 'Goiania', 'GO', '29494366', 'https://www.treinamento-goiania.org.br', NULL, '100,00', '0,00', NULL, 158, 133, 109, 31, 5, 45, 141, 103, 338, 200, NULL, 1, '2026-02-02 08:26:27', '2026-02-02 08:26:27', 5, 42, 8, 30, NULL, NULL, NULL),
	(265, NULL, 'Pr. Isabela Rezende', '85952545092', 'treinamento.salvador@comunidade.com.br', 'Avenida Independencia', '6934', NULL, 'Boa Vista', 'Salvador', 'BA', '04966682', 'https://www.treinamento-salvador.org.br', NULL, '0,00', '200,00', '10,00', 200, 274, 13, 14, 53, 224, 167, 233, 306, 178, NULL, 2, '2026-02-02 08:26:27', '2026-02-02 08:26:27', 3, 93, 21, 30, NULL, NULL, NULL),
	(266, NULL, 'Pr. Patricia Ramos', '11921932694', 'treinamento.recife@comunidade.com.br', 'Avenida Brasil', '7818', NULL, 'Vila Nova', 'Recife', 'PE', '39069981', 'https://www.treinamento-recife.org.br', NULL, '200,00', '150,00', NULL, 18, 14, 4, 36, 31, 182, 273, 136, 84, 87, NULL, 3, '2026-02-02 08:26:27', '2026-02-02 08:26:27', 7, 64, 3, 30, NULL, NULL, NULL),
	(267, NULL, 'Pr. Tiago Ribeiro', '11984243172', 'treinamento.brasilia@igreja.org.br', 'Travessa Getulio Vargas', '4089', 'Bloco B', 'Nova Esperanca', 'Brasilia', 'DF', '29915889', 'https://www.treinamento-brasilia.org.br', NULL, '150,00', '50,00', '20,00', 65, 298, 120, 53, 27, 50, 183, 234, 337, 67, NULL, 2, '2026-02-02 08:26:27', '2026-02-02 08:26:27', 2, 39, 18, 30, NULL, NULL, NULL),
	(268, NULL, 'Pr. Joao Ferreira', '21918681658', 'treinamento.salvador@comunidade.com.br', 'Rua Paulista', '2093', NULL, 'Vila Nova', 'Salvador', 'BA', '65277007', 'https://www.treinamento-salvador.org.br', NULL, '0,00', '0,00', NULL, 132, 297, 15, 35, 54, 207, 72, 95, 18, 74, NULL, 0, '2026-02-02 08:26:27', '2026-02-02 08:26:27', 5, 70, 18, 30, NULL, NULL, NULL),
	(269, NULL, 'Pr. Juliana Silva', '51999888811', 'treinamento.sao.paulo@igreja.org.br', 'Avenida Brasil', '3698', NULL, 'Centro', 'Sao Paulo', 'SP', '51430369', 'https://www.treinamento-sao-paulo.org.br', NULL, '50,00', '150,00', NULL, 62, 102, 10, 33, 32, 44, 258, 123, 46, 95, NULL, 1, '2026-02-02 08:26:27', '2026-02-02 08:26:27', 6, 74, 19, 30, NULL, NULL, NULL),
	(270, NULL, 'Pr. Renata Barbosa', '41930089146', 'treinamento.salvador@igreja.org.br', 'Alameda Santos Dumont', '5652', NULL, 'Vila Esperanca', 'Salvador', 'BA', '98125255', 'https://www.treinamento-salvador.org.br', NULL, '50,00', '200,00', NULL, 3, 171, 104, 24, 31, 150, 57, 260, 136, 104, NULL, 3, '2026-02-02 08:26:27', '2026-02-02 08:26:27', 3, 48, 7, 30, NULL, NULL, NULL),
	(271, NULL, 'Pr. Amanda Pereira', '85991668269', 'treinamento.recife@igreja.org.br', 'Avenida Independencia', '7985', NULL, 'Santa Clara', 'Recife', 'PE', '79360768', 'https://www.treinamento-recife.org.br', NULL, '200,00', '0,00', '20,00', 66, 150, 71, 55, 54, 176, 268, 8, 4, 3, NULL, 2, '2026-02-02 08:26:27', '2026-02-02 08:26:27', 4, 102, 5, 30, NULL, NULL, NULL),
	(272, NULL, 'Pr. Isabela Souza', '41970420903', 'treinamento.manaus@igreja.org.br', 'Travessa Paulista', '7009', NULL, 'Vila Nova', 'Manaus', 'AM', '91303536', 'https://www.treinamento-manaus.org.br', NULL, '200,00', '150,00', '5,00', 13, 179, 103, 38, 30, 70, 261, 187, 378, 40, NULL, 1, '2026-02-02 08:26:27', '2026-02-02 08:26:27', 4, 8, 16, 30, NULL, NULL, NULL),
	(273, NULL, 'Pr. Gabriel Dias', '81916158403', 'treinamento.brasilia@ministerio.com.br', 'Alameda dos Ipes', '1257', NULL, 'Boa Vista', 'Brasilia', 'DF', '17058998', 'https://www.treinamento-brasilia.org.br', NULL, '100,00', '50,00', NULL, 81, 75, 9, 33, 44, 57, 156, 214, 378, 100, NULL, 3, '2026-02-02 08:26:27', '2026-02-02 08:26:27', 1, 32, 5, 30, NULL, NULL, NULL),
	(274, NULL, 'Pr. Amanda Rezende', '85949799557', 'treinamento.belem@igreja.org.br', 'Alameda Sete de Setembro', '6120', NULL, 'Bela Vista', 'Belem', 'PA', '61361115', 'https://www.treinamento-belem.org.br', NULL, '200,00', '50,00', NULL, 91, 269, 75, 46, 15, 60, 62, 75, 337, 192, NULL, 1, '2026-02-02 08:26:27', '2026-02-02 08:26:27', 5, 78, 13, 30, NULL, NULL, NULL),
	(275, NULL, 'Pr. Carolina Silva', '41985774694', 'treinamento.sao.paulo@comunidade.com.br', 'Rua Sete de Setembro', '6778', 'Anexo A', 'Vila Esperanca', 'Sao Paulo', 'SP', '18728708', 'https://www.treinamento-sao-paulo.org.br', NULL, '0,00', '100,00', '10,00', 184, 38, 54, 24, 3, 201, 7, 273, 165, 166, 'Vitae saepe sed harum rerum accusamus aperiam corrupti officia omnis possimus.', 2, '2026-02-02 08:26:27', '2026-02-02 08:26:27', 3, 20, 3, 30, NULL, NULL, NULL),
	(276, NULL, 'Pr. Daniel Lima', '71956382048', 'treinamento.rio.de.janeiro@igreja.org.br', 'Rua Dom Pedro II', '5111', 'Bloco B', 'Vila Nova', 'Rio de Janeiro', 'RJ', '97070256', 'https://www.treinamento-rio-de-janeiro.org.br', NULL, '50,00', '100,00', '20,00', 127, 273, 113, 48, 49, 194, 184, 17, 250, 52, NULL, 3, '2026-02-02 08:26:27', '2026-02-02 08:26:27', 4, 33, 4, 30, NULL, NULL, NULL),
	(277, NULL, 'Pr. Eduardo Rocha', '61905943792', 'treinamento.sao.paulo@comunidade.com.br', 'Alameda Sete de Setembro', '7067', NULL, 'Nova Esperanca', 'Sao Paulo', 'SP', '12764273', 'https://www.treinamento-sao-paulo.org.br', NULL, '0,00', '100,00', '15,00', 271, 155, 109, 33, 43, 82, 221, 57, 74, 69, NULL, 2, '2026-02-02 08:26:27', '2026-02-02 08:26:27', 5, 27, 8, 30, NULL, NULL, NULL),
	(278, NULL, 'Pr. Lucas Cardoso', '11920454367', 'treinamento.curitiba@comunidade.com.br', 'Travessa Paulista', '4715', 'Casa 2', 'Parque das Nacoes', 'Curitiba', 'PR', '62582709', 'https://www.treinamento-curitiba.org.br', NULL, '50,00', '50,00', NULL, 197, 241, 79, 55, 8, 26, 20, 180, 107, 124, 'Doloremque doloribus voluptatem libero nihil ea ea voluptatem consequatur sapiente quis amet sit.', 2, '2026-02-02 08:26:27', '2026-02-02 08:26:27', 2, 34, 18, 30, NULL, NULL, NULL),
	(279, NULL, 'Pr. Tiago Barbosa', '41903159457', 'treinamento.salvador@comunidade.com.br', 'Avenida Getulio Vargas', '4771', NULL, 'Vila Esperanca', 'Salvador', 'BA', '10627293', 'https://www.treinamento-salvador.org.br', NULL, '0,00', '50,00', NULL, 117, 159, 9, 50, 53, 152, 89, 28, 333, 160, 'Quia dolores nobis eaque maiores enim qui beatae voluptatum nulla quod porro atque repellat assumenda dolores.', 1, '2026-02-02 08:26:27', '2026-02-02 08:26:27', 2, 41, 17, 30, NULL, NULL, NULL),
	(280, NULL, 'Pr. Patricia Rezende', '61936529482', 'treinamento.brasilia@comunidade.com.br', 'Rua das Flores', '8041', NULL, 'Vila Nova', 'Brasilia', 'DF', '91714931', 'https://www.treinamento-brasilia.org.br', NULL, '150,00', '50,00', NULL, 31, 77, 106, 57, 52, 63, 210, 203, 358, 126, NULL, 2, '2026-02-02 08:26:27', '2026-02-02 08:26:27', 1, 37, 5, 30, NULL, NULL, NULL),
	(281, NULL, 'Pr. Isabela Martins', '11903101797', 'treinamento.brasilia@igreja.org.br', 'Rua Santos Dumont', '2220', NULL, 'Bela Vista', 'Brasilia', 'DF', '49519627', 'https://www.treinamento-brasilia.org.br', NULL, '0,00', '100,00', NULL, 206, 165, 43, 23, 48, 201, 149, 145, 325, 54, 'Necessitatibus aut et est eos ea eius ipsum facere incidunt nam.', 3, '2026-02-02 08:26:27', '2026-02-02 08:26:27', 6, 46, 13, 30, NULL, NULL, NULL),
	(282, NULL, 'Pr. Amanda Souza', '81989347372', 'treinamento.fortaleza@igreja.org.br', 'Avenida das Flores', '3335', NULL, 'Centro', 'Fortaleza', 'CE', '80268533', 'https://www.treinamento-fortaleza.org.br', NULL, '150,00', '100,00', NULL, 151, 283, 105, 5, 23, 172, 165, 289, 244, 15, NULL, 1, '2026-02-02 08:26:27', '2026-02-02 08:26:27', 4, 65, 19, 30, NULL, NULL, NULL),
	(283, NULL, 'Pr. Mariana Silva', '71908150536', 'treinamento.belo.horizonte@igreja.org.br', 'Avenida dos Ipes', '5666', NULL, 'Vila Esperanca', 'Belo Horizonte', 'MG', '11997123', 'https://www.treinamento-belo-horizonte.org.br', NULL, '200,00', '0,00', NULL, 51, 56, 14, 41, 38, 159, 275, 44, 216, 38, NULL, 0, '2026-02-02 08:26:27', '2026-02-02 08:26:27', 5, 60, 17, 30, NULL, NULL, NULL),
	(284, NULL, 'Pr. Gabriel Santana', '71958165263', 'treinamento.belem@ministerio.com.br', 'Rua Paulista', '7307', 'Sala 101', 'Centro', 'Belem', 'PA', '67081956', 'https://www.treinamento-belem.org.br', NULL, '50,00', '150,00', '15,00', 183, 109, 62, 55, 19, 4, 110, 300, 241, 188, NULL, 0, '2026-02-02 08:26:27', '2026-02-02 08:26:27', 1, 43, 10, 30, NULL, NULL, NULL),
	(285, NULL, 'Pr. Carlos Carvalho', '71993349777', 'treinamento.porto.alegre@comunidade.com.br', 'Rua Dom Pedro II', '2148', 'Sala 101', 'Jardim das Oliveiras', 'Porto Alegre', 'RS', '61512944', 'https://www.treinamento-porto-alegre.org.br', NULL, '0,00', '100,00', NULL, 21, 98, 54, 41, 60, 9, 130, 58, 148, 99, NULL, 0, '2026-02-02 08:26:27', '2026-02-02 08:26:27', 6, 26, 26, 30, NULL, NULL, NULL),
	(286, NULL, 'Pr. Amanda Rocha', '51977382694', 'treinamento.manaus@igreja.org.br', 'Alameda dos Ipes', '2598', NULL, 'Jardim America', 'Manaus', 'AM', '69562531', 'https://www.treinamento-manaus.org.br', NULL, '100,00', '100,00', '5,00', 232, 275, 50, 13, 53, 215, 274, 244, 88, 77, NULL, 2, '2026-02-02 08:26:27', '2026-02-02 08:26:27', 4, 25, 19, 30, NULL, NULL, NULL),
	(287, NULL, 'Pr. Joao Almeida', '31964327418', 'treinamento.belem@comunidade.com.br', 'Alameda Paulista', '1538', NULL, 'Nova Esperanca', 'Belem', 'PA', '74729653', 'https://www.treinamento-belem.org.br', NULL, '0,00', '200,00', '15,00', 158, 57, 114, 34, 42, 246, 96, 14, 399, 24, NULL, 3, '2026-02-02 08:26:27', '2026-02-02 08:26:27', 5, 53, 24, 30, NULL, NULL, NULL),
	(288, NULL, 'Pr. Rafael Dias', '11996946847', 'treinamento.rio.de.janeiro@comunidade.com.br', 'Travessa Sete de Setembro', '1232', 'Anexo A', 'Vila Esperanca', 'Rio de Janeiro', 'RJ', '69270340', 'https://www.treinamento-rio-de-janeiro.org.br', NULL, '50,00', '0,00', NULL, 198, 230, 10, 32, 46, 97, 26, 164, 26, 132, NULL, 1, '2026-02-02 08:26:27', '2026-02-02 08:26:27', 6, 35, 19, 30, NULL, NULL, NULL),
	(289, NULL, 'Pr. Juliana Pereira', '41925419324', 'treinamento.porto.alegre@ministerio.com.br', 'Alameda dos Ipes', '4884', NULL, 'Jardim das Oliveiras', 'Porto Alegre', 'RS', '50744850', 'https://www.treinamento-porto-alegre.org.br', NULL, '50,00', '0,00', NULL, 168, 170, 47, 57, 4, 233, 276, 20, 330, 45, NULL, 2, '2026-02-02 08:26:27', '2026-02-02 08:26:27', 1, 43, 9, 30, NULL, NULL, NULL),
	(290, NULL, 'Pr. Fernanda Gomes', '71917785219', 'treinamento.rio.de.janeiro@ministerio.com.br', 'Alameda Independencia', '7238', NULL, 'Vila Esperanca', 'Rio de Janeiro', 'RJ', '51041635', 'https://www.treinamento-rio-de-janeiro.org.br', NULL, '150,00', '100,00', NULL, 154, 255, 81, 24, 21, 53, 9, 151, 226, 102, NULL, 0, '2026-02-02 08:26:27', '2026-02-02 08:26:27', 7, 29, 11, 30, NULL, NULL, NULL),
	(291, NULL, 'Pr. Camila Cardoso', '91931259399', 'treinamento.belem@ministerio.com.br', 'Rua Rio Branco', '4003', 'Bloco B', 'Santa Clara', 'Belem', 'PA', '44626073', 'https://www.treinamento-belem.org.br', NULL, '50,00', '150,00', '20,00', 13, 143, 115, 27, 27, 48, 57, 26, 47, 64, 'Ad expedita reiciendis occaecati vitae corrupti qui ea alias quia itaque sint.', 1, '2026-02-02 08:26:27', '2026-02-02 08:26:27', 8, 9, 10, 30, NULL, NULL, NULL),
	(292, NULL, 'Pr. Tiago Barbosa', '51914277847', 'treinamento.goiania@ministerio.com.br', 'Rua Santos Dumont', '5003', NULL, 'Parque das Nacoes', 'Goiania', 'GO', '02148020', 'https://www.treinamento-goiania.org.br', NULL, '50,00', '200,00', NULL, 202, 193, 52, 13, 42, 240, 105, 208, 89, 163, NULL, 2, '2026-02-02 08:26:27', '2026-02-02 08:26:27', 8, 21, 10, 30, NULL, NULL, NULL),
	(293, NULL, 'Pr. Camila Almeida', '81986710352', 'treinamento.belem@igreja.org.br', 'Travessa das Flores', '6811', NULL, 'Centro', 'Belem', 'PA', '94912441', 'https://www.treinamento-belem.org.br', NULL, '0,00', '0,00', NULL, 67, 153, 30, 54, 24, 75, 6, 63, 65, 51, NULL, 1, '2026-02-02 08:26:27', '2026-02-02 08:26:27', 8, 9, 24, 30, NULL, NULL, NULL),
	(294, NULL, 'Pr. Lucas Ferreira', '91910126330', 'treinamento.belem@comunidade.com.br', 'Travessa Rio Branco', '221', NULL, 'Bela Vista', 'Belem', 'PA', '02668199', 'https://www.treinamento-belem.org.br', NULL, '200,00', '200,00', '15,00', 192, 66, 70, 35, 11, 54, 185, 21, 249, 8, NULL, 1, '2026-02-02 08:26:27', '2026-02-02 08:26:27', 1, 5, 7, 30, NULL, NULL, NULL),
	(295, NULL, 'Pr. Camila Almeida', '41976234985', 'treinamento.salvador@comunidade.com.br', 'Travessa Getulio Vargas', '9595', NULL, 'Santa Clara', 'Salvador', 'BA', '13841849', 'https://www.treinamento-salvador.org.br', NULL, '0,00', '100,00', NULL, 300, 190, 14, 5, 35, 66, 37, 158, 225, 199, NULL, 1, '2026-02-02 08:26:27', '2026-02-02 08:26:27', 1, 90, 14, 30, NULL, NULL, NULL),
	(296, NULL, 'Pr. Henrique Lima', '51925660782', 'treinamento.recife@comunidade.com.br', 'Travessa Santos Dumont', '1604', 'Bloco B', 'Vila Esperanca', 'Recife', 'PE', '47757934', 'https://www.treinamento-recife.org.br', NULL, '100,00', '50,00', NULL, 288, 252, 60, 16, 6, 8, 252, 284, 141, 184, NULL, 2, '2026-02-02 08:26:27', '2026-02-02 08:26:27', 3, 39, 1, 30, NULL, NULL, NULL),
	(297, NULL, 'Pr. Patricia Carvalho', '11972925355', 'treinamento.belem@igreja.org.br', 'Alameda Sete de Setembro', '3305', NULL, 'Jardim America', 'Belem', 'PA', '66745265', 'https://www.treinamento-belem.org.br', NULL, '50,00', '0,00', NULL, 13, 284, 86, 26, 57, 222, 99, 300, 27, 72, NULL, 3, '2026-02-02 08:26:27', '2026-02-02 08:26:27', 6, 16, 4, 30, NULL, NULL, NULL),
	(298, NULL, 'Pr. Paulo Martins', '41926823395', 'treinamento.belo.horizonte@ministerio.com.br', 'Alameda dos Ipes', '4995', NULL, 'Santa Clara', 'Belo Horizonte', 'MG', '19563358', 'https://www.treinamento-belo-horizonte.org.br', NULL, '200,00', '0,00', NULL, 98, 179, 66, 13, 45, 228, 9, 114, 9, 4, NULL, 3, '2026-02-02 08:26:27', '2026-02-02 08:26:27', 5, 36, 2, 30, NULL, NULL, NULL),
	(299, NULL, 'Pr. Amanda Pereira', '91920320902', 'treinamento.belo.horizonte@comunidade.com.br', 'Avenida Sete de Setembro', '1846', NULL, 'Nova Esperanca', 'Belo Horizonte', 'MG', '42434289', 'https://www.treinamento-belo-horizonte.org.br', NULL, '150,00', '50,00', NULL, 239, 114, 114, 22, 42, 238, 4, 207, 301, 109, NULL, 0, '2026-02-02 08:26:27', '2026-02-02 08:26:27', 3, 48, 4, 30, NULL, NULL, NULL),
	(300, NULL, 'Pr. Patricia Rezende', '31943154725', 'treinamento.goiania@ministerio.com.br', 'Travessa Rio Branco', '431', 'Bloco B', 'Parque das Nacoes', 'Goiania', 'GO', '30980407', 'https://www.treinamento-goiania.org.br', NULL, '200,00', '200,00', NULL, 83, 196, 0, 56, 58, 123, 288, 60, 311, 26, NULL, 1, '2026-02-02 08:26:27', '2026-02-02 08:26:27', 8, 100, 23, 30, NULL, NULL, NULL),
	(301, NULL, 'Pr. Renata Almeida', '41936749387', 'treinamento.sao.paulo@ministerio.com.br', 'Avenida das Flores', '3939', 'Bloco B', 'Parque das Nacoes', 'Sao Paulo', 'SP', '74248239', 'https://www.treinamento-sao-paulo.org.br', NULL, '0,00', '150,00', '15,00', 30, 12, 92, 43, 3, 6, 50, 189, 172, 109, NULL, 2, '2026-02-02 08:26:27', '2026-02-02 08:26:27', 2, 74, 1, 30, NULL, NULL, NULL),
	(302, NULL, 'Pr. Gabriel Ribeiro', '71958811793', 'treinamento.salvador@comunidade.com.br', 'Alameda Sete de Setembro', '2088', 'Anexo A', 'Bela Vista', 'Salvador', 'BA', '19644761', 'https://www.treinamento-salvador.org.br', NULL, '150,00', '50,00', NULL, 267, 277, 95, 0, 5, 10, 199, 162, 349, 189, 'Ut et neque sed magnam dolorum cupiditate facere dolore quisquam et autem.', 1, '2026-02-02 08:26:27', '2026-02-02 08:26:27', 8, 89, 17, 30, NULL, NULL, NULL),
	(303, NULL, 'Pr. Carlos Santana', '81912776664', 'treinamento.belo.horizonte@comunidade.com.br', 'Avenida Dom Pedro II', '1170', NULL, 'Boa Vista', 'Belo Horizonte', 'MG', '30263532', 'https://www.treinamento-belo-horizonte.org.br', NULL, '200,00', '150,00', '10,00', 68, 253, 49, 10, 23, 247, 131, 49, 166, 144, NULL, 0, '2026-02-02 08:26:27', '2026-02-02 08:26:27', 8, 84, 1, 30, NULL, NULL, NULL),
	(304, NULL, 'Pr. Patricia Ribeiro', '11956623710', 'treinamento.belem@igreja.org.br', 'Alameda Brasil', '9616', NULL, 'Bela Vista', 'Belem', 'PA', '00880483', 'https://www.treinamento-belem.org.br', NULL, '150,00', '50,00', '5,00', 184, 132, 69, 48, 3, 43, 244, 255, 2, 52, NULL, 0, '2026-02-02 08:26:27', '2026-02-02 08:26:27', 8, 46, 26, 30, NULL, NULL, NULL),
	(305, NULL, 'Pr. Gabriel Barbosa', '61902630345', 'treinamento.fortaleza@igreja.org.br', 'Avenida Rio Branco', '3156', NULL, 'Bela Vista', 'Fortaleza', 'CE', '22975323', 'https://www.treinamento-fortaleza.org.br', NULL, '100,00', '50,00', NULL, 156, 244, 3, 57, 6, 116, 131, 108, 394, 54, NULL, 0, '2026-02-02 08:26:27', '2026-02-02 08:26:27', 7, 54, 12, 30, NULL, NULL, NULL),
	(306, NULL, 'Pr. Beatriz Lima', '21933496477', 'treinamento.brasilia@igreja.org.br', 'Rua Independencia', '9512', 'Bloco B', 'Vila Nova', 'Brasilia', 'DF', '64430168', 'https://www.treinamento-brasilia.org.br', NULL, '100,00', '100,00', NULL, 94, 114, 31, 29, 43, 154, 259, 221, 64, 74, NULL, 0, '2026-02-02 08:26:27', '2026-02-02 08:26:27', 2, 94, 7, 30, NULL, NULL, NULL),
	(307, NULL, 'Pr. Joao Moura', '61982063852', 'treinamento.rio.de.janeiro@ministerio.com.br', 'Avenida Independencia', '8063', NULL, 'Nova Esperanca', 'Rio de Janeiro', 'RJ', '21152706', 'https://www.treinamento-rio-de-janeiro.org.br', NULL, '150,00', '150,00', '20,00', 164, 24, 10, 31, 45, 225, 3, 274, 332, 22, 'Illum nihil temporibus ex sit tempora rerum exercitationem alias est commodi.', 2, '2026-02-02 08:26:27', '2026-02-02 08:26:27', 4, 50, 13, 30, NULL, NULL, NULL),
	(308, NULL, 'Pr. Juliana Lima', '85941301991', 'treinamento.fortaleza@ministerio.com.br', 'Travessa Independencia', '3176', NULL, 'Vila Esperanca', 'Fortaleza', 'CE', '59529038', 'https://www.treinamento-fortaleza.org.br', NULL, '50,00', '100,00', NULL, 169, 135, 110, 30, 12, 245, 10, 180, 52, 152, NULL, 0, '2026-02-02 08:26:27', '2026-02-02 08:26:27', 6, 45, 13, 30, NULL, NULL, NULL),
	(309, NULL, 'Pr. Eduardo Martins', '71900315896', 'treinamento.goiania@ministerio.com.br', 'Alameda das Flores', '1768', NULL, 'Boa Vista', 'Goiania', 'GO', '21802635', 'https://www.treinamento-goiania.org.br', NULL, '100,00', '150,00', '10,00', 2, 186, 11, 9, 57, 37, 136, 255, 201, 199, NULL, 1, '2026-02-02 08:26:27', '2026-02-02 08:26:27', 5, 86, 13, 30, NULL, NULL, NULL),
	(310, NULL, 'Pr. Carolina Cardoso', '81932200988', 'treinamento.belem@ministerio.com.br', 'Avenida Getulio Vargas', '4436', 'Anexo A', 'Nova Esperanca', 'Belem', 'PA', '25572043', 'https://www.treinamento-belem.org.br', NULL, '100,00', '150,00', NULL, 235, 265, 9, 56, 5, 137, 22, 63, 366, 193, 'Accusantium et dolore quis voluptatibus molestiae optio voluptatibus nam et itaque in ab tenetur temporibus.', 1, '2026-02-02 08:26:27', '2026-02-02 08:26:27', 1, 8, 17, 30, NULL, NULL, NULL),
	(311, NULL, 'Pr. Carlos Pereira', '41968878563', 'treinamento.belo.horizonte@comunidade.com.br', 'Travessa Paulista', '612', NULL, 'Santa Clara', 'Belo Horizonte', 'MG', '09477186', 'https://www.treinamento-belo-horizonte.org.br', NULL, '0,00', '200,00', NULL, 59, 270, 3, 22, 45, 50, 171, 221, 273, 96, NULL, 3, '2026-02-02 08:26:27', '2026-02-02 08:26:27', 7, 20, 1, 30, NULL, NULL, NULL),
	(312, NULL, 'Secretaria', '(21) 2621-1268', 'secretaria@pibinga.org.br', 'Rua Doutor Paulo Alves', '125', '', 'Ingá', 'Niterói', 'RJ', '24.210-445', NULL, '(21) 98494-5914', '180,00', NULL, NULL, NULL, 0, 0, 0, 0, 0, 0, 0, 0, 0, NULL, 1, '2026-02-02 08:35:07', '2026-02-02 09:07:17', 1, 1, 1, 30, '{"overrides": {"2026-02-19": {"snack_break_suppressed": true}}, "day_blocks": {"2026-02-17": {"lunch": true, "snack": true, "dinner": false, "welcome": true, "breakfast": false, "devotional": true}, "2026-02-18": {"lunch": true, "snack": true, "dinner": false, "welcome": true, "breakfast": false, "devotional": true}, "2026-02-19": {"lunch": true, "snack": true, "dinner": false, "welcome": true, "breakfast": false, "devotional": true}, "2026-02-20": {"lunch": false, "snack": false, "dinner": false, "welcome": true, "breakfast": false, "devotional": true}}}', NULL, NULL);

CREATE TABLE IF NOT EXISTS `training_schedule_items` (
  `id` bigint unsigned NOT NULL AUTO_INCREMENT,
  `training_id` bigint unsigned NOT NULL,
  `section_id` bigint unsigned DEFAULT NULL,
  `date` date NOT NULL,
  `starts_at` datetime NOT NULL,
  `ends_at` datetime NOT NULL,
  `type` varchar(30) COLLATE utf8mb4_unicode_ci NOT NULL,
  `title` varchar(255) COLLATE utf8mb4_unicode_ci NOT NULL,
  `planned_duration_minutes` int unsigned NOT NULL,
  `suggested_duration_minutes` int unsigned DEFAULT NULL,
  `min_duration_minutes` int unsigned DEFAULT NULL,
  `origin` varchar(10) COLLATE utf8mb4_unicode_ci NOT NULL DEFAULT 'AUTO',
  `is_locked` tinyint(1) NOT NULL DEFAULT '0',
  `status` varchar(10) COLLATE utf8mb4_unicode_ci NOT NULL DEFAULT 'OK',
  `conflict_reason` json DEFAULT NULL,
  `meta` json DEFAULT NULL,
  `created_at` timestamp NULL DEFAULT NULL,
  `updated_at` timestamp NULL DEFAULT NULL,
  `position` int unsigned NOT NULL DEFAULT '0',
  PRIMARY KEY (`id`),
  KEY `training_schedule_items_section_id_foreign` (`section_id`),
  KEY `training_schedule_items_training_id_date_starts_at_index` (`training_id`,`date`,`starts_at`),
  KEY `training_schedule_items_training_id_date_type_index` (`training_id`,`date`,`type`),
  KEY `training_schedule_items_position_index` (`training_id`,`date`,`position`),
  CONSTRAINT `training_schedule_items_section_id_foreign` FOREIGN KEY (`section_id`) REFERENCES `sections` (`id`) ON DELETE SET NULL ON UPDATE CASCADE,
  CONSTRAINT `training_schedule_items_training_id_foreign` FOREIGN KEY (`training_id`) REFERENCES `trainings` (`id`) ON DELETE CASCADE ON UPDATE CASCADE
) ENGINE=InnoDB AUTO_INCREMENT=296 DEFAULT CHARSET=utf8mb4 COLLATE=utf8mb4_unicode_ci;

INSERT INTO `training_schedule_items` (`id`, `training_id`, `section_id`, `date`, `starts_at`, `ends_at`, `type`, `title`, `planned_duration_minutes`, `suggested_duration_minutes`, `min_duration_minutes`, `origin`, `is_locked`, `status`, `conflict_reason`, `meta`, `created_at`, `updated_at`, `position`) VALUES
	(1, 1, NULL, '2026-02-06', '2026-02-06 18:30:00', '2026-02-06 19:00:00', 'WELCOME', 'Boas-vindas', 30, NULL, NULL, 'AUTO', 0, 'OK', NULL, '{"anchor": "welcome"}', '2026-02-02 08:30:54', '2026-02-02 08:30:54', 1),
	(2, 1, 1, '2026-02-06', '2026-02-06 19:15:02', '2026-02-06 20:03:02', 'SECTION', 'Unidade 1: Por Que Estamos Aqui?', 48, 40, 32, 'AUTO', 0, 'OK', NULL, NULL, '2026-02-02 08:30:54', '2026-02-02 08:30:54', 3),
	(3, 1, 2, '2026-02-06', '2026-02-06 20:03:03', '2026-02-06 20:27:03', 'SECTION', 'Unidade 2: Aprendendo a Explicação do Evangelho Em Sua Mão', 24, 20, 16, 'AUTO', 0, 'OK', NULL, NULL, '2026-02-02 08:30:54', '2026-02-02 08:30:54', 4),
	(4, 1, NULL, '2026-02-06', '2026-02-06 20:27:04', '2026-02-06 20:42:04', 'BREAK', 'Intervalo', 15, NULL, NULL, 'AUTO', 0, 'OK', NULL, '{"anchor": "break"}', '2026-02-02 08:30:54', '2026-02-02 08:30:54', 5),
	(5, 1, 3, '2026-02-06', '2026-02-06 20:42:05', '2026-02-06 21:30:05', 'SECTION', 'Unidade 3: Vencendo o Medo de Testemunhar', 48, 40, 32, 'AUTO', 0, 'OK', NULL, NULL, '2026-02-02 08:30:54', '2026-02-02 08:30:54', 6),
	(10, 1, 4, '2026-02-07', '2026-02-07 09:05:02', '2026-02-07 09:50:02', 'SECTION', 'Unidade 4: Encontrando Pessoas Receptivas', 45, 40, 32, 'AUTO', 0, 'OK', NULL, NULL, '2026-02-02 08:30:54', '2026-02-02 08:30:54', 3),
	(11, 1, 5, '2026-02-07', '2026-02-07 09:50:03', '2026-02-07 10:30:03', 'SECTION', 'Unidade 5: Compartilhando o Evangelho Através de Ilustrações', 40, 35, 28, 'AUTO', 0, 'OK', NULL, NULL, '2026-02-02 08:30:54', '2026-02-02 08:30:54', 4),
	(12, 1, NULL, '2026-02-07', '2026-02-07 10:30:04', '2026-02-07 10:45:04', 'BREAK', 'Intervalo', 15, NULL, NULL, 'AUTO', 0, 'OK', NULL, '{"anchor": "break"}', '2026-02-02 08:30:54', '2026-02-02 08:30:54', 5),
	(13, 1, 6, '2026-02-07', '2026-02-07 10:45:05', '2026-02-07 11:19:05', 'SECTION', 'Unidade 6: Levando a Uma Decisão', 34, 30, 24, 'AUTO', 0, 'OK', NULL, NULL, '2026-02-02 08:30:54', '2026-02-02 08:30:54', 6),
	(14, 1, 7, '2026-02-07', '2026-02-07 11:19:06', '2026-02-07 11:42:06', 'SECTION', 'Unidade 7: Desenvolvendo Amor pelos Perdidos', 23, 20, 16, 'AUTO', 0, 'OK', NULL, NULL, '2026-02-02 08:30:54', '2026-02-02 08:30:54', 7),
	(15, 1, 8, '2026-02-07', '2026-02-07 11:42:07', '2026-02-07 12:05:07', 'SECTION', 'Unidade 8: Desenvolvendo um Ministério Contínuo de Evangelismo e Discipulado', 23, 20, 16, 'AUTO', 0, 'OK', NULL, NULL, '2026-02-02 08:30:54', '2026-02-02 08:30:54', 8),
	(16, 1, 9, '2026-02-07', '2026-02-07 12:05:08', '2026-02-07 12:45:08', 'SECTION', 'Encerramento: Juntos na Colheita do Senhor', 40, 40, 32, 'AUTO', 0, 'OK', NULL, '{"segment_of": 9}', '2026-02-02 08:30:54', '2026-02-02 08:30:54', 9),
	(17, 1, NULL, '2026-02-07', '2026-02-07 12:45:09', '2026-02-07 12:55:09', 'BREAK', 'Intervalo', 10, NULL, NULL, 'AUTO', 0, 'OK', NULL, '{"anchor": "break"}', '2026-02-02 08:30:54', '2026-02-02 08:30:54', 10),
	(18, 1, 10, '2026-02-07', '2026-02-07 12:55:10', '2026-02-07 13:05:10', 'SECTION', 'Orientações da Clínica de Evangelismo Explosivo', 10, 10, 8, 'AUTO', 0, 'OK', NULL, '{"segment_of": 10}', '2026-02-02 08:30:54', '2026-02-02 08:30:54', 11),
	(19, 1, 11, '2026-02-07', '2026-02-07 13:05:11', '2026-02-07 13:25:11', 'SECTION', 'O Treinamento de e² — Evangelismo Eficaz', 20, 20, 16, 'AUTO', 0, 'OK', NULL, '{"segment_of": 11}', '2026-02-02 08:30:54', '2026-02-02 08:30:54', 12),
	(20, 1, 12, '2026-02-07', '2026-02-07 13:25:12', '2026-02-07 14:05:12', 'SECTION', 'Elementos-Chave do Treinamento e²', 40, 40, 32, 'AUTO', 0, 'OK', NULL, '{"segment_of": 12}', '2026-02-02 08:30:54', '2026-02-02 08:30:54', 13),
	(21, 1, 13, '2026-02-07', '2026-02-07 14:05:13', '2026-02-07 14:35:13', 'SECTION', 'O Ensino Semanal no e²', 30, 30, 24, 'AUTO', 0, 'OK', NULL, '{"segment_of": 13}', '2026-02-02 08:30:54', '2026-02-02 08:30:54', 14),
	(22, 1, 14, '2026-02-07', '2026-02-07 14:35:14', '2026-02-07 15:20:14', 'SECTION', 'AULA: Saídas de Treinamento Prático (STP)', 45, 45, 36, 'AUTO', 0, 'OK', NULL, '{"segment_of": 14}', '2026-02-02 08:30:54', '2026-02-02 08:30:54', 15),
	(23, 1, 15, '2026-02-07', '2026-02-07 15:20:15', '2026-02-07 15:40:15', 'SECTION', 'Uso do Questionário de Segurança', 20, 20, 16, 'AUTO', 0, 'OK', NULL, '{"segment_of": 15}', '2026-02-02 08:30:54', '2026-02-02 08:30:54', 16),
	(24, 1, NULL, '2026-02-07', '2026-02-07 15:50:17', '2026-02-07 16:05:17', 'BREAK', 'Intervalo', 15, NULL, NULL, 'AUTO', 0, 'OK', NULL, '{"anchor": "break"}', '2026-02-02 08:30:54', '2026-02-02 08:30:54', 18),
	(25, 1, 16, '2026-02-07', '2026-02-07 16:05:18', '2026-02-07 16:15:18', 'SECTION', 'ORIENTAÇÕES PARA PRÁTICA 1: Saídas de Treinamento Prático (STP)', 10, 10, 8, 'AUTO', 0, 'OK', NULL, '{"segment_of": 16}', '2026-02-02 08:30:54', '2026-02-02 08:30:54', 19),
	(26, 1, 17, '2026-02-07', '2026-02-07 16:15:19', '2026-02-07 17:15:19', 'SECTION', 'PRÁTICA 1: Saídas de Treinamento Prático (STP)', 60, 60, 48, 'AUTO', 0, 'OK', NULL, '{"segment_of": 17}', '2026-02-02 08:30:54', '2026-02-02 08:30:54', 20),
	(27, 1, NULL, '2026-02-07', '2026-02-07 17:15:20', '2026-02-07 17:30:20', 'BREAK', 'Intervalo', 15, NULL, NULL, 'AUTO', 0, 'OK', NULL, '{"anchor": "break"}', '2026-02-02 08:30:54', '2026-02-02 08:30:54', 21),
	(28, 1, 18, '2026-02-07', '2026-02-07 17:30:21', '2026-02-07 18:00:21', 'SECTION', 'Relatório Público', 30, 30, 24, 'AUTO', 0, 'OK', NULL, '{"segment_of": 18}', '2026-02-02 08:30:54', '2026-02-02 08:30:54', 22),
	(29, 1, 19, '2026-02-07', '2026-02-07 18:00:22', '2026-02-07 18:40:22', 'SECTION', 'PRÁTICA 1: Relatório Público', 40, 40, 32, 'AUTO', 0, 'OK', NULL, '{"segment_of": 19}', '2026-02-02 08:30:54', '2026-02-02 08:30:54', 23),
	(33, 1, 20, '2026-02-08', '2026-02-08 09:05:02', '2026-02-08 10:09:02', 'SECTION', 'Unidade 1 — Conectando', 64, 60, 48, 'AUTO', 0, 'OK', NULL, NULL, '2026-02-02 08:30:54', '2026-02-02 08:30:54', 3),
	(34, 1, NULL, '2026-02-08', '2026-02-08 10:09:03', '2026-02-08 10:24:03', 'BREAK', 'Intervalo', 15, NULL, NULL, 'AUTO', 0, 'OK', NULL, '{"anchor": "break"}', '2026-02-02 08:30:54', '2026-02-02 08:30:54', 4),
	(35, 1, 21, '2026-02-08', '2026-02-08 10:24:04', '2026-02-08 11:02:04', 'SECTION', 'Unidade 2 — O Evangelho: Graça', 38, 35, 28, 'AUTO', 0, 'OK', NULL, NULL, '2026-02-02 08:30:54', '2026-02-02 08:30:54', 5),
	(36, 1, 22, '2026-02-08', '2026-02-08 11:02:05', '2026-02-08 11:39:05', 'SECTION', 'Unidade 3 — O Evangelho: Homem', 37, 35, 28, 'AUTO', 0, 'OK', NULL, NULL, '2026-02-02 08:30:54', '2026-02-02 08:30:54', 6),
	(37, 1, NULL, '2026-02-08', '2026-02-08 11:39:06', '2026-02-08 11:54:06', 'BREAK', 'Intervalo', 15, NULL, NULL, 'AUTO', 0, 'OK', NULL, '{"anchor": "break"}', '2026-02-02 08:30:54', '2026-02-02 08:30:55', 7),
	(38, 1, 23, '2026-02-08', '2026-02-08 11:54:07', '2026-02-08 12:05:07', 'SECTION', 'ORIENTAÇÕES PARA PRÁTICA 2: Saídas de Treinamento Prático (STP)', 11, 10, 8, 'AUTO', 0, 'OK', NULL, NULL, '2026-02-02 08:30:54', '2026-02-02 08:30:55', 8),
	(39, 1, 24, '2026-02-08', '2026-02-08 12:05:08', '2026-02-08 13:25:08', 'SECTION', 'PRÁTICA 2: Saídas de Treinamento Prático (STP)', 80, 90, 72, 'AUTO', 0, 'OK', NULL, '{"segment_of": 24}', '2026-02-02 08:30:54', '2026-02-02 08:30:55', 9),
	(40, 1, NULL, '2026-02-08', '2026-02-08 13:25:09', '2026-02-08 13:35:09', 'BREAK', 'Intervalo', 10, NULL, NULL, 'AUTO', 0, 'OK', NULL, '{"anchor": "break"}', '2026-02-02 08:30:54', '2026-02-02 08:30:55', 10),
	(41, 1, 24, '2026-02-08', '2026-02-08 13:35:10', '2026-02-08 13:45:10', 'SECTION', 'PRÁTICA 2: Saídas de Treinamento Prático (STP)', 10, 90, 72, 'AUTO', 0, 'OK', NULL, '{"segment_of": 24}', '2026-02-02 08:30:54', '2026-02-02 08:30:55', 11),
	(42, 1, 25, '2026-02-08', '2026-02-08 13:45:11', '2026-02-08 14:25:11', 'SECTION', 'PRÁTICA 2: Relatório Público', 40, 40, 32, 'AUTO', 0, 'OK', NULL, '{"segment_of": 25}', '2026-02-02 08:30:54', '2026-02-02 08:30:55', 12),
	(43, 1, 26, '2026-02-08', '2026-02-08 14:25:12', '2026-02-08 15:00:12', 'SECTION', 'Unidade 4 — Compartilhando Seu Testemunho', 35, 35, 28, 'AUTO', 0, 'OK', NULL, '{"segment_of": 26}', '2026-02-02 08:30:54', '2026-02-02 08:30:55', 13),
	(44, 1, 27, '2026-02-08', '2026-02-08 15:00:13', '2026-02-08 15:35:13', 'SECTION', 'Unidade 5 — O Evangelho: Deus e Cristo', 35, 35, 28, 'AUTO', 0, 'OK', NULL, '{"segment_of": 27}', '2026-02-02 08:30:54', '2026-02-02 08:30:55', 14),
	(45, 1, NULL, '2026-02-08', '2026-02-08 15:45:15', '2026-02-08 16:00:15', 'BREAK', 'Intervalo', 15, NULL, NULL, 'AUTO', 0, 'OK', NULL, '{"anchor": "break"}', '2026-02-02 08:30:54', '2026-02-02 08:30:55', 16),
	(46, 1, 28, '2026-02-08', '2026-02-08 16:00:16', '2026-02-08 16:35:16', 'SECTION', 'Unidade 6 — O Evangelho: Fé', 35, 35, 28, 'AUTO', 0, 'OK', NULL, '{"segment_of": 28}', '2026-02-02 08:30:54', '2026-02-02 08:30:55', 17),
	(47, 1, NULL, '2026-02-06', '2026-02-06 19:00:01', '2026-02-06 19:15:01', 'DEVOTIONAL', 'Devocional', 15, NULL, NULL, 'TEACHER', 0, 'OK', NULL, '{"block": "devotional", "anchor": "devotional"}', '2026-02-02 08:30:54', '2026-02-02 08:30:54', 2),
	(48, 1, NULL, '2026-02-07', '2026-02-07 08:30:00', '2026-02-07 08:50:00', 'WELCOME', 'Boas-vindas', 20, NULL, NULL, 'TEACHER', 0, 'OK', NULL, '{"block": "welcome", "anchor": "welcome"}', '2026-02-02 08:30:54', '2026-02-02 08:30:54', 1),
	(49, 1, NULL, '2026-02-07', '2026-02-07 08:50:01', '2026-02-07 09:05:01', 'DEVOTIONAL', 'Devocional', 15, NULL, NULL, 'TEACHER', 0, 'OK', NULL, '{"block": "devotional", "anchor": "devotional"}', '2026-02-02 08:30:54', '2026-02-02 08:30:54', 2),
	(50, 1, NULL, '2026-02-07', '2026-02-07 15:40:16', '2026-02-07 15:50:16', 'BREAK', 'Intervalo', 10, NULL, NULL, 'AUTO', 0, 'OK', NULL, '{"auto_reason": "snack_off"}', '2026-02-02 08:30:54', '2026-02-02 08:30:54', 17),
	(51, 1, NULL, '2026-02-08', '2026-02-08 08:30:00', '2026-02-08 08:50:00', 'WELCOME', 'Boas-vindas', 20, NULL, NULL, 'TEACHER', 0, 'OK', NULL, '{"block": "welcome", "anchor": "welcome"}', '2026-02-02 08:30:54', '2026-02-02 08:30:54', 1),
	(52, 1, NULL, '2026-02-08', '2026-02-08 08:50:01', '2026-02-08 09:05:01', 'DEVOTIONAL', 'Devocional', 15, NULL, NULL, 'TEACHER', 0, 'OK', NULL, '{"block": "devotional", "anchor": "devotional"}', '2026-02-02 08:30:54', '2026-02-02 08:30:54', 2),
	(53, 1, NULL, '2026-02-08', '2026-02-08 15:35:14', '2026-02-08 15:45:14', 'BREAK', 'Intervalo', 10, NULL, NULL, 'AUTO', 0, 'OK', NULL, '{"auto_reason": "snack_off"}', '2026-02-02 08:30:55', '2026-02-02 08:30:55', 15),
	(167, 312, NULL, '2026-02-17', '2026-02-17 08:00:00', '2026-02-17 08:40:00', 'WELCOME', 'Boas-vindas', 40, NULL, NULL, 'TEACHER', 0, 'OK', NULL, '{"anchor": "welcome"}', '2026-02-02 08:35:51', '2026-02-02 09:00:41', 1),
	(171, 312, 1, '2026-02-17', '2026-02-17 09:00:02', '2026-02-17 09:50:02', 'SECTION', 'Unidade 1: Por Que Estamos Aqui?', 50, 40, 32, 'TEACHER', 0, 'OK', NULL, '{"fixed_duration": true}', '2026-02-02 08:35:51', '2026-02-02 09:01:56', 3),
	(172, 312, 2, '2026-02-17', '2026-02-17 09:50:03', '2026-02-17 10:15:03', 'SECTION', 'Unidade 2: Aprendendo a Explicação do Evangelho Em Sua Mão', 25, 20, 16, 'TEACHER', 0, 'OK', NULL, '{"fixed_duration": true}', '2026-02-02 08:35:51', '2026-02-02 09:01:56', 4),
	(173, 312, NULL, '2026-02-17', '2026-02-17 11:05:05', '2026-02-17 11:35:05', 'BREAK', 'Intervalo', 30, NULL, NULL, 'TEACHER', 0, 'OK', NULL, '{"anchor": "break"}', '2026-02-02 08:35:51', '2026-02-02 09:01:56', 6),
	(174, 312, 3, '2026-02-17', '2026-02-17 10:15:04', '2026-02-17 11:05:04', 'SECTION', 'Unidade 3: Vencendo o Medo de Testemunhar', 50, 40, 32, 'TEACHER', 0, 'OK', NULL, '{"fixed_duration": true}', '2026-02-02 08:35:51', '2026-02-02 09:01:56', 5),
	(175, 312, 4, '2026-02-17', '2026-02-17 11:35:06', '2026-02-17 12:25:06', 'SECTION', 'Unidade 4: Encontrando Pessoas Receptivas', 50, 40, 32, 'TEACHER', 0, 'OK', NULL, '{"fixed_duration": true}', '2026-02-02 08:35:51', '2026-02-02 09:01:56', 7),
	(176, 312, 5, '2026-02-17', '2026-02-17 13:55:08', '2026-02-17 14:30:08', 'SECTION', 'Unidade 5: Compartilhando o Evangelho Através de Ilustrações', 35, 35, 28, 'TEACHER', 0, 'OK', NULL, '{"segment_of": 5, "fixed_duration": true}', '2026-02-02 08:35:51', '2026-02-02 09:01:56', 9),
	(178, 312, 6, '2026-02-17', '2026-02-17 14:30:09', '2026-02-17 15:05:09', 'SECTION', 'Unidade 6: Levando a Uma Decisão', 35, 30, 24, 'TEACHER', 0, 'OK', NULL, '{"segment_of": 6, "fixed_duration": true}', '2026-02-02 08:35:51', '2026-02-02 09:01:56', 10),
	(179, 312, 7, '2026-02-17', '2026-02-17 15:20:11', '2026-02-17 15:45:11', 'SECTION', 'Unidade 7: Desenvolvendo Amor pelos Perdidos', 25, 20, 16, 'TEACHER', 0, 'OK', NULL, '{"segment_of": 7, "fixed_duration": true}', '2026-02-02 08:35:51', '2026-02-02 09:04:41', 12),
	(180, 312, 8, '2026-02-17', '2026-02-17 15:45:12', '2026-02-17 16:05:12', 'SECTION', 'Unidade 8: Desenvolvendo um Ministério Contínuo de Evangelismo e Discipulado', 20, 20, 16, 'AUTO', 0, 'OK', NULL, '{"segment_of": 8}', '2026-02-02 08:35:51', '2026-02-02 09:04:41', 13),
	(181, 312, 9, '2026-02-17', '2026-02-17 16:35:14', '2026-02-17 17:15:14', 'SECTION', 'Encerramento: Juntos na Colheita do Senhor', 40, 40, 32, 'TEACHER', 0, 'OK', NULL, '{"segment_of": 9, "fixed_duration": true}', '2026-02-02 08:35:51', '2026-02-02 09:04:41', 15),
	(182, 312, 10, '2026-02-17', '2026-02-17 17:25:16', '2026-02-17 17:35:16', 'SECTION', 'Orientações da Clínica de Evangelismo Explosivo', 10, 10, 8, 'AUTO', 0, 'OK', NULL, '{"segment_of": 10}', '2026-02-02 08:35:51', '2026-02-02 09:04:41', 17),
	(183, 312, 11, '2026-02-17', '2026-02-17 17:35:17', '2026-02-17 18:00:17', 'SECTION', 'O Treinamento de e² — Evangelismo Eficaz', 25, 20, 16, 'TEACHER', 0, 'OK', NULL, '{"segment_of": 11, "fixed_duration": true}', '2026-02-02 08:35:51', '2026-02-02 09:04:41', 18),
	(188, 312, 12, '2026-02-18', '2026-02-18 09:10:03', '2026-02-18 10:00:03', 'SECTION', 'Elementos-Chave do Treinamento e²', 50, 40, 32, 'TEACHER', 0, 'OK', NULL, '{"fixed_duration": true}', '2026-02-02 08:35:51', '2026-02-02 08:59:43', 4),
	(189, 312, 13, '2026-02-18', '2026-02-18 08:35:02', '2026-02-18 09:10:02', 'SECTION', 'O Ensino Semanal no e²', 35, 30, 24, 'TEACHER', 0, 'OK', NULL, '{"fixed_duration": true}', '2026-02-02 08:35:51', '2026-02-02 08:59:43', 3),
	(190, 312, NULL, '2026-02-18', '2026-02-18 10:00:04', '2026-02-18 10:15:04', 'BREAK', 'Intervalo', 15, NULL, NULL, 'AUTO', 0, 'OK', NULL, '{"anchor": "break"}', '2026-02-02 08:35:51', '2026-02-02 08:59:43', 5),
	(191, 312, 14, '2026-02-18', '2026-02-18 10:15:05', '2026-02-18 11:09:05', 'SECTION', 'AULA: Saídas de Treinamento Prático (STP)', 54, 45, 36, 'AUTO', 0, 'OK', NULL, NULL, '2026-02-02 08:35:51', '2026-02-02 08:59:43', 6),
	(192, 312, 15, '2026-02-18', '2026-02-18 11:09:06', '2026-02-18 11:33:06', 'SECTION', 'Uso do Questionário de Segurança', 24, 20, 16, 'AUTO', 0, 'OK', NULL, NULL, '2026-02-02 08:35:51', '2026-02-02 08:59:43', 7),
	(193, 312, NULL, '2026-02-18', '2026-02-18 11:33:07', '2026-02-18 11:48:07', 'BREAK', 'Intervalo', 15, NULL, NULL, 'AUTO', 0, 'OK', NULL, '{"anchor": "break"}', '2026-02-02 08:35:51', '2026-02-02 08:59:43', 8),
	(194, 312, 16, '2026-02-18', '2026-02-18 11:48:08', '2026-02-18 12:00:08', 'SECTION', 'ORIENTAÇÕES PARA PRÁTICA 1: Saídas de Treinamento Prático (STP)', 12, 10, 8, 'AUTO', 0, 'OK', NULL, NULL, '2026-02-02 08:35:51', '2026-02-02 08:59:43', 9),
	(195, 312, 17, '2026-02-18', '2026-02-18 13:20:10', '2026-02-18 14:20:10', 'SECTION', 'PRÁTICA 1: Saídas de Treinamento Prático (STP)', 60, 60, 48, 'AUTO', 0, 'OK', NULL, '{"segment_of": 17}', '2026-02-02 08:35:51', '2026-02-02 09:06:49', 11),
	(196, 312, NULL, '2026-02-18', '2026-02-18 14:20:11', '2026-02-18 14:30:11', 'BREAK', 'Intervalo', 10, NULL, NULL, 'AUTO', 0, 'OK', NULL, '{"anchor": "break"}', '2026-02-02 08:35:51', '2026-02-02 09:06:49', 12),
	(197, 312, 18, '2026-02-18', '2026-02-18 14:30:12', '2026-02-18 15:00:12', 'SECTION', 'Relatório Público', 30, 30, 24, 'AUTO', 0, 'OK', NULL, '{"segment_of": 18}', '2026-02-02 08:35:51', '2026-02-02 09:06:49', 13),
	(198, 312, 19, '2026-02-18', '2026-02-18 15:00:13', '2026-02-18 15:40:13', 'SECTION', 'PRÁTICA 1: Relatório Público', 40, 40, 32, 'TEACHER', 0, 'OK', NULL, '{"segment_of": 19, "fixed_duration": true}', '2026-02-02 08:35:51', '2026-02-02 09:06:49', 14),
	(199, 312, 20, '2026-02-18', '2026-02-18 16:10:15', '2026-02-18 17:10:15', 'SECTION', 'Unidade 1 — Conectando', 60, 60, 48, 'AUTO', 0, 'OK', NULL, '{"segment_of": 20}', '2026-02-02 08:35:51', '2026-02-02 09:06:49', 16),
	(200, 312, NULL, '2026-02-18', '2026-02-18 17:10:16', '2026-02-18 17:25:16', 'BREAK', 'Intervalo', 15, NULL, NULL, 'AUTO', 0, 'OK', NULL, '{"anchor": "break"}', '2026-02-02 08:35:51', '2026-02-02 09:06:49', 17),
	(201, 312, 21, '2026-02-18', '2026-02-18 17:25:17', '2026-02-18 18:00:17', 'SECTION', 'Unidade 2 — O Evangelho: Graça', 35, 35, 28, 'AUTO', 0, 'OK', NULL, '{"segment_of": 21}', '2026-02-02 08:35:51', '2026-02-02 09:06:49', 18),
	(205, 312, 22, '2026-02-19', '2026-02-19 08:35:02', '2026-02-19 09:14:02', 'SECTION', 'Unidade 3 — O Evangelho: Homem', 39, 35, 28, 'AUTO', 0, 'OK', NULL, NULL, '2026-02-02 08:35:51', '2026-02-02 09:07:09', 3),
	(206, 312, 23, '2026-02-19', '2026-02-19 09:14:03', '2026-02-19 09:25:03', 'SECTION', 'ORIENTAÇÕES PARA PRÁTICA 2: Saídas de Treinamento Prático (STP)', 11, 10, 8, 'AUTO', 0, 'OK', NULL, NULL, '2026-02-02 08:35:51', '2026-02-02 09:07:09', 4),
	(207, 312, 24, '2026-02-19', '2026-02-19 09:25:04', '2026-02-19 11:05:04', 'SECTION', 'PRÁTICA 2: Saídas de Treinamento Prático (STP)', 100, 90, 72, 'AUTO', 0, 'OK', NULL, NULL, '2026-02-02 08:35:51', '2026-02-02 09:07:09', 5),
	(208, 312, NULL, '2026-02-19', '2026-02-19 11:05:05', '2026-02-19 11:20:05', 'BREAK', 'Intervalo', 15, NULL, NULL, 'AUTO', 0, 'OK', NULL, '{"anchor": "break"}', '2026-02-02 08:35:51', '2026-02-02 09:07:09', 6),
	(209, 312, 25, '2026-02-19', '2026-02-19 11:20:06', '2026-02-19 12:05:06', 'SECTION', 'PRÁTICA 2: Relatório Público', 45, 40, 32, 'AUTO', 0, 'OK', NULL, NULL, '2026-02-02 08:35:51', '2026-02-02 09:07:09', 7),
	(210, 312, 26, '2026-02-19', '2026-02-19 13:35:08', '2026-02-19 14:10:08', 'SECTION', 'Unidade 4 — Compartilhando Seu Testemunho', 35, 35, 28, 'AUTO', 0, 'OK', NULL, '{"segment_of": 26}', '2026-02-02 08:35:51', '2026-02-02 09:07:09', 9),
	(211, 312, NULL, '2026-02-19', '2026-02-19 14:10:09', '2026-02-19 14:20:09', 'BREAK', 'Intervalo', 10, NULL, NULL, 'AUTO', 0, 'OK', NULL, '{"anchor": "break"}', '2026-02-02 08:35:51', '2026-02-02 09:07:09', 10),
	(212, 312, 27, '2026-02-19', '2026-02-19 14:20:10', '2026-02-19 14:55:10', 'SECTION', 'Unidade 5 — O Evangelho: Deus e Cristo', 35, 35, 28, 'AUTO', 0, 'OK', NULL, '{"segment_of": 27}', '2026-02-02 08:35:51', '2026-02-02 09:07:09', 11),
	(213, 312, 28, '2026-02-19', '2026-02-19 14:55:11', '2026-02-19 15:30:11', 'SECTION', 'Unidade 6 — O Evangelho: Fé', 35, 35, 28, 'AUTO', 0, 'OK', NULL, '{"segment_of": 28}', '2026-02-02 08:35:51', '2026-02-02 09:07:09', 12),
	(214, 312, 29, '2026-02-19', '2026-02-19 16:00:13', '2026-02-19 16:35:13', 'SECTION', 'Unidade 7 — Decisão e Acompanhamento', 35, 35, 28, 'AUTO', 0, 'OK', NULL, '{"segment_of": 29}', '2026-02-02 08:35:51', '2026-02-02 09:07:09', 14),
	(215, 312, 30, '2026-02-19', '2026-02-19 16:35:14', '2026-02-19 17:45:14', 'SECTION', 'Guia de Implementação do Ministério de Evangelismo Explosivo', 70, 60, 48, 'TEACHER', 0, 'OK', NULL, '{"segment_of": 30, "fixed_duration": true}', '2026-02-02 08:35:51', '2026-02-02 09:07:25', 15),
	(216, 312, NULL, '2026-02-19', '2026-02-19 17:45:15', '2026-02-19 18:00:15', 'BREAK', 'Intervalo', 15, NULL, NULL, 'AUTO', 0, 'OK', NULL, '{"anchor": "break"}', '2026-02-02 08:35:51', '2026-02-02 09:07:25', 16),
	(217, 312, 31, '2026-02-20', '2026-02-20 09:10:02', '2026-02-20 09:20:02', 'SECTION', 'ORIENTAÇÕES PARA PRÁTICA 3: Saídas de Treinamento Prático (STP)', 10, 10, 8, 'AUTO', 0, 'OK', NULL, '{"segment_of": 31}', '2026-02-02 08:35:51', '2026-02-02 09:09:24', 3),
	(219, 312, 32, '2026-02-20', '2026-02-20 09:20:03', '2026-02-20 11:00:03', 'SECTION', 'PRÁTICA 3: Saídas de Treinamento Prático (STP)', 100, 80, 64, 'TEACHER', 0, 'OK', NULL, '{"fixed_duration": true}', '2026-02-02 08:35:51', '2026-02-02 09:09:24', 4),
	(220, 312, NULL, '2026-02-20', '2026-02-20 11:00:04', '2026-02-20 11:20:04', 'BREAK', 'Intervalo', 20, NULL, NULL, 'TEACHER', 0, 'OK', NULL, '{"anchor": "break"}', '2026-02-02 08:35:51', '2026-02-02 09:09:24', 5),
	(221, 312, 33, '2026-02-20', '2026-02-20 11:20:05', '2026-02-20 12:00:05', 'SECTION', 'PRÁTICA 3: Relatório Público', 40, 40, 32, 'TEACHER', 0, 'OK', NULL, '{"fixed_duration": true}', '2026-02-02 08:35:51', '2026-02-02 09:09:24', 6),
	(222, 312, NULL, '2026-02-17', '2026-02-17 08:40:01', '2026-02-17 09:00:01', 'DEVOTIONAL', 'Devocional', 20, NULL, NULL, 'TEACHER', 0, 'OK', NULL, '{"block": "devotional", "anchor": "devotional"}', '2026-02-02 08:35:51', '2026-02-02 09:00:41', 2),
	(223, 312, NULL, '2026-02-17', '2026-02-17 17:15:15', '2026-02-17 17:25:15', 'BREAK', 'Intervalo', 10, NULL, NULL, 'AUTO', 0, 'OK', NULL, '{"auto_reason": "snack_off"}', '2026-02-02 08:35:52', '2026-02-02 09:04:41', 16),
	(224, 312, NULL, '2026-02-18', '2026-02-18 08:00:00', '2026-02-18 08:20:00', 'WELCOME', 'Boas-vindas', 20, NULL, NULL, 'TEACHER', 0, 'OK', NULL, '{"block": "welcome", "anchor": "welcome"}', '2026-02-02 08:35:52', '2026-02-02 08:59:43', 1),
	(225, 312, NULL, '2026-02-18', '2026-02-18 08:20:01', '2026-02-18 08:35:01', 'DEVOTIONAL', 'Devocional', 15, NULL, NULL, 'TEACHER', 0, 'OK', NULL, '{"block": "devotional", "anchor": "devotional"}', '2026-02-02 08:35:52', '2026-02-02 08:59:43', 2),
	(226, 312, NULL, '2026-02-19', '2026-02-19 08:00:00', '2026-02-19 08:20:00', 'WELCOME', 'Boas-vindas', 20, NULL, NULL, 'TEACHER', 0, 'OK', NULL, '{"block": "welcome", "anchor": "welcome"}', '2026-02-02 08:35:52', '2026-02-02 09:07:09', 1),
	(227, 312, NULL, '2026-02-19', '2026-02-19 08:20:01', '2026-02-19 08:35:01', 'DEVOTIONAL', 'Devocional', 15, NULL, NULL, 'TEACHER', 0, 'OK', NULL, '{"block": "devotional", "anchor": "devotional"}', '2026-02-02 08:35:52', '2026-02-02 09:07:09', 2),
	(229, 312, NULL, '2026-02-20', '2026-02-20 08:00:00', '2026-02-20 08:40:00', 'WELCOME', 'Boas-vindas', 40, NULL, NULL, 'TEACHER', 0, 'OK', NULL, '{"block": "welcome", "anchor": "welcome"}', '2026-02-02 08:35:52', '2026-02-02 09:08:58', 1),
	(230, 312, NULL, '2026-02-20', '2026-02-20 08:40:01', '2026-02-20 09:10:01', 'DEVOTIONAL', 'Devocional', 30, NULL, NULL, 'TEACHER', 0, 'OK', NULL, '{"block": "devotional", "anchor": "devotional"}', '2026-02-02 08:35:52', '2026-02-02 09:09:24', 2),
	(232, 312, NULL, '2026-02-17', '2026-02-17 15:05:10', '2026-02-17 15:20:10', 'BREAK', 'Intervalo', 15, NULL, NULL, 'TEACHER', 0, 'OK', NULL, NULL, '2026-02-02 08:41:17', '2026-02-02 09:04:41', 11),
	(233, 312, NULL, '2026-02-17', '2026-02-17 16:05:13', '2026-02-17 16:35:13', 'MEAL', 'Lanche', 30, NULL, NULL, 'TEACHER', 0, 'OK', NULL, '{"block": "snack", "anchor": "afternoon_snack", "subkind": "snack"}', '2026-02-02 08:45:05', '2026-02-02 09:04:41', 14),
	(234, 2, NULL, '2026-02-02', '2026-02-02 19:00:00', '2026-02-02 19:30:00', 'WELCOME', 'Boas-vindas', 30, NULL, NULL, 'AUTO', 0, 'OK', NULL, '{"anchor": "welcome"}', '2026-02-02 08:50:29', '2026-02-02 08:50:29', 1),
	(235, 2, 1, '2026-02-02', '2026-02-02 19:45:02', '2026-02-02 20:32:02', 'SECTION', 'Unidade 1: Por Que Estamos Aqui?', 47, 40, 32, 'AUTO', 0, 'OK', NULL, NULL, '2026-02-02 08:50:29', '2026-02-02 08:50:29', 3),
	(236, 2, 2, '2026-02-02', '2026-02-02 20:32:03', '2026-02-02 20:56:03', 'SECTION', 'Unidade 2: Aprendendo a Explicação do Evangelho Em Sua Mão', 24, 20, 16, 'AUTO', 0, 'OK', NULL, NULL, '2026-02-02 08:50:29', '2026-02-02 08:50:29', 4),
	(237, 2, NULL, '2026-02-02', '2026-02-02 20:56:04', '2026-02-02 21:11:04', 'BREAK', 'Intervalo', 15, NULL, NULL, 'AUTO', 0, 'OK', NULL, '{"anchor": "break"}', '2026-02-02 08:50:29', '2026-02-02 08:50:29', 5),
	(238, 2, 3, '2026-02-02', '2026-02-02 21:11:05', '2026-02-02 21:58:05', 'SECTION', 'Unidade 3: Vencendo o Medo de Testemunhar', 47, 40, 32, 'AUTO', 0, 'OK', NULL, NULL, '2026-02-02 08:50:29', '2026-02-02 08:50:29', 6),
	(239, 2, 4, '2026-02-02', '2026-02-02 21:58:06', '2026-02-02 22:45:06', 'SECTION', 'Unidade 4: Encontrando Pessoas Receptivas', 47, 40, 32, 'AUTO', 0, 'OK', NULL, NULL, '2026-02-02 08:50:29', '2026-02-02 08:50:29', 7),
	(240, 2, 5, '2026-02-03', '2026-02-03 19:35:02', '2026-02-03 20:11:02', 'SECTION', 'Unidade 5: Compartilhando o Evangelho Através de Ilustrações', 36, 35, 28, 'AUTO', 0, 'OK', NULL, NULL, '2026-02-02 08:50:29', '2026-02-02 08:50:29', 3),
	(241, 2, 6, '2026-02-03', '2026-02-03 20:11:03', '2026-02-03 20:42:03', 'SECTION', 'Unidade 6: Levando a Uma Decisão', 31, 30, 24, 'AUTO', 0, 'OK', NULL, NULL, '2026-02-02 08:50:29', '2026-02-02 08:50:29', 4),
	(242, 2, NULL, '2026-02-03', '2026-02-03 20:42:04', '2026-02-03 20:57:04', 'BREAK', 'Intervalo', 15, NULL, NULL, 'AUTO', 0, 'OK', NULL, '{"anchor": "break"}', '2026-02-02 08:50:29', '2026-02-02 08:50:29', 5),
	(243, 2, 7, '2026-02-03', '2026-02-03 20:57:05', '2026-02-03 21:18:05', 'SECTION', 'Unidade 7: Desenvolvendo Amor pelos Perdidos', 21, 20, 16, 'AUTO', 0, 'OK', NULL, NULL, '2026-02-02 08:50:29', '2026-02-02 08:50:29', 6),
	(244, 2, 8, '2026-02-03', '2026-02-03 21:18:06', '2026-02-03 21:39:06', 'SECTION', 'Unidade 8: Desenvolvendo um Ministério Contínuo de Evangelismo e Discipulado', 21, 20, 16, 'AUTO', 0, 'OK', NULL, NULL, '2026-02-02 08:50:29', '2026-02-02 08:50:29', 7),
	(245, 2, 9, '2026-02-03', '2026-02-03 21:39:07', '2026-02-03 22:20:07', 'SECTION', 'Encerramento: Juntos na Colheita do Senhor', 41, 40, 32, 'AUTO', 0, 'OK', NULL, NULL, '2026-02-02 08:50:29', '2026-02-02 08:50:29', 8),
	(246, 2, NULL, '2026-02-03', '2026-02-03 22:20:08', '2026-02-03 22:35:08', 'BREAK', 'Intervalo', 15, NULL, NULL, 'AUTO', 0, 'OK', NULL, '{"anchor": "break"}', '2026-02-02 08:50:29', '2026-02-02 08:50:29', 9),
	(247, 2, 10, '2026-02-03', '2026-02-03 22:35:09', '2026-02-03 22:45:09', 'SECTION', 'Orientações da Clínica de Evangelismo Explosivo', 10, 10, 8, 'AUTO', 0, 'OK', NULL, NULL, '2026-02-02 08:50:29', '2026-02-02 08:50:29', 10),
	(248, 2, 11, '2026-02-03', '2026-02-03 22:45:10', '2026-02-03 23:05:10', 'SECTION', 'O Treinamento de e² — Evangelismo Eficaz', 20, 20, 16, 'AUTO', 0, 'OK', NULL, NULL, '2026-02-02 08:50:29', '2026-02-02 08:50:29', 11),
	(249, 2, 12, '2026-02-04', '2026-02-04 19:35:02', '2026-02-04 20:23:02', 'SECTION', 'Elementos-Chave do Treinamento e²', 48, 40, 32, 'AUTO', 0, 'OK', NULL, NULL, '2026-02-02 08:50:29', '2026-02-02 08:50:29', 3),
	(250, 2, 13, '2026-02-04', '2026-02-04 20:33:04', '2026-02-04 21:09:04', 'SECTION', 'O Ensino Semanal no e²', 36, 30, 24, 'AUTO', 0, 'OK', NULL, NULL, '2026-02-02 08:50:29', '2026-02-02 08:50:29', 5),
	(251, 2, NULL, '2026-02-04', '2026-02-04 21:09:05', '2026-02-04 21:24:05', 'BREAK', 'Intervalo', 15, NULL, NULL, 'AUTO', 0, 'OK', NULL, '{"anchor": "break"}', '2026-02-02 08:50:29', '2026-02-02 08:50:29', 6),
	(252, 2, 14, '2026-02-04', '2026-02-04 21:24:06', '2026-02-04 22:18:06', 'SECTION', 'AULA: Saídas de Treinamento Prático (STP)', 54, 45, 36, 'AUTO', 0, 'OK', NULL, NULL, '2026-02-02 08:50:29', '2026-02-02 08:50:29', 7),
	(253, 2, 15, '2026-02-04', '2026-02-04 22:18:07', '2026-02-04 22:42:07', 'SECTION', 'Uso do Questionário de Segurança', 24, 20, 16, 'AUTO', 0, 'OK', NULL, NULL, '2026-02-02 08:50:29', '2026-02-02 08:50:29', 8),
	(254, 2, NULL, '2026-02-04', '2026-02-04 22:42:08', '2026-02-04 22:57:08', 'BREAK', 'Intervalo', 15, NULL, NULL, 'AUTO', 0, 'OK', NULL, '{"anchor": "break"}', '2026-02-02 08:50:29', '2026-02-02 08:50:29', 9),
	(255, 2, 16, '2026-02-04', '2026-02-04 22:57:09', '2026-02-04 23:09:09', 'SECTION', 'ORIENTAÇÕES PARA PRÁTICA 1: Saídas de Treinamento Prático (STP)', 12, 10, 8, 'AUTO', 0, 'OK', NULL, NULL, '2026-02-02 08:50:29', '2026-02-02 08:50:29', 10),
	(256, 2, 17, '2026-02-05', '2026-02-05 19:35:02', '2026-02-05 20:47:02', 'SECTION', 'PRÁTICA 1: Saídas de Treinamento Prático (STP)', 72, 60, 48, 'AUTO', 0, 'OK', NULL, NULL, '2026-02-02 08:50:29', '2026-02-02 08:50:29', 3),
	(257, 2, NULL, '2026-02-05', '2026-02-05 20:47:03', '2026-02-05 21:02:03', 'BREAK', 'Intervalo', 15, NULL, NULL, 'AUTO', 0, 'OK', NULL, '{"anchor": "break"}', '2026-02-02 08:50:29', '2026-02-02 08:50:29', 4),
	(258, 2, 18, '2026-02-05', '2026-02-05 21:02:04', '2026-02-05 21:38:04', 'SECTION', 'Relatório Público', 36, 30, 24, 'AUTO', 0, 'OK', NULL, NULL, '2026-02-02 08:50:29', '2026-02-02 08:50:29', 5),
	(259, 2, 19, '2026-02-05', '2026-02-05 21:38:05', '2026-02-05 22:26:05', 'SECTION', 'PRÁTICA 1: Relatório Público', 48, 40, 32, 'AUTO', 0, 'OK', NULL, NULL, '2026-02-02 08:50:29', '2026-02-02 08:50:29', 6),
	(260, 2, NULL, '2026-02-05', '2026-02-05 22:26:06', '2026-02-05 22:41:06', 'BREAK', 'Intervalo', 15, NULL, NULL, 'AUTO', 0, 'OK', NULL, '{"anchor": "break"}', '2026-02-02 08:50:29', '2026-02-02 08:50:29', 7),
	(261, 2, 20, '2026-02-06', '2026-02-06 19:35:02', '2026-02-06 20:47:02', 'SECTION', 'Unidade 1 — Conectando', 72, 60, 48, 'AUTO', 0, 'OK', NULL, NULL, '2026-02-02 08:50:29', '2026-02-02 08:50:29', 3),
	(262, 2, NULL, '2026-02-06', '2026-02-06 20:47:03', '2026-02-06 21:02:03', 'BREAK', 'Intervalo', 15, NULL, NULL, 'AUTO', 0, 'OK', NULL, '{"anchor": "break"}', '2026-02-02 08:50:29', '2026-02-02 08:50:29', 4),
	(263, 2, 21, '2026-02-06', '2026-02-06 21:02:04', '2026-02-06 21:44:04', 'SECTION', 'Unidade 2 — O Evangelho: Graça', 42, 35, 28, 'AUTO', 0, 'OK', NULL, NULL, '2026-02-02 08:50:29', '2026-02-02 08:50:29', 5),
	(264, 2, 22, '2026-02-06', '2026-02-06 21:44:05', '2026-02-06 22:26:05', 'SECTION', 'Unidade 3 — O Evangelho: Homem', 42, 35, 28, 'AUTO', 0, 'OK', NULL, NULL, '2026-02-02 08:50:29', '2026-02-02 08:50:29', 6),
	(265, 2, NULL, '2026-02-06', '2026-02-06 22:26:06', '2026-02-06 22:41:06', 'BREAK', 'Intervalo', 15, NULL, NULL, 'AUTO', 0, 'OK', NULL, '{"anchor": "break"}', '2026-02-02 08:50:29', '2026-02-02 08:50:29', 7),
	(266, 2, 23, '2026-02-06', '2026-02-06 22:41:07', '2026-02-06 22:53:07', 'SECTION', 'ORIENTAÇÕES PARA PRÁTICA 2: Saídas de Treinamento Prático (STP)', 12, 10, 8, 'AUTO', 0, 'OK', NULL, NULL, '2026-02-02 08:50:29', '2026-02-02 08:50:29', 8),
	(269, 2, 24, '2026-02-07', '2026-02-07 09:35:02', '2026-02-07 11:05:02', 'SECTION', 'PRÁTICA 2: Saídas de Treinamento Prático (STP)', 90, 90, 72, 'AUTO', 0, 'OK', NULL, NULL, '2026-02-02 08:50:29', '2026-02-02 08:50:29', 3),
	(270, 2, NULL, '2026-02-07', '2026-02-07 11:05:03', '2026-02-07 11:20:03', 'BREAK', 'Intervalo', 15, NULL, NULL, 'AUTO', 0, 'OK', NULL, '{"anchor": "break"}', '2026-02-02 08:50:29', '2026-02-02 08:50:29', 4),
	(271, 2, 25, '2026-02-07', '2026-02-07 11:20:04', '2026-02-07 12:00:04', 'SECTION', 'PRÁTICA 2: Relatório Público', 40, 40, 32, 'AUTO', 0, 'OK', NULL, NULL, '2026-02-02 08:50:29', '2026-02-02 08:50:29', 5),
	(272, 2, 26, '2026-02-07', '2026-02-07 12:00:05', '2026-02-07 12:35:05', 'SECTION', 'Unidade 4 — Compartilhando Seu Testemunho', 35, 35, 28, 'AUTO', 0, 'OK', NULL, NULL, '2026-02-02 08:50:29', '2026-02-02 08:50:29', 6),
	(273, 2, 27, '2026-02-07', '2026-02-07 12:35:06', '2026-02-07 13:10:06', 'SECTION', 'Unidade 5 — O Evangelho: Deus e Cristo', 35, 35, 28, 'AUTO', 0, 'OK', NULL, '{"segment_of": 27}', '2026-02-02 08:50:29', '2026-02-02 08:50:29', 7),
	(274, 2, NULL, '2026-02-07', '2026-02-07 13:10:07', '2026-02-07 13:20:07', 'BREAK', 'Intervalo', 10, NULL, NULL, 'AUTO', 0, 'OK', NULL, '{"anchor": "break"}', '2026-02-02 08:50:29', '2026-02-02 08:50:29', 8),
	(275, 2, 28, '2026-02-07', '2026-02-07 13:20:08', '2026-02-07 13:55:08', 'SECTION', 'Unidade 6 — O Evangelho: Fé', 35, 35, 28, 'AUTO', 0, 'OK', NULL, '{"segment_of": 28}', '2026-02-02 08:50:29', '2026-02-02 08:50:29', 9),
	(276, 2, 29, '2026-02-07', '2026-02-07 13:55:09', '2026-02-07 14:30:09', 'SECTION', 'Unidade 7 — Decisão e Acompanhamento', 35, 35, 28, 'AUTO', 0, 'OK', NULL, '{"segment_of": 29}', '2026-02-02 08:50:29', '2026-02-02 08:50:29', 10),
	(277, 2, 30, '2026-02-07', '2026-02-07 14:30:10', '2026-02-07 15:30:10', 'SECTION', 'Guia de Implementação do Ministério de Evangelismo Explosivo', 60, 60, 48, 'AUTO', 0, 'OK', NULL, '{"segment_of": 30}', '2026-02-02 08:50:29', '2026-02-02 08:50:29', 11),
	(278, 2, NULL, '2026-02-02', '2026-02-02 19:30:01', '2026-02-02 19:45:01', 'DEVOTIONAL', 'Devocional', 15, NULL, NULL, 'TEACHER', 0, 'OK', NULL, '{"block": "devotional", "anchor": "devotional"}', '2026-02-02 08:50:29', '2026-02-02 08:50:29', 2),
	(279, 2, NULL, '2026-02-03', '2026-02-03 19:00:00', '2026-02-03 19:20:00', 'WELCOME', 'Boas-vindas', 20, NULL, NULL, 'TEACHER', 0, 'OK', NULL, '{"block": "welcome", "anchor": "welcome"}', '2026-02-02 08:50:29', '2026-02-02 08:50:29', 1),
	(280, 2, NULL, '2026-02-03', '2026-02-03 19:20:01', '2026-02-03 19:35:01', 'DEVOTIONAL', 'Devocional', 15, NULL, NULL, 'TEACHER', 0, 'OK', NULL, '{"block": "devotional", "anchor": "devotional"}', '2026-02-02 08:50:29', '2026-02-02 08:50:29', 2),
	(281, 2, NULL, '2026-02-04', '2026-02-04 19:00:00', '2026-02-04 19:20:00', 'WELCOME', 'Boas-vindas', 20, NULL, NULL, 'TEACHER', 0, 'OK', NULL, '{"block": "welcome", "anchor": "welcome"}', '2026-02-02 08:50:29', '2026-02-02 08:50:29', 1),
	(282, 2, NULL, '2026-02-04', '2026-02-04 19:20:01', '2026-02-04 19:35:01', 'DEVOTIONAL', 'Devocional', 15, NULL, NULL, 'TEACHER', 0, 'OK', NULL, '{"block": "devotional", "anchor": "devotional"}', '2026-02-02 08:50:29', '2026-02-02 08:50:29', 2),
	(283, 2, NULL, '2026-02-04', '2026-02-04 20:23:03', '2026-02-04 20:33:03', 'BREAK', 'Intervalo', 10, NULL, NULL, 'AUTO', 0, 'OK', NULL, '{"auto_reason": "snack_off"}', '2026-02-02 08:50:29', '2026-02-02 08:50:29', 4),
	(284, 2, NULL, '2026-02-05', '2026-02-05 19:00:00', '2026-02-05 19:20:00', 'WELCOME', 'Boas-vindas', 20, NULL, NULL, 'TEACHER', 0, 'OK', NULL, '{"block": "welcome", "anchor": "welcome"}', '2026-02-02 08:50:29', '2026-02-02 08:50:29', 1),
	(285, 2, NULL, '2026-02-05', '2026-02-05 19:20:01', '2026-02-05 19:35:01', 'DEVOTIONAL', 'Devocional', 15, NULL, NULL, 'TEACHER', 0, 'OK', NULL, '{"block": "devotional", "anchor": "devotional"}', '2026-02-02 08:50:29', '2026-02-02 08:50:29', 2),
	(286, 2, NULL, '2026-02-06', '2026-02-06 19:00:00', '2026-02-06 19:20:00', 'WELCOME', 'Boas-vindas', 20, NULL, NULL, 'TEACHER', 0, 'OK', NULL, '{"block": "welcome", "anchor": "welcome"}', '2026-02-02 08:50:29', '2026-02-02 08:50:29', 1),
	(287, 2, NULL, '2026-02-06', '2026-02-06 19:20:01', '2026-02-06 19:35:01', 'DEVOTIONAL', 'Devocional', 15, NULL, NULL, 'TEACHER', 0, 'OK', NULL, '{"block": "devotional", "anchor": "devotional"}', '2026-02-02 08:50:29', '2026-02-02 08:50:29', 2),
	(288, 2, NULL, '2026-02-07', '2026-02-07 09:00:00', '2026-02-07 09:20:00', 'WELCOME', 'Boas-vindas', 20, NULL, NULL, 'TEACHER', 0, 'OK', NULL, '{"block": "welcome", "anchor": "welcome"}', '2026-02-02 08:50:29', '2026-02-02 08:50:29', 1),
	(289, 2, NULL, '2026-02-07', '2026-02-07 09:20:01', '2026-02-07 09:35:01', 'DEVOTIONAL', 'Devocional', 15, NULL, NULL, 'TEACHER', 0, 'OK', NULL, '{"block": "devotional", "anchor": "devotional"}', '2026-02-02 08:50:29', '2026-02-02 08:50:29', 2),
	(290, 2, NULL, '2026-02-07', '2026-02-07 15:30:11', '2026-02-07 15:40:11', 'BREAK', 'Intervalo', 10, NULL, NULL, 'AUTO', 0, 'OK', NULL, '{"auto_reason": "snack_off"}', '2026-02-02 08:50:29', '2026-02-02 08:50:29', 12),
	(291, 312, NULL, '2026-02-17', '2026-02-17 12:25:07', '2026-02-17 13:55:07', 'MEAL', 'Almoço', 90, NULL, NULL, 'TEACHER', 0, 'OK', NULL, '{"block": "lunch", "anchor": "lunch", "subkind": "lunch"}', '2026-02-02 08:58:06', '2026-02-02 09:01:56', 8),
	(292, 312, NULL, '2026-02-18', '2026-02-18 12:00:09', '2026-02-18 13:20:09', 'MEAL', 'Almoço', 80, NULL, NULL, 'TEACHER', 0, 'OK', NULL, '{"block": "lunch", "anchor": "lunch", "subkind": "lunch"}', '2026-02-02 09:02:44', '2026-02-02 09:06:49', 10),
	(293, 312, NULL, '2026-02-18', '2026-02-18 15:40:14', '2026-02-18 16:10:14', 'MEAL', 'Lanche', 30, NULL, NULL, 'TEACHER', 0, 'OK', NULL, '{"block": "snack", "anchor": "afternoon_snack", "subkind": "snack"}', '2026-02-02 09:06:04', '2026-02-02 09:06:49', 15),
	(294, 312, NULL, '2026-02-19', '2026-02-19 12:05:07', '2026-02-19 13:35:07', 'MEAL', 'Almoço', 90, NULL, NULL, 'TEACHER', 0, 'OK', NULL, '{"block": "lunch", "anchor": "lunch", "subkind": "lunch"}', '2026-02-02 09:06:06', '2026-02-02 09:07:09', 8),
	(295, 312, NULL, '2026-02-19', '2026-02-19 15:30:12', '2026-02-19 16:00:12', 'MEAL', 'Lanche', 30, NULL, NULL, 'TEACHER', 0, 'OK', NULL, '{"block": "snack", "anchor": "afternoon_snack", "subkind": "snack"}', '2026-02-02 09:06:07', '2026-02-02 09:07:09', 13);

CREATE TABLE IF NOT EXISTS `training_user` (
  `user_id` bigint unsigned DEFAULT NULL,
  `training_id` bigint unsigned DEFAULT NULL,
  `payment_receipt` varchar(255) COLLATE utf8mb4_unicode_ci DEFAULT NULL,
  `accredited` tinyint NOT NULL DEFAULT '0',
  `kit` tinyint NOT NULL DEFAULT '0',
  `payment` tinyint NOT NULL DEFAULT '0',
  KEY `training_user_user_id_foreign` (`user_id`),
  KEY `training_user_training_id_foreign` (`training_id`),
  CONSTRAINT `training_user_training_id_foreign` FOREIGN KEY (`training_id`) REFERENCES `trainings` (`id`) ON DELETE CASCADE ON UPDATE CASCADE,
  CONSTRAINT `training_user_user_id_foreign` FOREIGN KEY (`user_id`) REFERENCES `users` (`id`) ON DELETE CASCADE ON UPDATE CASCADE
) ENGINE=InnoDB DEFAULT CHARSET=utf8mb4 COLLATE=utf8mb4_unicode_ci;


CREATE TABLE IF NOT EXISTS `users` (
  `id` bigint unsigned NOT NULL AUTO_INCREMENT,
  `pastor` varchar(255) COLLATE utf8mb4_unicode_ci DEFAULT NULL,
  `name` varchar(255) COLLATE utf8mb4_unicode_ci NOT NULL,
  `birthdate` varchar(255) COLLATE utf8mb4_unicode_ci DEFAULT NULL,
  `gender` varchar(255) COLLATE utf8mb4_unicode_ci DEFAULT NULL,
  `profile_photo_path` varchar(255) COLLATE utf8mb4_unicode_ci DEFAULT NULL,
  `phone` varchar(255) COLLATE utf8mb4_unicode_ci DEFAULT NULL,
  `email` varchar(255) COLLATE utf8mb4_unicode_ci NOT NULL,
  `street` varchar(255) COLLATE utf8mb4_unicode_ci DEFAULT NULL,
  `number` varchar(255) COLLATE utf8mb4_unicode_ci DEFAULT NULL,
  `complement` varchar(255) COLLATE utf8mb4_unicode_ci DEFAULT NULL,
  `district` varchar(255) COLLATE utf8mb4_unicode_ci DEFAULT NULL,
  `city` varchar(255) COLLATE utf8mb4_unicode_ci DEFAULT NULL,
  `state` varchar(255) COLLATE utf8mb4_unicode_ci DEFAULT NULL,
  `postal_code` varchar(255) COLLATE utf8mb4_unicode_ci DEFAULT NULL,
  `notes` text COLLATE utf8mb4_unicode_ci,
  `email_verified_at` timestamp NULL DEFAULT NULL,
  `password` varchar(255) COLLATE utf8mb4_unicode_ci NOT NULL,
  `two_factor_secret` text COLLATE utf8mb4_unicode_ci,
  `two_factor_recovery_codes` text COLLATE utf8mb4_unicode_ci,
  `two_factor_confirmed_at` timestamp NULL DEFAULT NULL,
  `remember_token` varchar(100) COLLATE utf8mb4_unicode_ci DEFAULT NULL,
  `created_at` timestamp NULL DEFAULT NULL,
  `updated_at` timestamp NULL DEFAULT NULL,
  `church_id` bigint unsigned DEFAULT NULL,
  `church_temp_id` bigint unsigned DEFAULT NULL,
  PRIMARY KEY (`id`),
  UNIQUE KEY `users_email_unique` (`email`),
  KEY `users_church_id_foreign` (`church_id`),
  KEY `users_church_temp_id_foreign` (`church_temp_id`),
  CONSTRAINT `users_church_id_foreign` FOREIGN KEY (`church_id`) REFERENCES `churches` (`id`) ON DELETE SET NULL ON UPDATE CASCADE,
  CONSTRAINT `users_church_temp_id_foreign` FOREIGN KEY (`church_temp_id`) REFERENCES `church_temps` (`id`) ON DELETE SET NULL ON UPDATE CASCADE
) ENGINE=InnoDB AUTO_INCREMENT=106 DEFAULT CHARSET=utf8mb4 COLLATE=utf8mb4_unicode_ci;

INSERT INTO `users` (`id`, `pastor`, `name`, `birthdate`, `gender`, `profile_photo_path`, `phone`, `email`, `street`, `number`, `complement`, `district`, `city`, `state`, `postal_code`, `notes`, `email_verified_at`, `password`, `two_factor_secret`, `two_factor_recovery_codes`, `two_factor_confirmed_at`, `remember_token`, `created_at`, `updated_at`, `church_id`, `church_temp_id`) VALUES
	(1, NULL, 'Cleiton dos Santos', NULL, NULL, NULL, '21972765535', 'csilva@eeworks.org', NULL, NULL, NULL, NULL, NULL, NULL, NULL, NULL, NULL, '$2y$12$o5.8VqrcAFUR3fh1WzQyi.my.TfRNw5kohNB6XYwGyG2bP1JRiYsq', NULL, NULL, NULL, NULL, '2026-02-02 08:26:23', '2026-02-02 08:26:23', 1, NULL),
	(2, NULL, 'Jailton Barreto Rangel', NULL, NULL, NULL, '21991046211', 'jailtonbarreto@eeworks.org', NULL, NULL, NULL, NULL, NULL, NULL, NULL, NULL, NULL, '$2y$12$y0ktF5YP0KdyDN4YN4./D.JiHShEI10ZBLq5RJYATs9vNN9/E7Oke', NULL, NULL, NULL, NULL, '2026-02-02 08:26:24', '2026-02-02 08:26:24', 4, NULL),
	(3, NULL, 'Cleverson Rodrigues', NULL, NULL, NULL, '6692603673', 'cleverson@eebrasil.org.br', NULL, NULL, NULL, NULL, NULL, NULL, NULL, NULL, NULL, '$2y$12$u8l9mRfsas2JpChbqnNk5uPnaXoNv.Ixv/VwXoJ5MZvGRrgy3pK9C', NULL, NULL, NULL, NULL, '2026-02-02 08:26:24', '2026-02-02 08:26:24', 5, NULL),
	(4, NULL, 'Davdsion Freitas', NULL, NULL, NULL, '21992192082', 'davidsonfreitas@eebrasil.org.br', NULL, NULL, NULL, NULL, NULL, NULL, NULL, NULL, NULL, '$2y$12$OSz33Xst8/u6/NQCt27KD.hm4eh6qoGKY6FiD6rNdDI9ZI1s.aepC', NULL, NULL, NULL, NULL, '2026-02-02 08:26:24', '2026-02-02 08:26:24', 3, NULL),
	(5, NULL, 'Robert D. Foster', NULL, NULL, NULL, '6787364150', 'rfoster@eeworks.org', NULL, NULL, NULL, NULL, NULL, NULL, NULL, NULL, NULL, '$2y$12$ySVLrMSvH/ocVoVyTMOR0.a8QutXuy3SpcAPx0lYz82.IK191lT2y', NULL, NULL, NULL, NULL, '2026-02-02 08:26:24', '2026-02-02 08:26:24', 6, NULL),
	(6, NULL, 'Daniel Santana', '1970-04-20', 'Feminino', NULL, '71917875128', 'trangel@example.com', 'Travessa Independencia', '7103', 'Apto 101', 'Santa Clara', 'Salvador', 'RJ', '42804391', 'Saepe numquam nisi consequuntur quod autem omnis eius ut exercitationem accusantium molestias mollitia vero quis culpa.', '2026-02-02 08:26:24', '$2y$12$M.5VEQFbUu.N6hNC0SLuX./x8b3rEc25zvDyJzTyem9h53mnsaQ2y', NULL, NULL, NULL, '6gpKFTC0pu', '2026-02-02 08:26:25', '2026-02-02 08:26:25', 15, NULL),
	(7, NULL, 'Felipe Almeida', NULL, NULL, NULL, '91934438459', 'daniela.dias@example.com', 'Alameda Santos Dumont', '3920', NULL, 'Nova Esperanca', 'Goiania', 'BA', '43975371', NULL, '2026-02-02 08:26:25', '$2y$12$M.5VEQFbUu.N6hNC0SLuX./x8b3rEc25zvDyJzTyem9h53mnsaQ2y', NULL, NULL, NULL, 'VR7Mkrgwup', '2026-02-02 08:26:25', '2026-02-02 08:26:25', 13, NULL),
	(8, 'Pr. Tiago Almeida', 'Carolina Pereira', '1977-12-22', 'Feminino', NULL, '51994321785', 'sales.adriel@example.net', 'Alameda Getulio Vargas', '427', NULL, 'Vila Nova', 'Curitiba', 'PA', '85251717', NULL, '2026-02-02 08:26:25', '$2y$12$M.5VEQFbUu.N6hNC0SLuX./x8b3rEc25zvDyJzTyem9h53mnsaQ2y', NULL, NULL, NULL, 'lVF1P8cx9Q', '2026-02-02 08:26:25', '2026-02-02 08:26:25', 19, NULL),
	(9, NULL, 'Joao Ribeiro', '1987-12-22', 'Masculino', NULL, '51917064692', 'luis76@example.net', 'Rua Getulio Vargas', '3500', 'Apto 101', 'Bela Vista', 'Brasilia', 'PR', '47735396', NULL, '2026-02-02 08:26:25', '$2y$12$M.5VEQFbUu.N6hNC0SLuX./x8b3rEc25zvDyJzTyem9h53mnsaQ2y', NULL, NULL, NULL, 'pwf7pLc15B', '2026-02-02 08:26:25', '2026-02-02 08:26:25', 3, NULL),
	(10, 'Pr. Carlos Cardoso', 'Paulo Lima', '2009-04-02', 'Outro', NULL, '61913003967', 'padilha.manuel@example.com', 'Alameda Getulio Vargas', '773', NULL, 'Boa Vista', 'Sao Paulo', 'PR', '06104259', NULL, '2026-02-02 08:26:25', '$2y$12$M.5VEQFbUu.N6hNC0SLuX./x8b3rEc25zvDyJzTyem9h53mnsaQ2y', NULL, NULL, NULL, '8A1mKjxIl8', '2026-02-02 08:26:25', '2026-02-02 08:26:25', 15, NULL),
	(11, NULL, 'Vitor Barbosa', NULL, 'Outro', NULL, '11977176309', 'adriano54@example.org', 'Avenida Paulista', '3638', 'Casa 2', 'Boa Vista', 'Belem', 'MG', '90848547', 'Magnam animi optio culpa quasi voluptatibus placeat consequatur non ut porro id illo error reiciendis iusto.', '2026-02-02 08:26:25', '$2y$12$M.5VEQFbUu.N6hNC0SLuX./x8b3rEc25zvDyJzTyem9h53mnsaQ2y', NULL, NULL, NULL, 'xF5pHGjZtV', '2026-02-02 08:26:25', '2026-02-02 08:26:25', 17, NULL),
	(12, NULL, 'Larissa Rocha', '1995-04-10', 'Masculino', NULL, '91944296947', 'matias.cristian@example.net', 'Alameda Getulio Vargas', '2858', 'Casa 2', 'Jardim das Oliveiras', 'Recife', 'AM', '30616631', NULL, '2026-02-02 08:26:25', '$2y$12$M.5VEQFbUu.N6hNC0SLuX./x8b3rEc25zvDyJzTyem9h53mnsaQ2y', NULL, NULL, NULL, 'r4gOSR5G8x', '2026-02-02 08:26:25', '2026-02-02 08:26:25', 7, NULL),
	(13, NULL, 'Isabela Martins', '2003-03-07', 'Outro', NULL, '85982068560', 'bernardo73@example.org', 'Travessa das Flores', '3563', NULL, 'Parque das Nacoes', 'Salvador', 'CE', '54383875', 'Eum fuga sunt voluptate sunt porro dolorem sapiente optio libero unde minima doloribus in aut vel.', '2026-02-02 08:26:25', '$2y$12$M.5VEQFbUu.N6hNC0SLuX./x8b3rEc25zvDyJzTyem9h53mnsaQ2y', NULL, NULL, NULL, 'PtUqkHyO8V', '2026-02-02 08:26:25', '2026-02-02 08:26:25', 5, NULL),
	(14, NULL, 'Joao Gomes', NULL, 'Feminino', NULL, '71998696757', 'flavia.defreitas@example.org', 'Avenida Santos Dumont', '5819', NULL, 'Parque das Nacoes', 'Belo Horizonte', 'CE', '21401794', NULL, '2026-02-02 08:26:25', '$2y$12$M.5VEQFbUu.N6hNC0SLuX./x8b3rEc25zvDyJzTyem9h53mnsaQ2y', NULL, NULL, NULL, 'ZLbGZjbmAN', '2026-02-02 08:26:25', '2026-02-02 08:26:25', 10, NULL),
	(15, NULL, 'Paulo Rezende', '2018-05-27', 'Outro', NULL, '31934125510', 'maldonado.murilo@example.com', 'Alameda Getulio Vargas', '2710', NULL, 'Jardim America', 'Manaus', 'GO', '00290280', 'Velit atque optio voluptatem autem soluta et tempora illum.', '2026-02-02 08:26:25', '$2y$12$M.5VEQFbUu.N6hNC0SLuX./x8b3rEc25zvDyJzTyem9h53mnsaQ2y', NULL, NULL, NULL, 'muMsYeJ2qH', '2026-02-02 08:26:25', '2026-02-02 08:26:25', 5, NULL),
	(16, NULL, 'Paulo Moura', '1980-06-19', 'Outro', NULL, '85976066014', 'branco.lavinia@example.org', 'Avenida Paulista', '6', NULL, 'Nova Esperanca', 'Recife', 'GO', '42993430', NULL, '2026-02-02 08:26:25', '$2y$12$M.5VEQFbUu.N6hNC0SLuX./x8b3rEc25zvDyJzTyem9h53mnsaQ2y', NULL, NULL, NULL, '1IOL0BaHUN', '2026-02-02 08:26:25', '2026-02-02 08:26:25', 5, NULL),
	(17, NULL, 'Camila Carvalho', '1990-06-18', 'Masculino', NULL, '71912804250', 'luiz.fontes@example.net', 'Avenida Sete de Setembro', '4204', NULL, 'Boa Vista', 'Fortaleza', 'SP', '19524191', NULL, '2026-02-02 08:26:25', '$2y$12$M.5VEQFbUu.N6hNC0SLuX./x8b3rEc25zvDyJzTyem9h53mnsaQ2y', NULL, NULL, NULL, 'FiyTk4hIFb', '2026-02-02 08:26:25', '2026-02-02 08:26:25', 26, NULL),
	(18, NULL, 'Paulo Rocha', '1996-12-05', 'Masculino', NULL, '91903773150', 'chaves.maicon@example.net', 'Travessa Getulio Vargas', '7877', NULL, 'Vila Esperanca', 'Rio de Janeiro', 'GO', '04487623', 'Et voluptates labore facere necessitatibus corporis dolore tempore.', '2026-02-02 08:26:25', '$2y$12$M.5VEQFbUu.N6hNC0SLuX./x8b3rEc25zvDyJzTyem9h53mnsaQ2y', NULL, NULL, NULL, 'zbeHWATTpn', '2026-02-02 08:26:25', '2026-02-02 08:26:25', 3, NULL),
	(19, NULL, 'Fernanda Barbosa', '1984-09-04', 'Outro', NULL, '91960240551', 'santiago.camila@example.org', 'Rua Paulista', '328', NULL, 'Nova Esperanca', 'Salvador', 'PE', '69003099', NULL, '2026-02-02 08:26:25', '$2y$12$M.5VEQFbUu.N6hNC0SLuX./x8b3rEc25zvDyJzTyem9h53mnsaQ2y', NULL, NULL, NULL, 'ov3XKQQLzf', '2026-02-02 08:26:25', '2026-02-02 08:26:25', 3, NULL),
	(20, NULL, 'Tiago Rezende', '2005-12-01', 'Masculino', NULL, '21994362447', 'josefina82@example.org', 'Travessa Independencia', '318', NULL, 'Parque das Nacoes', 'Salvador', 'RS', '67746455', NULL, '2026-02-02 08:26:25', '$2y$12$M.5VEQFbUu.N6hNC0SLuX./x8b3rEc25zvDyJzTyem9h53mnsaQ2y', NULL, NULL, NULL, 'tEotTCuZQf', '2026-02-02 08:26:25', '2026-02-02 08:26:25', 21, NULL),
	(21, 'Pra. Rafael Souza', 'Gabriel Souza', '1989-04-18', 'Masculino', NULL, '51904587199', 'leandro.torres@example.net', 'Rua dos Ipes', '7451', NULL, 'Jardim America', 'Belem', 'PE', '07974559', NULL, '2026-02-02 08:26:25', '$2y$12$M.5VEQFbUu.N6hNC0SLuX./x8b3rEc25zvDyJzTyem9h53mnsaQ2y', NULL, NULL, NULL, '829zkGgjs3', '2026-02-02 08:26:25', '2026-02-02 08:26:25', 2, NULL),
	(22, 'Pr. Beatriz Pereira', 'Gabriel Rezende', NULL, 'Feminino', NULL, '61957840074', 'carrara.manuel@example.net', 'Alameda Independencia', '2060', NULL, 'Centro', 'Brasilia', 'PA', '77907410', NULL, '2026-02-02 08:26:25', '$2y$12$M.5VEQFbUu.N6hNC0SLuX./x8b3rEc25zvDyJzTyem9h53mnsaQ2y', NULL, NULL, NULL, '4BhkeHmk7e', '2026-02-02 08:26:25', '2026-02-02 08:26:25', 9, NULL),
	(23, 'Pra. Joao Silva', 'Tiago Rezende', NULL, 'Outro', NULL, '51997103047', 'kelly22@example.org', 'Rua das Flores', '5658', 'Casa 2', 'Boa Vista', 'Belo Horizonte', 'PR', '18789960', NULL, '2026-02-02 08:26:25', '$2y$12$M.5VEQFbUu.N6hNC0SLuX./x8b3rEc25zvDyJzTyem9h53mnsaQ2y', NULL, NULL, NULL, 'SsJgwkCnVS', '2026-02-02 08:26:25', '2026-02-02 08:26:25', 8, NULL),
	(24, NULL, 'Daniel Rocha', NULL, 'Feminino', NULL, '21924552979', 'zsepulveda@example.net', 'Alameda das Flores', '4292', NULL, 'Santa Clara', 'Porto Alegre', 'PR', '60267048', NULL, '2026-02-02 08:26:25', '$2y$12$M.5VEQFbUu.N6hNC0SLuX./x8b3rEc25zvDyJzTyem9h53mnsaQ2y', NULL, NULL, NULL, 'Cz42oFGqbz', '2026-02-02 08:26:25', '2026-02-02 08:26:25', 11, NULL),
	(25, NULL, 'Carlos Almeida', '1978-06-27', 'Feminino', NULL, '41932870579', 'diego.matias@example.com', 'Alameda Getulio Vargas', '7286', 'Apto 101', 'Vila Esperanca', 'Manaus', 'PR', '58207808', NULL, '2026-02-02 08:26:25', '$2y$12$M.5VEQFbUu.N6hNC0SLuX./x8b3rEc25zvDyJzTyem9h53mnsaQ2y', NULL, NULL, NULL, 'jqE9UwcaYK', '2026-02-02 08:26:25', '2026-02-02 08:26:25', 18, NULL),
	(26, NULL, 'Paulo Costa', '2009-10-14', 'Feminino', NULL, '41941336401', 'miguel43@example.com', 'Alameda das Flores', '2450', NULL, 'Parque das Nacoes', 'Porto Alegre', 'MG', '46063171', 'Asperiores porro amet sit eius perferendis molestias eum laborum.', '2026-02-02 08:26:25', '$2y$12$M.5VEQFbUu.N6hNC0SLuX./x8b3rEc25zvDyJzTyem9h53mnsaQ2y', NULL, NULL, NULL, 'uOTjUXi4DI', '2026-02-02 08:26:25', '2026-02-02 08:26:25', 11, NULL),
	(27, NULL, 'Eduardo Ribeiro', '2018-12-24', 'Feminino', NULL, '11962403919', 'lia22@example.com', 'Alameda Brasil', '1495', 'Apto 101', 'Jardim America', 'Curitiba', 'RJ', '85207205', NULL, '2026-02-02 08:26:25', '$2y$12$M.5VEQFbUu.N6hNC0SLuX./x8b3rEc25zvDyJzTyem9h53mnsaQ2y', NULL, NULL, NULL, 'V65OmfplpL', '2026-02-02 08:26:25', '2026-02-02 08:26:25', 7, NULL),
	(28, NULL, 'Mariana Silva', '2003-10-12', 'Feminino', NULL, '71984142454', 'nsolano@example.net', 'Alameda Independencia', '4876', NULL, 'Bela Vista', 'Manaus', 'RJ', '15724696', NULL, '2026-02-02 08:26:25', '$2y$12$M.5VEQFbUu.N6hNC0SLuX./x8b3rEc25zvDyJzTyem9h53mnsaQ2y', NULL, NULL, NULL, 'wxsXzWfYU3', '2026-02-02 08:26:25', '2026-02-02 08:26:25', 6, NULL),
	(29, NULL, 'Patricia Lima', '2017-07-09', 'Masculino', NULL, '31923217233', 'paulo60@example.com', 'Travessa Sete de Setembro', '6844', NULL, 'Santa Clara', 'Manaus', 'GO', '39088770', NULL, '2026-02-02 08:26:25', '$2y$12$M.5VEQFbUu.N6hNC0SLuX./x8b3rEc25zvDyJzTyem9h53mnsaQ2y', NULL, NULL, NULL, 'Ta4Qczr2aj', '2026-02-02 08:26:25', '2026-02-02 08:26:25', 24, NULL),
	(30, NULL, 'Henrique Rocha', NULL, 'Masculino', NULL, '71996839133', 'daniele.tamoio@example.com', 'Alameda dos Ipes', '2022', NULL, 'Parque das Nacoes', 'Recife', 'AM', '62814187', NULL, '2026-02-02 08:26:25', '$2y$12$M.5VEQFbUu.N6hNC0SLuX./x8b3rEc25zvDyJzTyem9h53mnsaQ2y', NULL, NULL, NULL, 'Jq5ige7zf6', '2026-02-02 08:26:25', '2026-02-02 08:26:25', 8, NULL),
	(31, NULL, 'Camila Costa', '1975-01-19', 'Masculino', NULL, '31902591282', 'urocha@example.net', 'Avenida Santos Dumont', '8788', NULL, 'Vila Esperanca', 'Curitiba', 'PA', '72598817', NULL, '2026-02-02 08:26:25', '$2y$12$M.5VEQFbUu.N6hNC0SLuX./x8b3rEc25zvDyJzTyem9h53mnsaQ2y', NULL, NULL, NULL, 'eClQNN2II8', '2026-02-02 08:26:25', '2026-02-02 08:26:25', 5, NULL),
	(32, 'Pra. Paulo Dias', 'Vitor Barbosa', '1987-05-08', 'Outro', NULL, '41976568870', 'micaela44@example.com', 'Avenida Brasil', '9478', 'Apto 101', 'Jardim das Oliveiras', 'Recife', 'PA', '00127379', 'Eum occaecati laudantium dolorum odio vero id error doloremque beatae iste earum dolorem corrupti.', '2026-02-02 08:26:25', '$2y$12$M.5VEQFbUu.N6hNC0SLuX./x8b3rEc25zvDyJzTyem9h53mnsaQ2y', NULL, NULL, NULL, 'Oof2rJ9ovd', '2026-02-02 08:26:25', '2026-02-02 08:26:25', 1, NULL),
	(33, NULL, 'Vitor Souza', NULL, 'Feminino', NULL, '91966281496', 'carvalho.daiana@example.com', 'Travessa Brasil', '6080', NULL, 'Jardim America', 'Fortaleza', 'PA', '94750539', NULL, '2026-02-02 08:26:25', '$2y$12$M.5VEQFbUu.N6hNC0SLuX./x8b3rEc25zvDyJzTyem9h53mnsaQ2y', NULL, NULL, NULL, 'Qr67WbTCpe', '2026-02-02 08:26:25', '2026-02-02 08:26:25', 12, NULL),
	(34, NULL, 'Fernanda Pereira', '2011-07-19', 'Outro', NULL, '81968138854', 'tainara82@example.com', 'Avenida Rio Branco', '6392', NULL, 'Vila Esperanca', 'Recife', 'GO', '69994944', NULL, '2026-02-02 08:26:25', '$2y$12$M.5VEQFbUu.N6hNC0SLuX./x8b3rEc25zvDyJzTyem9h53mnsaQ2y', NULL, NULL, NULL, 'mi58Z46ki1', '2026-02-02 08:26:25', '2026-02-02 08:26:25', 10, NULL),
	(35, 'Pra. Tiago Pereira', 'Andre Rocha', NULL, 'Outro', NULL, '85967638068', 'ibranco@example.net', 'Avenida dos Ipes', '560', NULL, 'Nova Esperanca', 'Belem', 'MG', '76006288', NULL, '2026-02-02 08:26:25', '$2y$12$M.5VEQFbUu.N6hNC0SLuX./x8b3rEc25zvDyJzTyem9h53mnsaQ2y', NULL, NULL, NULL, 'CwLOyHWwzZ', '2026-02-02 08:26:25', '2026-02-02 08:26:25', 11, NULL),
	(36, 'Pra. Patricia Souza', 'Vitor Lima', '2009-06-13', NULL, NULL, '61953509533', 'ndias@example.org', 'Avenida Independencia', '4753', NULL, 'Parque das Nacoes', 'Goiania', 'RJ', '35545058', NULL, '2026-02-02 08:26:25', '$2y$12$M.5VEQFbUu.N6hNC0SLuX./x8b3rEc25zvDyJzTyem9h53mnsaQ2y', NULL, NULL, NULL, 'aPvIxEtqJj', '2026-02-02 08:26:25', '2026-02-02 08:26:25', 22, NULL),
	(37, NULL, 'Joao Cardoso', '2008-05-28', 'Outro', NULL, '31902355678', 'epadilha@example.net', 'Rua Rio Branco', '8054', 'Bloco B', 'Vila Esperanca', 'Belo Horizonte', 'CE', '79945633', NULL, '2026-02-02 08:26:25', '$2y$12$M.5VEQFbUu.N6hNC0SLuX./x8b3rEc25zvDyJzTyem9h53mnsaQ2y', NULL, NULL, NULL, 'LO4jehVxi6', '2026-02-02 08:26:25', '2026-02-02 08:26:25', 4, NULL),
	(38, NULL, 'Rafael Barbosa', '1997-03-29', 'Masculino', NULL, '61972808444', 'emanuelly.santacruz@example.org', 'Avenida Sete de Setembro', '2974', NULL, 'Nova Esperanca', 'Salvador', 'RS', '95829208', NULL, '2026-02-02 08:26:25', '$2y$12$M.5VEQFbUu.N6hNC0SLuX./x8b3rEc25zvDyJzTyem9h53mnsaQ2y', NULL, NULL, NULL, 'FVFaFu1xjh', '2026-02-02 08:26:25', '2026-02-02 08:26:25', 22, NULL),
	(39, NULL, 'Daniel Rezende', '2006-08-16', NULL, NULL, '11934374845', 'julio05@example.net', 'Alameda Brasil', '6986', NULL, 'Vila Nova', 'Recife', 'PA', '91653025', NULL, '2026-02-02 08:26:25', '$2y$12$M.5VEQFbUu.N6hNC0SLuX./x8b3rEc25zvDyJzTyem9h53mnsaQ2y', NULL, NULL, NULL, 'zko1vasnRG', '2026-02-02 08:26:25', '2026-02-02 08:26:25', 17, NULL),
	(40, 'Pr. Rafael Carvalho', 'Gabriel Moura', '1991-06-16', 'Outro', NULL, '61907100081', 'maraisa00@example.org', 'Avenida Brasil', '6623', NULL, 'Santa Clara', 'Porto Alegre', 'RJ', '19974384', NULL, '2026-02-02 08:26:25', '$2y$12$M.5VEQFbUu.N6hNC0SLuX./x8b3rEc25zvDyJzTyem9h53mnsaQ2y', NULL, NULL, NULL, 'YfNz5CVsmJ', '2026-02-02 08:26:25', '2026-02-02 08:26:25', 3, NULL),
	(41, NULL, 'Camila Gomes', '1974-09-01', 'Feminino', NULL, '81944086561', 'leandro63@example.org', 'Rua dos Ipes', '234', NULL, 'Nova Esperanca', 'Brasilia', 'RJ', '07219134', NULL, '2026-02-02 08:26:25', '$2y$12$M.5VEQFbUu.N6hNC0SLuX./x8b3rEc25zvDyJzTyem9h53mnsaQ2y', NULL, NULL, NULL, 'diLab5QXF6', '2026-02-02 08:26:25', '2026-02-02 08:26:25', 12, NULL),
	(42, 'Pra. Patricia Ramos', 'Patricia Carvalho', '1990-07-30', 'Outro', NULL, '21978756119', 'juliane.deaguiar@example.com', 'Avenida Independencia', '160', NULL, 'Vila Nova', 'Recife', 'CE', '55424508', 'Qui quae maxime facere maiores hic sed dicta doloribus.', '2026-02-02 08:26:25', '$2y$12$M.5VEQFbUu.N6hNC0SLuX./x8b3rEc25zvDyJzTyem9h53mnsaQ2y', NULL, NULL, NULL, 'Y6Z4m51EC8', '2026-02-02 08:26:25', '2026-02-02 08:26:25', 12, NULL),
	(43, NULL, 'Carolina Almeida', '1999-06-11', 'Outro', NULL, '11911651682', 'roberto.ortega@example.net', 'Rua Rio Branco', '4268', NULL, 'Jardim America', 'Rio de Janeiro', 'RS', '23645432', NULL, '2026-02-02 08:26:25', '$2y$12$M.5VEQFbUu.N6hNC0SLuX./x8b3rEc25zvDyJzTyem9h53mnsaQ2y', NULL, NULL, NULL, 'dotQR5q7up', '2026-02-02 08:26:25', '2026-02-02 08:26:25', 25, NULL),
	(44, NULL, 'Paulo Gomes', '2004-05-03', 'Masculino', NULL, '91960021266', 'benites.miranda@example.net', 'Avenida Independencia', '2691', 'Bloco B', 'Santa Clara', 'Recife', 'DF', '88686628', NULL, '2026-02-02 08:26:25', '$2y$12$M.5VEQFbUu.N6hNC0SLuX./x8b3rEc25zvDyJzTyem9h53mnsaQ2y', NULL, NULL, NULL, 'tUXM1FAqlE', '2026-02-02 08:26:25', '2026-02-02 08:26:25', 18, NULL),
	(45, NULL, 'Eduardo Ribeiro', '1975-11-17', 'Feminino', NULL, '11919481363', 'eunice94@example.net', 'Alameda dos Ipes', '6291', 'Fundos', 'Santa Clara', 'Manaus', 'CE', '71041923', NULL, '2026-02-02 08:26:25', '$2y$12$M.5VEQFbUu.N6hNC0SLuX./x8b3rEc25zvDyJzTyem9h53mnsaQ2y', NULL, NULL, NULL, 'aaqEmQU9Qx', '2026-02-02 08:26:25', '2026-02-02 08:26:25', 15, NULL),
	(46, NULL, 'Patricia Barbosa', '1994-12-18', 'Masculino', NULL, '71999663710', 'guilherme.delatorre@example.net', 'Rua Santos Dumont', '9661', NULL, 'Nova Esperanca', 'Curitiba', 'BA', '52178966', NULL, '2026-02-02 08:26:25', '$2y$12$M.5VEQFbUu.N6hNC0SLuX./x8b3rEc25zvDyJzTyem9h53mnsaQ2y', NULL, NULL, NULL, 'i7FRhUFGqN', '2026-02-02 08:26:25', '2026-02-02 08:26:25', 1, NULL),
	(47, NULL, 'Eduardo Martins', NULL, 'Feminino', NULL, '51972217253', 'alves.henrique@example.net', 'Alameda Sete de Setembro', '6973', 'Casa 2', 'Boa Vista', 'Sao Paulo', 'GO', '83667294', NULL, '2026-02-02 08:26:25', '$2y$12$M.5VEQFbUu.N6hNC0SLuX./x8b3rEc25zvDyJzTyem9h53mnsaQ2y', NULL, NULL, NULL, 'cqg5GFnbzp', '2026-02-02 08:26:25', '2026-02-02 08:26:25', 7, NULL),
	(48, 'Pra. Gabriel Rocha', 'Renata Rezende', '1987-03-05', 'Masculino', NULL, '71963332177', 'santiago08@example.com', 'Alameda dos Ipes', '181', NULL, 'Jardim America', 'Belem', 'PA', '76498077', 'Beatae expedita et non eum officia reiciendis qui.', '2026-02-02 08:26:25', '$2y$12$M.5VEQFbUu.N6hNC0SLuX./x8b3rEc25zvDyJzTyem9h53mnsaQ2y', NULL, NULL, NULL, 'ux4u9PFMr2', '2026-02-02 08:26:25', '2026-02-02 08:26:25', 2, NULL),
	(49, NULL, 'Vitor Rocha', NULL, 'Feminino', NULL, '91911026629', 'theo.vieira@example.org', 'Travessa dos Ipes', '423', NULL, 'Vila Esperanca', 'Sao Paulo', 'RS', '80609644', NULL, '2026-02-02 08:26:25', '$2y$12$M.5VEQFbUu.N6hNC0SLuX./x8b3rEc25zvDyJzTyem9h53mnsaQ2y', NULL, NULL, NULL, 'dwVpgUKV8m', '2026-02-02 08:26:25', '2026-02-02 08:26:25', 11, NULL),
	(50, NULL, 'Lucas Almeida', '2012-12-19', 'Outro', NULL, '21950573439', 'osolano@example.org', 'Avenida das Flores', '668', NULL, 'Parque das Nacoes', 'Belo Horizonte', 'PE', '20503540', NULL, '2026-02-02 08:26:25', '$2y$12$M.5VEQFbUu.N6hNC0SLuX./x8b3rEc25zvDyJzTyem9h53mnsaQ2y', NULL, NULL, NULL, 'LOzP0l7v2O', '2026-02-02 08:26:25', '2026-02-02 08:26:25', 15, NULL),
	(51, 'Pra. Juliana Costa', 'Renata Moura', '2004-02-06', 'Masculino', NULL, '81919363461', 'omaldonado@example.org', 'Rua Rio Branco', '750', NULL, 'Bela Vista', 'Rio de Janeiro', 'AM', '74755921', NULL, '2026-02-02 08:26:25', '$2y$12$M.5VEQFbUu.N6hNC0SLuX./x8b3rEc25zvDyJzTyem9h53mnsaQ2y', NULL, NULL, NULL, 'q6tRyvybfg', '2026-02-02 08:26:25', '2026-02-02 08:26:25', 13, NULL),
	(52, 'Pr. Larissa Carvalho', 'Andre Martins', '1973-08-30', 'Masculino', NULL, '81981460731', 'igor91@example.org', 'Alameda dos Ipes', '4827', 'Fundos', 'Santa Clara', 'Recife', 'BA', '46332341', NULL, '2026-02-02 08:26:25', '$2y$12$M.5VEQFbUu.N6hNC0SLuX./x8b3rEc25zvDyJzTyem9h53mnsaQ2y', NULL, NULL, NULL, 'QYlqUGM9iW', '2026-02-02 08:26:25', '2026-02-02 08:26:25', 25, NULL),
	(53, NULL, 'Rafael Costa', '2020-01-19', 'Outro', NULL, '85951411000', 'gael45@example.net', 'Rua Getulio Vargas', '826', NULL, 'Nova Esperanca', 'Fortaleza', 'RJ', '82599602', NULL, '2026-02-02 08:26:25', '$2y$12$M.5VEQFbUu.N6hNC0SLuX./x8b3rEc25zvDyJzTyem9h53mnsaQ2y', NULL, NULL, NULL, 'bDjRmlSemb', '2026-02-02 08:26:25', '2026-02-02 08:26:25', 15, NULL),
	(54, 'Pr. Daniel Ferreira', 'Renata Moura', NULL, 'Masculino', NULL, '81907008257', 'vinicius.romero@example.net', 'Alameda dos Ipes', '361', 'Fundos', 'Nova Esperanca', 'Salvador', 'GO', '68294723', 'Dolorem animi necessitatibus et vitae voluptatem laudantium molestias quae aspernatur.', '2026-02-02 08:26:25', '$2y$12$M.5VEQFbUu.N6hNC0SLuX./x8b3rEc25zvDyJzTyem9h53mnsaQ2y', NULL, NULL, NULL, 'kLsA2Ojhqd', '2026-02-02 08:26:25', '2026-02-02 08:26:25', 23, NULL),
	(55, NULL, 'Carlos Carvalho', '1986-08-09', 'Feminino', NULL, '21948768831', 'jacomo55@example.org', 'Travessa dos Ipes', '4877', NULL, 'Santa Clara', 'Brasilia', 'DF', '18171348', NULL, '2026-02-02 08:26:25', '$2y$12$M.5VEQFbUu.N6hNC0SLuX./x8b3rEc25zvDyJzTyem9h53mnsaQ2y', NULL, NULL, NULL, 'xJc0cKyOb0', '2026-02-02 08:26:25', '2026-02-02 08:26:25', 20, NULL),
	(56, NULL, 'Mariana Costa', '1998-03-11', 'Feminino', NULL, '31980553719', 'bruna.medina@example.com', 'Alameda Getulio Vargas', '9289', NULL, 'Parque das Nacoes', 'Fortaleza', 'RJ', '07420846', NULL, '2026-02-02 08:26:25', '$2y$12$M.5VEQFbUu.N6hNC0SLuX./x8b3rEc25zvDyJzTyem9h53mnsaQ2y', NULL, NULL, NULL, 'QBDS4uqVH3', '2026-02-02 08:26:25', '2026-02-02 08:26:25', 4, NULL),
	(57, NULL, 'Joao Almeida', '2013-06-21', 'Masculino', NULL, '21965149667', 'wcaldeira@example.net', 'Alameda das Flores', '9222', NULL, 'Vila Nova', 'Recife', 'RJ', '40173432', NULL, '2026-02-02 08:26:25', '$2y$12$M.5VEQFbUu.N6hNC0SLuX./x8b3rEc25zvDyJzTyem9h53mnsaQ2y', NULL, NULL, NULL, 'lYKwrydBZd', '2026-02-02 08:26:25', '2026-02-02 08:26:25', 9, NULL),
	(58, 'Pra. Tiago Lima', 'Eduardo Ramos', '1980-11-27', 'Outro', NULL, '21900543870', 'martinho.vila@example.net', 'Travessa Sete de Setembro', '6238', NULL, 'Bela Vista', 'Fortaleza', 'PR', '47909864', NULL, '2026-02-02 08:26:25', '$2y$12$M.5VEQFbUu.N6hNC0SLuX./x8b3rEc25zvDyJzTyem9h53mnsaQ2y', NULL, NULL, NULL, 'wEt0EvV0dq', '2026-02-02 08:26:25', '2026-02-02 08:26:25', 17, NULL),
	(59, 'Pr. Eduardo Rezende', 'Amanda Almeida', NULL, 'Masculino', NULL, '71966331688', 'dzaragoca@example.net', 'Avenida Sete de Setembro', '7329', 'Fundos', 'Jardim America', 'Manaus', 'PE', '59407710', 'Nemo iure asperiores vel iste ut consectetur odit neque sint est.', '2026-02-02 08:26:25', '$2y$12$M.5VEQFbUu.N6hNC0SLuX./x8b3rEc25zvDyJzTyem9h53mnsaQ2y', NULL, NULL, NULL, 'YN8TqHKjMY', '2026-02-02 08:26:25', '2026-02-02 08:26:25', 24, NULL),
	(60, NULL, 'Mariana Rezende', '2004-03-25', 'Feminino', NULL, '81909467375', 'melissa.vila@example.com', 'Avenida Independencia', '7851', 'Bloco B', 'Boa Vista', 'Brasilia', 'PE', '82689362', NULL, '2026-02-02 08:26:25', '$2y$12$M.5VEQFbUu.N6hNC0SLuX./x8b3rEc25zvDyJzTyem9h53mnsaQ2y', NULL, NULL, NULL, 'i4BecGjhNG', '2026-02-02 08:26:25', '2026-02-02 08:26:25', 25, NULL),
	(61, NULL, 'Paulo Souza', '2001-04-16', 'Masculino', NULL, '61988902796', 'salas.ruth@example.net', 'Travessa das Flores', '5120', NULL, 'Vila Nova', 'Rio de Janeiro', 'BA', '68943057', NULL, '2026-02-02 08:26:25', '$2y$12$M.5VEQFbUu.N6hNC0SLuX./x8b3rEc25zvDyJzTyem9h53mnsaQ2y', NULL, NULL, NULL, 'YjiQpDh3Ng', '2026-02-02 08:26:25', '2026-02-02 08:26:25', 22, NULL),
	(62, 'Pra. Isabela Souza', 'Patricia Moura', '1988-03-30', 'Outro', NULL, '85982912787', 'benjamin82@example.net', 'Avenida Rio Branco', '6182', NULL, 'Jardim das Oliveiras', 'Fortaleza', 'MG', '37426515', NULL, '2026-02-02 08:26:25', '$2y$12$M.5VEQFbUu.N6hNC0SLuX./x8b3rEc25zvDyJzTyem9h53mnsaQ2y', NULL, NULL, NULL, 'gMDgakBi3j', '2026-02-02 08:26:25', '2026-02-02 08:26:25', 5, NULL),
	(63, NULL, 'Vitor Ribeiro', '2008-07-11', NULL, NULL, '85954743605', 'feliciano.marcos@example.org', 'Avenida das Flores', '6123', NULL, 'Jardim America', 'Salvador', 'MG', '28788016', NULL, '2026-02-02 08:26:25', '$2y$12$M.5VEQFbUu.N6hNC0SLuX./x8b3rEc25zvDyJzTyem9h53mnsaQ2y', NULL, NULL, NULL, 'LySY6SdgcX', '2026-02-02 08:26:25', '2026-02-02 08:26:25', 11, NULL),
	(64, 'Pra. Amanda Moura', 'Bruno Costa', NULL, 'Outro', NULL, '81932035282', 'kleber.reis@example.com', 'Rua Independencia', '1461', NULL, 'Vila Esperanca', 'Recife', 'MG', '41960020', NULL, '2026-02-02 08:26:25', '$2y$12$M.5VEQFbUu.N6hNC0SLuX./x8b3rEc25zvDyJzTyem9h53mnsaQ2y', NULL, NULL, NULL, 'SQeStlghK3', '2026-02-02 08:26:25', '2026-02-02 08:26:25', 5, NULL),
	(65, 'Pra. Camila Ferreira', 'Juliana Martins', NULL, NULL, NULL, '41960396123', 'paz.santiago@example.org', 'Avenida Dom Pedro II', '243', NULL, 'Parque das Nacoes', 'Belem', 'SP', '83223898', NULL, '2026-02-02 08:26:25', '$2y$12$M.5VEQFbUu.N6hNC0SLuX./x8b3rEc25zvDyJzTyem9h53mnsaQ2y', NULL, NULL, NULL, 'M1PJqH7k03', '2026-02-02 08:26:25', '2026-02-02 08:26:25', 16, NULL),
	(66, NULL, 'Daniel Pereira', '1978-05-19', 'Feminino', NULL, '61966606903', 'zfurtado@example.org', 'Avenida Dom Pedro II', '3593', 'Casa 2', 'Nova Esperanca', 'Salvador', 'DF', '19063455', NULL, '2026-02-02 08:26:25', '$2y$12$M.5VEQFbUu.N6hNC0SLuX./x8b3rEc25zvDyJzTyem9h53mnsaQ2y', NULL, NULL, NULL, 'KpkU2eVnqD', '2026-02-02 08:26:25', '2026-02-02 08:26:25', 4, NULL),
	(67, NULL, 'Isabela Barbosa', '2014-06-16', 'Masculino', NULL, '85903507426', 'laura.roque@example.org', 'Avenida Paulista', '3943', NULL, 'Centro', 'Belem', 'CE', '59354435', NULL, '2026-02-02 08:26:25', '$2y$12$M.5VEQFbUu.N6hNC0SLuX./x8b3rEc25zvDyJzTyem9h53mnsaQ2y', NULL, NULL, NULL, 'XexUHQePte', '2026-02-02 08:26:25', '2026-02-02 08:26:25', 12, NULL),
	(68, NULL, 'Tiago Carvalho', '2000-02-10', 'Feminino', NULL, '81973369136', 'sepulveda.gael@example.com', 'Travessa Rio Branco', '7748', 'Apto 101', 'Bela Vista', 'Sao Paulo', 'DF', '92318989', 'Voluptatum deserunt non consequatur aut amet aut et sint.', '2026-02-02 08:26:25', '$2y$12$M.5VEQFbUu.N6hNC0SLuX./x8b3rEc25zvDyJzTyem9h53mnsaQ2y', NULL, NULL, NULL, 'B8JteaEkPC', '2026-02-02 08:26:25', '2026-02-02 08:26:25', 26, NULL),
	(69, NULL, 'Andre Almeida', '1981-06-16', 'Masculino', NULL, '31988300709', 'luzia31@example.com', 'Travessa Independencia', '5385', NULL, 'Bela Vista', 'Belo Horizonte', 'CE', '31170101', NULL, '2026-02-02 08:26:25', '$2y$12$M.5VEQFbUu.N6hNC0SLuX./x8b3rEc25zvDyJzTyem9h53mnsaQ2y', NULL, NULL, NULL, 'tgifHvAvBU', '2026-02-02 08:26:25', '2026-02-02 08:26:25', 13, NULL),
	(70, NULL, 'Marcos Souza', '1998-04-05', 'Outro', NULL, '21927121662', 'patricia31@example.net', 'Travessa Rio Branco', '3208', NULL, 'Bela Vista', 'Curitiba', 'AM', '67972516', NULL, '2026-02-02 08:26:25', '$2y$12$M.5VEQFbUu.N6hNC0SLuX./x8b3rEc25zvDyJzTyem9h53mnsaQ2y', NULL, NULL, NULL, 'kkHF8XxW2U', '2026-02-02 08:26:25', '2026-02-02 08:26:25', 16, NULL),
	(71, NULL, 'Daniel Lima', '1981-11-30', 'Outro', NULL, '61951876205', 'jean42@example.com', 'Avenida Brasil', '3905', 'Bloco B', 'Bela Vista', 'Fortaleza', 'PR', '20408789', NULL, '2026-02-02 08:26:25', '$2y$12$M.5VEQFbUu.N6hNC0SLuX./x8b3rEc25zvDyJzTyem9h53mnsaQ2y', NULL, NULL, NULL, 'Q4sseguv0P', '2026-02-02 08:26:25', '2026-02-02 08:26:25', 23, NULL),
	(72, NULL, 'Amanda Rocha', '2003-05-09', NULL, NULL, '31960367901', 'evandro24@example.org', 'Alameda Rio Branco', '1769', NULL, 'Vila Esperanca', 'Recife', 'PR', '13794140', NULL, '2026-02-02 08:26:25', '$2y$12$M.5VEQFbUu.N6hNC0SLuX./x8b3rEc25zvDyJzTyem9h53mnsaQ2y', NULL, NULL, NULL, '5mIseNqxYQ', '2026-02-02 08:26:25', '2026-02-02 08:26:25', 19, NULL),
	(73, 'Pra. Gabriel Martins', 'Andre Oliveira', '1991-03-14', 'Feminino', NULL, '11927878646', 'rafaela.sandoval@example.net', 'Travessa Brasil', '4381', NULL, 'Jardim America', 'Fortaleza', 'PE', '09225190', NULL, '2026-02-02 08:26:25', '$2y$12$M.5VEQFbUu.N6hNC0SLuX./x8b3rEc25zvDyJzTyem9h53mnsaQ2y', NULL, NULL, NULL, 'm5xcbRrP9G', '2026-02-02 08:26:25', '2026-02-02 08:26:25', 2, NULL),
	(74, NULL, 'Isabela Costa', '2019-08-02', 'Masculino', NULL, '81936963483', 'hguerra@example.net', 'Rua Getulio Vargas', '9358', NULL, 'Centro', 'Brasilia', 'DF', '54060382', NULL, '2026-02-02 08:26:25', '$2y$12$M.5VEQFbUu.N6hNC0SLuX./x8b3rEc25zvDyJzTyem9h53mnsaQ2y', NULL, NULL, NULL, 'CwTDEpah6G', '2026-02-02 08:26:25', '2026-02-02 08:26:25', 13, NULL),
	(75, NULL, 'Paulo Silva', NULL, 'Masculino', NULL, '91920753577', 'serra.mateus@example.com', 'Avenida Sete de Setembro', '8149', NULL, 'Parque das Nacoes', 'Rio de Janeiro', 'GO', '49813588', 'Est laboriosam iusto ut sequi sit autem omnis omnis maiores sit velit rerum et quidem velit iste.', '2026-02-02 08:26:25', '$2y$12$M.5VEQFbUu.N6hNC0SLuX./x8b3rEc25zvDyJzTyem9h53mnsaQ2y', NULL, NULL, NULL, 'GlK6lppZZM', '2026-02-02 08:26:25', '2026-02-02 08:26:25', 10, NULL),
	(76, NULL, 'Vitor Gomes', '2007-03-25', 'Outro', NULL, '71920127541', 'jcarvalho@example.com', 'Rua dos Ipes', '7619', NULL, 'Jardim das Oliveiras', 'Sao Paulo', 'SP', '25437082', NULL, '2026-02-02 08:26:25', '$2y$12$M.5VEQFbUu.N6hNC0SLuX./x8b3rEc25zvDyJzTyem9h53mnsaQ2y', NULL, NULL, NULL, '4MPdR8MxdF', '2026-02-02 08:26:25', '2026-02-02 08:26:25', 8, NULL),
	(77, 'Pra. Daniel Pereira', 'Felipe Rocha', '1997-02-25', 'Outro', NULL, '41950504104', 'cesar14@example.net', 'Travessa Independencia', '4135', NULL, 'Jardim America', 'Curitiba', 'MG', '66402453', NULL, '2026-02-02 08:26:25', '$2y$12$M.5VEQFbUu.N6hNC0SLuX./x8b3rEc25zvDyJzTyem9h53mnsaQ2y', NULL, NULL, NULL, 'NiJzMGxkWY', '2026-02-02 08:26:25', '2026-02-02 08:26:25', 4, NULL),
	(78, NULL, 'Tiago Barbosa', '1986-01-02', 'Outro', NULL, '41930574603', 'lpaes@example.net', 'Rua dos Ipes', '3955', NULL, 'Jardim das Oliveiras', 'Goiania', 'RJ', '46826995', NULL, '2026-02-02 08:26:25', '$2y$12$M.5VEQFbUu.N6hNC0SLuX./x8b3rEc25zvDyJzTyem9h53mnsaQ2y', NULL, NULL, NULL, 'nhxs7CWdLx', '2026-02-02 08:26:25', '2026-02-02 08:26:25', 9, NULL),
	(79, NULL, 'Camila Ferreira', '1998-01-20', 'Feminino', NULL, '91989131380', 'ketlin.correia@example.com', 'Travessa Brasil', '9747', NULL, 'Boa Vista', 'Sao Paulo', 'GO', '92315504', NULL, '2026-02-02 08:26:25', '$2y$12$M.5VEQFbUu.N6hNC0SLuX./x8b3rEc25zvDyJzTyem9h53mnsaQ2y', NULL, NULL, NULL, 'bMhW0C5ekP', '2026-02-02 08:26:25', '2026-02-02 08:26:25', 2, NULL),
	(80, NULL, 'Beatriz Cardoso', '2004-10-20', 'Feminino', NULL, '71942506402', 'juan.sandoval@example.net', 'Avenida das Flores', '4326', NULL, 'Vila Nova', 'Recife', 'PR', '23947360', NULL, '2026-02-02 08:26:25', '$2y$12$M.5VEQFbUu.N6hNC0SLuX./x8b3rEc25zvDyJzTyem9h53mnsaQ2y', NULL, NULL, NULL, 'lf7DSdEDtb', '2026-02-02 08:26:25', '2026-02-02 08:26:25', 4, NULL),
	(81, NULL, 'Tiago Carvalho', NULL, 'Feminino', NULL, '11983154569', 'usanches@example.net', 'Avenida Paulista', '5186', 'Fundos', 'Vila Esperanca', 'Manaus', 'PR', '10591623', NULL, '2026-02-02 08:26:25', '$2y$12$M.5VEQFbUu.N6hNC0SLuX./x8b3rEc25zvDyJzTyem9h53mnsaQ2y', NULL, NULL, NULL, 'ML10F5VWYP', '2026-02-02 08:26:25', '2026-02-02 08:26:25', 24, NULL),
	(82, 'Pra. Bruno Ramos', 'Bruno Ramos', '2009-09-11', 'Masculino', NULL, '85913850681', 'eunice.soares@example.org', 'Rua Getulio Vargas', '7372', 'Casa 2', 'Jardim America', 'Rio de Janeiro', 'GO', '93308221', NULL, '2026-02-02 08:26:25', '$2y$12$M.5VEQFbUu.N6hNC0SLuX./x8b3rEc25zvDyJzTyem9h53mnsaQ2y', NULL, NULL, NULL, 'ADoo6drIIY', '2026-02-02 08:26:25', '2026-02-02 08:26:25', 2, NULL),
	(83, NULL, 'Marcos Ribeiro', '1998-06-15', 'Outro', NULL, '81974114007', 'paragao@example.org', 'Alameda Brasil', '2116', NULL, 'Parque das Nacoes', 'Belem', 'BA', '94479357', NULL, '2026-02-02 08:26:25', '$2y$12$M.5VEQFbUu.N6hNC0SLuX./x8b3rEc25zvDyJzTyem9h53mnsaQ2y', NULL, NULL, NULL, 'nso6KHOlCS', '2026-02-02 08:26:25', '2026-02-02 08:26:25', 14, NULL),
	(84, 'Pr. Carolina Rocha', 'Daniel Santana', NULL, 'Masculino', NULL, '85983896750', 'icaro50@example.net', 'Alameda dos Ipes', '3466', NULL, 'Parque das Nacoes', 'Sao Paulo', 'SP', '60519289', NULL, '2026-02-02 08:26:25', '$2y$12$M.5VEQFbUu.N6hNC0SLuX./x8b3rEc25zvDyJzTyem9h53mnsaQ2y', NULL, NULL, NULL, 'XoVkf9gmH4', '2026-02-02 08:26:25', '2026-02-02 08:26:25', 8, NULL),
	(85, 'Pra. Andre Souza', 'Mariana Ferreira', '2009-07-08', 'Feminino', NULL, '41900697631', 'bittencourt.erik@example.com', 'Travessa dos Ipes', '9071', NULL, 'Vila Nova', 'Belem', 'AM', '17232436', NULL, '2026-02-02 08:26:25', '$2y$12$M.5VEQFbUu.N6hNC0SLuX./x8b3rEc25zvDyJzTyem9h53mnsaQ2y', NULL, NULL, NULL, 'huKwINceKB', '2026-02-02 08:26:25', '2026-02-02 08:26:25', 12, NULL),
	(86, 'Pr. Camila Santana', 'Felipe Barbosa', '2014-04-29', 'Feminino', NULL, '31948638457', 'christian.souza@example.net', 'Rua Brasil', '5821', NULL, 'Santa Clara', 'Belem', 'PR', '15792309', NULL, '2026-02-02 08:26:25', '$2y$12$M.5VEQFbUu.N6hNC0SLuX./x8b3rEc25zvDyJzTyem9h53mnsaQ2y', NULL, NULL, NULL, 'nTHGt42CaL', '2026-02-02 08:26:25', '2026-02-02 08:26:25', 21, NULL),
	(87, NULL, 'Henrique Rocha', '1983-12-16', 'Outro', NULL, '71930374124', 'julieta62@example.com', 'Rua Independencia', '783', 'Fundos', 'Nova Esperanca', 'Salvador', 'SP', '87171538', 'Et molestiae in doloribus voluptatem voluptas aut possimus.', '2026-02-02 08:26:25', '$2y$12$M.5VEQFbUu.N6hNC0SLuX./x8b3rEc25zvDyJzTyem9h53mnsaQ2y', NULL, NULL, NULL, 'JRfa7HRlS7', '2026-02-02 08:26:25', '2026-02-02 08:26:25', 18, NULL),
	(88, NULL, 'Paulo Santana', '2013-04-19', 'Masculino', NULL, '71946662563', 'maicon.furtado@example.com', 'Avenida Santos Dumont', '5061', 'Apto 101', 'Jardim America', 'Recife', 'GO', '43483440', NULL, '2026-02-02 08:26:25', '$2y$12$M.5VEQFbUu.N6hNC0SLuX./x8b3rEc25zvDyJzTyem9h53mnsaQ2y', NULL, NULL, NULL, 'hFS2IqPNNT', '2026-02-02 08:26:25', '2026-02-02 08:26:25', 9, NULL),
	(89, NULL, 'Juliana Pereira', NULL, 'Feminino', NULL, '71905542089', 'oalves@example.com', 'Alameda Brasil', '6327', NULL, 'Santa Clara', 'Manaus', 'PR', '12897898', NULL, '2026-02-02 08:26:25', '$2y$12$M.5VEQFbUu.N6hNC0SLuX./x8b3rEc25zvDyJzTyem9h53mnsaQ2y', NULL, NULL, NULL, 'XFGOvqerGr', '2026-02-02 08:26:25', '2026-02-02 08:26:25', 5, NULL),
	(90, NULL, 'Lucas Cardoso', '2008-01-14', 'Feminino', NULL, '31952191714', 'marques.marta@example.org', 'Rua Rio Branco', '6916', NULL, 'Boa Vista', 'Salvador', 'PR', '09291678', 'Molestiae corporis excepturi ipsum saepe quis dignissimos quae perspiciatis saepe aspernatur quam animi.', '2026-02-02 08:26:25', '$2y$12$M.5VEQFbUu.N6hNC0SLuX./x8b3rEc25zvDyJzTyem9h53mnsaQ2y', NULL, NULL, NULL, 'acNyMQe2rX', '2026-02-02 08:26:25', '2026-02-02 08:26:25', 4, NULL),
	(91, 'Pr. Bruno Silva', 'Isabela Carvalho', '1999-05-29', 'Masculino', NULL, '81949812175', 'karen.quintana@example.org', 'Rua Paulista', '4732', 'Fundos', 'Centro', 'Recife', 'SP', '89299289', NULL, '2026-02-02 08:26:25', '$2y$12$M.5VEQFbUu.N6hNC0SLuX./x8b3rEc25zvDyJzTyem9h53mnsaQ2y', NULL, NULL, NULL, 'KOdYdXdiMt', '2026-02-02 08:26:25', '2026-02-02 08:26:25', 16, NULL),
	(92, NULL, 'Bruno Cardoso', '2005-05-27', 'Masculino', NULL, '61995413733', 'dias.mariah@example.com', 'Avenida das Flores', '1658', 'Bloco B', 'Vila Nova', 'Brasilia', 'AM', '12981549', NULL, '2026-02-02 08:26:25', '$2y$12$M.5VEQFbUu.N6hNC0SLuX./x8b3rEc25zvDyJzTyem9h53mnsaQ2y', NULL, NULL, NULL, 'U1E005xlex', '2026-02-02 08:26:25', '2026-02-02 08:26:25', 10, NULL),
	(93, NULL, 'Marcos Lima', '2001-08-29', 'Masculino', NULL, '41952600074', 'ecamacho@example.net', 'Rua Independencia', '4179', NULL, 'Jardim das Oliveiras', 'Porto Alegre', 'BA', '24920347', NULL, '2026-02-02 08:26:25', '$2y$12$M.5VEQFbUu.N6hNC0SLuX./x8b3rEc25zvDyJzTyem9h53mnsaQ2y', NULL, NULL, NULL, 'nP1afxyY2n', '2026-02-02 08:26:25', '2026-02-02 08:26:25', 12, NULL),
	(94, 'Pra. Juliana Oliveira', 'Fernanda Souza', NULL, 'Feminino', NULL, '85973397784', 'wgalvao@example.org', 'Travessa Brasil', '6580', 'Bloco B', 'Jardim das Oliveiras', 'Manaus', 'PR', '24658969', NULL, '2026-02-02 08:26:25', '$2y$12$M.5VEQFbUu.N6hNC0SLuX./x8b3rEc25zvDyJzTyem9h53mnsaQ2y', NULL, NULL, NULL, 'Qr5CXSLAI8', '2026-02-02 08:26:25', '2026-02-02 08:26:25', 6, NULL),
	(95, NULL, 'Joao Oliveira', '1976-03-23', 'Feminino', NULL, '91907569824', 'ogalvao@example.org', 'Avenida Brasil', '9186', NULL, 'Santa Clara', 'Belem', 'GO', '06742265', NULL, '2026-02-02 08:26:25', '$2y$12$M.5VEQFbUu.N6hNC0SLuX./x8b3rEc25zvDyJzTyem9h53mnsaQ2y', NULL, NULL, NULL, 'Ymi0dKFyU9', '2026-02-02 08:26:25', '2026-02-02 08:26:25', 12, NULL),
	(96, NULL, 'Larissa Silva', '1972-04-10', 'Feminino', NULL, '81991090830', 'avila.elias@example.net', 'Avenida das Flores', '9122', NULL, 'Nova Esperanca', 'Belem', 'CE', '78653653', NULL, '2026-02-02 08:26:25', '$2y$12$M.5VEQFbUu.N6hNC0SLuX./x8b3rEc25zvDyJzTyem9h53mnsaQ2y', NULL, NULL, NULL, 'vnNCr9pMOS', '2026-02-02 08:26:25', '2026-02-02 08:26:25', 4, NULL),
	(97, NULL, 'Juliana Ramos', NULL, 'Outro', NULL, '31911324452', 'dsanches@example.net', 'Alameda Brasil', '8063', 'Casa 2', 'Vila Esperanca', 'Belo Horizonte', 'MG', '50343103', 'Et ipsa incidunt commodi aut omnis rerum est error rerum dolorem.', '2026-02-02 08:26:25', '$2y$12$M.5VEQFbUu.N6hNC0SLuX./x8b3rEc25zvDyJzTyem9h53mnsaQ2y', NULL, NULL, NULL, 'VEHYq6pRFt', '2026-02-02 08:26:25', '2026-02-02 08:26:25', 1, NULL),
	(98, NULL, 'Mariana Ribeiro', '2002-04-02', 'Masculino', NULL, '31989285841', 'barros.vitor@example.com', 'Rua Dom Pedro II', '4430', NULL, 'Nova Esperanca', 'Rio de Janeiro', 'RS', '76109488', NULL, '2026-02-02 08:26:25', '$2y$12$M.5VEQFbUu.N6hNC0SLuX./x8b3rEc25zvDyJzTyem9h53mnsaQ2y', NULL, NULL, NULL, 'js46fFPmRZ', '2026-02-02 08:26:25', '2026-02-02 08:26:25', 5, NULL),
	(99, NULL, 'Lucas Rezende', '2015-04-04', NULL, NULL, '85978975317', 'scruz@example.org', 'Alameda das Flores', '6575', NULL, 'Jardim das Oliveiras', 'Porto Alegre', 'SP', '94868035', NULL, '2026-02-02 08:26:25', '$2y$12$M.5VEQFbUu.N6hNC0SLuX./x8b3rEc25zvDyJzTyem9h53mnsaQ2y', NULL, NULL, NULL, 'NWJvbN3sur', '2026-02-02 08:26:25', '2026-02-02 08:26:25', 11, NULL),
	(100, 'Pr. Mariana Ferreira', 'Patricia Ramos', '1972-04-26', 'Outro', NULL, '11920984594', 'sleon@example.net', 'Travessa Dom Pedro II', '2458', NULL, 'Nova Esperanca', 'Goiania', 'RS', '01874756', NULL, '2026-02-02 08:26:25', '$2y$12$M.5VEQFbUu.N6hNC0SLuX./x8b3rEc25zvDyJzTyem9h53mnsaQ2y', NULL, NULL, NULL, 'Y7zskti5kK', '2026-02-02 08:26:25', '2026-02-02 08:26:25', 8, NULL),
	(101, 'Pr. Felipe Barbosa', 'Mariana Carvalho', NULL, 'Feminino', NULL, '61936476101', 'sanches.rosana@example.net', 'Avenida das Flores', '9500', 'Casa 2', 'Jardim America', 'Sao Paulo', 'RJ', '20729373', NULL, '2026-02-02 08:26:25', '$2y$12$M.5VEQFbUu.N6hNC0SLuX./x8b3rEc25zvDyJzTyem9h53mnsaQ2y', NULL, NULL, NULL, 'qy1zDDMxzD', '2026-02-02 08:26:25', '2026-02-02 08:26:25', 23, NULL),
	(102, NULL, 'Larissa Dias', '2022-10-07', 'Masculino', NULL, '85908716614', 'sarah81@example.org', 'Travessa das Flores', '1207', 'Casa 2', 'Bela Vista', 'Porto Alegre', 'PA', '33015888', NULL, '2026-02-02 08:26:25', '$2y$12$M.5VEQFbUu.N6hNC0SLuX./x8b3rEc25zvDyJzTyem9h53mnsaQ2y', NULL, NULL, NULL, 'Bp1r8YTYhV', '2026-02-02 08:26:25', '2026-02-02 08:26:25', 24, NULL),
	(103, NULL, 'Camila Moura', '1976-11-13', NULL, NULL, '11937070837', 'evandro64@example.net', 'Travessa Paulista', '1820', NULL, 'Jardim America', 'Curitiba', 'AM', '53243560', 'Voluptatem dolor quos sequi nihil et et illo quis cumque quia sit molestiae laudantium velit maiores.', '2026-02-02 08:26:25', '$2y$12$M.5VEQFbUu.N6hNC0SLuX./x8b3rEc25zvDyJzTyem9h53mnsaQ2y', NULL, NULL, NULL, '9VBOUzFOMJ', '2026-02-02 08:26:25', '2026-02-02 08:26:25', 23, NULL),
	(104, NULL, 'Paulo Santana', '1989-03-05', 'Feminino', NULL, '81998362695', 'eliane.matos@example.com', 'Travessa dos Ipes', '8828', NULL, 'Santa Clara', 'Curitiba', 'RJ', '32551510', NULL, '2026-02-02 08:26:25', '$2y$12$M.5VEQFbUu.N6hNC0SLuX./x8b3rEc25zvDyJzTyem9h53mnsaQ2y', NULL, NULL, NULL, 'pOe47664g0', '2026-02-02 08:26:25', '2026-02-02 08:26:25', 16, NULL),
	(105, NULL, 'Eduardo Ferreira', NULL, 'Outro', NULL, '41963534482', 'bezerra.emanuel@example.com', 'Travessa das Flores', '3506', NULL, 'Parque das Nacoes', 'Belem', 'DF', '32971198', NULL, '2026-02-02 08:26:25', '$2y$12$M.5VEQFbUu.N6hNC0SLuX./x8b3rEc25zvDyJzTyem9h53mnsaQ2y', NULL, NULL, NULL, '7UBlsG6GGj', '2026-02-02 08:26:25', '2026-02-02 08:26:25', 11, NULL);

CREATE TABLE IF NOT EXISTS `vouchers` (
  `id` bigint unsigned NOT NULL AUTO_INCREMENT,
  `training_id` bigint unsigned DEFAULT NULL,
  `name` varchar(255) COLLATE utf8mb4_unicode_ci NOT NULL,
  `value` varchar(255) COLLATE utf8mb4_unicode_ci NOT NULL,
  `created_at` timestamp NULL DEFAULT NULL,
  `updated_at` timestamp NULL DEFAULT NULL,
  PRIMARY KEY (`id`),
  KEY `vouchers_training_id_foreign` (`training_id`),
  CONSTRAINT `vouchers_training_id_foreign` FOREIGN KEY (`training_id`) REFERENCES `trainings` (`id`) ON DELETE CASCADE ON UPDATE CASCADE
) ENGINE=InnoDB DEFAULT CHARSET=utf8mb4 COLLATE=utf8mb4_unicode_ci;


/*!40103 SET TIME_ZONE=IFNULL(@OLD_TIME_ZONE, 'system') */;
/*!40101 SET SQL_MODE=IFNULL(@OLD_SQL_MODE, '') */;
/*!40014 SET FOREIGN_KEY_CHECKS=IFNULL(@OLD_FOREIGN_KEY_CHECKS, 1) */;
/*!40101 SET CHARACTER_SET_CLIENT=@OLD_CHARACTER_SET_CLIENT */;
/*!40111 SET SQL_NOTES=IFNULL(@OLD_SQL_NOTES, 1) */;
