-- MySQL dump 10.13  Distrib 8.0.45, for Linux (x86_64)
--
-- Host: localhost    Database: eebra780_development
-- ------------------------------------------------------
-- Server version	8.0.45-0ubuntu0.24.04.1

/*!40101 SET @OLD_CHARACTER_SET_CLIENT=@@CHARACTER_SET_CLIENT */;
/*!40101 SET @OLD_CHARACTER_SET_RESULTS=@@CHARACTER_SET_RESULTS */;
/*!40101 SET @OLD_COLLATION_CONNECTION=@@COLLATION_CONNECTION */;
/*!50503 SET NAMES utf8mb4 */;
/*!40103 SET @OLD_TIME_ZONE=@@TIME_ZONE */;
/*!40103 SET TIME_ZONE='+00:00' */;
/*!40014 SET @OLD_UNIQUE_CHECKS=@@UNIQUE_CHECKS, UNIQUE_CHECKS=0 */;
/*!40014 SET @OLD_FOREIGN_KEY_CHECKS=@@FOREIGN_KEY_CHECKS, FOREIGN_KEY_CHECKS=0 */;
/*!40101 SET @OLD_SQL_MODE=@@SQL_MODE, SQL_MODE='NO_AUTO_VALUE_ON_ZERO' */;
/*!40111 SET @OLD_SQL_NOTES=@@SQL_NOTES, SQL_NOTES=0 */;

--
-- Table structure for table `cache`
--

DROP TABLE IF EXISTS `cache`;
/*!40101 SET @saved_cs_client     = @@character_set_client */;
/*!50503 SET character_set_client = utf8mb4 */;
CREATE TABLE `cache` (
  `key` varchar(255) COLLATE utf8mb4_unicode_ci NOT NULL,
  `value` mediumtext COLLATE utf8mb4_unicode_ci NOT NULL,
  `expiration` int NOT NULL,
  PRIMARY KEY (`key`)
) ENGINE=InnoDB DEFAULT CHARSET=utf8mb4 COLLATE=utf8mb4_unicode_ci;
/*!40101 SET character_set_client = @saved_cs_client */;

--
-- Dumping data for table `cache`
--

LOCK TABLES `cache` WRITE;
/*!40000 ALTER TABLE `cache` DISABLE KEYS */;
/*!40000 ALTER TABLE `cache` ENABLE KEYS */;
UNLOCK TABLES;

--
-- Table structure for table `cache_locks`
--

DROP TABLE IF EXISTS `cache_locks`;
/*!40101 SET @saved_cs_client     = @@character_set_client */;
/*!50503 SET character_set_client = utf8mb4 */;
CREATE TABLE `cache_locks` (
  `key` varchar(255) COLLATE utf8mb4_unicode_ci NOT NULL,
  `owner` varchar(255) COLLATE utf8mb4_unicode_ci NOT NULL,
  `expiration` int NOT NULL,
  PRIMARY KEY (`key`)
) ENGINE=InnoDB DEFAULT CHARSET=utf8mb4 COLLATE=utf8mb4_unicode_ci;
/*!40101 SET character_set_client = @saved_cs_client */;

--
-- Dumping data for table `cache_locks`
--

LOCK TABLES `cache_locks` WRITE;
/*!40000 ALTER TABLE `cache_locks` DISABLE KEYS */;
/*!40000 ALTER TABLE `cache_locks` ENABLE KEYS */;
UNLOCK TABLES;

--
-- Table structure for table `categories`
--

DROP TABLE IF EXISTS `categories`;
/*!40101 SET @saved_cs_client     = @@character_set_client */;
/*!50503 SET character_set_client = utf8mb4 */;
CREATE TABLE `categories` (
  `id` bigint unsigned NOT NULL AUTO_INCREMENT,
  `name` varchar(255) COLLATE utf8mb4_unicode_ci NOT NULL,
  `created_at` timestamp NULL DEFAULT NULL,
  `updated_at` timestamp NULL DEFAULT NULL,
  PRIMARY KEY (`id`)
) ENGINE=InnoDB DEFAULT CHARSET=utf8mb4 COLLATE=utf8mb4_unicode_ci;
/*!40101 SET character_set_client = @saved_cs_client */;

--
-- Dumping data for table `categories`
--

LOCK TABLES `categories` WRITE;
/*!40000 ALTER TABLE `categories` DISABLE KEYS */;
/*!40000 ALTER TABLE `categories` ENABLE KEYS */;
UNLOCK TABLES;

--
-- Table structure for table `category_material`
--

DROP TABLE IF EXISTS `category_material`;
/*!40101 SET @saved_cs_client     = @@character_set_client */;
/*!50503 SET character_set_client = utf8mb4 */;
CREATE TABLE `category_material` (
  `category_id` bigint unsigned DEFAULT NULL,
  `material_id` bigint unsigned DEFAULT NULL,
  KEY `category_material_category_id_foreign` (`category_id`),
  KEY `category_material_material_id_foreign` (`material_id`),
  CONSTRAINT `category_material_category_id_foreign` FOREIGN KEY (`category_id`) REFERENCES `categories` (`id`) ON DELETE CASCADE ON UPDATE CASCADE,
  CONSTRAINT `category_material_material_id_foreign` FOREIGN KEY (`material_id`) REFERENCES `materials` (`id`) ON DELETE CASCADE ON UPDATE CASCADE
) ENGINE=InnoDB DEFAULT CHARSET=utf8mb4 COLLATE=utf8mb4_unicode_ci;
/*!40101 SET character_set_client = @saved_cs_client */;

--
-- Dumping data for table `category_material`
--

LOCK TABLES `category_material` WRITE;
/*!40000 ALTER TABLE `category_material` DISABLE KEYS */;
/*!40000 ALTER TABLE `category_material` ENABLE KEYS */;
UNLOCK TABLES;

--
-- Table structure for table `church_missionary`
--

DROP TABLE IF EXISTS `church_missionary`;
/*!40101 SET @saved_cs_client     = @@character_set_client */;
/*!50503 SET character_set_client = utf8mb4 */;
CREATE TABLE `church_missionary` (
  `church_id` bigint unsigned DEFAULT NULL,
  `user_id` bigint unsigned DEFAULT NULL,
  KEY `church_missionary_church_id_foreign` (`church_id`),
  KEY `church_missionary_user_id_foreign` (`user_id`),
  CONSTRAINT `church_missionary_church_id_foreign` FOREIGN KEY (`church_id`) REFERENCES `churches` (`id`) ON DELETE CASCADE ON UPDATE CASCADE,
  CONSTRAINT `church_missionary_user_id_foreign` FOREIGN KEY (`user_id`) REFERENCES `users` (`id`) ON DELETE CASCADE ON UPDATE CASCADE
) ENGINE=InnoDB DEFAULT CHARSET=utf8mb4 COLLATE=utf8mb4_unicode_ci;
/*!40101 SET character_set_client = @saved_cs_client */;

--
-- Dumping data for table `church_missionary`
--

LOCK TABLES `church_missionary` WRITE;
/*!40000 ALTER TABLE `church_missionary` DISABLE KEYS */;
/*!40000 ALTER TABLE `church_missionary` ENABLE KEYS */;
UNLOCK TABLES;

--
-- Table structure for table `church_temps`
--

DROP TABLE IF EXISTS `church_temps`;
/*!40101 SET @saved_cs_client     = @@character_set_client */;
/*!50503 SET character_set_client = utf8mb4 */;
CREATE TABLE `church_temps` (
  `id` bigint unsigned NOT NULL AUTO_INCREMENT,
  `name` varchar(255) COLLATE utf8mb4_unicode_ci NOT NULL,
  `pastor` varchar(255) COLLATE utf8mb4_unicode_ci DEFAULT NULL,
  `email` varchar(255) COLLATE utf8mb4_unicode_ci DEFAULT NULL,
  `phone` varchar(255) COLLATE utf8mb4_unicode_ci DEFAULT NULL,
  `street` varchar(255) COLLATE utf8mb4_unicode_ci DEFAULT NULL,
  `number` varchar(255) COLLATE utf8mb4_unicode_ci DEFAULT NULL,
  `complement` varchar(255) COLLATE utf8mb4_unicode_ci DEFAULT NULL,
  `district` varchar(255) COLLATE utf8mb4_unicode_ci DEFAULT NULL,
  `city` varchar(255) COLLATE utf8mb4_unicode_ci DEFAULT NULL,
  `state` varchar(255) COLLATE utf8mb4_unicode_ci DEFAULT NULL,
  `postal_code` varchar(255) COLLATE utf8mb4_unicode_ci DEFAULT NULL,
  `contact` varchar(255) COLLATE utf8mb4_unicode_ci DEFAULT NULL,
  `contact_phone` varchar(255) COLLATE utf8mb4_unicode_ci DEFAULT NULL,
  `contact_email` varchar(255) COLLATE utf8mb4_unicode_ci DEFAULT NULL,
  `notes` text COLLATE utf8mb4_unicode_ci,
  `logo` varchar(255) COLLATE utf8mb4_unicode_ci DEFAULT NULL,
  `created_at` timestamp NULL DEFAULT NULL,
  `updated_at` timestamp NULL DEFAULT NULL,
  `status` varchar(255) COLLATE utf8mb4_unicode_ci NOT NULL DEFAULT 'pending',
  `normalized_name` varchar(255) COLLATE utf8mb4_unicode_ci DEFAULT NULL,
  `resolved_church_id` bigint unsigned DEFAULT NULL,
  `resolved_by` bigint unsigned DEFAULT NULL,
  `resolved_at` timestamp NULL DEFAULT NULL,
  PRIMARY KEY (`id`),
  KEY `church_temps_resolved_church_id_foreign` (`resolved_church_id`),
  KEY `church_temps_resolved_by_foreign` (`resolved_by`),
  KEY `church_temps_status_index` (`status`),
  KEY `church_temps_normalized_name_index` (`normalized_name`),
  KEY `church_temps_resolved_at_index` (`resolved_at`),
  CONSTRAINT `church_temps_resolved_by_foreign` FOREIGN KEY (`resolved_by`) REFERENCES `users` (`id`) ON DELETE SET NULL,
  CONSTRAINT `church_temps_resolved_church_id_foreign` FOREIGN KEY (`resolved_church_id`) REFERENCES `churches` (`id`) ON DELETE SET NULL
) ENGINE=InnoDB DEFAULT CHARSET=utf8mb4 COLLATE=utf8mb4_unicode_ci;
/*!40101 SET character_set_client = @saved_cs_client */;

--
-- Dumping data for table `church_temps`
--

LOCK TABLES `church_temps` WRITE;
/*!40000 ALTER TABLE `church_temps` DISABLE KEYS */;
/*!40000 ALTER TABLE `church_temps` ENABLE KEYS */;
UNLOCK TABLES;

--
-- Table structure for table `churches`
--

DROP TABLE IF EXISTS `churches`;
/*!40101 SET @saved_cs_client     = @@character_set_client */;
/*!50503 SET character_set_client = utf8mb4 */;
CREATE TABLE `churches` (
  `id` bigint unsigned NOT NULL AUTO_INCREMENT,
  `name` varchar(255) COLLATE utf8mb4_unicode_ci NOT NULL,
  `pastor` varchar(255) COLLATE utf8mb4_unicode_ci DEFAULT NULL,
  `email` varchar(255) COLLATE utf8mb4_unicode_ci DEFAULT NULL,
  `phone` varchar(255) COLLATE utf8mb4_unicode_ci DEFAULT NULL,
  `street` varchar(255) COLLATE utf8mb4_unicode_ci DEFAULT NULL,
  `number` varchar(255) COLLATE utf8mb4_unicode_ci DEFAULT NULL,
  `complement` varchar(255) COLLATE utf8mb4_unicode_ci DEFAULT NULL,
  `district` varchar(255) COLLATE utf8mb4_unicode_ci DEFAULT NULL,
  `city` varchar(255) COLLATE utf8mb4_unicode_ci DEFAULT NULL,
  `state` varchar(255) COLLATE utf8mb4_unicode_ci DEFAULT NULL,
  `postal_code` varchar(255) COLLATE utf8mb4_unicode_ci DEFAULT NULL,
  `contact` varchar(255) COLLATE utf8mb4_unicode_ci DEFAULT NULL,
  `contact_phone` varchar(255) COLLATE utf8mb4_unicode_ci DEFAULT NULL,
  `contact_email` varchar(255) COLLATE utf8mb4_unicode_ci DEFAULT NULL,
  `notes` text COLLATE utf8mb4_unicode_ci,
  `logo` varchar(255) COLLATE utf8mb4_unicode_ci DEFAULT NULL,
  `created_at` timestamp NULL DEFAULT NULL,
  `updated_at` timestamp NULL DEFAULT NULL,
  PRIMARY KEY (`id`)
) ENGINE=InnoDB AUTO_INCREMENT=27 DEFAULT CHARSET=utf8mb4 COLLATE=utf8mb4_unicode_ci;
/*!40101 SET character_set_client = @saved_cs_client */;

--
-- Dumping data for table `churches`
--

LOCK TABLES `churches` WRITE;
/*!40000 ALTER TABLE `churches` DISABLE KEYS */;
INSERT INTO `churches` VALUES (1,'Primeira Igreja Batista do Ingá','Pr. Edimar Guimarães Pereira','secretaria@pibinga.org.br','2126211268','Rua Doutor Paulo Alves','125',NULL,'Ingá','Niterói','RJ','24210445','Secretaria','21984945914','secretaria@pibinga.org.br','Site: pibinga.org.br | Tel.: (21) 2621-1268 | WhatsApp: (21) 98494-5914 | End.: Rua Doutor Paulo Alves, 125 - Ingá - Niterói/RJ - CEP 24210-445 | Email do pastor (Atos6): ediguimaraes@yahoo.com.br','https://ik.imagekit.io/a6/uploads/organization/avatar/3744/4a5753cf-8004-42e6-8519-3af3d27734ff.jpg?tr=h-100%2Cw-100','2026-02-20 02:35:06','2026-02-20 02:35:06'),(2,'Primeira Igreja Batista de Niterói','Pr. Paschoal Piragine Júnior','secretaria@pibn.org.br','2127220355','Av. Marquês do Paraná','225',NULL,'Centro','Niterói','RJ','24030215','Secretaria','21984976149','secretaria@pibn.org.br','Site: pibn.org.br | End.: Av. Marquês do Paraná, 225 - Centro - Niterói/RJ - CEP 24030-215 | Tel.: (21) 2722-0355 | WhatsApp: (21) 98497-6149 | Cultos (perfil público): Dom 10h e 19h | Qua 19h30',NULL,'2026-02-20 02:35:06','2026-02-20 02:35:06'),(3,'Primeira Igreja Batista em Heliópolis','Pr. Davidson Freitas','equipecomunicacao.pibh@gmail.com','2127611176','Rua Madame Mariana','116',NULL,'Heliópolis','Belford Roxo','RJ','26123710','Equipe de Comunicação','2127611176','equipecomunicacao.pibh@gmail.com','Site: pibheliopolis.org.br | End.: Rua Madame Mariana, 116 - Heliópolis - Belford Roxo/RJ - CEP 26123-710 | Tel.: (21) 2761-1176 | Cultos (perfil público): Dom 8h30 e 18h | Qua 19h30','https://yata-apix-a12c0cf0-3df6-47d2-95b4-5d3fee0f4766.s3-object.locaweb.com.br/e1f68fe4032f4cbcb93c0568c979563f.png','2026-02-20 02:35:06','2026-02-20 02:35:06'),(4,'Primeira Igreja Batista em Itaipu','Pr. Marcos Caldeira Tristão','secretaria@pibitaipu.com.br','2127099149','Estrada Francisco da Cruz Nunes','308',NULL,'Itaipu','Niterói','RJ','24355160','Secretaria','2127099149','secretaria@pibitaipu.com.br','Site: pibitaipu.com.br | End.: Estrada Francisco da Cruz Nunes, 308 - Itaipu - Niterói/RJ - CEP 24355-160 | Tel.: (21) 2709-9149 | Cultos (perfil público): Dom 10h30 e 19h30 | Qua 20h',NULL,'2026-02-20 02:35:06','2026-02-20 02:35:06'),(5,'Igreja Batista Memorial em Rondonópolis','Pr. Cleverson Rodrigues','batistamemorialroo@gmail.com','66996911400','Avenida Guarapuava','1087',NULL,'Jardim Iguassu','Rondonópolis','MT','78730312','Secretaria','66996911400','batistamemorialroo@gmail.com','Site: ibmroo.com | End.: Av. Guarapuava, 1087 - Jardim Iguassu - Rondonópolis/MT - CEP 78730-312 | Tel./WhatsApp: (66) 99691-1400 | Programação (perfil público): Dom EBD 8h45 | Cultos 10h e 19h | Qua 19h30 | Sex Pequenos Grupos 19h30',NULL,'2026-02-20 02:35:06','2026-02-20 02:35:06'),(6,'First Baptist Church Atlanta','Dr. Anthony George',NULL,'7702348300','North Peachtree Road','4400',NULL,'Dunwoody','Atlanta','GA','30338','Church Office','7702348300',NULL,'Site oficial: https://www.fba.org | Endereço oficial: 4400 North Peachtree Road, Atlanta, GA 30338 | Telefone oficial: 770.234.8300 | Senior Pastor: Dr. Anthony George | Fundada em 1848.',NULL,'2026-02-20 02:35:06','2026-02-20 02:35:06'),(7,'Igreja Comunidade Crista Memorial de Fortaleza','Pr. Andre Rezende','memorial.fortaleza@igreja.org.br','61926789649','Alameda dos Ipês','428',NULL,'Centro','Fortaleza','CE','79725961','Amanda Barbosa','81930153588','amanda.barbosa@hotmail.com',NULL,NULL,'2026-02-20 02:35:07','2026-02-20 02:35:07'),(8,'Igreja Presbiteriana Jardim de Recife','Pr. Carolina Barbosa','jardim.recife@igreja.org.br','11977400990','Travessa Brasil','8054',NULL,'Parque das Nacoes','Recife','PE','11521346','Juliana Gomes','81912069231','juliana.gomes@uol.com.br','Sunt sunt reprehenderit qui rem nobis doloremque voluptatibus totam accusamus numquam necessitatibus.',NULL,'2026-02-20 02:35:07','2026-02-20 02:35:07'),(9,'Igreja Comunidade Crista Vida Nova de Manaus','Pr. Amanda Ramos','vida.nova.manaus@igreja.org.br','31913367576','Alameda Getulio Vargas','2866',NULL,'Vila Nova','Manaus','AM','63146750','Larissa Gomes','71953611593','larissa.gomes@outlook.com',NULL,NULL,'2026-02-20 02:35:07','2026-02-20 02:35:07'),(10,'Igreja Batista Jardim de Curitiba','Pr. Lucas Silva','jardim.curitiba@comunidade.com.br','71948752025','Avenida Santos Dumont','9748','Sala 101','Parque das Nacoes','Curitiba','PR','70942077','Mariana Cardoso','41997998239','mariana.cardoso@gmail.com',NULL,NULL,'2026-02-20 02:35:07','2026-02-20 02:35:07'),(11,'Igreja Comunidade Crista Vila Nova de Curitiba','Pr. Felipe Cardoso','vila.nova.curitiba@igreja.org.br','61916167523','Alameda das Flores','7356','Casa 2','Vila Nova','Curitiba','PR','81068456','Fernanda Ramos','81931731020','fernanda.ramos@gmail.com',NULL,NULL,'2026-02-20 02:35:07','2026-02-20 02:35:07'),(12,'Igreja Comunidade Crista Memorial de Belem','Pr. Carolina Moura','memorial.belem@comunidade.com.br','21985799707','Alameda Sete de Setembro','9225','Fundos','Nova Esperanca','Belem','PA','48241320','Mariana Martins','41952320495','mariana.martins@outlook.com','Dolorem sed animi numquam doloremque et velit placeat autem ut et et velit occaecati illum soluta fugiat.',NULL,'2026-02-20 02:35:07','2026-02-20 02:35:07'),(13,'Igreja Evangelica Monte Sinai de Sao Paulo','Pr. Fernanda Moura','monte.sinai.sao.paulo@comunidade.com.br','91939858371','Rua dos Ipês','9998','Sala 101','Boa Vista','Sao Paulo','SP','09041314','Fernanda Ribeiro','51989780100','fernanda.ribeiro@gmail.com','Libero magnam quos sunt eum doloribus reiciendis voluptates doloremque minima non perspiciatis eligendi doloremque hic.',NULL,'2026-02-20 02:35:07','2026-02-20 02:35:07'),(14,'Igreja Batista Jardim de Belo Horizonte','Pr. Bruno Dias','jardim.belo.horizonte@comunidade.com.br','41907027435','Rua Dom Pedro II','7631',NULL,'Vila Esperanca','Belo Horizonte','MG','42789904','Carolina Dias','81997705358','carolina.dias@outlook.com',NULL,NULL,'2026-02-20 02:35:07','2026-02-20 02:35:07'),(15,'Igreja Evangelica Memorial de Belem','Pr. Bruno Martins','memorial.belem@comunidade.com.br','51999694087','Alameda Rio Branco','5869',NULL,'Santa Clara','Belem','PA','08271892','Renata Silva','51911729159','renata.silva@hotmail.com',NULL,NULL,'2026-02-20 02:35:07','2026-02-20 02:35:07'),(16,'Igreja Comunidade Crista Vila Nova de Goiania','Pr. Felipe Silva','vila.nova.goiania@comunidade.com.br','11969622431','Avenida Getulio Vargas','5656',NULL,'Bela Vista','Goiania','GO','75861147','Carolina Carvalho','11939435886','carolina.carvalho@uol.com.br',NULL,NULL,'2026-02-20 02:35:07','2026-02-20 02:35:07'),(17,'Igreja Assembleia de Deus Vila Nova de Sao Paulo','Pr. Carolina Santana','vila.nova.sao.paulo@ministerio.com.br','41977509371','Travessa Santos Dumont','5827','Fundos','Nova Esperanca','Sao Paulo','SP','85352030','Fernanda Martins','61917891971','fernanda.martins@gmail.com',NULL,NULL,'2026-02-20 02:35:07','2026-02-20 02:35:07'),(18,'Igreja Batista Central de Brasilia','Pr. Fernanda Rezende','central.brasilia@ministerio.com.br','31994288661','Alameda Brasil','2561',NULL,'Boa Vista','Brasilia','DF','51749098','Gabriel Carvalho','85958026325','gabriel.carvalho@gmail.com',NULL,NULL,'2026-02-20 02:35:07','2026-02-20 02:35:07'),(19,'Igreja Presbiteriana Ebenezer de Salvador','Pr. Vitor Almeida','ebenezer.salvador@igreja.org.br','11992839092','Travessa Paulista','8135',NULL,'Jardim America','Salvador','BA','61852100','Isabela Rocha','71957219544','isabela.rocha@gmail.com',NULL,NULL,'2026-02-20 02:35:07','2026-02-20 02:35:07'),(20,'Igreja Presbiteriana Esperanca de Rio de Janeiro','Pr. Vitor Carvalho','esperanca.rio.de.janeiro@ministerio.com.br','31939246903','Avenida dos Ipês','431',NULL,'Boa Vista','Rio de Janeiro','RJ','61446253','Patricia Rocha','91959796046','patricia.rocha@uol.com.br','Dolorem ut id reiciendis eius sed tenetur occaecati dolores quo et ut beatae.',NULL,'2026-02-20 02:35:07','2026-02-20 02:35:07'),(21,'Igreja Assembleia de Deus Central de Brasilia','Pr. Joao Ribeiro','central.brasilia@comunidade.com.br','21942676913','Alameda Sete de Setembro','2637',NULL,'Parque das Nacoes','Brasilia','DF','65798901','Beatriz Costa','61985168513','beatriz.costa@gmail.com','Similique cum quas iusto cumque aut dolore error quia necessitatibus veniam excepturi aut.',NULL,'2026-02-20 02:35:07','2026-02-20 02:35:07'),(22,'Igreja Assembleia de Deus Nova Alianca de Porto Alegre','Pr. Mariana Ferreira','nova.alianca.porto.alegre@ministerio.com.br','61949776167','Travessa Santos Dumont','144',NULL,'Vila Esperanca','Porto Alegre','RS','35301466','Amanda Ribeiro','41902307958','amanda.ribeiro@uol.com.br','Voluptatibus consequatur officia non et quod repellat quod numquam temporibus.',NULL,'2026-02-20 02:35:07','2026-02-20 02:35:07'),(23,'Igreja do Nazareno Ebenezer de Sao Paulo','Pr. Joao Pereira','ebenezer.sao.paulo@comunidade.com.br','51933907522','Avenida das Flores','5302',NULL,'Vila Nova','Sao Paulo','SP','94864448','Fernanda Ribeiro','71986000721','fernanda.ribeiro@hotmail.com',NULL,NULL,'2026-02-20 02:35:07','2026-02-20 02:35:07'),(24,'Igreja Assembleia de Deus Central de Manaus','Pr. Camila Moura','central.manaus@comunidade.com.br','91936733460','Rua das Flores','3152','Bloco B','Boa Vista','Manaus','AM','73888869','Carlos Carvalho','85989462252','carlos.carvalho@outlook.com','Iusto ipsa magni est consequatur pariatur exercitationem soluta quos fuga nemo eum nesciunt non et voluptatem amet.',NULL,'2026-02-20 02:35:07','2026-02-20 02:35:07'),(25,'Igreja Batista Monte Sinai de Rio de Janeiro','Pr. Andre Souza','monte.sinai.rio.de.janeiro@ministerio.com.br','81906679985','Rua Getulio Vargas','7107','Bloco B','Bela Vista','Rio de Janeiro','RJ','44118338','Paulo Oliveira','85943169174','paulo.oliveira@gmail.com',NULL,NULL,'2026-02-20 02:35:07','2026-02-20 02:35:07'),(26,'Igreja Assembleia de Deus Vila Nova de Belo Horizonte','Pr. Paulo Pereira','vila.nova.belo.horizonte@ministerio.com.br','81925875209','Rua Rio Branco','8310',NULL,'Vila Nova','Belo Horizonte','MG','36403570','Felipe Ferreira','31902171985','felipe.ferreira@outlook.com',NULL,NULL,'2026-02-20 02:35:07','2026-02-20 02:35:07');
/*!40000 ALTER TABLE `churches` ENABLE KEYS */;
UNLOCK TABLES;

--
-- Table structure for table `course_user`
--

DROP TABLE IF EXISTS `course_user`;
/*!40101 SET @saved_cs_client     = @@character_set_client */;
/*!50503 SET character_set_client = utf8mb4 */;
CREATE TABLE `course_user` (
  `course_id` bigint unsigned DEFAULT NULL,
  `user_id` bigint unsigned DEFAULT NULL,
  `status` int NOT NULL DEFAULT '0',
  KEY `course_user_course_id_foreign` (`course_id`),
  KEY `course_user_user_id_foreign` (`user_id`),
  CONSTRAINT `course_user_course_id_foreign` FOREIGN KEY (`course_id`) REFERENCES `courses` (`id`) ON DELETE CASCADE ON UPDATE CASCADE,
  CONSTRAINT `course_user_user_id_foreign` FOREIGN KEY (`user_id`) REFERENCES `users` (`id`) ON DELETE CASCADE ON UPDATE CASCADE
) ENGINE=InnoDB DEFAULT CHARSET=utf8mb4 COLLATE=utf8mb4_unicode_ci;
/*!40101 SET character_set_client = @saved_cs_client */;

--
-- Dumping data for table `course_user`
--

LOCK TABLES `course_user` WRITE;
/*!40000 ALTER TABLE `course_user` DISABLE KEYS */;
INSERT INTO `course_user` VALUES (1,NULL,0),(1,1,0),(2,1,0),(3,1,0),(4,1,0),(5,1,0),(6,1,0),(7,1,0),(8,1,0);
/*!40000 ALTER TABLE `course_user` ENABLE KEYS */;
UNLOCK TABLES;

--
-- Table structure for table `courses`
--

DROP TABLE IF EXISTS `courses`;
/*!40101 SET @saved_cs_client     = @@character_set_client */;
/*!50503 SET character_set_client = utf8mb4 */;
CREATE TABLE `courses` (
  `id` bigint unsigned NOT NULL AUTO_INCREMENT,
  `order` varchar(255) COLLATE utf8mb4_unicode_ci DEFAULT NULL,
  `execution` int DEFAULT '0',
  `type` varchar(255) COLLATE utf8mb4_unicode_ci DEFAULT NULL,
  `initials` varchar(255) COLLATE utf8mb4_unicode_ci DEFAULT NULL,
  `name` varchar(255) COLLATE utf8mb4_unicode_ci DEFAULT NULL,
  `slogan` varchar(255) COLLATE utf8mb4_unicode_ci DEFAULT NULL,
  `targetAudience` varchar(255) COLLATE utf8mb4_unicode_ci DEFAULT NULL,
  `learnMoreLink` varchar(255) COLLATE utf8mb4_unicode_ci DEFAULT NULL,
  `certificate` varchar(255) COLLATE utf8mb4_unicode_ci DEFAULT NULL,
  `color` varchar(255) COLLATE utf8mb4_unicode_ci DEFAULT '#4F4F4F',
  `description` text COLLATE utf8mb4_unicode_ci,
  `knowhow` text COLLATE utf8mb4_unicode_ci,
  `logo` varchar(255) COLLATE utf8mb4_unicode_ci DEFAULT NULL,
  `banner` varchar(255) COLLATE utf8mb4_unicode_ci DEFAULT NULL,
  `price` varchar(255) COLLATE utf8mb4_unicode_ci NOT NULL DEFAULT '0,00',
  `created_at` timestamp NULL DEFAULT NULL,
  `updated_at` timestamp NULL DEFAULT NULL,
  `ministry_id` bigint unsigned DEFAULT NULL,
  `min_stp_sessions` int NOT NULL DEFAULT '0',
  PRIMARY KEY (`id`),
  KEY `courses_ministry_id_foreign` (`ministry_id`),
  CONSTRAINT `courses_ministry_id_foreign` FOREIGN KEY (`ministry_id`) REFERENCES `ministries` (`id`) ON DELETE CASCADE ON UPDATE CASCADE
) ENGINE=InnoDB AUTO_INCREMENT=9 DEFAULT CHARSET=utf8mb4 COLLATE=utf8mb4_unicode_ci;
/*!40101 SET character_set_client = @saved_cs_client */;

--
-- Dumping data for table `courses`
--

LOCK TABLES `courses` WRITE;
/*!40000 ALTER TABLE `courses` DISABLE KEYS */;
INSERT INTO `courses` VALUES (1,'0',0,'Clínica','ev²','Evangelismo Eficaz',NULL,'A Clínica de Evangelismo Eficaz é destinada a pastores, líderes e membros da igreja local que desejam ser treinados para viver e compartilhar o evangelho de forma bíblica, intencional e multiplicadora no dia a dia.','https://beta.eebrasil.org.br/ministry/everyday-evangelism',NULL,NULL,'A Clínica de Evangelismo Explosivo capacita a igreja local a viver o evangelismo como estilo de vida, fortalecendo amizades intencionais, promovendo o evangelismo pessoal, estruturando o discipulado com acompanhamento e conduzindo a um crescimento saudável, no qual cada crente é preparado para testemunhar com fidelidade bíblica e compromisso com a Grande Comissão.',NULL,NULL,NULL,'180,00','2026-02-20 02:35:07','2026-02-20 02:35:07',1,0),(2,'1',1,'Workshop','ESM','Evangelho Em Sua Mão',NULL,'A Implementação do Evangelismo Eficaz é destinada a membros da igreja local que desejam ser treinados para viver e compartilhar o evangelho de forma bíblica, intencional e multiplicadora no dia a dia.','https://beta.eebrasil.org.br/ministry/everyday-evangelism',NULL,NULL,NULL,NULL,NULL,NULL,'65,00','2026-02-20 02:35:07','2026-02-20 02:35:07',1,0),(3,'2',1,'implementation','e²','Explicar o Evangelho',NULL,'A Implementação do Evangelismo Eficaz é destinada a membros da igreja local que desejam ser treinados para viver e compartilhar o evangelho de forma bíblica, intencional e multiplicadora no dia a dia.','https://beta.eebrasil.org.br/ministry/everyday-evangelism',NULL,NULL,NULL,NULL,NULL,NULL,'22,00','2026-02-20 02:35:07','2026-02-20 02:35:07',1,0),(4,'3',1,'implementation','m²','Mentorear para Multiplicar',NULL,'A Implementação do Evangelismo Eficaz é destinada a membros da igreja local que desejam ser treinados para viver e compartilhar o evangelho de forma bíblica, intencional e multiplicadora no dia a dia.','https://beta.eebrasil.org.br/ministry/everyday-evangelism',NULL,NULL,NULL,NULL,NULL,NULL,'18,00','2026-02-20 02:35:07','2026-02-20 02:35:07',1,0),(5,'4',1,'implementation','c²','Crescer em Cristo',NULL,'A Implementação do Evangelismo Eficaz é destinada a membros da igreja local que desejam ser treinados para viver e compartilhar o evangelho de forma bíblica, intencional e multiplicadora no dia a dia.','https://beta.eebrasil.org.br/ministry/everyday-evangelism',NULL,NULL,NULL,NULL,NULL,NULL,'18,00','2026-02-20 02:35:07','2026-02-20 02:35:07',1,0),(6,'5',1,'implementation','r²','Responder com a Razão',NULL,'A Implementação do Evangelismo Eficaz é destinada a membros da igreja local que desejam ser treinados para viver e compartilhar o evangelho de forma bíblica, intencional e multiplicadora no dia a dia.','https://beta.eebrasil.org.br/ministry/everyday-evangelism',NULL,NULL,NULL,NULL,NULL,NULL,'18,00','2026-02-20 02:35:07','2026-02-20 02:35:07',1,0),(7,'0',0,'Workshop','EPC','Esperança Para Crianças',NULL,'O Workshop Hope for Kids (EE-Kids) é destinado a professores, líderes de ministério infantil, pais e voluntários que desejam ser capacitados para apresentar o evangelho às crianças de forma bíblica, clara e adequada à sua faixa etária.','https://beta.eebrasil.org.br/ministry/kids-ee',NULL,NULL,'O EE-Kids, por meio da ferramenta Esperança Para Crianças, capacita a igreja local a apresentar o evangelho de Cristo às crianças de forma clara, bíblica e apropriada à sua idade, envolvendo família e comunidade no processo. Com metodologia simples e fiel às Escrituras, o ministério forma líderes e voluntários para comunicar a mensagem da salvação, cultivar valores cristãos e estabelecer fundamentos de discipulado desde cedo, cooperando para o crescimento saudável da igreja. Em suma: sem atalhos, sem modismos, o bom e antigo evangelho, semeado nos corações pequenos para frutos eternos.',NULL,NULL,NULL,'50,00','2026-02-20 02:35:08','2026-02-20 02:35:08',2,0),(8,'1',1,'implementation','EPC','Esperança Para Crianças',NULL,'O Workshop Hope for Kids (EE-Kids) é destinado a professores, líderes de ministério infantil, pais e voluntários que desejam ser capacitados para apresentar o evangelho às crianças de forma bíblica, clara e adequada à sua faixa etária.','https://beta.eebrasil.org.br/ministry/kids-ee',NULL,NULL,NULL,NULL,NULL,NULL,'10,00','2026-02-20 02:35:08','2026-02-20 02:35:08',2,0);
/*!40000 ALTER TABLE `courses` ENABLE KEYS */;
UNLOCK TABLES;

--
-- Table structure for table `event_dates`
--

DROP TABLE IF EXISTS `event_dates`;
/*!40101 SET @saved_cs_client     = @@character_set_client */;
/*!50503 SET character_set_client = utf8mb4 */;
CREATE TABLE `event_dates` (
  `id` bigint unsigned NOT NULL AUTO_INCREMENT,
  `training_id` bigint unsigned NOT NULL,
  `date` date NOT NULL,
  `start_time` time DEFAULT NULL,
  `end_time` time DEFAULT NULL,
  `created_at` timestamp NULL DEFAULT NULL,
  `updated_at` timestamp NULL DEFAULT NULL,
  PRIMARY KEY (`id`),
  UNIQUE KEY `event_dates_training_id_date_start_time_unique` (`training_id`,`date`,`start_time`),
  CONSTRAINT `event_dates_training_id_foreign` FOREIGN KEY (`training_id`) REFERENCES `trainings` (`id`) ON DELETE CASCADE ON UPDATE CASCADE
) ENGINE=InnoDB AUTO_INCREMENT=444 DEFAULT CHARSET=utf8mb4 COLLATE=utf8mb4_unicode_ci;
/*!40101 SET character_set_client = @saved_cs_client */;

--
-- Dumping data for table `event_dates`
--

LOCK TABLES `event_dates` WRITE;
/*!40000 ALTER TABLE `event_dates` DISABLE KEYS */;
INSERT INTO `event_dates` VALUES (1,1,'2026-02-06','18:30:00','21:30:00',NULL,NULL),(2,1,'2026-02-07','08:30:00','21:30:00',NULL,NULL),(3,1,'2026-02-08','08:30:00','18:00:00',NULL,NULL),(4,2,'2026-02-02','19:00:00','22:30:00',NULL,NULL),(5,2,'2026-02-03','19:00:00','22:30:00',NULL,NULL),(6,2,'2026-02-04','19:00:00','22:30:00',NULL,NULL),(7,2,'2026-02-05','19:00:00','22:30:00',NULL,NULL),(8,2,'2026-02-06','19:00:00','22:30:00',NULL,NULL),(9,2,'2026-02-07','09:00:00','17:00:00',NULL,NULL),(10,3,'2026-03-08','19:00:00','21:30:00','2026-02-20 02:35:08','2026-02-20 02:35:08'),(11,3,'2026-03-09','08:00:00','22:00:00','2026-02-20 02:35:08','2026-02-20 02:35:08'),(12,3,'2026-03-10','08:00:00','18:00:00','2026-02-20 02:35:08','2026-02-20 02:35:08'),(13,4,'2026-03-27','19:00:00','21:30:00','2026-02-20 02:35:08','2026-02-20 02:35:08'),(14,4,'2026-03-28','08:00:00','22:00:00','2026-02-20 02:35:08','2026-02-20 02:35:08'),(15,4,'2026-03-29','08:00:00','18:00:00','2026-02-20 02:35:08','2026-02-20 02:35:08'),(16,5,'2026-06-03','19:00:00','21:30:00','2026-02-20 02:35:08','2026-02-20 02:35:08'),(17,5,'2026-06-04','08:00:00','22:00:00','2026-02-20 02:35:08','2026-02-20 02:35:08'),(18,5,'2026-06-05','08:00:00','18:00:00','2026-02-20 02:35:08','2026-02-20 02:35:08'),(19,6,'2026-06-09','19:00:00','21:30:00','2026-02-20 02:35:08','2026-02-20 02:35:08'),(20,6,'2026-06-10','08:00:00','22:00:00','2026-02-20 02:35:08','2026-02-20 02:35:08'),(21,6,'2026-06-11','08:00:00','18:00:00','2026-02-20 02:35:08','2026-02-20 02:35:08'),(22,7,'2026-04-18','19:00:00','21:30:00','2026-02-20 02:35:08','2026-02-20 02:35:08'),(23,7,'2026-04-19','08:00:00','22:00:00','2026-02-20 02:35:08','2026-02-20 02:35:08'),(24,7,'2026-04-20','08:00:00','18:00:00','2026-02-20 02:35:08','2026-02-20 02:35:08'),(25,8,'2026-04-27','19:00:00','21:30:00','2026-02-20 02:35:08','2026-02-20 02:35:08'),(26,8,'2026-04-28','08:00:00','22:00:00','2026-02-20 02:35:08','2026-02-20 02:35:08'),(27,8,'2026-04-29','08:00:00','18:00:00','2026-02-20 02:35:08','2026-02-20 02:35:08'),(28,9,'2026-02-24','19:00:00','21:30:00','2026-02-20 02:35:08','2026-02-20 02:35:08'),(29,9,'2026-02-25','08:00:00','22:00:00','2026-02-20 02:35:08','2026-02-20 02:35:08'),(30,9,'2026-02-26','08:00:00','18:00:00','2026-02-20 02:35:08','2026-02-20 02:35:08'),(31,10,'2026-04-19','19:00:00','21:30:00','2026-02-20 02:35:08','2026-02-20 02:35:08'),(32,10,'2026-04-20','08:00:00','22:00:00','2026-02-20 02:35:08','2026-02-20 02:35:08'),(33,10,'2026-04-21','08:00:00','18:00:00','2026-02-20 02:35:08','2026-02-20 02:35:08'),(34,11,'2026-03-08','19:00:00','21:30:00','2026-02-20 02:35:08','2026-02-20 02:35:08'),(35,11,'2026-03-09','08:00:00','22:00:00','2026-02-20 02:35:08','2026-02-20 02:35:08'),(36,11,'2026-03-10','08:00:00','18:00:00','2026-02-20 02:35:08','2026-02-20 02:35:08'),(37,12,'2026-06-13','19:00:00','21:30:00','2026-02-20 02:35:08','2026-02-20 02:35:08'),(38,12,'2026-06-14','08:00:00','22:00:00','2026-02-20 02:35:08','2026-02-20 02:35:08'),(39,12,'2026-06-15','08:00:00','18:00:00','2026-02-20 02:35:08','2026-02-20 02:35:08'),(40,13,'2026-04-02','19:00:00','21:30:00','2026-02-20 02:35:08','2026-02-20 02:35:08'),(41,13,'2026-04-03','08:00:00','22:00:00','2026-02-20 02:35:08','2026-02-20 02:35:08'),(42,13,'2026-04-04','08:00:00','18:00:00','2026-02-20 02:35:08','2026-02-20 02:35:08'),(43,14,'2026-05-19','19:00:00','21:30:00','2026-02-20 02:35:08','2026-02-20 02:35:08'),(44,14,'2026-05-20','08:00:00','22:00:00','2026-02-20 02:35:08','2026-02-20 02:35:08'),(45,14,'2026-05-21','08:00:00','18:00:00','2026-02-20 02:35:08','2026-02-20 02:35:08'),(46,15,'2026-03-10','19:00:00','21:30:00','2026-02-20 02:35:08','2026-02-20 02:35:08'),(47,15,'2026-03-11','08:00:00','22:00:00','2026-02-20 02:35:08','2026-02-20 02:35:08'),(48,15,'2026-03-12','08:00:00','18:00:00','2026-02-20 02:35:08','2026-02-20 02:35:08'),(49,16,'2026-03-21','19:00:00','21:30:00','2026-02-20 02:35:08','2026-02-20 02:35:08'),(50,16,'2026-03-22','08:00:00','22:00:00','2026-02-20 02:35:08','2026-02-20 02:35:08'),(51,16,'2026-03-23','08:00:00','18:00:00','2026-02-20 02:35:08','2026-02-20 02:35:08'),(52,17,'2026-02-25','19:00:00','21:30:00','2026-02-20 02:35:08','2026-02-20 02:35:08'),(53,17,'2026-02-26','08:00:00','22:00:00','2026-02-20 02:35:08','2026-02-20 02:35:08'),(54,17,'2026-02-27','08:00:00','18:00:00','2026-02-20 02:35:08','2026-02-20 02:35:08'),(55,18,'2026-05-02','19:00:00','21:30:00','2026-02-20 02:35:08','2026-02-20 02:35:08'),(56,18,'2026-05-03','08:00:00','22:00:00','2026-02-20 02:35:08','2026-02-20 02:35:08'),(57,18,'2026-05-04','08:00:00','18:00:00','2026-02-20 02:35:08','2026-02-20 02:35:08'),(58,19,'2026-03-27','19:00:00','21:30:00','2026-02-20 02:35:08','2026-02-20 02:35:08'),(59,19,'2026-03-28','08:00:00','22:00:00','2026-02-20 02:35:08','2026-02-20 02:35:08'),(60,19,'2026-03-29','08:00:00','18:00:00','2026-02-20 02:35:08','2026-02-20 02:35:08'),(61,20,'2026-05-28','19:00:00','21:30:00','2026-02-20 02:35:08','2026-02-20 02:35:08'),(62,20,'2026-05-29','08:00:00','22:00:00','2026-02-20 02:35:08','2026-02-20 02:35:08'),(63,20,'2026-05-30','08:00:00','18:00:00','2026-02-20 02:35:08','2026-02-20 02:35:08'),(64,21,'2026-04-20','09:00:00','17:00:00','2026-02-20 02:35:08','2026-02-20 02:35:08'),(65,22,'2026-06-02','09:00:00','17:00:00','2026-02-20 02:35:08','2026-02-20 02:35:08'),(66,23,'2026-03-07','09:00:00','17:00:00','2026-02-20 02:35:08','2026-02-20 02:35:08'),(67,24,'2026-06-15','09:00:00','17:00:00','2026-02-20 02:35:08','2026-02-20 02:35:08'),(68,25,'2026-05-31','09:00:00','17:00:00','2026-02-20 02:35:08','2026-02-20 02:35:08'),(69,26,'2026-05-31','09:00:00','17:00:00','2026-02-20 02:35:08','2026-02-20 02:35:08'),(70,27,'2026-06-07','09:00:00','17:00:00','2026-02-20 02:35:08','2026-02-20 02:35:08'),(71,28,'2026-05-19','09:00:00','17:00:00','2026-02-20 02:35:08','2026-02-20 02:35:08'),(72,29,'2026-02-27','09:00:00','17:00:00','2026-02-20 02:35:08','2026-02-20 02:35:08'),(73,30,'2026-03-29','09:00:00','17:00:00','2026-02-20 02:35:09','2026-02-20 02:35:09'),(74,31,'2026-05-07','09:00:00','17:00:00','2026-02-20 02:35:09','2026-02-20 02:35:09'),(75,32,'2026-04-11','09:00:00','17:00:00','2026-02-20 02:35:09','2026-02-20 02:35:09'),(76,33,'2026-04-27','09:00:00','17:00:00','2026-02-20 02:35:09','2026-02-20 02:35:09'),(77,34,'2026-03-18','09:00:00','17:00:00','2026-02-20 02:35:09','2026-02-20 02:35:09'),(78,35,'2026-06-09','09:00:00','17:00:00','2026-02-20 02:35:09','2026-02-20 02:35:09'),(79,36,'2026-03-01','09:00:00','17:00:00','2026-02-20 02:35:09','2026-02-20 02:35:09'),(80,37,'2026-05-17','09:00:00','17:00:00','2026-02-20 02:35:09','2026-02-20 02:35:09'),(81,38,'2026-04-09','09:00:00','17:00:00','2026-02-20 02:35:09','2026-02-20 02:35:09'),(82,39,'2026-03-31','09:00:00','17:00:00','2026-02-20 02:35:09','2026-02-20 02:35:09'),(83,40,'2026-05-24','09:00:00','17:00:00','2026-02-20 02:35:09','2026-02-20 02:35:09'),(84,41,'2026-05-04','09:00:00','17:00:00','2026-02-20 02:35:09','2026-02-20 02:35:09'),(85,42,'2026-04-26','09:00:00','17:00:00','2026-02-20 02:35:09','2026-02-20 02:35:09'),(86,43,'2026-03-23','09:00:00','17:00:00','2026-02-20 02:35:09','2026-02-20 02:35:09'),(87,44,'2026-04-25','09:00:00','17:00:00','2026-02-20 02:35:09','2026-02-20 02:35:09'),(88,45,'2026-02-25','09:00:00','17:00:00','2026-02-20 02:35:09','2026-02-20 02:35:09'),(89,46,'2026-05-29','09:00:00','17:00:00','2026-02-20 02:35:09','2026-02-20 02:35:09'),(90,47,'2026-06-08','09:00:00','17:00:00','2026-02-20 02:35:09','2026-02-20 02:35:09'),(91,48,'2026-02-24','09:00:00','17:00:00','2026-02-20 02:35:09','2026-02-20 02:35:09'),(92,49,'2026-05-29','09:00:00','17:00:00','2026-02-20 02:35:09','2026-02-20 02:35:09'),(93,50,'2026-03-01','09:00:00','17:00:00','2026-02-20 02:35:09','2026-02-20 02:35:09'),(94,51,'2026-04-12','09:00:00','17:00:00','2026-02-20 02:35:09','2026-02-20 02:35:09'),(95,52,'2026-05-13','09:00:00','17:00:00','2026-02-20 02:35:09','2026-02-20 02:35:09'),(96,53,'2026-04-03','09:00:00','17:00:00','2026-02-20 02:35:09','2026-02-20 02:35:09'),(97,54,'2026-05-13','09:00:00','17:00:00','2026-02-20 02:35:09','2026-02-20 02:35:09'),(98,55,'2026-05-05','09:00:00','17:00:00','2026-02-20 02:35:09','2026-02-20 02:35:09'),(99,56,'2026-03-14','09:00:00','17:00:00','2026-02-20 02:35:09','2026-02-20 02:35:09'),(100,57,'2026-05-20','08:00:00','17:30:00','2026-02-20 02:35:12','2026-02-20 02:35:12'),(101,57,'2026-05-21','08:00:00','17:30:00','2026-02-20 02:35:12','2026-02-20 02:35:12'),(102,58,'2026-05-21','09:00:00','17:00:00','2026-02-20 02:35:12','2026-02-20 02:35:12'),(103,59,'2026-04-09','09:00:00','17:00:00','2026-02-20 02:35:12','2026-02-20 02:35:12'),(104,60,'2026-04-10','09:00:00','17:00:00','2026-02-20 02:35:12','2026-02-20 02:35:12'),(105,61,'2026-03-11','09:00:00','17:00:00','2026-02-20 02:35:12','2026-02-20 02:35:12'),(106,62,'2026-06-17','09:00:00','17:00:00','2026-02-20 02:35:12','2026-02-20 02:35:12'),(107,63,'2026-03-12','09:00:00','17:00:00','2026-02-20 02:35:12','2026-02-20 02:35:12'),(108,64,'2026-04-04','09:00:00','17:00:00','2026-02-20 02:35:12','2026-02-20 02:35:12'),(109,65,'2026-06-11','08:00:00','17:30:00','2026-02-20 02:35:12','2026-02-20 02:35:12'),(110,65,'2026-06-12','08:00:00','17:30:00','2026-02-20 02:35:12','2026-02-20 02:35:12'),(111,66,'2026-02-27','09:00:00','17:00:00','2026-02-20 02:35:12','2026-02-20 02:35:12'),(112,67,'2026-04-10','08:00:00','17:30:00','2026-02-20 02:35:12','2026-02-20 02:35:12'),(113,67,'2026-04-11','08:00:00','17:30:00','2026-02-20 02:35:12','2026-02-20 02:35:12'),(114,68,'2026-05-14','09:00:00','17:00:00','2026-02-20 02:35:12','2026-02-20 02:35:12'),(115,69,'2026-06-14','09:00:00','17:00:00','2026-02-20 02:35:12','2026-02-20 02:35:12'),(116,70,'2026-02-27','09:00:00','17:00:00','2026-02-20 02:35:12','2026-02-20 02:35:12'),(117,71,'2026-03-29','09:00:00','17:00:00','2026-02-20 02:35:12','2026-02-20 02:35:12'),(118,72,'2026-05-05','09:00:00','17:00:00','2026-02-20 02:35:12','2026-02-20 02:35:12'),(119,73,'2026-05-17','09:00:00','17:00:00','2026-02-20 02:35:12','2026-02-20 02:35:12'),(120,74,'2026-06-11','09:00:00','17:00:00','2026-02-20 02:35:12','2026-02-20 02:35:12'),(121,75,'2026-05-06','09:00:00','17:00:00','2026-02-20 02:35:12','2026-02-20 02:35:12'),(122,76,'2026-03-12','09:00:00','17:00:00','2026-02-20 02:35:12','2026-02-20 02:35:12'),(123,77,'2026-05-17','09:00:00','17:00:00','2026-02-20 02:35:12','2026-02-20 02:35:12'),(124,78,'2026-03-29','09:00:00','17:00:00','2026-02-20 02:35:12','2026-02-20 02:35:12'),(125,79,'2026-04-19','09:00:00','17:00:00','2026-02-20 02:35:12','2026-02-20 02:35:12'),(126,80,'2026-03-11','09:00:00','17:00:00','2026-02-20 02:35:12','2026-02-20 02:35:12'),(127,81,'2026-05-25','09:00:00','17:00:00','2026-02-20 02:35:12','2026-02-20 02:35:12'),(128,82,'2026-04-30','19:00:00','21:30:00','2026-02-20 02:35:12','2026-02-20 02:35:12'),(129,82,'2026-05-01','08:00:00','22:00:00','2026-02-20 02:35:12','2026-02-20 02:35:12'),(130,82,'2026-05-02','08:00:00','18:00:00','2026-02-20 02:35:12','2026-02-20 02:35:12'),(131,83,'2026-03-31','09:00:00','17:00:00','2026-02-20 02:35:12','2026-02-20 02:35:12'),(132,84,'2026-05-22','09:00:00','17:00:00','2026-02-20 02:35:12','2026-02-20 02:35:12'),(133,85,'2026-03-19','09:00:00','17:00:00','2026-02-20 02:35:12','2026-02-20 02:35:12'),(134,86,'2026-03-28','09:00:00','17:00:00','2026-02-20 02:35:12','2026-02-20 02:35:12'),(135,87,'2026-04-01','09:00:00','17:00:00','2026-02-20 02:35:12','2026-02-20 02:35:12'),(136,88,'2026-06-18','09:00:00','17:00:00','2026-02-20 02:35:12','2026-02-20 02:35:12'),(137,89,'2026-04-26','09:00:00','17:00:00','2026-02-20 02:35:12','2026-02-20 02:35:12'),(138,90,'2026-04-22','08:00:00','17:30:00','2026-02-20 02:35:12','2026-02-20 02:35:12'),(139,90,'2026-04-23','08:00:00','17:30:00','2026-02-20 02:35:12','2026-02-20 02:35:12'),(140,91,'2026-05-26','08:00:00','17:30:00','2026-02-20 02:35:12','2026-02-20 02:35:12'),(141,91,'2026-05-27','08:00:00','17:30:00','2026-02-20 02:35:12','2026-02-20 02:35:12'),(142,92,'2026-02-28','09:00:00','17:00:00','2026-02-20 02:35:12','2026-02-20 02:35:12'),(143,93,'2026-03-19','09:00:00','17:00:00','2026-02-20 02:35:12','2026-02-20 02:35:12'),(144,94,'2026-06-13','09:00:00','17:00:00','2026-02-20 02:35:12','2026-02-20 02:35:12'),(145,95,'2026-06-09','09:00:00','17:00:00','2026-02-20 02:35:12','2026-02-20 02:35:12'),(146,96,'2026-03-29','09:00:00','17:00:00','2026-02-20 02:35:12','2026-02-20 02:35:12'),(147,97,'2026-04-18','09:00:00','17:00:00','2026-02-20 02:35:12','2026-02-20 02:35:12'),(148,98,'2026-03-08','09:00:00','17:00:00','2026-02-20 02:35:12','2026-02-20 02:35:12'),(149,99,'2026-04-10','09:00:00','17:00:00','2026-02-20 02:35:12','2026-02-20 02:35:12'),(150,100,'2026-02-24','08:00:00','17:30:00','2026-02-20 02:35:12','2026-02-20 02:35:12'),(151,100,'2026-02-25','08:00:00','17:30:00','2026-02-20 02:35:12','2026-02-20 02:35:12'),(152,101,'2026-04-22','09:00:00','17:00:00','2026-02-20 02:35:12','2026-02-20 02:35:12'),(153,102,'2026-04-21','09:00:00','17:00:00','2026-02-20 02:35:12','2026-02-20 02:35:12'),(154,103,'2026-04-06','09:00:00','17:00:00','2026-02-20 02:35:12','2026-02-20 02:35:12'),(155,104,'2026-04-03','08:00:00','17:30:00','2026-02-20 02:35:12','2026-02-20 02:35:12'),(156,104,'2026-04-04','08:00:00','17:30:00','2026-02-20 02:35:12','2026-02-20 02:35:12'),(157,105,'2026-03-31','09:00:00','17:00:00','2026-02-20 02:35:12','2026-02-20 02:35:12'),(158,106,'2026-05-25','19:00:00','21:30:00','2026-02-20 02:35:12','2026-02-20 02:35:12'),(159,106,'2026-05-26','08:00:00','22:00:00','2026-02-20 02:35:12','2026-02-20 02:35:12'),(160,106,'2026-05-27','08:00:00','18:00:00','2026-02-20 02:35:12','2026-02-20 02:35:12'),(161,107,'2026-04-20','09:00:00','17:00:00','2026-02-20 02:35:12','2026-02-20 02:35:12'),(162,108,'2026-06-05','08:00:00','17:30:00','2026-02-20 02:35:12','2026-02-20 02:35:12'),(163,108,'2026-06-06','08:00:00','17:30:00','2026-02-20 02:35:12','2026-02-20 02:35:12'),(164,109,'2026-06-17','09:00:00','17:00:00','2026-02-20 02:35:12','2026-02-20 02:35:12'),(165,110,'2026-04-18','09:00:00','17:00:00','2026-02-20 02:35:12','2026-02-20 02:35:12'),(166,111,'2026-04-17','09:00:00','17:00:00','2026-02-20 02:35:12','2026-02-20 02:35:12'),(167,112,'2026-03-11','19:00:00','21:30:00','2026-02-20 02:35:12','2026-02-20 02:35:12'),(168,112,'2026-03-12','08:00:00','22:00:00','2026-02-20 02:35:12','2026-02-20 02:35:12'),(169,112,'2026-03-13','08:00:00','18:00:00','2026-02-20 02:35:12','2026-02-20 02:35:12'),(170,113,'2026-05-16','09:00:00','17:00:00','2026-02-20 02:35:12','2026-02-20 02:35:12'),(171,114,'2026-05-16','09:00:00','17:00:00','2026-02-20 02:35:12','2026-02-20 02:35:12'),(172,115,'2026-03-12','09:00:00','17:00:00','2026-02-20 02:35:12','2026-02-20 02:35:12'),(173,116,'2026-05-16','08:00:00','17:30:00','2026-02-20 02:35:12','2026-02-20 02:35:12'),(174,116,'2026-05-17','08:00:00','17:30:00','2026-02-20 02:35:12','2026-02-20 02:35:12'),(175,117,'2026-06-09','09:00:00','17:00:00','2026-02-20 02:35:12','2026-02-20 02:35:12'),(176,118,'2026-04-30','09:00:00','17:00:00','2026-02-20 02:35:12','2026-02-20 02:35:12'),(177,119,'2026-05-24','09:00:00','17:00:00','2026-02-20 02:35:12','2026-02-20 02:35:12'),(178,120,'2026-03-16','08:00:00','17:30:00','2026-02-20 02:35:12','2026-02-20 02:35:12'),(179,120,'2026-03-17','08:00:00','17:30:00','2026-02-20 02:35:12','2026-02-20 02:35:12'),(180,121,'2026-03-05','19:00:00','21:30:00','2026-02-20 02:35:12','2026-02-20 02:35:12'),(181,121,'2026-03-06','08:00:00','22:00:00','2026-02-20 02:35:12','2026-02-20 02:35:12'),(182,121,'2026-03-07','08:00:00','18:00:00','2026-02-20 02:35:12','2026-02-20 02:35:12'),(183,122,'2026-06-15','08:00:00','17:30:00','2026-02-20 02:35:12','2026-02-20 02:35:12'),(184,122,'2026-06-16','08:00:00','17:30:00','2026-02-20 02:35:12','2026-02-20 02:35:12'),(185,123,'2026-02-26','19:00:00','21:30:00','2026-02-20 02:35:12','2026-02-20 02:35:12'),(186,123,'2026-02-27','08:00:00','22:00:00','2026-02-20 02:35:12','2026-02-20 02:35:12'),(187,123,'2026-02-28','08:00:00','18:00:00','2026-02-20 02:35:12','2026-02-20 02:35:12'),(188,124,'2026-03-10','19:00:00','21:30:00','2026-02-20 02:35:12','2026-02-20 02:35:12'),(189,124,'2026-03-11','08:00:00','22:00:00','2026-02-20 02:35:12','2026-02-20 02:35:12'),(190,124,'2026-03-12','08:00:00','18:00:00','2026-02-20 02:35:12','2026-02-20 02:35:12'),(191,125,'2026-06-07','09:00:00','17:00:00','2026-02-20 02:35:12','2026-02-20 02:35:12'),(192,126,'2026-03-05','08:00:00','17:30:00','2026-02-20 02:35:12','2026-02-20 02:35:12'),(193,126,'2026-03-06','08:00:00','17:30:00','2026-02-20 02:35:12','2026-02-20 02:35:12'),(194,127,'2026-03-05','09:00:00','17:00:00','2026-02-20 02:35:12','2026-02-20 02:35:12'),(195,128,'2026-06-05','09:00:00','17:00:00','2026-02-20 02:35:12','2026-02-20 02:35:12'),(196,129,'2026-04-27','09:00:00','17:00:00','2026-02-20 02:35:12','2026-02-20 02:35:12'),(197,130,'2026-05-05','09:00:00','17:00:00','2026-02-20 02:35:12','2026-02-20 02:35:12'),(198,131,'2026-05-04','09:00:00','17:00:00','2026-02-20 02:35:12','2026-02-20 02:35:12'),(199,132,'2026-03-27','08:00:00','17:30:00','2026-02-20 02:35:12','2026-02-20 02:35:12'),(200,132,'2026-03-28','08:00:00','17:30:00','2026-02-20 02:35:12','2026-02-20 02:35:12'),(201,133,'2026-06-06','19:00:00','21:30:00','2026-02-20 02:35:12','2026-02-20 02:35:12'),(202,133,'2026-06-07','08:00:00','22:00:00','2026-02-20 02:35:12','2026-02-20 02:35:12'),(203,133,'2026-06-08','08:00:00','18:00:00','2026-02-20 02:35:12','2026-02-20 02:35:12'),(204,134,'2026-04-30','19:00:00','21:30:00','2026-02-20 02:35:12','2026-02-20 02:35:12'),(205,134,'2026-05-01','08:00:00','22:00:00','2026-02-20 02:35:12','2026-02-20 02:35:12'),(206,134,'2026-05-02','08:00:00','18:00:00','2026-02-20 02:35:12','2026-02-20 02:35:12'),(207,135,'2026-03-19','08:00:00','17:30:00','2026-02-20 02:35:12','2026-02-20 02:35:12'),(208,135,'2026-03-20','08:00:00','17:30:00','2026-02-20 02:35:12','2026-02-20 02:35:12'),(209,136,'2026-05-18','09:00:00','17:00:00','2026-02-20 02:35:12','2026-02-20 02:35:12'),(210,137,'2026-03-07','09:00:00','17:00:00','2026-02-20 02:35:12','2026-02-20 02:35:12'),(211,138,'2026-06-18','09:00:00','17:00:00','2026-02-20 02:35:12','2026-02-20 02:35:12'),(212,139,'2026-03-24','09:00:00','17:00:00','2026-02-20 02:35:12','2026-02-20 02:35:12'),(213,140,'2026-05-26','09:00:00','17:00:00','2026-02-20 02:35:12','2026-02-20 02:35:12'),(214,141,'2026-04-13','08:00:00','17:30:00','2026-02-20 02:35:12','2026-02-20 02:35:12'),(215,141,'2026-04-14','08:00:00','17:30:00','2026-02-20 02:35:12','2026-02-20 02:35:12'),(216,142,'2026-05-02','09:00:00','17:00:00','2026-02-20 02:35:12','2026-02-20 02:35:12'),(217,143,'2026-03-14','19:00:00','21:30:00','2026-02-20 02:35:12','2026-02-20 02:35:12'),(218,143,'2026-03-15','08:00:00','22:00:00','2026-02-20 02:35:12','2026-02-20 02:35:12'),(219,143,'2026-03-16','08:00:00','18:00:00','2026-02-20 02:35:12','2026-02-20 02:35:12'),(220,144,'2026-06-19','09:00:00','17:00:00','2026-02-20 02:35:12','2026-02-20 02:35:12'),(221,145,'2026-02-27','09:00:00','17:00:00','2026-02-20 02:35:12','2026-02-20 02:35:12'),(222,146,'2026-05-18','09:00:00','17:00:00','2026-02-20 02:35:12','2026-02-20 02:35:12'),(223,147,'2026-02-27','08:00:00','17:30:00','2026-02-20 02:35:12','2026-02-20 02:35:12'),(224,147,'2026-02-28','08:00:00','17:30:00','2026-02-20 02:35:13','2026-02-20 02:35:13'),(225,148,'2026-05-29','19:00:00','21:30:00','2026-02-20 02:35:13','2026-02-20 02:35:13'),(226,148,'2026-05-30','08:00:00','22:00:00','2026-02-20 02:35:13','2026-02-20 02:35:13'),(227,148,'2026-05-31','08:00:00','18:00:00','2026-02-20 02:35:13','2026-02-20 02:35:13'),(228,149,'2026-05-02','09:00:00','17:00:00','2026-02-20 02:35:13','2026-02-20 02:35:13'),(229,150,'2026-04-06','09:00:00','17:00:00','2026-02-20 02:35:13','2026-02-20 02:35:13'),(230,151,'2026-06-08','09:00:00','17:00:00','2026-02-20 02:35:13','2026-02-20 02:35:13'),(231,152,'2026-04-25','09:00:00','17:00:00','2026-02-20 02:35:13','2026-02-20 02:35:13'),(232,153,'2026-03-17','09:00:00','17:00:00','2026-02-20 02:35:13','2026-02-20 02:35:13'),(233,154,'2026-04-08','09:00:00','17:00:00','2026-02-20 02:35:13','2026-02-20 02:35:13'),(234,155,'2026-03-29','09:00:00','17:00:00','2026-02-20 02:35:13','2026-02-20 02:35:13'),(235,156,'2026-04-02','09:00:00','17:00:00','2026-02-20 02:35:13','2026-02-20 02:35:13'),(236,157,'2026-05-08','09:00:00','17:00:00','2026-02-20 02:35:13','2026-02-20 02:35:13'),(237,158,'2026-05-19','09:00:00','17:00:00','2026-02-20 02:35:13','2026-02-20 02:35:13'),(238,159,'2026-05-22','09:00:00','17:00:00','2026-02-20 02:35:13','2026-02-20 02:35:13'),(239,160,'2026-03-30','09:00:00','17:00:00','2026-02-20 02:35:13','2026-02-20 02:35:13'),(240,161,'2026-06-15','09:00:00','17:00:00','2026-02-20 02:35:13','2026-02-20 02:35:13'),(241,162,'2026-04-29','09:00:00','17:00:00','2026-02-20 02:35:13','2026-02-20 02:35:13'),(242,163,'2026-03-04','08:00:00','17:30:00','2026-02-20 02:35:13','2026-02-20 02:35:13'),(243,163,'2026-03-05','08:00:00','17:30:00','2026-02-20 02:35:13','2026-02-20 02:35:13'),(244,164,'2026-05-08','08:00:00','17:30:00','2026-02-20 02:35:13','2026-02-20 02:35:13'),(245,164,'2026-05-09','08:00:00','17:30:00','2026-02-20 02:35:13','2026-02-20 02:35:13'),(246,165,'2026-05-05','09:00:00','17:00:00','2026-02-20 02:35:13','2026-02-20 02:35:13'),(247,166,'2026-04-19','09:00:00','17:00:00','2026-02-20 02:35:13','2026-02-20 02:35:13'),(248,167,'2026-03-25','09:00:00','17:00:00','2026-02-20 02:35:13','2026-02-20 02:35:13'),(249,168,'2026-02-28','09:00:00','17:00:00','2026-02-20 02:35:13','2026-02-20 02:35:13'),(250,169,'2026-06-04','08:00:00','17:30:00','2026-02-20 02:35:13','2026-02-20 02:35:13'),(251,169,'2026-06-05','08:00:00','17:30:00','2026-02-20 02:35:13','2026-02-20 02:35:13'),(252,170,'2026-04-27','09:00:00','17:00:00','2026-02-20 02:35:13','2026-02-20 02:35:13'),(253,171,'2026-03-19','09:00:00','17:00:00','2026-02-20 02:35:13','2026-02-20 02:35:13'),(254,172,'2026-03-26','09:00:00','17:00:00','2026-02-20 02:35:13','2026-02-20 02:35:13'),(255,173,'2026-03-29','09:00:00','17:00:00','2026-02-20 02:35:13','2026-02-20 02:35:13'),(256,174,'2026-04-20','09:00:00','17:00:00','2026-02-20 02:35:13','2026-02-20 02:35:13'),(257,175,'2026-03-12','09:00:00','17:00:00','2026-02-20 02:35:13','2026-02-20 02:35:13'),(258,176,'2026-03-19','09:00:00','17:00:00','2026-02-20 02:35:13','2026-02-20 02:35:13'),(259,177,'2026-05-23','19:00:00','21:30:00','2026-02-20 02:35:13','2026-02-20 02:35:13'),(260,177,'2026-05-24','08:00:00','22:00:00','2026-02-20 02:35:13','2026-02-20 02:35:13'),(261,177,'2026-05-25','08:00:00','18:00:00','2026-02-20 02:35:13','2026-02-20 02:35:13'),(262,178,'2026-06-03','09:00:00','17:00:00','2026-02-20 02:35:13','2026-02-20 02:35:13'),(263,179,'2026-05-26','09:00:00','17:00:00','2026-02-20 02:35:13','2026-02-20 02:35:13'),(264,180,'2026-03-06','09:00:00','17:00:00','2026-02-20 02:35:13','2026-02-20 02:35:13'),(265,181,'2026-06-14','09:00:00','17:00:00','2026-02-20 02:35:13','2026-02-20 02:35:13'),(266,182,'2026-04-01','09:00:00','17:00:00','2026-02-20 02:35:13','2026-02-20 02:35:13'),(267,183,'2026-03-07','09:00:00','17:00:00','2026-02-20 02:35:13','2026-02-20 02:35:13'),(268,184,'2026-04-11','09:00:00','17:00:00','2026-02-20 02:35:13','2026-02-20 02:35:13'),(269,185,'2026-04-20','09:00:00','17:00:00','2026-02-20 02:35:13','2026-02-20 02:35:13'),(270,186,'2026-04-08','09:00:00','17:00:00','2026-02-20 02:35:13','2026-02-20 02:35:13'),(271,187,'2026-04-17','09:00:00','17:00:00','2026-02-20 02:35:13','2026-02-20 02:35:13'),(272,188,'2026-04-15','09:00:00','17:00:00','2026-02-20 02:35:13','2026-02-20 02:35:13'),(273,189,'2026-06-08','09:00:00','17:00:00','2026-02-20 02:35:13','2026-02-20 02:35:13'),(274,190,'2026-03-31','09:00:00','17:00:00','2026-02-20 02:35:13','2026-02-20 02:35:13'),(275,191,'2026-04-19','09:00:00','17:00:00','2026-02-20 02:35:13','2026-02-20 02:35:13'),(276,192,'2026-03-23','08:00:00','17:30:00','2026-02-20 02:35:13','2026-02-20 02:35:13'),(277,192,'2026-03-24','08:00:00','17:30:00','2026-02-20 02:35:13','2026-02-20 02:35:13'),(278,193,'2026-06-08','09:00:00','17:00:00','2026-02-20 02:35:13','2026-02-20 02:35:13'),(279,194,'2026-02-24','09:00:00','17:00:00','2026-02-20 02:35:13','2026-02-20 02:35:13'),(280,195,'2026-05-25','09:00:00','17:00:00','2026-02-20 02:35:13','2026-02-20 02:35:13'),(281,196,'2026-06-01','09:00:00','17:00:00','2026-02-20 02:35:13','2026-02-20 02:35:13'),(282,197,'2026-04-23','09:00:00','17:00:00','2026-02-20 02:35:13','2026-02-20 02:35:13'),(283,198,'2026-04-26','09:00:00','17:00:00','2026-02-20 02:35:13','2026-02-20 02:35:13'),(284,199,'2026-03-07','09:00:00','17:00:00','2026-02-20 02:35:13','2026-02-20 02:35:13'),(285,200,'2026-06-01','19:00:00','21:30:00','2026-02-20 02:35:13','2026-02-20 02:35:13'),(286,200,'2026-06-02','08:00:00','22:00:00','2026-02-20 02:35:13','2026-02-20 02:35:13'),(287,200,'2026-06-03','08:00:00','18:00:00','2026-02-20 02:35:13','2026-02-20 02:35:13'),(288,201,'2026-02-26','09:00:00','17:00:00','2026-02-20 02:35:13','2026-02-20 02:35:13'),(289,202,'2026-05-11','09:00:00','17:00:00','2026-02-20 02:35:13','2026-02-20 02:35:13'),(290,203,'2026-05-23','09:00:00','17:00:00','2026-02-20 02:35:13','2026-02-20 02:35:13'),(291,204,'2026-03-10','09:00:00','17:00:00','2026-02-20 02:35:13','2026-02-20 02:35:13'),(292,205,'2026-05-19','09:00:00','17:00:00','2026-02-20 02:35:13','2026-02-20 02:35:13'),(293,206,'2026-04-06','09:00:00','17:00:00','2026-02-20 02:35:13','2026-02-20 02:35:13'),(294,207,'2026-03-03','09:00:00','17:00:00','2026-02-20 02:35:13','2026-02-20 02:35:13'),(295,208,'2026-04-13','09:00:00','17:00:00','2026-02-20 02:35:13','2026-02-20 02:35:13'),(296,209,'2026-05-19','19:00:00','21:30:00','2026-02-20 02:35:13','2026-02-20 02:35:13'),(297,209,'2026-05-20','08:00:00','22:00:00','2026-02-20 02:35:13','2026-02-20 02:35:13'),(298,209,'2026-05-21','08:00:00','18:00:00','2026-02-20 02:35:13','2026-02-20 02:35:13'),(299,210,'2026-04-30','09:00:00','17:00:00','2026-02-20 02:35:13','2026-02-20 02:35:13'),(300,211,'2026-05-19','09:00:00','17:00:00','2026-02-20 02:35:13','2026-02-20 02:35:13'),(301,212,'2026-06-02','09:00:00','17:00:00','2026-02-20 02:35:13','2026-02-20 02:35:13'),(302,213,'2026-03-10','19:00:00','21:30:00','2026-02-20 02:35:13','2026-02-20 02:35:13'),(303,213,'2026-03-11','08:00:00','22:00:00','2026-02-20 02:35:13','2026-02-20 02:35:13'),(304,213,'2026-03-12','08:00:00','18:00:00','2026-02-20 02:35:13','2026-02-20 02:35:13'),(305,214,'2026-05-20','09:00:00','17:00:00','2026-02-20 02:35:13','2026-02-20 02:35:13'),(306,215,'2026-03-12','08:00:00','17:30:00','2026-02-20 02:35:13','2026-02-20 02:35:13'),(307,215,'2026-03-13','08:00:00','17:30:00','2026-02-20 02:35:13','2026-02-20 02:35:13'),(308,216,'2026-03-26','09:00:00','17:00:00','2026-02-20 02:35:13','2026-02-20 02:35:13'),(309,217,'2026-03-11','09:00:00','17:00:00','2026-02-20 02:35:13','2026-02-20 02:35:13'),(310,218,'2026-04-06','19:00:00','21:30:00','2026-02-20 02:35:13','2026-02-20 02:35:13'),(311,218,'2026-04-07','08:00:00','22:00:00','2026-02-20 02:35:13','2026-02-20 02:35:13'),(312,218,'2026-04-08','08:00:00','18:00:00','2026-02-20 02:35:13','2026-02-20 02:35:13'),(313,219,'2026-05-25','09:00:00','17:00:00','2026-02-20 02:35:13','2026-02-20 02:35:13'),(314,220,'2026-05-23','09:00:00','17:00:00','2026-02-20 02:35:13','2026-02-20 02:35:13'),(315,221,'2026-05-20','09:00:00','17:00:00','2026-02-20 02:35:13','2026-02-20 02:35:13'),(316,222,'2026-05-10','09:00:00','17:00:00','2026-02-20 02:35:13','2026-02-20 02:35:13'),(317,223,'2026-05-12','08:00:00','17:30:00','2026-02-20 02:35:13','2026-02-20 02:35:13'),(318,223,'2026-05-13','08:00:00','17:30:00','2026-02-20 02:35:13','2026-02-20 02:35:13'),(319,224,'2026-04-12','09:00:00','17:00:00','2026-02-20 02:35:13','2026-02-20 02:35:13'),(320,225,'2026-03-18','09:00:00','17:00:00','2026-02-20 02:35:13','2026-02-20 02:35:13'),(321,226,'2026-04-11','09:00:00','17:00:00','2026-02-20 02:35:13','2026-02-20 02:35:13'),(322,227,'2026-05-22','09:00:00','17:00:00','2026-02-20 02:35:13','2026-02-20 02:35:13'),(323,228,'2026-05-21','09:00:00','17:00:00','2026-02-20 02:35:13','2026-02-20 02:35:13'),(324,229,'2026-05-29','08:00:00','17:30:00','2026-02-20 02:35:13','2026-02-20 02:35:13'),(325,229,'2026-05-30','08:00:00','17:30:00','2026-02-20 02:35:13','2026-02-20 02:35:13'),(326,230,'2026-04-30','09:00:00','17:00:00','2026-02-20 02:35:13','2026-02-20 02:35:13'),(327,231,'2026-05-14','19:00:00','21:30:00','2026-02-20 02:35:13','2026-02-20 02:35:13'),(328,231,'2026-05-15','08:00:00','22:00:00','2026-02-20 02:35:13','2026-02-20 02:35:13'),(329,231,'2026-05-16','08:00:00','18:00:00','2026-02-20 02:35:13','2026-02-20 02:35:13'),(330,232,'2026-04-28','09:00:00','17:00:00','2026-02-20 02:35:13','2026-02-20 02:35:13'),(331,233,'2026-05-21','09:00:00','17:00:00','2026-02-20 02:35:13','2026-02-20 02:35:13'),(332,234,'2026-04-11','09:00:00','17:00:00','2026-02-20 02:35:13','2026-02-20 02:35:13'),(333,235,'2026-03-27','09:00:00','17:00:00','2026-02-20 02:35:13','2026-02-20 02:35:13'),(334,236,'2026-04-06','09:00:00','17:00:00','2026-02-20 02:35:13','2026-02-20 02:35:13'),(335,237,'2026-03-24','09:00:00','17:00:00','2026-02-20 02:35:13','2026-02-20 02:35:13'),(336,238,'2026-06-04','19:00:00','21:30:00','2026-02-20 02:35:13','2026-02-20 02:35:13'),(337,238,'2026-06-05','08:00:00','22:00:00','2026-02-20 02:35:13','2026-02-20 02:35:13'),(338,238,'2026-06-06','08:00:00','18:00:00','2026-02-20 02:35:13','2026-02-20 02:35:13'),(339,239,'2026-04-13','19:00:00','21:30:00','2026-02-20 02:35:13','2026-02-20 02:35:13'),(340,239,'2026-04-14','08:00:00','22:00:00','2026-02-20 02:35:13','2026-02-20 02:35:13'),(341,239,'2026-04-15','08:00:00','18:00:00','2026-02-20 02:35:13','2026-02-20 02:35:13'),(342,240,'2026-04-25','09:00:00','17:00:00','2026-02-20 02:35:13','2026-02-20 02:35:13'),(343,241,'2026-03-13','09:00:00','17:00:00','2026-02-20 02:35:14','2026-02-20 02:35:14'),(344,242,'2026-04-13','09:00:00','17:00:00','2026-02-20 02:35:14','2026-02-20 02:35:14'),(345,243,'2026-06-15','09:00:00','17:00:00','2026-02-20 02:35:14','2026-02-20 02:35:14'),(346,244,'2026-03-29','08:00:00','17:30:00','2026-02-20 02:35:14','2026-02-20 02:35:14'),(347,244,'2026-03-30','08:00:00','17:30:00','2026-02-20 02:35:14','2026-02-20 02:35:14'),(348,245,'2026-05-18','08:00:00','17:30:00','2026-02-20 02:35:14','2026-02-20 02:35:14'),(349,245,'2026-05-19','08:00:00','17:30:00','2026-02-20 02:35:14','2026-02-20 02:35:14'),(350,246,'2026-05-03','09:00:00','17:00:00','2026-02-20 02:35:14','2026-02-20 02:35:14'),(351,247,'2026-05-04','09:00:00','17:00:00','2026-02-20 02:35:14','2026-02-20 02:35:14'),(352,248,'2026-05-10','08:00:00','17:30:00','2026-02-20 02:35:14','2026-02-20 02:35:14'),(353,248,'2026-05-11','08:00:00','17:30:00','2026-02-20 02:35:14','2026-02-20 02:35:14'),(354,249,'2026-06-17','09:00:00','17:00:00','2026-02-20 02:35:14','2026-02-20 02:35:14'),(355,250,'2026-03-20','08:00:00','17:30:00','2026-02-20 02:35:14','2026-02-20 02:35:14'),(356,250,'2026-03-21','08:00:00','17:30:00','2026-02-20 02:35:14','2026-02-20 02:35:14'),(357,251,'2026-03-06','09:00:00','17:00:00','2026-02-20 02:35:14','2026-02-20 02:35:14'),(358,252,'2026-05-02','19:00:00','21:30:00','2026-02-20 02:35:14','2026-02-20 02:35:14'),(359,252,'2026-05-03','08:00:00','22:00:00','2026-02-20 02:35:14','2026-02-20 02:35:14'),(360,252,'2026-05-04','08:00:00','18:00:00','2026-02-20 02:35:14','2026-02-20 02:35:14'),(361,253,'2026-04-28','09:00:00','17:00:00','2026-02-20 02:35:14','2026-02-20 02:35:14'),(362,254,'2026-03-29','09:00:00','17:00:00','2026-02-20 02:35:14','2026-02-20 02:35:14'),(363,255,'2026-03-01','09:00:00','17:00:00','2026-02-20 02:35:14','2026-02-20 02:35:14'),(364,256,'2026-05-30','09:00:00','17:00:00','2026-02-20 02:35:14','2026-02-20 02:35:14'),(365,257,'2026-05-02','08:00:00','17:30:00','2026-02-20 02:35:14','2026-02-20 02:35:14'),(366,257,'2026-05-03','08:00:00','17:30:00','2026-02-20 02:35:14','2026-02-20 02:35:14'),(367,258,'2026-05-10','09:00:00','17:00:00','2026-02-20 02:35:14','2026-02-20 02:35:14'),(368,259,'2026-05-27','19:00:00','21:30:00','2026-02-20 02:35:14','2026-02-20 02:35:14'),(369,259,'2026-05-28','08:00:00','22:00:00','2026-02-20 02:35:14','2026-02-20 02:35:14'),(370,259,'2026-05-29','08:00:00','18:00:00','2026-02-20 02:35:14','2026-02-20 02:35:14'),(371,260,'2026-06-09','09:00:00','17:00:00','2026-02-20 02:35:14','2026-02-20 02:35:14'),(372,261,'2026-04-08','09:00:00','17:00:00','2026-02-20 02:35:14','2026-02-20 02:35:14'),(373,262,'2026-05-16','09:00:00','17:00:00','2026-02-20 02:35:14','2026-02-20 02:35:14'),(374,263,'2026-06-02','09:00:00','17:00:00','2026-02-20 02:35:14','2026-02-20 02:35:14'),(375,264,'2026-04-18','09:00:00','17:00:00','2026-02-20 02:35:14','2026-02-20 02:35:14'),(376,265,'2026-05-30','09:00:00','17:00:00','2026-02-20 02:35:14','2026-02-20 02:35:14'),(377,266,'2026-04-16','08:00:00','17:30:00','2026-02-20 02:35:14','2026-02-20 02:35:14'),(378,266,'2026-04-17','08:00:00','17:30:00','2026-02-20 02:35:14','2026-02-20 02:35:14'),(379,267,'2026-02-24','09:00:00','17:00:00','2026-02-20 02:35:14','2026-02-20 02:35:14'),(380,268,'2026-05-27','09:00:00','17:00:00','2026-02-20 02:35:14','2026-02-20 02:35:14'),(381,269,'2026-04-17','09:00:00','17:00:00','2026-02-20 02:35:14','2026-02-20 02:35:14'),(382,270,'2026-06-05','09:00:00','17:00:00','2026-02-20 02:35:14','2026-02-20 02:35:14'),(383,271,'2026-05-18','09:00:00','17:00:00','2026-02-20 02:35:14','2026-02-20 02:35:14'),(384,272,'2026-05-06','09:00:00','17:00:00','2026-02-20 02:35:14','2026-02-20 02:35:14'),(385,273,'2026-05-13','09:00:00','17:00:00','2026-02-20 02:35:14','2026-02-20 02:35:14'),(386,274,'2026-03-15','09:00:00','17:00:00','2026-02-20 02:35:14','2026-02-20 02:35:14'),(387,275,'2026-03-19','08:00:00','17:30:00','2026-02-20 02:35:14','2026-02-20 02:35:14'),(388,275,'2026-03-20','08:00:00','17:30:00','2026-02-20 02:35:14','2026-02-20 02:35:14'),(389,276,'2026-05-03','09:00:00','17:00:00','2026-02-20 02:35:14','2026-02-20 02:35:14'),(390,277,'2026-03-22','09:00:00','17:00:00','2026-02-20 02:35:14','2026-02-20 02:35:14'),(391,278,'2026-04-14','09:00:00','17:00:00','2026-02-20 02:35:14','2026-02-20 02:35:14'),(392,279,'2026-06-09','09:00:00','17:00:00','2026-02-20 02:35:14','2026-02-20 02:35:14'),(393,280,'2026-03-26','09:00:00','17:00:00','2026-02-20 02:35:14','2026-02-20 02:35:14'),(394,281,'2026-05-07','08:00:00','17:30:00','2026-02-20 02:35:14','2026-02-20 02:35:14'),(395,281,'2026-05-08','08:00:00','17:30:00','2026-02-20 02:35:14','2026-02-20 02:35:14'),(396,282,'2026-04-08','09:00:00','17:00:00','2026-02-20 02:35:14','2026-02-20 02:35:14'),(397,283,'2026-03-15','19:00:00','21:30:00','2026-02-20 02:35:14','2026-02-20 02:35:14'),(398,283,'2026-03-16','08:00:00','22:00:00','2026-02-20 02:35:14','2026-02-20 02:35:14'),(399,283,'2026-03-17','08:00:00','18:00:00','2026-02-20 02:35:14','2026-02-20 02:35:14'),(400,284,'2026-05-22','09:00:00','17:00:00','2026-02-20 02:35:14','2026-02-20 02:35:14'),(401,285,'2026-03-15','09:00:00','17:00:00','2026-02-20 02:35:14','2026-02-20 02:35:14'),(402,286,'2026-03-10','19:00:00','21:30:00','2026-02-20 02:35:14','2026-02-20 02:35:14'),(403,286,'2026-03-11','08:00:00','22:00:00','2026-02-20 02:35:14','2026-02-20 02:35:14'),(404,286,'2026-03-12','08:00:00','18:00:00','2026-02-20 02:35:14','2026-02-20 02:35:14'),(405,287,'2026-05-06','09:00:00','17:00:00','2026-02-20 02:35:14','2026-02-20 02:35:14'),(406,288,'2026-04-30','19:00:00','21:30:00','2026-02-20 02:35:14','2026-02-20 02:35:14'),(407,288,'2026-05-01','08:00:00','22:00:00','2026-02-20 02:35:14','2026-02-20 02:35:14'),(408,288,'2026-05-02','08:00:00','18:00:00','2026-02-20 02:35:14','2026-02-20 02:35:14'),(409,289,'2026-03-01','09:00:00','17:00:00','2026-02-20 02:35:14','2026-02-20 02:35:14'),(410,290,'2026-04-25','09:00:00','17:00:00','2026-02-20 02:35:14','2026-02-20 02:35:14'),(411,291,'2026-03-27','09:00:00','17:00:00','2026-02-20 02:35:14','2026-02-20 02:35:14'),(412,292,'2026-03-23','08:00:00','17:30:00','2026-02-20 02:35:14','2026-02-20 02:35:14'),(413,292,'2026-03-24','08:00:00','17:30:00','2026-02-20 02:35:14','2026-02-20 02:35:14'),(414,293,'2026-02-26','09:00:00','17:00:00','2026-02-20 02:35:14','2026-02-20 02:35:14'),(415,294,'2026-05-19','09:00:00','17:00:00','2026-02-20 02:35:14','2026-02-20 02:35:14'),(416,295,'2026-04-05','09:00:00','17:00:00','2026-02-20 02:35:14','2026-02-20 02:35:14'),(417,296,'2026-04-04','19:00:00','21:30:00','2026-02-20 02:35:14','2026-02-20 02:35:14'),(418,296,'2026-04-05','08:00:00','22:00:00','2026-02-20 02:35:14','2026-02-20 02:35:14'),(419,296,'2026-04-06','08:00:00','18:00:00','2026-02-20 02:35:14','2026-02-20 02:35:14'),(420,297,'2026-03-05','09:00:00','17:00:00','2026-02-20 02:35:14','2026-02-20 02:35:14'),(421,298,'2026-04-11','19:00:00','21:30:00','2026-02-20 02:35:14','2026-02-20 02:35:14'),(422,298,'2026-04-12','08:00:00','22:00:00','2026-02-20 02:35:14','2026-02-20 02:35:14'),(423,298,'2026-04-13','08:00:00','18:00:00','2026-02-20 02:35:14','2026-02-20 02:35:14'),(424,299,'2026-03-27','09:00:00','17:00:00','2026-02-20 02:35:14','2026-02-20 02:35:14'),(425,300,'2026-02-27','09:00:00','17:00:00','2026-02-20 02:35:14','2026-02-20 02:35:14'),(426,301,'2026-05-21','09:00:00','17:00:00','2026-02-20 02:35:14','2026-02-20 02:35:14'),(427,302,'2026-06-10','09:00:00','17:00:00','2026-02-20 02:35:14','2026-02-20 02:35:14'),(428,303,'2026-04-09','08:00:00','17:30:00','2026-02-20 02:35:14','2026-02-20 02:35:14'),(429,303,'2026-04-10','08:00:00','17:30:00','2026-02-20 02:35:14','2026-02-20 02:35:14'),(430,304,'2026-05-20','09:00:00','17:00:00','2026-02-20 02:35:14','2026-02-20 02:35:14'),(431,305,'2026-03-09','09:00:00','17:00:00','2026-02-20 02:35:14','2026-02-20 02:35:14'),(432,306,'2026-03-11','09:00:00','17:00:00','2026-02-20 02:35:14','2026-02-20 02:35:14'),(433,307,'2026-04-05','09:00:00','17:00:00','2026-02-20 02:35:14','2026-02-20 02:35:14'),(434,308,'2026-05-18','09:00:00','17:00:00','2026-02-20 02:35:14','2026-02-20 02:35:14'),(435,309,'2026-03-03','09:00:00','17:00:00','2026-02-20 02:35:14','2026-02-20 02:35:14'),(436,310,'2026-03-20','09:00:00','17:00:00','2026-02-20 02:35:14','2026-02-20 02:35:14'),(437,311,'2026-05-08','19:00:00','21:30:00','2026-02-20 02:35:14','2026-02-20 02:35:14'),(438,311,'2026-05-09','08:00:00','22:00:00','2026-02-20 02:35:14','2026-02-20 02:35:14'),(439,311,'2026-05-10','08:00:00','18:00:00','2026-02-20 02:35:14','2026-02-20 02:35:14'),(440,312,'2026-02-21','08:30:00','16:30:00','2026-02-20 04:22:37','2026-02-20 04:22:37'),(441,313,'2026-02-27','18:30:00','21:30:00','2026-02-20 04:40:00','2026-02-20 04:40:00'),(442,313,'2026-02-28','08:00:00','21:30:00','2026-02-20 04:40:00','2026-02-20 04:40:00'),(443,313,'2026-03-01','08:00:00','18:30:00','2026-02-20 04:40:00','2026-02-20 04:40:00');
/*!40000 ALTER TABLE `event_dates` ENABLE KEYS */;
UNLOCK TABLES;

--
-- Table structure for table `failed_jobs`
--

DROP TABLE IF EXISTS `failed_jobs`;
/*!40101 SET @saved_cs_client     = @@character_set_client */;
/*!50503 SET character_set_client = utf8mb4 */;
CREATE TABLE `failed_jobs` (
  `id` bigint unsigned NOT NULL AUTO_INCREMENT,
  `uuid` varchar(255) COLLATE utf8mb4_unicode_ci NOT NULL,
  `connection` text COLLATE utf8mb4_unicode_ci NOT NULL,
  `queue` text COLLATE utf8mb4_unicode_ci NOT NULL,
  `payload` longtext COLLATE utf8mb4_unicode_ci NOT NULL,
  `exception` longtext COLLATE utf8mb4_unicode_ci NOT NULL,
  `failed_at` timestamp NOT NULL DEFAULT CURRENT_TIMESTAMP,
  PRIMARY KEY (`id`),
  UNIQUE KEY `failed_jobs_uuid_unique` (`uuid`)
) ENGINE=InnoDB DEFAULT CHARSET=utf8mb4 COLLATE=utf8mb4_unicode_ci;
/*!40101 SET character_set_client = @saved_cs_client */;

--
-- Dumping data for table `failed_jobs`
--

LOCK TABLES `failed_jobs` WRITE;
/*!40000 ALTER TABLE `failed_jobs` DISABLE KEYS */;
/*!40000 ALTER TABLE `failed_jobs` ENABLE KEYS */;
UNLOCK TABLES;

--
-- Table structure for table `helps`
--

DROP TABLE IF EXISTS `helps`;
/*!40101 SET @saved_cs_client     = @@character_set_client */;
/*!50503 SET character_set_client = utf8mb4 */;
CREATE TABLE `helps` (
  `id` bigint unsigned NOT NULL AUTO_INCREMENT,
  `fullname` varchar(255) COLLATE utf8mb4_unicode_ci DEFAULT NULL,
  `email` varchar(255) COLLATE utf8mb4_unicode_ci DEFAULT NULL,
  `subject` varchar(255) COLLATE utf8mb4_unicode_ci DEFAULT NULL,
  `message` tinytext COLLATE utf8mb4_unicode_ci,
  `attachment` varchar(255) COLLATE utf8mb4_unicode_ci DEFAULT NULL,
  `created_at` timestamp NULL DEFAULT NULL,
  `updated_at` timestamp NULL DEFAULT NULL,
  PRIMARY KEY (`id`)
) ENGINE=InnoDB DEFAULT CHARSET=utf8mb4 COLLATE=utf8mb4_unicode_ci;
/*!40101 SET character_set_client = @saved_cs_client */;

--
-- Dumping data for table `helps`
--

LOCK TABLES `helps` WRITE;
/*!40000 ALTER TABLE `helps` DISABLE KEYS */;
/*!40000 ALTER TABLE `helps` ENABLE KEYS */;
UNLOCK TABLES;

--
-- Table structure for table `host_church_admins`
--

DROP TABLE IF EXISTS `host_church_admins`;
/*!40101 SET @saved_cs_client     = @@character_set_client */;
/*!50503 SET character_set_client = utf8mb4 */;
CREATE TABLE `host_church_admins` (
  `id` bigint unsigned NOT NULL AUTO_INCREMENT,
  `host_church_id` bigint unsigned NOT NULL,
  `user_id` bigint unsigned NOT NULL,
  `certified_at` date DEFAULT NULL,
  `status` varchar(16) COLLATE utf8mb4_unicode_ci NOT NULL DEFAULT 'active',
  `created_at` timestamp NULL DEFAULT NULL,
  `updated_at` timestamp NULL DEFAULT NULL,
  PRIMARY KEY (`id`),
  UNIQUE KEY `host_church_admins_host_church_id_user_id_unique` (`host_church_id`,`user_id`),
  KEY `host_church_admins_user_id_status_index` (`user_id`,`status`),
  CONSTRAINT `host_church_admins_host_church_id_foreign` FOREIGN KEY (`host_church_id`) REFERENCES `host_churches` (`id`) ON DELETE CASCADE,
  CONSTRAINT `host_church_admins_user_id_foreign` FOREIGN KEY (`user_id`) REFERENCES `users` (`id`) ON DELETE CASCADE
) ENGINE=InnoDB DEFAULT CHARSET=utf8mb4 COLLATE=utf8mb4_unicode_ci;
/*!40101 SET character_set_client = @saved_cs_client */;

--
-- Dumping data for table `host_church_admins`
--

LOCK TABLES `host_church_admins` WRITE;
/*!40000 ALTER TABLE `host_church_admins` DISABLE KEYS */;
/*!40000 ALTER TABLE `host_church_admins` ENABLE KEYS */;
UNLOCK TABLES;

--
-- Table structure for table `host_churches`
--

DROP TABLE IF EXISTS `host_churches`;
/*!40101 SET @saved_cs_client     = @@character_set_client */;
/*!50503 SET character_set_client = utf8mb4 */;
CREATE TABLE `host_churches` (
  `id` bigint unsigned NOT NULL AUTO_INCREMENT,
  `church_id` bigint unsigned NOT NULL,
  `since_date` date DEFAULT NULL,
  `notes` text COLLATE utf8mb4_unicode_ci,
  `created_at` timestamp NULL DEFAULT NULL,
  `updated_at` timestamp NULL DEFAULT NULL,
  PRIMARY KEY (`id`),
  KEY `host_churches_church_id_foreign` (`church_id`),
  CONSTRAINT `host_churches_church_id_foreign` FOREIGN KEY (`church_id`) REFERENCES `churches` (`id`) ON DELETE CASCADE
) ENGINE=InnoDB DEFAULT CHARSET=utf8mb4 COLLATE=utf8mb4_unicode_ci;
/*!40101 SET character_set_client = @saved_cs_client */;

--
-- Dumping data for table `host_churches`
--

LOCK TABLES `host_churches` WRITE;
/*!40000 ALTER TABLE `host_churches` DISABLE KEYS */;
/*!40000 ALTER TABLE `host_churches` ENABLE KEYS */;
UNLOCK TABLES;

--
-- Table structure for table `inventories`
--

DROP TABLE IF EXISTS `inventories`;
/*!40101 SET @saved_cs_client     = @@character_set_client */;
/*!50503 SET character_set_client = utf8mb4 */;
CREATE TABLE `inventories` (
  `id` bigint unsigned NOT NULL AUTO_INCREMENT,
  `name` varchar(255) COLLATE utf8mb4_unicode_ci NOT NULL,
  `phone` varchar(255) COLLATE utf8mb4_unicode_ci DEFAULT NULL,
  `email` varchar(255) COLLATE utf8mb4_unicode_ci DEFAULT NULL,
  `street` varchar(255) COLLATE utf8mb4_unicode_ci DEFAULT NULL,
  `number` varchar(255) COLLATE utf8mb4_unicode_ci DEFAULT NULL,
  `complement` varchar(255) COLLATE utf8mb4_unicode_ci DEFAULT NULL,
  `district` varchar(255) COLLATE utf8mb4_unicode_ci DEFAULT NULL,
  `city` varchar(255) COLLATE utf8mb4_unicode_ci DEFAULT NULL,
  `state` varchar(255) COLLATE utf8mb4_unicode_ci DEFAULT NULL,
  `postal_code` varchar(255) COLLATE utf8mb4_unicode_ci DEFAULT NULL,
  `notes` varchar(255) COLLATE utf8mb4_unicode_ci DEFAULT NULL,
  `created_at` timestamp NULL DEFAULT NULL,
  `updated_at` timestamp NULL DEFAULT NULL,
  PRIMARY KEY (`id`)
) ENGINE=InnoDB DEFAULT CHARSET=utf8mb4 COLLATE=utf8mb4_unicode_ci;
/*!40101 SET character_set_client = @saved_cs_client */;

--
-- Dumping data for table `inventories`
--

LOCK TABLES `inventories` WRITE;
/*!40000 ALTER TABLE `inventories` DISABLE KEYS */;
/*!40000 ALTER TABLE `inventories` ENABLE KEYS */;
UNLOCK TABLES;

--
-- Table structure for table `inventory_material`
--

DROP TABLE IF EXISTS `inventory_material`;
/*!40101 SET @saved_cs_client     = @@character_set_client */;
/*!50503 SET character_set_client = utf8mb4 */;
CREATE TABLE `inventory_material` (
  `material_id` bigint unsigned DEFAULT NULL,
  `inventory_id` bigint unsigned DEFAULT NULL,
  `received_items` int NOT NULL DEFAULT '0',
  `current_quantity` int NOT NULL DEFAULT '0',
  `lost_items` int NOT NULL DEFAULT '0',
  KEY `inventory_material_material_id_foreign` (`material_id`),
  KEY `inventory_material_inventory_id_foreign` (`inventory_id`),
  CONSTRAINT `inventory_material_inventory_id_foreign` FOREIGN KEY (`inventory_id`) REFERENCES `inventories` (`id`) ON DELETE CASCADE ON UPDATE CASCADE,
  CONSTRAINT `inventory_material_material_id_foreign` FOREIGN KEY (`material_id`) REFERENCES `materials` (`id`) ON DELETE CASCADE ON UPDATE CASCADE
) ENGINE=InnoDB DEFAULT CHARSET=utf8mb4 COLLATE=utf8mb4_unicode_ci;
/*!40101 SET character_set_client = @saved_cs_client */;

--
-- Dumping data for table `inventory_material`
--

LOCK TABLES `inventory_material` WRITE;
/*!40000 ALTER TABLE `inventory_material` DISABLE KEYS */;
/*!40000 ALTER TABLE `inventory_material` ENABLE KEYS */;
UNLOCK TABLES;

--
-- Table structure for table `job_batches`
--

DROP TABLE IF EXISTS `job_batches`;
/*!40101 SET @saved_cs_client     = @@character_set_client */;
/*!50503 SET character_set_client = utf8mb4 */;
CREATE TABLE `job_batches` (
  `id` varchar(255) COLLATE utf8mb4_unicode_ci NOT NULL,
  `name` varchar(255) COLLATE utf8mb4_unicode_ci NOT NULL,
  `total_jobs` int NOT NULL,
  `pending_jobs` int NOT NULL,
  `failed_jobs` int NOT NULL,
  `failed_job_ids` longtext COLLATE utf8mb4_unicode_ci NOT NULL,
  `options` mediumtext COLLATE utf8mb4_unicode_ci,
  `cancelled_at` int DEFAULT NULL,
  `created_at` int NOT NULL,
  `finished_at` int DEFAULT NULL,
  PRIMARY KEY (`id`)
) ENGINE=InnoDB DEFAULT CHARSET=utf8mb4 COLLATE=utf8mb4_unicode_ci;
/*!40101 SET character_set_client = @saved_cs_client */;

--
-- Dumping data for table `job_batches`
--

LOCK TABLES `job_batches` WRITE;
/*!40000 ALTER TABLE `job_batches` DISABLE KEYS */;
/*!40000 ALTER TABLE `job_batches` ENABLE KEYS */;
UNLOCK TABLES;

--
-- Table structure for table `jobs`
--

DROP TABLE IF EXISTS `jobs`;
/*!40101 SET @saved_cs_client     = @@character_set_client */;
/*!50503 SET character_set_client = utf8mb4 */;
CREATE TABLE `jobs` (
  `id` bigint unsigned NOT NULL AUTO_INCREMENT,
  `queue` varchar(255) COLLATE utf8mb4_unicode_ci NOT NULL,
  `payload` longtext COLLATE utf8mb4_unicode_ci NOT NULL,
  `attempts` tinyint unsigned NOT NULL,
  `reserved_at` int unsigned DEFAULT NULL,
  `available_at` int unsigned NOT NULL,
  `created_at` int unsigned NOT NULL,
  PRIMARY KEY (`id`),
  KEY `jobs_queue_index` (`queue`)
) ENGINE=InnoDB DEFAULT CHARSET=utf8mb4 COLLATE=utf8mb4_unicode_ci;
/*!40101 SET character_set_client = @saved_cs_client */;

--
-- Dumping data for table `jobs`
--

LOCK TABLES `jobs` WRITE;
/*!40000 ALTER TABLE `jobs` DISABLE KEYS */;
/*!40000 ALTER TABLE `jobs` ENABLE KEYS */;
UNLOCK TABLES;

--
-- Table structure for table `lessonplans`
--

DROP TABLE IF EXISTS `lessonplans`;
/*!40101 SET @saved_cs_client     = @@character_set_client */;
/*!50503 SET character_set_client = utf8mb4 */;
CREATE TABLE `lessonplans` (
  `id` bigint unsigned NOT NULL AUTO_INCREMENT,
  `section_id` bigint unsigned DEFAULT NULL,
  `course_id` bigint unsigned DEFAULT NULL,
  `day` varchar(255) COLLATE utf8mb4_unicode_ci NOT NULL,
  `time_start` varchar(255) COLLATE utf8mb4_unicode_ci NOT NULL,
  `time_end` varchar(255) COLLATE utf8mb4_unicode_ci NOT NULL,
  `created_at` timestamp NULL DEFAULT NULL,
  `updated_at` timestamp NULL DEFAULT NULL,
  PRIMARY KEY (`id`),
  KEY `lessonplans_section_id_foreign` (`section_id`),
  KEY `lessonplans_course_id_foreign` (`course_id`),
  CONSTRAINT `lessonplans_course_id_foreign` FOREIGN KEY (`course_id`) REFERENCES `courses` (`id`) ON DELETE CASCADE ON UPDATE CASCADE,
  CONSTRAINT `lessonplans_section_id_foreign` FOREIGN KEY (`section_id`) REFERENCES `sections` (`id`) ON DELETE CASCADE ON UPDATE CASCADE
) ENGINE=InnoDB DEFAULT CHARSET=utf8mb4 COLLATE=utf8mb4_unicode_ci;
/*!40101 SET character_set_client = @saved_cs_client */;

--
-- Dumping data for table `lessonplans`
--

LOCK TABLES `lessonplans` WRITE;
/*!40000 ALTER TABLE `lessonplans` DISABLE KEYS */;
/*!40000 ALTER TABLE `lessonplans` ENABLE KEYS */;
UNLOCK TABLES;

--
-- Table structure for table `material_shipping`
--

DROP TABLE IF EXISTS `material_shipping`;
/*!40101 SET @saved_cs_client     = @@character_set_client */;
/*!50503 SET character_set_client = utf8mb4 */;
CREATE TABLE `material_shipping` (
  `material_id` bigint unsigned DEFAULT NULL,
  `shipping_id` bigint unsigned DEFAULT NULL,
  KEY `material_shipping_material_id_foreign` (`material_id`),
  KEY `material_shipping_shipping_id_foreign` (`shipping_id`),
  CONSTRAINT `material_shipping_material_id_foreign` FOREIGN KEY (`material_id`) REFERENCES `materials` (`id`) ON DELETE CASCADE ON UPDATE CASCADE,
  CONSTRAINT `material_shipping_shipping_id_foreign` FOREIGN KEY (`shipping_id`) REFERENCES `shippings` (`id`) ON DELETE CASCADE ON UPDATE CASCADE
) ENGINE=InnoDB DEFAULT CHARSET=utf8mb4 COLLATE=utf8mb4_unicode_ci;
/*!40101 SET character_set_client = @saved_cs_client */;

--
-- Dumping data for table `material_shipping`
--

LOCK TABLES `material_shipping` WRITE;
/*!40000 ALTER TABLE `material_shipping` DISABLE KEYS */;
/*!40000 ALTER TABLE `material_shipping` ENABLE KEYS */;
UNLOCK TABLES;

--
-- Table structure for table `material_suppliers`
--

DROP TABLE IF EXISTS `material_suppliers`;
/*!40101 SET @saved_cs_client     = @@character_set_client */;
/*!50503 SET character_set_client = utf8mb4 */;
CREATE TABLE `material_suppliers` (
  `material_id` bigint unsigned DEFAULT NULL,
  `supplier_id` bigint unsigned DEFAULT NULL,
  KEY `material_suppliers_material_id_foreign` (`material_id`),
  KEY `material_suppliers_supplier_id_foreign` (`supplier_id`),
  CONSTRAINT `material_suppliers_material_id_foreign` FOREIGN KEY (`material_id`) REFERENCES `materials` (`id`) ON DELETE CASCADE ON UPDATE CASCADE,
  CONSTRAINT `material_suppliers_supplier_id_foreign` FOREIGN KEY (`supplier_id`) REFERENCES `suppliers` (`id`) ON DELETE CASCADE ON UPDATE CASCADE
) ENGINE=InnoDB DEFAULT CHARSET=utf8mb4 COLLATE=utf8mb4_unicode_ci;
/*!40101 SET character_set_client = @saved_cs_client */;

--
-- Dumping data for table `material_suppliers`
--

LOCK TABLES `material_suppliers` WRITE;
/*!40000 ALTER TABLE `material_suppliers` DISABLE KEYS */;
/*!40000 ALTER TABLE `material_suppliers` ENABLE KEYS */;
UNLOCK TABLES;

--
-- Table structure for table `materials`
--

DROP TABLE IF EXISTS `materials`;
/*!40101 SET @saved_cs_client     = @@character_set_client */;
/*!50503 SET character_set_client = utf8mb4 */;
CREATE TABLE `materials` (
  `id` bigint unsigned NOT NULL AUTO_INCREMENT,
  `photo` varchar(255) COLLATE utf8mb4_unicode_ci DEFAULT NULL,
  `name` varchar(255) COLLATE utf8mb4_unicode_ci NOT NULL,
  `price` varchar(255) COLLATE utf8mb4_unicode_ci NOT NULL DEFAULT '0,00',
  `status` varchar(255) COLLATE utf8mb4_unicode_ci DEFAULT NULL,
  `description` text COLLATE utf8mb4_unicode_ci,
  `created_at` timestamp NULL DEFAULT NULL,
  `updated_at` timestamp NULL DEFAULT NULL,
  PRIMARY KEY (`id`)
) ENGINE=InnoDB DEFAULT CHARSET=utf8mb4 COLLATE=utf8mb4_unicode_ci;
/*!40101 SET character_set_client = @saved_cs_client */;

--
-- Dumping data for table `materials`
--

LOCK TABLES `materials` WRITE;
/*!40000 ALTER TABLE `materials` DISABLE KEYS */;
/*!40000 ALTER TABLE `materials` ENABLE KEYS */;
UNLOCK TABLES;

--
-- Table structure for table `media`
--

DROP TABLE IF EXISTS `media`;
/*!40101 SET @saved_cs_client     = @@character_set_client */;
/*!50503 SET character_set_client = utf8mb4 */;
CREATE TABLE `media` (
  `id` bigint unsigned NOT NULL AUTO_INCREMENT,
  `training_id` bigint unsigned DEFAULT NULL,
  `name` varchar(255) COLLATE utf8mb4_unicode_ci DEFAULT NULL,
  `extension` varchar(255) COLLATE utf8mb4_unicode_ci DEFAULT NULL,
  `path_original` varchar(255) COLLATE utf8mb4_unicode_ci DEFAULT NULL,
  `path_thumbnail` varchar(255) COLLATE utf8mb4_unicode_ci DEFAULT NULL,
  `path_optimized` varchar(255) COLLATE utf8mb4_unicode_ci DEFAULT NULL,
  `created_at` timestamp NULL DEFAULT NULL,
  `updated_at` timestamp NULL DEFAULT NULL,
  PRIMARY KEY (`id`),
  KEY `media_training_id_foreign` (`training_id`),
  CONSTRAINT `media_training_id_foreign` FOREIGN KEY (`training_id`) REFERENCES `trainings` (`id`) ON DELETE CASCADE ON UPDATE CASCADE
) ENGINE=InnoDB DEFAULT CHARSET=utf8mb4 COLLATE=utf8mb4_unicode_ci;
/*!40101 SET character_set_client = @saved_cs_client */;

--
-- Dumping data for table `media`
--

LOCK TABLES `media` WRITE;
/*!40000 ALTER TABLE `media` DISABLE KEYS */;
/*!40000 ALTER TABLE `media` ENABLE KEYS */;
UNLOCK TABLES;

--
-- Table structure for table `mentors`
--

DROP TABLE IF EXISTS `mentors`;
/*!40101 SET @saved_cs_client     = @@character_set_client */;
/*!50503 SET character_set_client = utf8mb4 */;
CREATE TABLE `mentors` (
  `id` bigint unsigned NOT NULL AUTO_INCREMENT,
  `training_id` bigint unsigned NOT NULL,
  `user_id` bigint unsigned NOT NULL,
  `created_by` bigint unsigned NOT NULL,
  `created_at` timestamp NULL DEFAULT NULL,
  `updated_at` timestamp NULL DEFAULT NULL,
  PRIMARY KEY (`id`),
  UNIQUE KEY `mentors_training_id_user_id_unique` (`training_id`,`user_id`),
  KEY `mentors_user_id_index` (`user_id`),
  KEY `mentors_created_by_index` (`created_by`),
  CONSTRAINT `mentors_created_by_foreign` FOREIGN KEY (`created_by`) REFERENCES `users` (`id`) ON DELETE CASCADE ON UPDATE CASCADE,
  CONSTRAINT `mentors_training_id_foreign` FOREIGN KEY (`training_id`) REFERENCES `trainings` (`id`) ON DELETE CASCADE ON UPDATE CASCADE,
  CONSTRAINT `mentors_user_id_foreign` FOREIGN KEY (`user_id`) REFERENCES `users` (`id`) ON DELETE CASCADE ON UPDATE CASCADE
) ENGINE=InnoDB AUTO_INCREMENT=12 DEFAULT CHARSET=utf8mb4 COLLATE=utf8mb4_unicode_ci;
/*!40101 SET character_set_client = @saved_cs_client */;

--
-- Dumping data for table `mentors`
--

LOCK TABLES `mentors` WRITE;
/*!40000 ALTER TABLE `mentors` DISABLE KEYS */;
INSERT INTO `mentors` VALUES (1,312,24,1,'2026-02-20 04:23:23','2026-02-20 04:23:23'),(2,312,87,1,'2026-02-20 04:23:26','2026-02-20 04:23:26'),(3,312,96,1,'2026-02-20 04:23:29','2026-02-20 04:23:29'),(4,312,99,1,'2026-02-20 04:23:41','2026-02-20 04:23:41'),(5,312,29,1,'2026-02-20 04:23:53','2026-02-20 04:23:53'),(6,313,2,1,'2026-02-20 04:40:00','2026-02-20 04:40:00'),(7,313,3,1,'2026-02-20 04:40:00','2026-02-20 04:40:00'),(8,313,4,1,'2026-02-20 04:40:00','2026-02-20 04:40:00'),(9,313,5,1,'2026-02-20 04:40:00','2026-02-20 04:40:00'),(10,313,6,1,'2026-02-20 04:40:00','2026-02-20 04:40:00'),(11,313,29,1,'2026-02-20 05:33:27','2026-02-20 05:33:27');
/*!40000 ALTER TABLE `mentors` ENABLE KEYS */;
UNLOCK TABLES;

--
-- Table structure for table `migrations`
--

DROP TABLE IF EXISTS `migrations`;
/*!40101 SET @saved_cs_client     = @@character_set_client */;
/*!50503 SET character_set_client = utf8mb4 */;
CREATE TABLE `migrations` (
  `id` int unsigned NOT NULL AUTO_INCREMENT,
  `migration` varchar(255) COLLATE utf8mb4_unicode_ci NOT NULL,
  `batch` int NOT NULL,
  PRIMARY KEY (`id`)
) ENGINE=InnoDB AUTO_INCREMENT=375 DEFAULT CHARSET=utf8mb4 COLLATE=utf8mb4_unicode_ci;
/*!40101 SET character_set_client = @saved_cs_client */;

--
-- Dumping data for table `migrations`
--

LOCK TABLES `migrations` WRITE;
/*!40000 ALTER TABLE `migrations` DISABLE KEYS */;
INSERT INTO `migrations` VALUES (327,'0001_01_01_000001_create_cache_table',1),(328,'0001_01_01_000002_create_jobs_table',1),(329,'2014_01_02_235701_create_churches_table',1),(330,'2014_01_09_160954_create_church_temps_table',1),(331,'2014_10_11_000000_create_users_table',1),(332,'2023_12_27_224631_create_helps_table',1),(333,'2024_01_02_002154_create_roles_table',1),(334,'2024_01_02_003133_create_role_user_table',1),(335,'2024_01_11_225211_create_ministries_table',1),(336,'2024_01_12_223102_create_courses_table',1),(337,'2024_01_13_222129_create_sections_table',1),(338,'2024_01_18_213110_create_course_user_table',1),(339,'2024_01_19_171219_create_categories_table',1),(340,'2024_01_19_184630_create_materials_table',1),(341,'2024_01_19_211229_create_suppliers_table',1),(342,'2024_01_19_211244_create_shippings_table',1),(343,'2024_01_19_211251_create_inventories_table',1),(344,'2024_01_19_230054_create_category_material_table',1),(345,'2024_01_19_230105_create_inventory_material_table',1),(346,'2024_01_19_230119_create_material_shipping_table',1),(347,'2024_01_19_231248_create_material_suppliers_table',1),(348,'2024_01_25_073903_create_lessonplans_table',1),(349,'2024_01_30_225932_create_church_missionary_table',1),(350,'2024_01_31_133849_create_trainings_table',1),(351,'2024_01_31_134317_create_training_user_table',1),(352,'2024_01_31_153017_create_receipts_table',1),(353,'2024_02_19_142650_create_vouchers_table',1),(354,'2024_02_28_092825_create_media_table',1),(355,'2025_09_02_075243_add_two_factor_columns_to_users_table',1),(356,'2026_01_15_023852_create_host_churches_table',1),(357,'2026_01_15_023907_create_host_church_admins_table',1),(358,'2026_01_15_143736_create_event_dates_table',1),(359,'2026_01_16_174032_remove_status_from_event_dates_table',1),(360,'2026_01_25_164233_create_training_schedule_items_table',1),(361,'2026_01_26_203430_add_welcome_duration_minutes_to_trainings_table',1),(362,'2026_01_29_025508_add_schedule_settings_to_trainings_table',1),(363,'2026_02_02_011829_add_position_to_training_schedule_items_table',1),(364,'2026_02_16_144259_create_testimonials_table',1),(365,'2026_02_16_191633_remove_registration_indicator_columns_from_trainings_table',1),(366,'2026_02_17_010849_add_triage_queue_columns_to_church_temps_table',1),(367,'2026_02_17_011057_create_training_new_churches_table',1),(368,'2026_02_17_172510_add_pix_fields_to_trainings_table',1),(369,'2026_02_17_191729_create_mentors_table',1),(370,'2026_02_19_230041_add_min_stp_sessions_to_courses_table',1),(371,'2026_02_19_230042_create_stp_sessions_table',1),(372,'2026_02_19_230043_create_stp_teams_table',1),(373,'2026_02_19_230044_create_stp_team_students_table',1),(374,'2026_02_19_230045_create_stp_approaches_table',1);
/*!40000 ALTER TABLE `migrations` ENABLE KEYS */;
UNLOCK TABLES;

--
-- Table structure for table `ministries`
--

DROP TABLE IF EXISTS `ministries`;
/*!40101 SET @saved_cs_client     = @@character_set_client */;
/*!50503 SET character_set_client = utf8mb4 */;
CREATE TABLE `ministries` (
  `id` bigint unsigned NOT NULL AUTO_INCREMENT,
  `initials` varchar(255) COLLATE utf8mb4_unicode_ci NOT NULL,
  `name` varchar(255) COLLATE utf8mb4_unicode_ci NOT NULL,
  `logo` varchar(255) COLLATE utf8mb4_unicode_ci DEFAULT NULL,
  `color` varchar(255) COLLATE utf8mb4_unicode_ci DEFAULT '#4F4F4F',
  `description` text COLLATE utf8mb4_unicode_ci,
  `created_at` timestamp NULL DEFAULT NULL,
  `updated_at` timestamp NULL DEFAULT NULL,
  PRIMARY KEY (`id`)
) ENGINE=InnoDB AUTO_INCREMENT=3 DEFAULT CHARSET=utf8mb4 COLLATE=utf8mb4_unicode_ci;
/*!40101 SET character_set_client = @saved_cs_client */;

--
-- Dumping data for table `ministries`
--

LOCK TABLES `ministries` WRITE;
/*!40000 ALTER TABLE `ministries` DISABLE KEYS */;
INSERT INTO `ministries` VALUES (1,'ev²','Evangelismo Eficaz',NULL,NULL,'O Ministério Evangelismo Eficaz tem como propósito capacitar cristãos a compartilhar o evangelho de Jesus Cristo de forma clara, bíblica e intencional no dia a dia. Por meio de treinamentos práticos e fundamentados nas Escrituras, o ministério promove uma vida de testemunho fiel, preparando a igreja para cumprir a Grande Comissão com convicção, amor e simplicidade.','2026-02-20 02:35:07','2026-02-20 02:35:07'),(2,'ee-kids','EE-Kids',NULL,NULL,'O EE-Kids é o ministério voltado à evangelização de crianças, ensinando desde cedo as verdades fundamentais do evangelho de forma didática, bíblica e adequada à faixa etária. Seu objetivo é auxiliar pais, educadores e igrejas na formação espiritual das crianças, cultivando uma fé sólida e um coração disposto a conhecer e seguir a Cristo.','2026-02-20 02:35:07','2026-02-20 02:35:07');
/*!40000 ALTER TABLE `ministries` ENABLE KEYS */;
UNLOCK TABLES;

--
-- Table structure for table `password_reset_tokens`
--

DROP TABLE IF EXISTS `password_reset_tokens`;
/*!40101 SET @saved_cs_client     = @@character_set_client */;
/*!50503 SET character_set_client = utf8mb4 */;
CREATE TABLE `password_reset_tokens` (
  `email` varchar(255) COLLATE utf8mb4_unicode_ci NOT NULL,
  `token` varchar(255) COLLATE utf8mb4_unicode_ci NOT NULL,
  `created_at` timestamp NULL DEFAULT NULL,
  PRIMARY KEY (`email`)
) ENGINE=InnoDB DEFAULT CHARSET=utf8mb4 COLLATE=utf8mb4_unicode_ci;
/*!40101 SET character_set_client = @saved_cs_client */;

--
-- Dumping data for table `password_reset_tokens`
--

LOCK TABLES `password_reset_tokens` WRITE;
/*!40000 ALTER TABLE `password_reset_tokens` DISABLE KEYS */;
/*!40000 ALTER TABLE `password_reset_tokens` ENABLE KEYS */;
UNLOCK TABLES;

--
-- Table structure for table `receipts`
--

DROP TABLE IF EXISTS `receipts`;
/*!40101 SET @saved_cs_client     = @@character_set_client */;
/*!50503 SET character_set_client = utf8mb4 */;
CREATE TABLE `receipts` (
  `id` bigint unsigned NOT NULL AUTO_INCREMENT,
  `training_id` bigint unsigned DEFAULT NULL,
  `file` varchar(255) COLLATE utf8mb4_unicode_ci NOT NULL,
  `created_at` timestamp NULL DEFAULT NULL,
  `updated_at` timestamp NULL DEFAULT NULL,
  PRIMARY KEY (`id`),
  KEY `receipts_training_id_foreign` (`training_id`),
  CONSTRAINT `receipts_training_id_foreign` FOREIGN KEY (`training_id`) REFERENCES `trainings` (`id`) ON DELETE CASCADE ON UPDATE CASCADE
) ENGINE=InnoDB DEFAULT CHARSET=utf8mb4 COLLATE=utf8mb4_unicode_ci;
/*!40101 SET character_set_client = @saved_cs_client */;

--
-- Dumping data for table `receipts`
--

LOCK TABLES `receipts` WRITE;
/*!40000 ALTER TABLE `receipts` DISABLE KEYS */;
/*!40000 ALTER TABLE `receipts` ENABLE KEYS */;
UNLOCK TABLES;

--
-- Table structure for table `role_user`
--

DROP TABLE IF EXISTS `role_user`;
/*!40101 SET @saved_cs_client     = @@character_set_client */;
/*!50503 SET character_set_client = utf8mb4 */;
CREATE TABLE `role_user` (
  `user_id` bigint unsigned DEFAULT NULL,
  `role_id` bigint unsigned DEFAULT NULL,
  `status` tinyint unsigned DEFAULT '1',
  KEY `role_user_user_id_foreign` (`user_id`),
  KEY `role_user_role_id_foreign` (`role_id`),
  CONSTRAINT `role_user_role_id_foreign` FOREIGN KEY (`role_id`) REFERENCES `roles` (`id`) ON DELETE CASCADE ON UPDATE CASCADE,
  CONSTRAINT `role_user_user_id_foreign` FOREIGN KEY (`user_id`) REFERENCES `users` (`id`) ON DELETE CASCADE ON UPDATE CASCADE
) ENGINE=InnoDB DEFAULT CHARSET=utf8mb4 COLLATE=utf8mb4_unicode_ci;
/*!40101 SET character_set_client = @saved_cs_client */;

--
-- Dumping data for table `role_user`
--

LOCK TABLES `role_user` WRITE;
/*!40000 ALTER TABLE `role_user` DISABLE KEYS */;
INSERT INTO `role_user` VALUES (1,1,1),(1,2,1),(1,3,1),(1,4,1),(1,5,1),(1,6,1),(1,7,1),(2,1,1),(2,2,1),(2,3,1),(2,4,1),(2,5,1),(2,6,1),(3,3,1),(3,4,1),(3,5,1),(3,6,1),(4,1,1),(4,3,1),(4,4,1),(4,5,1),(4,6,1),(5,1,1),(5,2,1),(5,3,1),(5,4,1),(5,5,1),(5,6,1),(5,7,1),(6,6,1),(7,1,1),(8,5,1),(9,2,1),(10,7,1),(11,6,1),(12,5,1),(13,4,1),(14,4,1),(15,1,1),(16,6,1),(17,1,1),(18,6,1),(19,7,1),(20,7,1),(21,4,1),(22,1,1),(23,2,1),(24,6,1),(25,5,1),(26,4,1),(27,4,1),(28,6,1),(29,5,1),(30,7,1),(31,6,1),(32,1,1),(33,5,1),(34,4,1),(35,2,1),(36,7,1),(37,7,1),(38,7,1),(39,1,1),(40,7,1),(41,1,1),(42,4,1),(43,6,1),(44,6,1),(45,7,1),(46,6,1),(47,5,1),(48,5,1),(49,2,1),(50,2,1),(51,6,1),(52,6,1),(53,6,1),(54,6,1),(55,4,1),(56,4,1),(57,5,1),(58,7,1),(59,2,1),(60,6,1),(61,5,1),(62,1,1),(63,4,1),(64,1,1),(65,6,1),(66,2,1),(67,2,1),(68,4,1),(69,2,1),(70,5,1),(71,7,1),(72,6,1),(73,6,1),(74,2,1),(75,2,1),(76,2,1),(77,5,1),(78,1,1),(79,6,1),(80,6,1),(81,4,1),(82,2,1),(83,1,1),(84,4,1),(85,6,1),(86,1,1),(87,5,1),(88,7,1),(89,2,1),(90,6,1),(91,4,1),(92,7,1),(93,1,1),(94,1,1),(95,2,1),(96,6,1),(97,2,1),(98,6,1),(99,1,1),(100,6,1),(101,5,1),(102,2,1),(103,7,1),(104,6,1),(105,6,1),(87,6,1),(99,6,1),(29,6,1),(106,7,1),(7,7,1),(8,7,1),(9,7,1),(11,7,1),(12,7,1),(13,7,1),(14,7,1),(15,7,1),(16,7,1);
/*!40000 ALTER TABLE `role_user` ENABLE KEYS */;
UNLOCK TABLES;

--
-- Table structure for table `roles`
--

DROP TABLE IF EXISTS `roles`;
/*!40101 SET @saved_cs_client     = @@character_set_client */;
/*!50503 SET character_set_client = utf8mb4 */;
CREATE TABLE `roles` (
  `id` bigint unsigned NOT NULL AUTO_INCREMENT,
  `name` varchar(255) COLLATE utf8mb4_unicode_ci NOT NULL,
  `created_at` timestamp NULL DEFAULT NULL,
  `updated_at` timestamp NULL DEFAULT NULL,
  PRIMARY KEY (`id`)
) ENGINE=InnoDB AUTO_INCREMENT=8 DEFAULT CHARSET=utf8mb4 COLLATE=utf8mb4_unicode_ci;
/*!40101 SET character_set_client = @saved_cs_client */;

--
-- Dumping data for table `roles`
--

LOCK TABLES `roles` WRITE;
/*!40000 ALTER TABLE `roles` DISABLE KEYS */;
INSERT INTO `roles` VALUES (1,'Board','2026-02-20 02:35:07','2026-02-20 02:35:07'),(2,'Director','2026-02-20 02:35:07','2026-02-20 02:35:07'),(3,'FieldWorker','2026-02-20 02:35:07','2026-02-20 02:35:07'),(4,'Teacher','2026-02-20 02:35:07','2026-02-20 02:35:07'),(5,'Facilitator','2026-02-20 02:35:07','2026-02-20 02:35:07'),(6,'Mentor','2026-02-20 02:35:07','2026-02-20 02:35:07'),(7,'Student','2026-02-20 02:35:07','2026-02-20 02:35:07');
/*!40000 ALTER TABLE `roles` ENABLE KEYS */;
UNLOCK TABLES;

--
-- Table structure for table `sections`
--

DROP TABLE IF EXISTS `sections`;
/*!40101 SET @saved_cs_client     = @@character_set_client */;
/*!50503 SET character_set_client = utf8mb4 */;
CREATE TABLE `sections` (
  `id` bigint unsigned NOT NULL AUTO_INCREMENT,
  `name` varchar(255) COLLATE utf8mb4_unicode_ci NOT NULL,
  `banner` varchar(255) COLLATE utf8mb4_unicode_ci DEFAULT NULL,
  `order` int DEFAULT NULL,
  `duration` varchar(255) COLLATE utf8mb4_unicode_ci DEFAULT NULL,
  `devotional` varchar(255) COLLATE utf8mb4_unicode_ci DEFAULT NULL,
  `description` text COLLATE utf8mb4_unicode_ci,
  `knowhow` text COLLATE utf8mb4_unicode_ci,
  `created_at` timestamp NULL DEFAULT NULL,
  `updated_at` timestamp NULL DEFAULT NULL,
  `course_id` bigint unsigned DEFAULT NULL,
  PRIMARY KEY (`id`),
  KEY `sections_course_id_foreign` (`course_id`),
  CONSTRAINT `sections_course_id_foreign` FOREIGN KEY (`course_id`) REFERENCES `courses` (`id`) ON DELETE CASCADE ON UPDATE CASCADE
) ENGINE=InnoDB AUTO_INCREMENT=97 DEFAULT CHARSET=utf8mb4 COLLATE=utf8mb4_unicode_ci;
/*!40101 SET character_set_client = @saved_cs_client */;

--
-- Dumping data for table `sections`
--

LOCK TABLES `sections` WRITE;
/*!40000 ALTER TABLE `sections` DISABLE KEYS */;
INSERT INTO `sections` VALUES (1,'Unidade 1: Por Que Estamos Aqui?',NULL,1,'40 min',NULL,'Esta unidade estabelece o propósito do workshop: recuperar o senso de chamado para compartilhar a fé e formar discípulos, não apenas convertidos. Trabalha motivações, expectativas e fundamentos bíblicos para que o evangelismo volte a ser um estilo de vida, como na igreja primitiva.',NULL,NULL,NULL,1),(2,'Unidade 2: Aprendendo a Explicação do Evangelho Em Sua Mão',NULL,2,'20 min',NULL,'Esta unidade ensina uma ferramenta prática e memorável para apresentar o Evangelho usando a própria mão, tornando a explicação simples, natural e fácil de reproduzir. O foco é capacitar o aluno a comunicar com clareza e segurança.',NULL,NULL,NULL,1),(3,'Unidade 3: Vencendo o Medo de Testemunhar',NULL,3,'40 min',NULL,'Esta unidade confronta o medo como uma das maiores barreiras ao testemunho cristão. O participante aprende a substituir insegurança por dependência do Espírito Santo, entendendo que evangelizar é um ato de obediência, não de habilidade pessoal.',NULL,NULL,NULL,1),(4,'Unidade 4: Encontrando Pessoas Receptivas',NULL,4,'40 min',NULL,'Ensina como discernir abertura espiritual e conduzir conversas significativas, identificando oportunidades naturais para apresentar o Evangelho com respeito, sensibilidade e intencionalidade.',NULL,NULL,NULL,1),(5,'Unidade 5: Compartilhando o Evangelho Através de Ilustrações',NULL,5,'35 min',NULL,'Apresenta o uso de ilustrações como recurso pedagógico para comunicar verdades espirituais de forma clara e memorável, facilitando a compreensão do Evangelho sem comprometer sua fidelidade bíblica.',NULL,NULL,NULL,1),(6,'Unidade 6: Levando a Uma Decisão',NULL,6,'30 min',NULL,'Orienta como conduzir o ouvinte a uma resposta consciente ao Evangelho, explicando arrependimento e fé, lidando com dúvidas comuns e respeitando o tempo e a consciência da pessoa.',NULL,NULL,NULL,1),(7,'Unidade 7: Desenvolvendo Amor pelos Perdidos',NULL,7,'20 min',NULL,'Trabalha o aspecto do coração do evangelista, despertando compaixão, sensibilidade espiritual e urgência missionária, para que o evangelismo flua do amor e não apenas da técnica.',NULL,NULL,NULL,1),(8,'Unidade 8: Desenvolvendo um Ministério Contínuo de Evangelismo e Discipulado',NULL,8,'20 min',NULL,'Apresenta princípios para estruturar um ministério permanente de evangelismo e discipulado na igreja local, integrando treinamento, prática e acompanhamento espiritual.',NULL,NULL,NULL,1),(9,'Encerramento: Juntos na Colheita do Senhor',NULL,9,'40 min',NULL,'Sessão final que reforça o compromisso com a missão, chamando os participantes a permanecerem ativos na colheita espiritual, unidos em oração, ação e visão de multiplicação.',NULL,NULL,NULL,1),(10,'Orientações da Clínica de Evangelismo Explosivo',NULL,10,'10 min',NULL,'Esta unidade apresenta a visão, o propósito e a base histórica da Clínica de Evangelismo Explosivo, destacando seu papel no cumprimento da Grande Comissão. O conteúdo enfatiza o compromisso espiritual, a unidade do Corpo de Cristo e a responsabilidade do participante em viver e multiplicar o evangelismo como estilo de vida.',NULL,NULL,NULL,1),(11,'O Treinamento de e² — Evangelismo Eficaz',NULL,11,'20 min',NULL,'Nesta unidade o facilitador compreende a proposta pedagógica do treinamento e², fundamentada na aprendizagem autêntica. O conteúdo apresenta a transição do modelo tradicional de ensino para um formato relacional, prático e participativo, preparando líderes para formar discípulos que aprendem fazendo.',NULL,NULL,NULL,1),(12,'Elementos-Chave do Treinamento e²',NULL,12,'40 min',NULL,'Esta unidade detalha os princípios essenciais que sustentam o treinamento e², incluindo o papel do facilitador, mentores, companheiros de oração, dinâmica em pequenos grupos, uso correto das ilustrações e a integração entre relacionamento e proclamação do Evangelho.',NULL,NULL,NULL,1),(13,'O Ensino Semanal no e²',NULL,13,'30 min','Devocional Semanal','Esta unidade orienta o facilitador quanto à condução das aulas semanais do e², apresentando a estrutura pedagógica baseada em devocional, revisão, prática e conversa. O foco está no desenvolvimento espiritual contínuo e na participação ativa dos alunos no processo de aprendizagem.',NULL,NULL,NULL,1),(14,'AULA: Saídas de Treinamento Prático (STP)',NULL,14,'45 min',NULL,'Esta unidade aborda a importância das Saídas de Treinamento Prático como elemento central do aprendizado. O conteúdo ensina como planejar, organizar e conduzir visitas evangelísticas, promovendo experiências reais que fortalecem a confiança e a maturidade espiritual dos participantes.',NULL,NULL,NULL,1),(15,'Uso do Questionário de Segurança',NULL,15,'20 min',NULL,'Nesta unidade o facilitador aprende o propósito e a aplicação do questionário de segurança como ferramenta evangelística. O conteúdo orienta sobre abordagem respeitosa, identificação de pessoas receptivas e condução sábia de conversas espirituais em ambientes públicos e residenciais.',NULL,NULL,NULL,1),(16,'ORIENTAÇÕES PARA PRÁTICA 1: Saídas de Treinamento Prático (STP)',NULL,16,'10 min',NULL,'Esta unidade aborda a importância das Saídas de Treinamento Prático como elemento central do aprendizado. O conteúdo ensina como planejar, organizar e conduzir visitas evangelísticas, promovendo experiências reais que fortalecem a confiança e a maturidade espiritual dos participantes.',NULL,NULL,NULL,1),(17,'PRÁTICA 1: Saídas de Treinamento Prático (STP)',NULL,17,'60 min',NULL,'Esta unidade aborda a importância das Saídas de Treinamento Prático como elemento central do aprendizado. O conteúdo ensina como planejar, organizar e conduzir visitas evangelísticas, promovendo experiências reais que fortalecem a confiança e a maturidade espiritual dos participantes.',NULL,NULL,NULL,1),(18,'Relatório Público',NULL,18,'30 min',NULL,'Esta unidade ensina a condução dos relatórios públicos após as Saídas de Treinamento Prático. O objetivo é promover encorajamento, aprendizado coletivo e intercessão, fortalecendo o senso de unidade e celebração da obra que Deus está realizando.',NULL,NULL,NULL,1),(19,'PRÁTICA 1: Relatório Público',NULL,19,'40 min',NULL,'Esta unidade ensina a condução dos relatórios públicos após as Saídas de Treinamento Prático. O objetivo é promover encorajamento, aprendizado coletivo e intercessão, fortalecendo o senso de unidade e celebração da obra que Deus está realizando.',NULL,NULL,NULL,1),(20,'Unidade 1 — Conectando',NULL,20,'60 min','Conectando-se às Pessoas','Esta unidade desenvolve a habilidade de criar relacionamentos intencionais que conduzem naturalmente ao diálogo espiritual. O aluno aprende a ouvir com atenção, fazer perguntas apropriadas e identificar pessoas receptivas, seguindo o exemplo de Jesus ao se conectar genuinamente com as pessoas.',NULL,NULL,NULL,1),(21,'Unidade 2 — O Evangelho: Graça',NULL,21,'35 min','A Graça de Deus','Nesta unidade o aluno compreende que a vida eterna é um presente de Deus, não conquistado por méritos ou boas obras. O conteúdo enfatiza o contraste entre o caminho humano e o caminho divino, estabelecendo a graça como fundamento central do Evangelho.',NULL,NULL,NULL,1),(22,'Unidade 3 — O Evangelho: Homem',NULL,22,'35 min','A Condição do Homem','Esta unidade apresenta a realidade do pecado e a incapacidade humana de alcançar o padrão de perfeição exigido por Deus. O aluno aprende a explicar com clareza a condição espiritual do homem e sua necessidade absoluta de salvação.',NULL,NULL,NULL,1),(23,'ORIENTAÇÕES PARA PRÁTICA 2: Saídas de Treinamento Prático (STP)',NULL,23,'10 min',NULL,'Esta unidade aborda a importância das Saídas de Treinamento Prático como elemento central do aprendizado. O conteúdo ensina como planejar, organizar e conduzir visitas evangelísticas, promovendo experiências reais que fortalecem a confiança e a maturidade espiritual dos participantes.',NULL,NULL,NULL,1),(24,'PRÁTICA 2: Saídas de Treinamento Prático (STP)',NULL,24,'90 min',NULL,'Esta unidade aborda a importância das Saídas de Treinamento Prático como elemento central do aprendizado. O conteúdo ensina como planejar, organizar e conduzir visitas evangelísticas, promovendo experiências reais que fortalecem a confiança e a maturidade espiritual dos participantes.',NULL,NULL,NULL,1),(25,'PRÁTICA 2: Relatório Público',NULL,25,'40 min',NULL,'Esta unidade ensina a condução dos relatórios públicos após as Saídas de Treinamento Prático. O objetivo é promover encorajamento, aprendizado coletivo e intercessão, fortalecendo o senso de unidade e celebração da obra que Deus está realizando.',NULL,NULL,NULL,1),(26,'Unidade 4 — Compartilhando Seu Testemunho',NULL,26,'35 min','O Poder de Seu Testemunho','Nesta unidade o aluno aprende a preparar e compartilhar seu testemunho pessoal de forma clara, objetiva e centrada na obra de Deus. O testemunho é apresentado como ponte relacional que desperta interesse espiritual e prepara o coração para o Evangelho.',NULL,NULL,NULL,1),(27,'Unidade 5 — O Evangelho: Deus e Cristo',NULL,27,'35 min','Deus e Jesus Cristo','Esta unidade aprofunda o entendimento sobre a natureza de Deus como amoroso e justo, e apresenta Jesus Cristo como o Deus-homem. O aluno aprende a explicar a obra substitutiva de Cristo na cruz como solução definitiva para o problema do pecado.',NULL,NULL,NULL,1),(28,'Unidade 6 — O Evangelho: Fé',NULL,28,'35 min','Entendendo a Fé','Nesta unidade o aluno distingue fé salvadora de fé temporal ou mero conhecimento intelectual. O conteúdo ensina que a salvação ocorre quando a confiança é transferida totalmente para Jesus Cristo, e não para esforços humanos.',NULL,NULL,NULL,1),(29,'Unidade 7 — Decisão e Acompanhamento',NULL,29,'35 min','O Amor de Deus pelos Perdidos','A unidade final ensina como conduzir uma pessoa à decisão por Cristo e como oferecer acompanhamento espiritual adequado. O foco está em apresentar o convite com clareza, respeito e amor, garantindo segurança de salvação e cuidado com o novo convertido.',NULL,NULL,NULL,1),(30,'Guia de Implementação do Ministério de Evangelismo Explosivo',NULL,30,'60 min',NULL,'Esta unidade capacita o facilitador a implementar o ministério de Evangelismo Explosivo na igreja local. O conteúdo apresenta princípios de visão, planejamento, organização, formação de líderes e acompanhamento espiritual, visando a multiplicação saudável do ministério.',NULL,NULL,NULL,1),(31,'ORIENTAÇÕES PARA PRÁTICA 3: Saídas de Treinamento Prático (STP)',NULL,31,'10 min',NULL,'Esta unidade aborda a importância das Saídas de Treinamento Prático como elemento central do aprendizado. O conteúdo ensina como planejar, organizar e conduzir visitas evangelísticas, promovendo experiências reais que fortalecem a confiança e a maturidade espiritual dos participantes.',NULL,NULL,NULL,1),(32,'PRÁTICA 3: Saídas de Treinamento Prático (STP)',NULL,32,'80 min',NULL,'Esta unidade aborda a importância das Saídas de Treinamento Prático como elemento central do aprendizado. O conteúdo ensina como planejar, organizar e conduzir visitas evangelísticas, promovendo experiências reais que fortalecem a confiança e a maturidade espiritual dos participantes.',NULL,NULL,NULL,1),(33,'PRÁTICA 3: Relatório Público',NULL,33,'40 min',NULL,'Esta unidade ensina a condução dos relatórios públicos após as Saídas de Treinamento Prático. O objetivo é promover encorajamento, aprendizado coletivo e intercessão, fortalecendo o senso de unidade e celebração da obra que Deus está realizando.',NULL,NULL,NULL,1),(34,'Unidade 1 — Por Que Estamos Aqui?',NULL,1,'45 min',NULL,'Esta unidade estabelece o propósito do workshop: recuperar o senso de chamado para compartilhar a fé e formar discípulos, não apenas convertidos. Trabalha motivações, expectativas e fundamentos bíblicos para que o evangelismo volte a ser um estilo de vida, como na igreja primitiva.',NULL,NULL,NULL,2),(35,'Unidade 2 — Aprendendo a Explicação do Evangelho Em Sua Mão',NULL,2,'20 min',NULL,'Esta unidade ensina uma ferramenta prática e memorável para apresentar o Evangelho usando a própria mão, tornando a explicação simples, natural e fácil de reproduzir. O foco é capacitar o aluno a comunicar com clareza e segurança.',NULL,NULL,NULL,2),(36,'Unidade 3 — Vencendo o Medo de Testemunhar',NULL,3,'40 min',NULL,'Esta unidade confronta o medo como uma das maiores barreiras ao testemunho cristão. O participante aprende a substituir insegurança por dependência do Espírito Santo, entendendo que evangelizar é um ato de obediência, não de habilidade pessoal.',NULL,NULL,NULL,2),(37,'Unidade 4 — Encontrando Pessoas Receptivas',NULL,4,'50 min',NULL,'Ensina como discernir abertura espiritual e conduzir conversas significativas, identificando oportunidades naturais para apresentar o Evangelho com respeito, sensibilidade e intencionalidade.',NULL,NULL,NULL,2),(38,'Unidade 5 — Compartilhando o Evangelho Através de Ilustrações',NULL,5,'35 min',NULL,'Apresenta o uso de ilustrações como recurso pedagógico para comunicar verdades espirituais de forma clara e memorável, facilitando a compreensão do Evangelho sem comprometer sua fidelidade bíblica.',NULL,NULL,NULL,2),(39,'Unidade 6 — Levando a Uma Decisão',NULL,6,'40 min',NULL,'Orienta como conduzir o ouvinte a uma resposta consciente ao Evangelho, explicando arrependimento e fé, lidando com dúvidas comuns e respeitando o tempo e a consciência da pessoa.',NULL,NULL,NULL,2),(40,'Unidade 7 — Desenvolvendo Amor pelos Perdidos',NULL,7,'20 min',NULL,'Trabalha o aspecto do coração do evangelista, despertando compaixão, sensibilidade espiritual e urgência missionária, para que o evangelismo flua do amor e não apenas da técnica.',NULL,NULL,NULL,2),(41,'Unidade 8 — Desenvolvendo um Ministério Contínuo de Evangelismo e Discipulado',NULL,8,'20 min',NULL,'Apresenta princípios para estruturar um ministério permanente de evangelismo e discipulado na igreja local, integrando treinamento, prática e acompanhamento espiritual.',NULL,NULL,NULL,2),(42,'Encerramento — Juntos na Colheita do Senhor',NULL,9,'40 min',NULL,'Sessão final que reforça o compromisso com a missão, chamando os participantes a permanecerem ativos na colheita espiritual, unidos em oração, ação e visão de multiplicação.',NULL,NULL,NULL,2),(43,'Unidade 1 — Conectando',NULL,1,'60 min','Conectando-se às Pessoas','Esta unidade desenvolve a habilidade de criar relacionamentos intencionais que conduzem naturalmente ao diálogo espiritual. O aluno aprende a ouvir com atenção, fazer perguntas apropriadas e identificar pessoas receptivas, seguindo o exemplo de Jesus ao se conectar genuinamente com as pessoas.',NULL,NULL,NULL,3),(44,'Unidade 2 — O Evangelho: Graça',NULL,2,'60 min','A Graça de Deus','Nesta unidade o aluno compreende que a vida eterna é um presente de Deus, não conquistado por méritos ou boas obras. O conteúdo enfatiza o contraste entre o caminho humano e o caminho divino, estabelecendo a graça como fundamento central do Evangelho.',NULL,NULL,NULL,3),(45,'Unidade 3 — O Evangelho: Homem',NULL,3,'60 min','A Condição do Homem','Esta unidade apresenta a realidade do pecado e a incapacidade humana de alcançar o padrão de perfeição exigido por Deus. O aluno aprende a explicar com clareza a condição espiritual do homem e sua necessidade absoluta de salvação.',NULL,NULL,NULL,3),(46,'Unidade 4 — Compartilhando Seu Testemunho',NULL,4,'60 min','O Poder de Seu Testemunho','Nesta unidade o aluno aprende a preparar e compartilhar seu testemunho pessoal de forma clara, objetiva e centrada na obra de Deus. O testemunho é apresentado como ponte relacional que desperta interesse espiritual e prepara o coração para o Evangelho.',NULL,NULL,NULL,3),(47,'Unidade 5 — O Evangelho: Deus e Cristo',NULL,5,'60 min','Deus e Jesus Cristo','Esta unidade aprofunda o entendimento sobre a natureza de Deus como amoroso e justo, e apresenta Jesus Cristo como o Deus-homem. O aluno aprende a explicar a obra substitutiva de Cristo na cruz como solução definitiva para o problema do pecado.',NULL,NULL,NULL,3),(48,'Unidade 6 — O Evangelho: Fé',NULL,6,'60 min','Entendendo a Fé','Nesta unidade o aluno distingue fé salvadora de fé temporal ou mero conhecimento intelectual. O conteúdo ensina que a salvação ocorre quando a confiança é transferida totalmente para Jesus Cristo, e não para esforços humanos.',NULL,NULL,NULL,3),(49,'Unidade 7 — Decisão e Acompanhamento',NULL,7,'60 min','O Amor de Deus pelos Perdidos','A unidade final ensina como conduzir uma pessoa à decisão por Cristo e como oferecer acompanhamento espiritual adequado. O foco está em apresentar o convite com clareza, respeito e amor, garantindo segurança de salvação e cuidado com o novo convertido.',NULL,NULL,NULL,3),(50,'Unidade 1 — A Formação de um Mentor',NULL,1,'60 min','Devocional 1 — Poder do Alto','Esta unidade introduz o papel do mentor como alguém que lidera pelo exemplo e forma discípulos com visão de multiplicação. O aluno aprende que mentorear envolve oração, demonstração, delegação e prática intencional, preparando-se para guiar novos discípulos na explicação do Evangelho e no desenvolvimento de hábitos espirituais consistentes.',NULL,NULL,NULL,4),(51,'Unidade 2 — O Método de um Mentor',NULL,2,'60 min','Devocional 2 — Jesus como Mentor','Esta unidade apresenta o método de mentoreamento centrado em treinamento prático e acompanhamento relacional. O conteúdo enfatiza a Saída de Treinamento Prático como ferramenta principal para formar discípulos que aprendem observando, participando e recebendo feedback, sempre com responsabilidade e sensibilidade à direção de Deus.',NULL,NULL,NULL,4),(52,'Unidade 3 — O Modelo de um Mentor',NULL,3,'60 min','Devocional 3 — Encontros Marcados por Deus','Nesta unidade, o aluno é levado a enxergar o evangelismo como cooperação com a obra de Deus, aprendendo a identificar oportunidades preparadas pelo Senhor. O foco está em conexão genuína com as pessoas, boas transições na conversa e uso responsável de perguntas diagnósticas, evitando manipulação e buscando receptividade real.',NULL,NULL,NULL,4),(53,'Unidade 4 — A Mensagem de um Mentor',NULL,4,'60 min','Devocional 4 — A Arte de Contar Histórias','Esta unidade treina o mentor a comunicar verdades espirituais com clareza e impacto, usando histórias e experiências com Deus de forma apropriada. O aluno aprende a fortalecer o discipulado ao compartilhar testemunhos objetivos e úteis, ajudando também seus discípulos a reconhecerem e estruturarem suas próprias histórias para edificação e evangelização.',NULL,NULL,NULL,4),(54,'Unidade 5 — A Atitude de um Mentor',NULL,5,'60 min','Devocional 5 — A Importância de Servir','Esta unidade trabalha o caráter do mentor como servo: amor, preparo, paciência, paz e propósito na missão. O aluno aprende que mentorear não é dominar pessoas, mas servir discípulos e cooperar com Deus em meio à oposição espiritual, mantendo mansidão e firmeza ao explicar o Evangelho e ao formar novos evangelistas.',NULL,NULL,NULL,4),(55,'Unidade 6 — O Foco de um Mentor',NULL,6,'60 min','Devocional 6 — Os Obstáculos do Discipulado','Nesta unidade, o aluno consolida que o alvo da Grande Comissão é fazer discípulos e não apenas convertidos. O conteúdo orienta como lidar com obstáculos ao discipulado e como conduzir acompanhamento contínuo, ensinando meios de crescimento espiritual e incentivando comunhão, serviço e perseverança para que o fruto permaneça.',NULL,NULL,NULL,4),(56,'Unidade 7 — A Missão de um Mentor',NULL,7,'60 min','Devocional 7 — Multiplicação','A unidade final firma a visão de multiplicação espiritual, chamando o mentor a reproduzir discípulos fiéis, disponíveis e ensináveis. O aluno é direcionado a praticar e avaliar a explicação do Evangelho em formato de conversa, e a assumir o compromisso de formar novas equipes, apoiar o discipulado e fortalecer a missão da igreja local.',NULL,NULL,NULL,4),(57,'Estudo 1 — Você Tem Certeza?',NULL,1,'60 min',NULL,'Esta unidade conduz o aluno a examinar, à luz das Escrituras, se é possível ter certeza da vida eterna. Por meio de perguntas de diagnóstico e textos bíblicos, o estudo confronta falsas seguranças e direciona a confiança para Cristo, levando a uma resposta pessoal clara e fundamentada.',NULL,NULL,NULL,5),(58,'Estudo 2 — Bíblia',NULL,2,'60 min',NULL,'Esta unidade apresenta a Palavra de Deus como base indispensável para o crescimento espiritual. O aluno é encorajado a ler, guardar e praticar as Escrituras com constância, entendendo que a Bíblia orienta a vida cristã e fortalece a fé por meio da obediência diária.',NULL,NULL,NULL,5),(59,'Estudo 3 — Oração',NULL,3,'60 min',NULL,'Esta unidade ensina a oração como comunhão viva com Deus — uma conversa reverente e constante que aprofunda intimidade e consolida a fé. O estudo destaca oração como adoração, confissão, gratidão e súplica, incentivando uma prática simples, perseverante e alinhada à vontade do Senhor.',NULL,NULL,NULL,5),(60,'Estudo 4 — Adoração',NULL,4,'60 min',NULL,'Esta unidade amplia a visão bíblica de adoração como mais do que momentos de culto: trata-se de uma vida inteira voltada a honrar a Deus. O aluno é chamado a glorificar o Senhor no tempo, recursos, atitudes e motivações, aprendendo a adorar em todo lugar e em todo tempo.',NULL,NULL,NULL,5),(61,'Estudo 5 — Comunhão',NULL,5,'60 min',NULL,'Esta unidade mostra que o crescimento espiritual floresce no convívio com o corpo de Cristo. Comunhão é viver em unidade, amor, cuidado e serviço dentro da família de Deus, recebendo edificação, incentivo e apoio; o aluno é encorajado a se comprometer com a vida da igreja e relacionamentos cristãos saudáveis.',NULL,NULL,NULL,5),(62,'Estudo 6 — Testemunho',NULL,6,'60 min',NULL,'Esta unidade reafirma o privilégio e a responsabilidade cristã de anunciar o Evangelho. O aluno aprende que testemunhar é comunicar as Boas Novas com clareza e coerência de vida, desenvolvendo interesse genuíno pelas pessoas e se preparando para compartilhar sua própria história e a mensagem da salvação em Cristo.',NULL,NULL,NULL,5),(63,'Estudo 7 — Direção',NULL,7,'60 min',NULL,'Esta unidade orienta o aluno a buscar e reconhecer a vontade de Deus para decisões e vida diária. O estudo enfatiza que o Senhor ama seus filhos, conduz com segurança e chama o cristão a viver sob Seu governo, aprendendo a discernir caminhos à luz das Escrituras e a seguir a direção divina com confiança e obediência.',NULL,NULL,NULL,5),(64,'Sessão 1 — Manejo da Palavra da Verdade',NULL,1,'60 min','Devocional 1 — A Palavra da Verdade','Esta unidade estabelece o fundamento do treinamento, capacitando o aluno a lidar corretamente com as Escrituras. O conteúdo reforça a importância da verdade absoluta, da confiabilidade bíblica e da preparação espiritual para responder com clareza às perguntas sinceras daqueles que questionam a fé cristã.',NULL,NULL,NULL,6),(65,'Sessão 2 — Cinco Maneiras de Lidar com uma Objeção ao Evangelho',NULL,2,'60 min','Devocional 2 — A Atitude é Tudo','Nesta unidade o aluno aprende princípios práticos para responder objeções sem confronto ou arrogância. O foco está na atitude correta do evangelista, combinando mansidão, respeito e dependência do Espírito Santo ao lidar com dúvidas, interrupções ou resistências durante conversas espirituais.',NULL,NULL,NULL,6),(66,'Sessão 3 — Eu Não Acredito na Bíblia',NULL,3,'60 min','Devocional 3 — A Confiabilidade da Bíblia','Esta unidade prepara o aluno para responder à objeção quanto à autoridade das Escrituras. O conteúdo apresenta razões históricas, arqueológicas e proféticas que demonstram a confiabilidade da Bíblia, ajudando o cristão a conduzir o diálogo de forma lógica, respeitosa e centrada no Evangelho.',NULL,NULL,NULL,6),(67,'Sessão 4 — Como Você Sabe que Deus Existe?',NULL,4,'60 min','Devocional 4 — Deus é Real','Nesta unidade o aluno aprende a apresentar respostas racionais à existência de Deus, utilizando argumentos baseados na criação, ordem, design e consciência humana. O objetivo é demonstrar que a fé cristã não é irracional, mas plenamente coerente com a realidade observável.',NULL,NULL,NULL,6),(68,'Sessão 5 — Como Deus Pode Permitir o Mal?',NULL,5,'60 min','Devocional 5 — A Perfeita Justiça de Deus','Esta unidade aborda uma das objeções mais sensíveis ao cristianismo: o problema do sofrimento, do mal e do inferno. O aluno aprende a explicar a justiça e o amor de Deus de forma equilibrada, mostrando que o mal é consequência da queda humana e que Deus oferece redenção, esperança e justiça final.',NULL,NULL,NULL,6),(69,'Sessão 6 — Como Jesus Pode Ser o Único Caminho?',NULL,6,'60 min','Devocional 6 — Um Só Caminho','Nesta unidade o aluno é capacitado a responder à exclusividade de Cristo com clareza bíblica. O conteúdo apresenta Jesus como o único Salvador por causa do pecado, do sacrifício e da ressurreição, fortalecendo a convicção cristã diante do pluralismo religioso.',NULL,NULL,NULL,6),(70,'Sessão 7 — E Quanto àqueles que Nunca Ouviram?',NULL,7,'60 min','Devocional 7 — A Criação Anuncia a Deus','A unidade final responde às objeções relacionadas à justiça divina diante dos que nunca ouviram o Evangelho e ao tema da hipocrisia religiosa. O aluno compreende a revelação de Deus por meio da criação, da consciência e de Cristo, e é desafiado a assumir responsabilidade pessoal na missão.',NULL,NULL,NULL,6),(71,'Unidade Introdutória — Orientações do Treinamento Esperança para Crianças',NULL,1,'30 min',NULL,'Esta unidade introdutória apresenta a visão, os objetivos e a estrutura do treinamento Esperança para Crianças. O facilitador é orientado quanto ao propósito evangelístico do ministério, ao papel da equipe, à importância da oração e ao preparo espiritual necessário para conduzir crianças ao conhecimento do Evangelho.',NULL,NULL,NULL,7),(72,'Unidade 1 — Olimpíadas Bíblicas',NULL,2,'60 min',NULL,'Esta unidade utiliza atividades lúdicas para ensinar verdades bíblicas fundamentais às crianças. Por meio de jogos, versículos e dinâmicas, elas aprendem que a Palavra de Deus é verdadeira, confiável e poderosa, criando um ambiente alegre e propício para o aprendizado espiritual.',NULL,NULL,NULL,7),(73,'Unidade 2 — A Entrevista',NULL,3,'30 min',NULL,'Nesta unidade o facilitador aprende a conduzir entrevistas espirituais com crianças, utilizando perguntas simples para identificar o nível de compreensão do Evangelho. O foco está em ouvir com atenção, estabelecer vínculo e discernir a condição espiritual de cada criança.',NULL,NULL,NULL,7),(74,'Unidade 3 — O Caminho do Evangelho',NULL,4,'40 min',NULL,'Esta unidade apresenta o Caminho do Evangelho por meio de gestos e explicações visuais, ajudando as crianças a memorizar e compreender os principais pontos da mensagem da salvação. O método facilita a explicação clara e progressiva do Evangelho.',NULL,NULL,NULL,7),(75,'Unidade 4 — As Boas Novas',NULL,5,'40 min',NULL,'Nesta unidade as crianças aprendem quem é Jesus e o que Ele fez para oferecer a vida eterna. O ensino enfatiza a morte e a ressurreição de Cristo, apresentando as Boas Novas de forma simples, bíblica e adequada à compreensão infantil.',NULL,NULL,NULL,7),(76,'Unidade 5 — Vamos Conversar',NULL,6,'40 min',NULL,'Esta unidade ensina como iniciar conversas espirituais e compartilhar o testemunho pessoal. As crianças aprendem a fazer perguntas, ouvir com respeito e identificar oportunidades naturais para falar sobre Deus.',NULL,NULL,NULL,7),(77,'Unidade 6 — Céu',NULL,7,'40 min',NULL,'Nesta unidade é ensinado que a vida eterna é um presente gratuito de Deus. As crianças aprendem o conceito bíblico da graça, compreendendo que o Céu não pode ser conquistado por boas obras, mas recebido pela fé.',NULL,NULL,NULL,7),(78,'Unidade 7 — Pecado',NULL,8,'40 min',NULL,'Esta unidade aborda a realidade do pecado de forma clara e apropriada para crianças. O ensino mostra que o pecado separa o ser humano de Deus e que todos necessitam do perdão oferecido por meio de Jesus Cristo.',NULL,NULL,NULL,7),(79,'Unidade 8 — Deus',NULL,9,'40 min',NULL,'Nesta unidade as crianças aprendem sobre o caráter de Deus, destacando Seu amor e Sua justiça. O ensino mostra que Deus deseja restaurar o relacionamento com as pessoas e oferece salvação por meio de Seu amor.',NULL,NULL,NULL,7),(80,'Unidade 9 — Cristo',NULL,10,'40 min',NULL,'Esta unidade ensina que Jesus é o Filho de Deus, que viveu sem pecado, morreu na cruz e ressuscitou. As crianças compreendem que somente Cristo pode perdoar pecados e conceder a vida eterna.',NULL,NULL,NULL,7),(81,'Unidade 10 — Fé',NULL,11,'40 min',NULL,'Nesta unidade é explicado o verdadeiro significado da fé bíblica, ensinando que confiar em Jesus é depender somente dEle para a salvação, e não de boas ações ou comportamento.',NULL,NULL,NULL,7),(82,'Unidade 11 — Resposta',NULL,12,'40 min',NULL,'Esta unidade orienta como conduzir uma criança a responder ao Evangelho com clareza e respeito. O foco está em apresentar o convite à fé, reconhecendo que a decisão é uma obra do Espírito Santo.',NULL,NULL,NULL,7),(83,'Unidade 12 — Crescendo em Cristo',NULL,13,'40 min',NULL,'A unidade final ensina princípios básicos de crescimento cristão, como oração, leitura bíblica, comunhão e testemunho. As crianças são encorajadas a viver diariamente sua fé e a continuar firmes em Jesus.',NULL,NULL,NULL,7),(84,'Unidade de Implementação — Implantação do Ministério Esperança para Crianças',NULL,14,'60 min',NULL,'Esta unidade orienta a implementação do ministério Esperança para Crianças na igreja local. O conteúdo aborda planejamento, formação de equipe, envolvimento da liderança, acompanhamento espiritual e continuidade do trabalho evangelístico infantil.',NULL,NULL,NULL,7),(85,'Unidade 1 — Olimpíadas Bíblicas',NULL,1,'60 min',NULL,'Esta unidade inaugura o treinamento de forma dinâmica, usando jogos e atividades para fixar os versículos-chave do Caminho do Evangelho. O objetivo é que as crianças compreendam que a Palavra de Deus é verdadeira e poderosa, criando um ambiente alegre e memorável para iniciar o aprendizado do Evangelho.',NULL,NULL,NULL,8),(86,'Unidade 2 — A Entrevista',NULL,2,'60 min',NULL,'Nesta unidade, o professor e os líderes aprendem a conhecer melhor cada criança e avaliar sua compreensão espiritual. A entrevista cria vínculo, promove escuta cuidadosa e permite discernir necessidades, preparando o caminho para ensinar o Evangelho com clareza e sensibilidade.',NULL,NULL,NULL,8),(87,'Unidade 3 — O Caminho do Evangelho',NULL,3,'60 min',NULL,'Esta unidade introduz o Caminho do Evangelho como trilho seguro para explicar a salvação de modo progressivo. As crianças aprendem a recitar com gestos os seis pontos, compreendendo que boas informações guiam ao destino correto, assim como o Evangelho guia ao Céu.',NULL,NULL,NULL,8),(88,'Unidade 4 — As Boas Novas',NULL,4,'60 min',NULL,'Nesta unidade, as crianças aprendem quem é Jesus e o que Ele fez para oferecer a vida eterna. O foco é comunicar o núcleo do Evangelho de forma simples e bíblica, incentivar o compartilhamento com outras pessoas e ensinar como oferecer oportunidade de resposta com respeito e clareza.',NULL,NULL,NULL,8),(89,'Unidade 5 — Vamos Conversar',NULL,5,'60 min',NULL,'Esta unidade treina as crianças a iniciar conversas espirituais com naturalidade, compartilhar sua história (testemunho) e usar perguntas de diagnóstico para entender em que a pessoa confia. O conteúdo reforça postura respeitosa e ajuda a conduzir o diálogo para o Evangelho sem constrangimento.',NULL,NULL,NULL,8),(90,'Unidade 6 — Céu',NULL,6,'60 min',NULL,'Nesta unidade, as crianças entendem o conceito bíblico de graça e aprendem que o Céu (vida eterna) é presente de Deus, não conquistado nem merecido. Por ilustrações e textos bíblicos, elas são encorajadas a confiar somente em Jesus e a explicar o ponto “Céu” com clareza.',NULL,NULL,NULL,8),(91,'Unidade 7 — Pecado',NULL,7,'60 min',NULL,'Esta unidade ensina o que é pecado, por que todos pecam e como o pecado separa o ser humano de Deus. As crianças aprendem a explicar o ponto “Pecado” de maneira adequada, entendendo a necessidade de salvação e preparando o terreno para compreender a obra de Cristo.',NULL,NULL,NULL,8),(92,'Unidade 8 — Deus',NULL,8,'60 min',NULL,'Nesta unidade, as crianças aprendem quem Deus é, enfatizando Seu amor e Sua justiça. O conteúdo fortalece a compreensão de que Deus é santo e correto, e que Seu amor não anula Sua justiça, preparando uma visão equilibrada do Evangelho.',NULL,NULL,NULL,8),(93,'Unidade 9 — Cristo',NULL,9,'60 min',NULL,'Esta unidade apresenta Jesus Cristo como o centro do Evangelho: Deus que veio ao mundo, viveu sem pecado, morreu em nosso lugar e ressuscitou. As crianças aprendem a explicar a obra de Cristo como a única provisão suficiente para o perdão e a vida eterna.',NULL,NULL,NULL,8),(94,'Unidade 10 — Fé',NULL,10,'60 min',NULL,'Nesta unidade, as crianças compreendem o significado de fé bíblica: confiar em Jesus, e não em esforço próprio, religiosidade ou boas obras. O objetivo é que elas saibam explicar o ponto “Fé” com simplicidade e segurança, chamando o ouvinte a depender de Cristo.',NULL,NULL,NULL,8),(95,'Unidade 11 — Resposta',NULL,11,'60 min',NULL,'Esta unidade orienta como dar oportunidade para a pessoa responder ao Evangelho, com perguntas claras e postura respeitosa. As crianças aprendem que a decisão não é pressionada, mas apresentada com amor, reconhecendo que o Espírito Santo é quem convence o coração.',NULL,NULL,NULL,8),(96,'Unidade 12 — Crescendo em Jesus',NULL,12,'60 min',NULL,'A unidade final consolida o discipulado básico, ensinando práticas essenciais para crescer em Jesus: leitura da Bíblia, oração, comunhão e testemunho. O foco é ajudar as crianças a perseverarem na fé e a continuarem compartilhando o Evangelho como estilo de vida.',NULL,NULL,NULL,8);
/*!40000 ALTER TABLE `sections` ENABLE KEYS */;
UNLOCK TABLES;

--
-- Table structure for table `sessions`
--

DROP TABLE IF EXISTS `sessions`;
/*!40101 SET @saved_cs_client     = @@character_set_client */;
/*!50503 SET character_set_client = utf8mb4 */;
CREATE TABLE `sessions` (
  `id` varchar(255) COLLATE utf8mb4_unicode_ci NOT NULL,
  `user_id` bigint unsigned DEFAULT NULL,
  `ip_address` varchar(45) COLLATE utf8mb4_unicode_ci DEFAULT NULL,
  `user_agent` text COLLATE utf8mb4_unicode_ci,
  `payload` longtext COLLATE utf8mb4_unicode_ci NOT NULL,
  `last_activity` int NOT NULL,
  PRIMARY KEY (`id`),
  KEY `sessions_user_id_index` (`user_id`),
  KEY `sessions_last_activity_index` (`last_activity`)
) ENGINE=InnoDB DEFAULT CHARSET=utf8mb4 COLLATE=utf8mb4_unicode_ci;
/*!40101 SET character_set_client = @saved_cs_client */;

--
-- Dumping data for table `sessions`
--

LOCK TABLES `sessions` WRITE;
/*!40000 ALTER TABLE `sessions` DISABLE KEYS */;
INSERT INTO `sessions` VALUES ('1R4dGLNhfzWaH5wNz2qqJmI47gSA204JHFudvRw8',1,'127.0.0.1','Mozilla/5.0 (Windows NT 10.0; Win64; x64) AppleWebKit/537.36 (KHTML, like Gecko) Chrome/145.0.0.0 Safari/537.36','YTo0OntzOjY6Il90b2tlbiI7czo0MDoiV2Y4bmZnaFdDTGVPRWJvbmE0bXhNZ3BOVFIyUnVJOE1LSlM4d1FtWCI7czo2OiJfZmxhc2giO2E6Mjp7czozOiJvbGQiO2E6MDp7fXM6MzoibmV3IjthOjA6e319czo5OiJfcHJldmlvdXMiO2E6Mjp7czozOiJ1cmwiO3M6NDg6Imh0dHA6Ly9lZS5sb2NhbC90ZWFjaGVyL3RyYWluaW5ncy8zMTMvc3RhdGlzdGljcyI7czo1OiJyb3V0ZSI7czozMjoiYXBwLnRlYWNoZXIudHJhaW5pbmdzLnN0YXRpc3RpY3MiO31zOjUwOiJsb2dpbl93ZWJfNTliYTM2YWRkYzJiMmY5NDAxNTgwZjAxNGM3ZjU4ZWE0ZTMwOTg5ZCI7aToxO30=',1771555675);
/*!40000 ALTER TABLE `sessions` ENABLE KEYS */;
UNLOCK TABLES;

--
-- Table structure for table `shippings`
--

DROP TABLE IF EXISTS `shippings`;
/*!40101 SET @saved_cs_client     = @@character_set_client */;
/*!50503 SET character_set_client = utf8mb4 */;
CREATE TABLE `shippings` (
  `id` bigint unsigned NOT NULL AUTO_INCREMENT,
  `name` varchar(255) COLLATE utf8mb4_unicode_ci NOT NULL,
  `phone` varchar(255) COLLATE utf8mb4_unicode_ci DEFAULT NULL,
  `email` varchar(255) COLLATE utf8mb4_unicode_ci DEFAULT NULL,
  `street` varchar(255) COLLATE utf8mb4_unicode_ci DEFAULT NULL,
  `number` varchar(255) COLLATE utf8mb4_unicode_ci DEFAULT NULL,
  `complement` varchar(255) COLLATE utf8mb4_unicode_ci DEFAULT NULL,
  `district` varchar(255) COLLATE utf8mb4_unicode_ci DEFAULT NULL,
  `city` varchar(255) COLLATE utf8mb4_unicode_ci DEFAULT NULL,
  `state` varchar(255) COLLATE utf8mb4_unicode_ci DEFAULT NULL,
  `postal_code` varchar(255) COLLATE utf8mb4_unicode_ci DEFAULT NULL,
  `notes` varchar(255) COLLATE utf8mb4_unicode_ci DEFAULT NULL,
  `created_at` timestamp NULL DEFAULT NULL,
  `updated_at` timestamp NULL DEFAULT NULL,
  PRIMARY KEY (`id`)
) ENGINE=InnoDB DEFAULT CHARSET=utf8mb4 COLLATE=utf8mb4_unicode_ci;
/*!40101 SET character_set_client = @saved_cs_client */;

--
-- Dumping data for table `shippings`
--

LOCK TABLES `shippings` WRITE;
/*!40000 ALTER TABLE `shippings` DISABLE KEYS */;
/*!40000 ALTER TABLE `shippings` ENABLE KEYS */;
UNLOCK TABLES;

--
-- Table structure for table `stp_approaches`
--

DROP TABLE IF EXISTS `stp_approaches`;
/*!40101 SET @saved_cs_client     = @@character_set_client */;
/*!50503 SET character_set_client = utf8mb4 */;
CREATE TABLE `stp_approaches` (
  `id` bigint unsigned NOT NULL AUTO_INCREMENT,
  `training_id` bigint unsigned NOT NULL,
  `stp_session_id` bigint unsigned NOT NULL,
  `stp_team_id` bigint unsigned DEFAULT NULL,
  `type` varchar(255) COLLATE utf8mb4_unicode_ci NOT NULL,
  `status` varchar(255) COLLATE utf8mb4_unicode_ci NOT NULL,
  `position` int NOT NULL DEFAULT '0',
  `person_name` varchar(255) COLLATE utf8mb4_unicode_ci NOT NULL,
  `phone` varchar(255) COLLATE utf8mb4_unicode_ci DEFAULT NULL,
  `email` varchar(255) COLLATE utf8mb4_unicode_ci DEFAULT NULL,
  `street` varchar(255) COLLATE utf8mb4_unicode_ci DEFAULT NULL,
  `number` varchar(255) COLLATE utf8mb4_unicode_ci DEFAULT NULL,
  `complement` varchar(255) COLLATE utf8mb4_unicode_ci DEFAULT NULL,
  `district` varchar(255) COLLATE utf8mb4_unicode_ci DEFAULT NULL,
  `city` varchar(255) COLLATE utf8mb4_unicode_ci DEFAULT NULL,
  `state` varchar(255) COLLATE utf8mb4_unicode_ci DEFAULT NULL,
  `postal_code` varchar(255) COLLATE utf8mb4_unicode_ci DEFAULT NULL,
  `reference_point` varchar(255) COLLATE utf8mb4_unicode_ci DEFAULT NULL,
  `gospel_explained_times` smallint unsigned DEFAULT NULL,
  `people_count` smallint unsigned DEFAULT NULL,
  `result` varchar(255) COLLATE utf8mb4_unicode_ci DEFAULT NULL,
  `means_growth` tinyint(1) NOT NULL DEFAULT '0',
  `follow_up_scheduled_at` datetime DEFAULT NULL,
  `public_q2_answer` text COLLATE utf8mb4_unicode_ci,
  `public_lesson` text COLLATE utf8mb4_unicode_ci,
  `created_by_user_id` bigint unsigned NOT NULL,
  `reported_by_user_id` bigint unsigned DEFAULT NULL,
  `reviewed_by_user_id` bigint unsigned DEFAULT NULL,
  `reviewed_at` datetime DEFAULT NULL,
  `payload` json DEFAULT NULL,
  `created_at` timestamp NULL DEFAULT NULL,
  `updated_at` timestamp NULL DEFAULT NULL,
  PRIMARY KEY (`id`),
  KEY `stp_approaches_created_by_user_id_foreign` (`created_by_user_id`),
  KEY `stp_approaches_reported_by_user_id_foreign` (`reported_by_user_id`),
  KEY `stp_approaches_reviewed_by_user_id_foreign` (`reviewed_by_user_id`),
  KEY `stp_approaches_training_id_index` (`training_id`),
  KEY `stp_approaches_stp_session_id_index` (`stp_session_id`),
  KEY `stp_approaches_stp_team_id_index` (`stp_team_id`),
  KEY `stp_approaches_type_index` (`type`),
  KEY `stp_approaches_status_index` (`status`),
  CONSTRAINT `stp_approaches_created_by_user_id_foreign` FOREIGN KEY (`created_by_user_id`) REFERENCES `users` (`id`) ON UPDATE CASCADE,
  CONSTRAINT `stp_approaches_reported_by_user_id_foreign` FOREIGN KEY (`reported_by_user_id`) REFERENCES `users` (`id`) ON DELETE SET NULL ON UPDATE CASCADE,
  CONSTRAINT `stp_approaches_reviewed_by_user_id_foreign` FOREIGN KEY (`reviewed_by_user_id`) REFERENCES `users` (`id`) ON DELETE SET NULL ON UPDATE CASCADE,
  CONSTRAINT `stp_approaches_stp_session_id_foreign` FOREIGN KEY (`stp_session_id`) REFERENCES `stp_sessions` (`id`) ON DELETE CASCADE ON UPDATE CASCADE,
  CONSTRAINT `stp_approaches_stp_team_id_foreign` FOREIGN KEY (`stp_team_id`) REFERENCES `stp_teams` (`id`) ON DELETE SET NULL ON UPDATE CASCADE,
  CONSTRAINT `stp_approaches_training_id_foreign` FOREIGN KEY (`training_id`) REFERENCES `trainings` (`id`) ON DELETE CASCADE ON UPDATE CASCADE
) ENGINE=InnoDB AUTO_INCREMENT=3 DEFAULT CHARSET=utf8mb4 COLLATE=utf8mb4_unicode_ci;
/*!40101 SET character_set_client = @saved_cs_client */;

--
-- Dumping data for table `stp_approaches`
--

LOCK TABLES `stp_approaches` WRITE;
/*!40000 ALTER TABLE `stp_approaches` DISABLE KEYS */;
INSERT INTO `stp_approaches` VALUES (1,313,6,6,'visitor','done',1,'João Cabral de Melo e Neto','219777777','','Rua Tiradentes','107',NULL,'Ingá','Niteroi','RJ','24210440',NULL,1,1,'decision',1,'2026-02-21 23:41:00',NULL,NULL,1,1,1,'2026-02-20 02:41:06','{\"notes\": null, \"listeners\": [{\"name\": \"Fernando José\", \"result\": \"decision\", \"diagnostic_answer\": \"works\"}], \"approach_date\": \"2026-02-20\"}','2026-02-20 04:45:53','2026-02-20 05:41:57'),(2,313,6,6,'security_questionnaire','done',0,'Maria Fernandez','(21) 97276-5535','teste@teste.com','Rua Albino Pereira','35',NULL,'São Francisco','Niterói','RJ','24365170',NULL,1,5,'already_christian',1,'2026-02-20 15:00:00',NULL,NULL,1,1,1,'2026-02-20 02:28:30','{\"notes\": null, \"listeners\": [{\"name\": \"JOão\", \"result\": \"already_christian\", \"diagnostic_answer\": \"christ\"}, {\"name\": \"Maria\", \"result\": \"decision\", \"diagnostic_answer\": \"works\"}, {\"name\": \"Pedrosa\", \"result\": \"no_decision_interested\", \"diagnostic_answer\": \"works\"}, {\"name\": \"Bernardo\", \"result\": \"rejection\", \"diagnostic_answer\": \"works\"}, {\"name\": \"Gabriel\", \"result\": \"decision\", \"diagnostic_answer\": \"works\"}], \"approach_date\": \"2026-02-20\"}','2026-02-20 04:48:46','2026-02-20 05:41:08');
/*!40000 ALTER TABLE `stp_approaches` ENABLE KEYS */;
UNLOCK TABLES;

--
-- Table structure for table `stp_sessions`
--

DROP TABLE IF EXISTS `stp_sessions`;
/*!40101 SET @saved_cs_client     = @@character_set_client */;
/*!50503 SET character_set_client = utf8mb4 */;
CREATE TABLE `stp_sessions` (
  `id` bigint unsigned NOT NULL AUTO_INCREMENT,
  `training_id` bigint unsigned NOT NULL,
  `sequence` int NOT NULL,
  `label` varchar(255) COLLATE utf8mb4_unicode_ci DEFAULT NULL,
  `starts_at` datetime DEFAULT NULL,
  `ends_at` datetime DEFAULT NULL,
  `status` varchar(255) COLLATE utf8mb4_unicode_ci DEFAULT NULL,
  `created_at` timestamp NULL DEFAULT NULL,
  `updated_at` timestamp NULL DEFAULT NULL,
  PRIMARY KEY (`id`),
  UNIQUE KEY `stp_sessions_training_id_sequence_unique` (`training_id`,`sequence`),
  KEY `stp_sessions_training_id_index` (`training_id`),
  CONSTRAINT `stp_sessions_training_id_foreign` FOREIGN KEY (`training_id`) REFERENCES `trainings` (`id`) ON DELETE CASCADE ON UPDATE CASCADE
) ENGINE=InnoDB AUTO_INCREMENT=11 DEFAULT CHARSET=utf8mb4 COLLATE=utf8mb4_unicode_ci;
/*!40101 SET character_set_client = @saved_cs_client */;

--
-- Dumping data for table `stp_sessions`
--

LOCK TABLES `stp_sessions` WRITE;
/*!40000 ALTER TABLE `stp_sessions` DISABLE KEYS */;
INSERT INTO `stp_sessions` VALUES (6,313,1,NULL,NULL,NULL,NULL,'2026-02-20 04:43:18','2026-02-20 04:43:18');
/*!40000 ALTER TABLE `stp_sessions` ENABLE KEYS */;
UNLOCK TABLES;

--
-- Table structure for table `stp_team_students`
--

DROP TABLE IF EXISTS `stp_team_students`;
/*!40101 SET @saved_cs_client     = @@character_set_client */;
/*!50503 SET character_set_client = utf8mb4 */;
CREATE TABLE `stp_team_students` (
  `id` bigint unsigned NOT NULL AUTO_INCREMENT,
  `stp_team_id` bigint unsigned NOT NULL,
  `user_id` bigint unsigned NOT NULL,
  `position` int NOT NULL DEFAULT '0',
  `created_at` timestamp NULL DEFAULT NULL,
  `updated_at` timestamp NULL DEFAULT NULL,
  PRIMARY KEY (`id`),
  UNIQUE KEY `stp_team_students_stp_team_id_user_id_unique` (`stp_team_id`,`user_id`),
  KEY `stp_team_students_user_id_index` (`user_id`),
  CONSTRAINT `stp_team_students_stp_team_id_foreign` FOREIGN KEY (`stp_team_id`) REFERENCES `stp_teams` (`id`) ON DELETE CASCADE ON UPDATE CASCADE,
  CONSTRAINT `stp_team_students_user_id_foreign` FOREIGN KEY (`user_id`) REFERENCES `users` (`id`) ON DELETE CASCADE ON UPDATE CASCADE
) ENGINE=InnoDB AUTO_INCREMENT=67 DEFAULT CHARSET=utf8mb4 COLLATE=utf8mb4_unicode_ci;
/*!40101 SET character_set_client = @saved_cs_client */;

--
-- Dumping data for table `stp_team_students`
--

LOCK TABLES `stp_team_students` WRITE;
/*!40000 ALTER TABLE `stp_team_students` DISABLE KEYS */;
INSERT INTO `stp_team_students` VALUES (11,6,10,0,'2026-02-20 04:43:20','2026-02-20 04:43:20'),(12,6,16,1,'2026-02-20 04:43:20','2026-02-20 04:43:20'),(13,7,13,0,'2026-02-20 04:43:20','2026-02-20 04:43:20'),(14,7,15,1,'2026-02-20 04:43:20','2026-02-20 04:43:20'),(16,8,8,0,'2026-02-20 05:47:55','2026-02-20 05:47:55'),(17,9,11,0,'2026-02-20 04:43:20','2026-02-20 04:43:20'),(18,9,14,1,'2026-02-20 04:43:20','2026-02-20 04:43:20'),(19,10,12,0,'2026-02-20 04:43:20','2026-02-20 04:43:20'),(20,10,9,1,'2026-02-20 04:43:20','2026-02-20 04:43:20'),(66,8,7,1,'2026-02-20 05:47:55','2026-02-20 05:47:55');
/*!40000 ALTER TABLE `stp_team_students` ENABLE KEYS */;
UNLOCK TABLES;

--
-- Table structure for table `stp_teams`
--

DROP TABLE IF EXISTS `stp_teams`;
/*!40101 SET @saved_cs_client     = @@character_set_client */;
/*!50503 SET character_set_client = utf8mb4 */;
CREATE TABLE `stp_teams` (
  `id` bigint unsigned NOT NULL AUTO_INCREMENT,
  `stp_session_id` bigint unsigned NOT NULL,
  `mentor_user_id` bigint unsigned NOT NULL,
  `name` varchar(255) COLLATE utf8mb4_unicode_ci NOT NULL,
  `position` int NOT NULL DEFAULT '0',
  `created_at` timestamp NULL DEFAULT NULL,
  `updated_at` timestamp NULL DEFAULT NULL,
  PRIMARY KEY (`id`),
  KEY `stp_teams_stp_session_id_index` (`stp_session_id`),
  KEY `stp_teams_mentor_user_id_index` (`mentor_user_id`),
  CONSTRAINT `stp_teams_mentor_user_id_foreign` FOREIGN KEY (`mentor_user_id`) REFERENCES `users` (`id`) ON UPDATE CASCADE,
  CONSTRAINT `stp_teams_stp_session_id_foreign` FOREIGN KEY (`stp_session_id`) REFERENCES `stp_sessions` (`id`) ON DELETE CASCADE ON UPDATE CASCADE
) ENGINE=InnoDB AUTO_INCREMENT=31 DEFAULT CHARSET=utf8mb4 COLLATE=utf8mb4_unicode_ci;
/*!40101 SET character_set_client = @saved_cs_client */;

--
-- Dumping data for table `stp_teams`
--

LOCK TABLES `stp_teams` WRITE;
/*!40000 ALTER TABLE `stp_teams` DISABLE KEYS */;
INSERT INTO `stp_teams` VALUES (6,6,3,'Equipe 01',0,'2026-02-20 04:43:20','2026-02-20 04:43:20'),(7,6,4,'Equipe 02',1,'2026-02-20 04:43:20','2026-02-20 04:43:20'),(8,6,2,'Equipe 03',2,'2026-02-20 04:43:20','2026-02-20 04:43:20'),(9,6,6,'Equipe 04',3,'2026-02-20 04:43:20','2026-02-20 04:43:20'),(10,6,5,'Equipe 05',4,'2026-02-20 04:43:20','2026-02-20 04:43:20');
/*!40000 ALTER TABLE `stp_teams` ENABLE KEYS */;
UNLOCK TABLES;

--
-- Table structure for table `suppliers`
--

DROP TABLE IF EXISTS `suppliers`;
/*!40101 SET @saved_cs_client     = @@character_set_client */;
/*!50503 SET character_set_client = utf8mb4 */;
CREATE TABLE `suppliers` (
  `id` bigint unsigned NOT NULL AUTO_INCREMENT,
  `name` varchar(255) COLLATE utf8mb4_unicode_ci NOT NULL,
  `phone` varchar(255) COLLATE utf8mb4_unicode_ci DEFAULT NULL,
  `email` varchar(255) COLLATE utf8mb4_unicode_ci DEFAULT NULL,
  `street` varchar(255) COLLATE utf8mb4_unicode_ci DEFAULT NULL,
  `number` varchar(255) COLLATE utf8mb4_unicode_ci DEFAULT NULL,
  `complement` varchar(255) COLLATE utf8mb4_unicode_ci DEFAULT NULL,
  `district` varchar(255) COLLATE utf8mb4_unicode_ci DEFAULT NULL,
  `city` varchar(255) COLLATE utf8mb4_unicode_ci DEFAULT NULL,
  `state` varchar(255) COLLATE utf8mb4_unicode_ci DEFAULT NULL,
  `postal_code` varchar(255) COLLATE utf8mb4_unicode_ci DEFAULT NULL,
  `notes` varchar(255) COLLATE utf8mb4_unicode_ci DEFAULT NULL,
  `created_at` timestamp NULL DEFAULT NULL,
  `updated_at` timestamp NULL DEFAULT NULL,
  PRIMARY KEY (`id`)
) ENGINE=InnoDB DEFAULT CHARSET=utf8mb4 COLLATE=utf8mb4_unicode_ci;
/*!40101 SET character_set_client = @saved_cs_client */;

--
-- Dumping data for table `suppliers`
--

LOCK TABLES `suppliers` WRITE;
/*!40000 ALTER TABLE `suppliers` DISABLE KEYS */;
/*!40000 ALTER TABLE `suppliers` ENABLE KEYS */;
UNLOCK TABLES;

--
-- Table structure for table `testimonials`
--

DROP TABLE IF EXISTS `testimonials`;
/*!40101 SET @saved_cs_client     = @@character_set_client */;
/*!50503 SET character_set_client = utf8mb4 */;
CREATE TABLE `testimonials` (
  `id` bigint unsigned NOT NULL AUTO_INCREMENT,
  `name` varchar(255) COLLATE utf8mb4_unicode_ci NOT NULL,
  `meta` varchar(255) COLLATE utf8mb4_unicode_ci DEFAULT NULL,
  `quote` text COLLATE utf8mb4_unicode_ci NOT NULL,
  `photo` varchar(255) COLLATE utf8mb4_unicode_ci DEFAULT NULL,
  `position` int unsigned NOT NULL DEFAULT '0',
  `is_active` tinyint(1) NOT NULL DEFAULT '1',
  `created_at` timestamp NULL DEFAULT NULL,
  `updated_at` timestamp NULL DEFAULT NULL,
  PRIMARY KEY (`id`),
  KEY `testimonials_is_active_position_index` (`is_active`,`position`)
) ENGINE=InnoDB AUTO_INCREMENT=4 DEFAULT CHARSET=utf8mb4 COLLATE=utf8mb4_unicode_ci;
/*!40101 SET character_set_client = @saved_cs_client */;

--
-- Dumping data for table `testimonials`
--

LOCK TABLES `testimonials` WRITE;
/*!40000 ALTER TABLE `testimonials` DISABLE KEYS */;
INSERT INTO `testimonials` VALUES (1,'Pr. Joao Silva','Igreja Batista - Fortaleza/CE','O Evangelismo Explosivo trouxe clareza e direcao para nossa igreja. Hoje evangelizamos com conviccao, fidelidade biblica e acompanhamento.',NULL,1,1,'2026-02-20 02:35:14','2026-02-20 02:35:14'),(2,'Maria Oliveira','Lider de Evangelismo - Niteroi/RJ','Aprendi que evangelizar nao e apenas falar de Cristo, mas caminhar com pessoas. O EE me ensinou a discipular e mentorear outros.',NULL,2,1,'2026-02-20 02:35:14','2026-02-20 02:35:14'),(3,'Pr. Carlos Almeida','Igreja Presbiteriana - Recife/PE','O treinamento mudou a cultura da igreja. Saimos de acoes pontuais e passamos para um evangelismo intencional e continuo.',NULL,3,1,'2026-02-20 02:35:14','2026-02-20 02:35:14');
/*!40000 ALTER TABLE `testimonials` ENABLE KEYS */;
UNLOCK TABLES;

--
-- Table structure for table `training_new_churches`
--

DROP TABLE IF EXISTS `training_new_churches`;
/*!40101 SET @saved_cs_client     = @@character_set_client */;
/*!50503 SET character_set_client = utf8mb4 */;
CREATE TABLE `training_new_churches` (
  `id` bigint unsigned NOT NULL AUTO_INCREMENT,
  `training_id` bigint unsigned NOT NULL,
  `church_id` bigint unsigned NOT NULL,
  `source_church_temp_id` bigint unsigned DEFAULT NULL,
  `created_by` bigint unsigned NOT NULL,
  `created_at` timestamp NULL DEFAULT NULL,
  `updated_at` timestamp NULL DEFAULT NULL,
  PRIMARY KEY (`id`),
  UNIQUE KEY `training_new_churches_training_id_church_id_unique` (`training_id`,`church_id`),
  KEY `training_new_churches_church_id_foreign` (`church_id`),
  KEY `training_new_churches_source_church_temp_id_foreign` (`source_church_temp_id`),
  KEY `training_new_churches_created_by_foreign` (`created_by`),
  CONSTRAINT `training_new_churches_church_id_foreign` FOREIGN KEY (`church_id`) REFERENCES `churches` (`id`) ON DELETE CASCADE ON UPDATE CASCADE,
  CONSTRAINT `training_new_churches_created_by_foreign` FOREIGN KEY (`created_by`) REFERENCES `users` (`id`) ON UPDATE CASCADE,
  CONSTRAINT `training_new_churches_source_church_temp_id_foreign` FOREIGN KEY (`source_church_temp_id`) REFERENCES `church_temps` (`id`) ON DELETE SET NULL ON UPDATE CASCADE,
  CONSTRAINT `training_new_churches_training_id_foreign` FOREIGN KEY (`training_id`) REFERENCES `trainings` (`id`) ON DELETE CASCADE ON UPDATE CASCADE
) ENGINE=InnoDB DEFAULT CHARSET=utf8mb4 COLLATE=utf8mb4_unicode_ci;
/*!40101 SET character_set_client = @saved_cs_client */;

--
-- Dumping data for table `training_new_churches`
--

LOCK TABLES `training_new_churches` WRITE;
/*!40000 ALTER TABLE `training_new_churches` DISABLE KEYS */;
/*!40000 ALTER TABLE `training_new_churches` ENABLE KEYS */;
UNLOCK TABLES;

--
-- Table structure for table `training_schedule_items`
--

DROP TABLE IF EXISTS `training_schedule_items`;
/*!40101 SET @saved_cs_client     = @@character_set_client */;
/*!50503 SET character_set_client = utf8mb4 */;
CREATE TABLE `training_schedule_items` (
  `id` bigint unsigned NOT NULL AUTO_INCREMENT,
  `training_id` bigint unsigned NOT NULL,
  `section_id` bigint unsigned DEFAULT NULL,
  `date` date NOT NULL,
  `starts_at` datetime NOT NULL,
  `ends_at` datetime NOT NULL,
  `type` varchar(30) COLLATE utf8mb4_unicode_ci NOT NULL,
  `title` varchar(255) COLLATE utf8mb4_unicode_ci NOT NULL,
  `planned_duration_minutes` int unsigned NOT NULL,
  `suggested_duration_minutes` int unsigned DEFAULT NULL,
  `min_duration_minutes` int unsigned DEFAULT NULL,
  `origin` varchar(10) COLLATE utf8mb4_unicode_ci NOT NULL DEFAULT 'AUTO',
  `is_locked` tinyint(1) NOT NULL DEFAULT '0',
  `status` varchar(10) COLLATE utf8mb4_unicode_ci NOT NULL DEFAULT 'OK',
  `conflict_reason` json DEFAULT NULL,
  `meta` json DEFAULT NULL,
  `created_at` timestamp NULL DEFAULT NULL,
  `updated_at` timestamp NULL DEFAULT NULL,
  `position` int unsigned NOT NULL DEFAULT '0',
  PRIMARY KEY (`id`),
  KEY `training_schedule_items_section_id_foreign` (`section_id`),
  KEY `training_schedule_items_training_id_date_starts_at_index` (`training_id`,`date`,`starts_at`),
  KEY `training_schedule_items_training_id_date_type_index` (`training_id`,`date`,`type`),
  KEY `training_schedule_items_position_index` (`training_id`,`date`,`position`),
  CONSTRAINT `training_schedule_items_section_id_foreign` FOREIGN KEY (`section_id`) REFERENCES `sections` (`id`) ON DELETE SET NULL ON UPDATE CASCADE,
  CONSTRAINT `training_schedule_items_training_id_foreign` FOREIGN KEY (`training_id`) REFERENCES `trainings` (`id`) ON DELETE CASCADE ON UPDATE CASCADE
) ENGINE=InnoDB AUTO_INCREMENT=17 DEFAULT CHARSET=utf8mb4 COLLATE=utf8mb4_unicode_ci;
/*!40101 SET character_set_client = @saved_cs_client */;

--
-- Dumping data for table `training_schedule_items`
--

LOCK TABLES `training_schedule_items` WRITE;
/*!40000 ALTER TABLE `training_schedule_items` DISABLE KEYS */;
INSERT INTO `training_schedule_items` VALUES (1,312,NULL,'2026-02-21','2026-02-21 08:30:00','2026-02-21 09:00:00','WELCOME','Boas-vindas',30,NULL,NULL,'AUTO',0,'OK',NULL,'{\"anchor\": \"welcome\"}','2026-02-20 04:22:37','2026-02-20 04:22:37',1),(3,312,NULL,'2026-02-21','2026-02-21 11:20:05','2026-02-21 12:20:05','MEAL','Almoço',60,NULL,NULL,'AUTO',0,'OK',NULL,'{\"anchor\": \"lunch\"}','2026-02-20 04:22:37','2026-02-20 04:22:55',7),(4,312,NULL,'2026-02-21','2026-02-21 14:35:10','2026-02-21 15:00:10','MEAL','Lanche',25,NULL,NULL,'TEACHER',0,'OK',NULL,'{\"anchor\": \"afternoon_snack\"}','2026-02-20 04:22:37','2026-02-20 04:22:55',12),(5,312,34,'2026-02-21','2026-02-21 09:00:01','2026-02-21 09:55:01','SECTION','Unidade 1 — Por Que Estamos Aqui?',55,45,36,'AUTO',0,'OK',NULL,NULL,'2026-02-20 04:22:37','2026-02-20 04:22:40',3),(6,312,35,'2026-02-21','2026-02-21 09:55:02','2026-02-21 10:20:02','SECTION','Unidade 2 — Aprendendo a Explicação do Evangelho Em Sua Mão',25,20,16,'AUTO',0,'OK',NULL,NULL,'2026-02-20 04:22:37','2026-02-20 04:22:40',4),(7,312,NULL,'2026-02-21','2026-02-21 10:20:03','2026-02-21 10:30:03','BREAK','Intervalo',10,NULL,NULL,'TEACHER',0,'OK',NULL,'{\"anchor\": \"break\"}','2026-02-20 04:22:37','2026-02-20 04:22:55',5),(8,312,36,'2026-02-21','2026-02-21 10:30:04','2026-02-21 11:20:04','SECTION','Unidade 3 — Vencendo o Medo de Testemunhar',50,40,32,'AUTO',0,'OK',NULL,NULL,'2026-02-20 04:22:37','2026-02-20 04:22:55',6),(9,312,37,'2026-02-21','2026-02-21 12:20:06','2026-02-21 13:10:06','SECTION','Unidade 4 — Encontrando Pessoas Receptivas',50,50,40,'AUTO',0,'OK',NULL,'{\"segment_of\": 37}','2026-02-20 04:22:37','2026-02-20 04:22:55',8),(10,312,NULL,'2026-02-21','2026-02-21 13:10:07','2026-02-21 13:20:07','BREAK','Intervalo',10,NULL,NULL,'AUTO',0,'OK',NULL,'{\"anchor\": \"break\"}','2026-02-20 04:22:37','2026-02-20 04:22:55',9),(11,312,38,'2026-02-21','2026-02-21 13:20:08','2026-02-21 13:55:08','SECTION','Unidade 5 — Compartilhando o Evangelho Através de Ilustrações',35,35,28,'AUTO',0,'OK',NULL,'{\"segment_of\": 38}','2026-02-20 04:22:37','2026-02-20 04:22:55',10),(12,312,39,'2026-02-21','2026-02-21 13:55:09','2026-02-21 14:35:09','SECTION','Unidade 6 — Levando a Uma Decisão',40,40,32,'AUTO',0,'OK',NULL,'{\"segment_of\": 39}','2026-02-20 04:22:37','2026-02-20 04:22:55',11),(13,312,40,'2026-02-21','2026-02-21 15:00:11','2026-02-21 15:20:11','SECTION','Unidade 7 — Desenvolvendo Amor pelos Perdidos',20,20,16,'AUTO',0,'OK',NULL,'{\"segment_of\": 40}','2026-02-20 04:22:37','2026-02-20 04:22:55',13),(14,312,41,'2026-02-21','2026-02-21 15:20:12','2026-02-21 15:40:12','SECTION','Unidade 8 — Desenvolvendo um Ministério Contínuo de Evangelismo e Discipulado',20,20,16,'AUTO',0,'OK',NULL,'{\"segment_of\": 41}','2026-02-20 04:22:37','2026-02-20 04:22:55',14),(15,312,NULL,'2026-02-21','2026-02-21 15:40:13','2026-02-21 15:50:13','BREAK','Intervalo',10,NULL,NULL,'AUTO',0,'OK',NULL,'{\"anchor\": \"break\"}','2026-02-20 04:22:37','2026-02-20 04:22:55',15),(16,312,42,'2026-02-21','2026-02-21 15:50:14','2026-02-21 16:30:14','SECTION','Encerramento — Juntos na Colheita do Senhor',40,40,32,'AUTO',0,'OK',NULL,'{\"segment_of\": 42}','2026-02-20 04:22:37','2026-02-20 04:22:55',16);
/*!40000 ALTER TABLE `training_schedule_items` ENABLE KEYS */;
UNLOCK TABLES;

--
-- Table structure for table `training_user`
--

DROP TABLE IF EXISTS `training_user`;
/*!40101 SET @saved_cs_client     = @@character_set_client */;
/*!50503 SET character_set_client = utf8mb4 */;
CREATE TABLE `training_user` (
  `user_id` bigint unsigned DEFAULT NULL,
  `training_id` bigint unsigned DEFAULT NULL,
  `payment_receipt` varchar(255) COLLATE utf8mb4_unicode_ci DEFAULT NULL,
  `accredited` tinyint NOT NULL DEFAULT '0',
  `kit` tinyint NOT NULL DEFAULT '0',
  `payment` tinyint NOT NULL DEFAULT '0',
  KEY `training_user_user_id_foreign` (`user_id`),
  KEY `training_user_training_id_foreign` (`training_id`),
  CONSTRAINT `training_user_training_id_foreign` FOREIGN KEY (`training_id`) REFERENCES `trainings` (`id`) ON DELETE CASCADE ON UPDATE CASCADE,
  CONSTRAINT `training_user_user_id_foreign` FOREIGN KEY (`user_id`) REFERENCES `users` (`id`) ON DELETE CASCADE ON UPDATE CASCADE
) ENGINE=InnoDB DEFAULT CHARSET=utf8mb4 COLLATE=utf8mb4_unicode_ci;
/*!40101 SET character_set_client = @saved_cs_client */;

--
-- Dumping data for table `training_user`
--

LOCK TABLES `training_user` WRITE;
/*!40000 ALTER TABLE `training_user` DISABLE KEYS */;
INSERT INTO `training_user` VALUES (106,312,NULL,0,0,0),(7,313,NULL,0,0,0),(8,313,NULL,0,0,0),(9,313,NULL,0,0,0),(10,313,NULL,0,0,0),(11,313,NULL,0,0,0),(12,313,NULL,0,0,0),(13,313,NULL,0,0,0),(14,313,NULL,0,0,0),(15,313,NULL,0,0,0),(16,313,NULL,0,0,0);
/*!40000 ALTER TABLE `training_user` ENABLE KEYS */;
UNLOCK TABLES;

--
-- Table structure for table `trainings`
--

DROP TABLE IF EXISTS `trainings`;
/*!40101 SET @saved_cs_client     = @@character_set_client */;
/*!50503 SET character_set_client = utf8mb4 */;
CREATE TABLE `trainings` (
  `id` bigint unsigned NOT NULL AUTO_INCREMENT,
  `banner` varchar(255) COLLATE utf8mb4_unicode_ci DEFAULT NULL,
  `coordinator` varchar(255) COLLATE utf8mb4_unicode_ci DEFAULT NULL,
  `phone` varchar(20) COLLATE utf8mb4_unicode_ci DEFAULT NULL,
  `email` varchar(100) COLLATE utf8mb4_unicode_ci DEFAULT NULL,
  `street` varchar(100) COLLATE utf8mb4_unicode_ci DEFAULT NULL,
  `number` varchar(20) COLLATE utf8mb4_unicode_ci DEFAULT NULL,
  `complement` varchar(100) COLLATE utf8mb4_unicode_ci DEFAULT NULL,
  `district` varchar(100) COLLATE utf8mb4_unicode_ci DEFAULT NULL,
  `city` varchar(100) COLLATE utf8mb4_unicode_ci DEFAULT NULL,
  `state` varchar(255) COLLATE utf8mb4_unicode_ci DEFAULT NULL,
  `postal_code` varchar(10) COLLATE utf8mb4_unicode_ci DEFAULT NULL,
  `url` varchar(255) COLLATE utf8mb4_unicode_ci DEFAULT NULL,
  `gpwhatsapp` varchar(255) COLLATE utf8mb4_unicode_ci DEFAULT NULL,
  `price` varchar(255) COLLATE utf8mb4_unicode_ci DEFAULT '0,00',
  `price_church` varchar(255) COLLATE utf8mb4_unicode_ci DEFAULT '0,00',
  `discount` varchar(255) COLLATE utf8mb4_unicode_ci DEFAULT '0,00',
  `pix_qr_code` varchar(255) COLLATE utf8mb4_unicode_ci DEFAULT NULL,
  `pix_key` varchar(255) COLLATE utf8mb4_unicode_ci DEFAULT NULL,
  `kits` int DEFAULT '0',
  `totNewChurches` int NOT NULL DEFAULT '0',
  `totListeners` int NOT NULL DEFAULT '0',
  `totKitsReceived` int NOT NULL DEFAULT '0',
  `totApproaches` int NOT NULL DEFAULT '0',
  `totDecisions` int NOT NULL DEFAULT '0',
  `notes` text COLLATE utf8mb4_unicode_ci,
  `status` int DEFAULT NULL,
  `created_at` timestamp NULL DEFAULT NULL,
  `updated_at` timestamp NULL DEFAULT NULL,
  `course_id` bigint unsigned DEFAULT NULL,
  `teacher_id` bigint unsigned DEFAULT NULL,
  `church_id` bigint unsigned DEFAULT NULL,
  `welcome_duration_minutes` smallint unsigned NOT NULL DEFAULT '30',
  `schedule_settings` json DEFAULT NULL,
  PRIMARY KEY (`id`),
  KEY `trainings_course_id_foreign` (`course_id`),
  KEY `trainings_teacher_id_foreign` (`teacher_id`),
  KEY `trainings_church_id_foreign` (`church_id`),
  CONSTRAINT `trainings_church_id_foreign` FOREIGN KEY (`church_id`) REFERENCES `churches` (`id`) ON DELETE CASCADE ON UPDATE CASCADE,
  CONSTRAINT `trainings_course_id_foreign` FOREIGN KEY (`course_id`) REFERENCES `courses` (`id`) ON DELETE CASCADE ON UPDATE CASCADE,
  CONSTRAINT `trainings_teacher_id_foreign` FOREIGN KEY (`teacher_id`) REFERENCES `users` (`id`) ON DELETE SET NULL ON UPDATE CASCADE
) ENGINE=InnoDB AUTO_INCREMENT=314 DEFAULT CHARSET=utf8mb4 COLLATE=utf8mb4_unicode_ci;
/*!40101 SET character_set_client = @saved_cs_client */;

--
-- Dumping data for table `trainings`
--

LOCK TABLES `trainings` WRITE;
/*!40000 ALTER TABLE `trainings` DISABLE KEYS */;
INSERT INTO `trainings` VALUES (1,NULL,'Secretaria','21972765535','secretaria@pibinga.org.br','Rua Dr. Paulo Alves','125',NULL,'Ingá','Niterói','RJ','24365170',NULL,NULL,'180.00','20.00','0.00',NULL,NULL,NULL,0,0,0,0,0,NULL,1,'2026-02-20 02:35:08','2026-02-20 02:35:08',1,1,1,30,NULL),(2,NULL,'Secretaria','21972765535','secretaria@pibinga.org.br','Rua Dr. Paulo Alves','125',NULL,'Ingá','Niterói','RJ','24365170',NULL,NULL,'180.00','20.00','0.00',NULL,NULL,NULL,0,0,0,0,0,NULL,1,'2026-02-20 02:35:08','2026-02-20 02:35:08',1,1,1,30,NULL),(3,NULL,'Pr. Eduardo Souza','51990304345','treinamento.curitiba@igreja.org.br','Travessa Getulio Vargas','8333',NULL,'Boa Vista','Curitiba','PR','35848302','https://www.treinamento-curitiba.org.br',NULL,'50,00','100,00','15,00',NULL,NULL,85,14,101,56,108,27,NULL,3,'2026-02-20 02:35:08','2026-02-20 02:35:08',1,27,7,30,NULL),(4,NULL,'Pr. Bruno Rezende','31991770697','treinamento.manaus@igreja.org.br','Travessa das Flores','738','Sala 101','Vila Esperanca','Manaus','AM','36704123','https://www.treinamento-manaus.org.br',NULL,'50,00','100,00',NULL,NULL,NULL,155,28,250,148,251,128,NULL,3,'2026-02-20 02:35:08','2026-02-20 02:35:08',1,90,11,30,NULL),(5,NULL,'Pr. Lucas Lima','51965322530','treinamento.recife@igreja.org.br','Avenida Paulista','7961',NULL,'Jardim das Oliveiras','Recife','PE','15471239','https://www.treinamento-recife.org.br',NULL,'150,00','100,00',NULL,NULL,NULL,245,24,113,288,292,66,NULL,1,'2026-02-20 02:35:08','2026-02-20 02:35:08',1,19,18,30,NULL),(6,NULL,'Pr. Tiago Gomes','41915058676','treinamento.curitiba@ministerio.com.br','Avenida Brasil','546',NULL,'Vila Esperanca','Curitiba','PR','03093108','https://www.treinamento-curitiba.org.br',NULL,'200,00','200,00','5,00',NULL,NULL,240,0,97,160,104,28,'Quae eos vero iusto explicabo sit sit blanditiis ratione quod commodi qui reprehenderit dolores cupiditate officia soluta.',0,'2026-02-20 02:35:08','2026-02-20 02:35:08',1,1,8,30,NULL),(7,NULL,'Pr. Carolina Moura','21906631363','treinamento.salvador@ministerio.com.br','Alameda Sete de Setembro','6436',NULL,'Vila Esperanca','Salvador','BA','59761861','https://www.treinamento-salvador.org.br',NULL,'100,00','50,00',NULL,NULL,NULL,222,13,252,116,306,27,NULL,3,'2026-02-20 02:35:08','2026-02-20 02:35:08',1,36,6,30,NULL),(8,NULL,'Pr. Renata Barbosa','41908153030','treinamento.manaus@igreja.org.br','Alameda Getulio Vargas','3788',NULL,'Vila Nova','Manaus','AM','79095151','https://www.treinamento-manaus.org.br',NULL,'100,00','0,00',NULL,NULL,NULL,85,60,99,18,396,91,NULL,1,'2026-02-20 02:35:08','2026-02-20 02:35:08',1,91,13,30,NULL),(9,NULL,'Pr. Felipe Cardoso','85934465142','treinamento.belem@igreja.org.br','Alameda dos Ipes','9100',NULL,'Vila Esperanca','Belem','PA','70228751','https://www.treinamento-belem.org.br',NULL,'50,00','50,00',NULL,NULL,NULL,125,60,187,220,319,41,NULL,1,'2026-02-20 02:35:08','2026-02-20 02:35:08',1,1,11,30,NULL),(10,NULL,'Pr. Eduardo Souza','11998582594','treinamento.curitiba@ministerio.com.br','Rua Rio Branco','8144',NULL,'Jardim America','Curitiba','PR','68749971','https://www.treinamento-curitiba.org.br',NULL,'50,00','100,00',NULL,NULL,NULL,14,25,103,121,219,77,NULL,3,'2026-02-20 02:35:08','2026-02-20 02:35:08',1,74,17,30,NULL),(11,NULL,'Pr. Carlos Ribeiro','21941732003','treinamento.belem@comunidade.com.br','Alameda Santos Dumont','5881','Anexo A','Boa Vista','Belem','PA','25109668','https://www.treinamento-belem.org.br',NULL,'200,00','50,00','20,00',NULL,NULL,188,27,42,73,376,198,NULL,3,'2026-02-20 02:35:08','2026-02-20 02:35:08',1,34,16,30,NULL),(12,NULL,'Pr. Mariana Cardoso','51903679821','treinamento.recife@comunidade.com.br','Alameda Dom Pedro II','1602',NULL,'Jardim das Oliveiras','Recife','PE','76687002','https://www.treinamento-recife.org.br',NULL,'150,00','150,00',NULL,NULL,NULL,99,50,282,149,10,78,NULL,3,'2026-02-20 02:35:08','2026-02-20 02:35:08',1,45,26,30,NULL),(13,NULL,'Pr. Bruno Carvalho','81940408072','treinamento.belo.horizonte@comunidade.com.br','Alameda Brasil','1597',NULL,'Jardim America','Belo Horizonte','MG','64937008','https://www.treinamento-belo-horizonte.org.br',NULL,'150,00','150,00',NULL,NULL,NULL,105,59,294,244,394,122,NULL,0,'2026-02-20 02:35:08','2026-02-20 02:35:08',1,78,9,30,NULL),(14,NULL,'Pr. Vitor Pereira','91941754453','treinamento.fortaleza@igreja.org.br','Rua Santos Dumont','2630','Bloco B','Vila Nova','Fortaleza','CE','81488218','https://www.treinamento-fortaleza.org.br',NULL,'100,00','0,00','20,00',NULL,NULL,161,35,221,6,177,145,NULL,3,'2026-02-20 02:35:08','2026-02-20 02:35:08',1,27,21,30,NULL),(15,NULL,'Pr. Felipe Gomes','41908457401','treinamento.manaus@ministerio.com.br','Avenida Independencia','5764',NULL,'Santa Clara','Manaus','AM','48347441','https://www.treinamento-manaus.org.br',NULL,'50,00','0,00','20,00',NULL,NULL,70,38,292,232,289,82,NULL,3,'2026-02-20 02:35:08','2026-02-20 02:35:08',1,42,23,30,NULL),(16,NULL,'Pr. Beatriz Almeida','41920717223','treinamento.curitiba@comunidade.com.br','Travessa Brasil','6951',NULL,'Vila Esperanca','Curitiba','PR','40579560','https://www.treinamento-curitiba.org.br',NULL,'200,00','0,00',NULL,NULL,NULL,127,39,249,49,330,68,NULL,1,'2026-02-20 02:35:08','2026-02-20 02:35:08',1,85,2,30,NULL),(17,NULL,'Pr. Carlos Silva','81948746259','treinamento.curitiba@igreja.org.br','Travessa Dom Pedro II','4384','Casa 2','Jardim das Oliveiras','Curitiba','PR','59430081','https://www.treinamento-curitiba.org.br',NULL,'0,00','150,00',NULL,NULL,NULL,189,56,221,148,286,104,NULL,0,'2026-02-20 02:35:08','2026-02-20 02:35:08',1,77,12,30,NULL),(18,NULL,'Pr. Fernanda Ferreira','31978790044','treinamento.sao.paulo@igreja.org.br','Rua Dom Pedro II','5321',NULL,'Boa Vista','Sao Paulo','SP','68277358','https://www.treinamento-sao-paulo.org.br',NULL,'50,00','50,00',NULL,NULL,NULL,178,21,21,32,147,199,NULL,3,'2026-02-20 02:35:08','2026-02-20 02:35:08',1,28,11,30,NULL),(19,NULL,'Pr. Larissa Cardoso','51957053803','treinamento.rio.de.janeiro@igreja.org.br','Avenida Independencia','2823',NULL,'Vila Esperanca','Rio de Janeiro','RJ','54530527','https://www.treinamento-rio-de-janeiro.org.br',NULL,'100,00','0,00',NULL,NULL,NULL,212,4,293,48,366,24,'Non voluptatem autem tempore iste maiores ab nulla et nobis nihil recusandae voluptatem.',3,'2026-02-20 02:35:08','2026-02-20 02:35:08',1,41,12,30,NULL),(20,NULL,'Pr. Joao Souza','85929555652','treinamento.belem@ministerio.com.br','Alameda Sete de Setembro','2156',NULL,'Parque das Nacoes','Belem','PA','33217917','https://www.treinamento-belem.org.br',NULL,'100,00','0,00',NULL,NULL,NULL,52,43,217,205,94,124,NULL,0,'2026-02-20 02:35:08','2026-02-20 02:35:08',1,30,13,30,NULL),(21,NULL,'Pr. Gabriel Santana','81956107553','treinamento.rio.de.janeiro@igreja.org.br','Travessa Independencia','776','Anexo A','Bela Vista','Rio de Janeiro','RJ','67048213','https://www.treinamento-rio-de-janeiro.org.br',NULL,'0,00','100,00','5,00',NULL,NULL,180,17,152,200,317,92,NULL,2,'2026-02-20 02:35:08','2026-02-20 02:35:08',2,25,13,30,NULL),(22,NULL,'Pr. Daniel Rezende','71947125779','treinamento.goiania@igreja.org.br','Alameda Getulio Vargas','8551',NULL,'Bela Vista','Goiania','GO','24302777','https://www.treinamento-goiania.org.br',NULL,'50,00','150,00',NULL,NULL,NULL,226,45,211,9,252,110,'Repellendus odio commodi delectus quae eaque eligendi iste omnis distinctio maiores sit voluptatem accusantium qui.',3,'2026-02-20 02:35:08','2026-02-20 02:35:08',2,99,2,30,NULL),(23,NULL,'Pr. Eduardo Lima','41902762881','treinamento.fortaleza@igreja.org.br','Rua Santos Dumont','2335',NULL,'Centro','Fortaleza','CE','11857760','https://www.treinamento-fortaleza.org.br',NULL,'0,00','0,00',NULL,NULL,NULL,97,59,116,269,271,22,NULL,2,'2026-02-20 02:35:08','2026-02-20 02:35:08',2,13,23,30,NULL),(24,NULL,'Pr. Andre Silva','71938230036','treinamento.belo.horizonte@comunidade.com.br','Rua Dom Pedro II','3160',NULL,'Centro','Belo Horizonte','MG','63538886','https://www.treinamento-belo-horizonte.org.br',NULL,'100,00','150,00','5,00',NULL,NULL,199,7,133,290,75,15,'Sint vitae eligendi sit eius libero asperiores eius error quisquam sit molestias necessitatibus debitis enim distinctio tempore.',3,'2026-02-20 02:35:08','2026-02-20 02:35:08',2,66,19,30,NULL),(25,NULL,'Pr. Felipe Souza','85962603010','treinamento.goiania@comunidade.com.br','Alameda Brasil','3795','Anexo A','Vila Esperanca','Goiania','GO','83046716','https://www.treinamento-goiania.org.br',NULL,'100,00','50,00',NULL,NULL,NULL,60,2,234,291,200,80,NULL,3,'2026-02-20 02:35:08','2026-02-20 02:35:08',2,78,6,30,NULL),(26,NULL,'Pr. Renata Ribeiro','41950967786','treinamento.brasilia@comunidade.com.br','Travessa Independencia','2545',NULL,'Bela Vista','Brasilia','DF','38999235','https://www.treinamento-brasilia.org.br',NULL,'200,00','200,00',NULL,NULL,NULL,65,30,236,279,127,19,NULL,3,'2026-02-20 02:35:08','2026-02-20 02:35:08',2,58,6,30,NULL),(27,NULL,'Pr. Gabriel Martins','21965103114','treinamento.goiania@ministerio.com.br','Rua Getulio Vargas','1976','Bloco B','Parque das Nacoes','Goiania','GO','40739282','https://www.treinamento-goiania.org.br',NULL,'100,00','100,00',NULL,NULL,NULL,222,46,138,181,176,190,NULL,0,'2026-02-20 02:35:08','2026-02-20 02:35:08',2,24,7,30,NULL),(28,NULL,'Pr. Renata Carvalho','91958598523','treinamento.manaus@ministerio.com.br','Alameda Santos Dumont','5869','Fundos','Jardim das Oliveiras','Manaus','AM','58778574','https://www.treinamento-manaus.org.br',NULL,'0,00','50,00','15,00',NULL,NULL,246,20,64,210,153,118,NULL,2,'2026-02-20 02:35:08','2026-02-20 02:35:08',2,26,19,30,NULL),(29,NULL,'Pr. Vitor Gomes','21971313330','treinamento.sao.paulo@comunidade.com.br','Avenida dos Ipes','887',NULL,'Nova Esperanca','Sao Paulo','SP','85139690','https://www.treinamento-sao-paulo.org.br',NULL,'200,00','200,00',NULL,NULL,NULL,253,50,40,12,126,91,NULL,3,'2026-02-20 02:35:08','2026-02-20 02:35:08',2,66,20,30,NULL),(30,NULL,'Pr. Mariana Gomes','85992333743','treinamento.belem@comunidade.com.br','Avenida das Flores','8883',NULL,'Bela Vista','Belem','PA','56774806','https://www.treinamento-belem.org.br',NULL,'50,00','200,00',NULL,NULL,NULL,251,16,122,277,42,60,NULL,3,'2026-02-20 02:35:08','2026-02-20 02:35:08',2,18,25,30,NULL),(31,NULL,'Pr. Joao Martins','71905132821','treinamento.belo.horizonte@igreja.org.br','Travessa das Flores','590','Bloco B','Bela Vista','Belo Horizonte','MG','58774745','https://www.treinamento-belo-horizonte.org.br',NULL,'0,00','150,00',NULL,NULL,NULL,30,57,3,239,139,131,NULL,0,'2026-02-20 02:35:08','2026-02-20 02:35:08',2,59,13,30,NULL),(32,NULL,'Pr. Tiago Pereira','81969470236','treinamento.sao.paulo@comunidade.com.br','Rua Paulista','7943',NULL,'Parque das Nacoes','Sao Paulo','SP','44229240','https://www.treinamento-sao-paulo.org.br',NULL,'50,00','0,00',NULL,NULL,NULL,126,42,9,63,112,91,NULL,3,'2026-02-20 02:35:08','2026-02-20 02:35:08',2,49,4,30,NULL),(33,NULL,'Pr. Isabela Ribeiro','31942791178','treinamento.belem@ministerio.com.br','Travessa Santos Dumont','6277',NULL,'Vila Esperanca','Belem','PA','38687730','https://www.treinamento-belem.org.br',NULL,'0,00','100,00',NULL,NULL,NULL,282,46,50,102,84,178,NULL,1,'2026-02-20 02:35:08','2026-02-20 02:35:08',2,23,3,30,NULL),(34,NULL,'Pr. Paulo Silva','61912755271','treinamento.rio.de.janeiro@igreja.org.br','Rua Brasil','4888',NULL,'Nova Esperanca','Rio de Janeiro','RJ','47688722','https://www.treinamento-rio-de-janeiro.org.br',NULL,'100,00','100,00',NULL,NULL,NULL,44,38,38,239,18,23,NULL,2,'2026-02-20 02:35:08','2026-02-20 02:35:08',2,19,23,30,NULL),(35,NULL,'Pr. Larissa Gomes','21971573552','treinamento.rio.de.janeiro@igreja.org.br','Rua Paulista','9062',NULL,'Vila Nova','Rio de Janeiro','RJ','30250866','https://www.treinamento-rio-de-janeiro.org.br',NULL,'0,00','150,00','20,00',NULL,NULL,214,36,251,69,49,126,NULL,3,'2026-02-20 02:35:08','2026-02-20 02:35:08',2,4,23,30,NULL),(36,NULL,'Pr. Tiago Ribeiro','21969224657','treinamento.belem@igreja.org.br','Rua Getulio Vargas','1791',NULL,'Jardim das Oliveiras','Belem','PA','60949020','https://www.treinamento-belem.org.br',NULL,'100,00','0,00',NULL,NULL,NULL,168,36,111,94,242,157,'Quo rerum repellat voluptas veritatis repudiandae maiores nihil sit pariatur exercitationem quae.',1,'2026-02-20 02:35:08','2026-02-20 02:35:08',2,72,23,30,NULL),(37,NULL,'Pr. Henrique Cardoso','21905984522','treinamento.brasilia@ministerio.com.br','Travessa Santos Dumont','1498',NULL,'Vila Esperanca','Brasilia','DF','02285462','https://www.treinamento-brasilia.org.br',NULL,'200,00','100,00',NULL,NULL,NULL,111,20,271,222,351,15,NULL,2,'2026-02-20 02:35:08','2026-02-20 02:35:08',2,42,25,30,NULL),(38,NULL,'Pr. Lucas Oliveira','71948324765','treinamento.recife@comunidade.com.br','Rua Getulio Vargas','1298',NULL,'Nova Esperanca','Recife','PE','36752473','https://www.treinamento-recife.org.br',NULL,'100,00','200,00','5,00',NULL,NULL,194,34,172,117,55,71,NULL,0,'2026-02-20 02:35:08','2026-02-20 02:35:08',2,8,13,30,NULL),(39,NULL,'Pr. Amanda Souza','81920488710','treinamento.porto.alegre@igreja.org.br','Avenida Dom Pedro II','6308',NULL,'Centro','Porto Alegre','RS','40369216','https://www.treinamento-porto-alegre.org.br',NULL,'0,00','150,00','15,00',NULL,NULL,147,6,167,50,228,173,'Quos necessitatibus natus ea aliquid quidem tenetur atque earum nihil aut dicta dolorum.',1,'2026-02-20 02:35:09','2026-02-20 02:35:09',3,32,15,30,NULL),(40,NULL,'Pr. Henrique Carvalho','51987317228','treinamento.rio.de.janeiro@ministerio.com.br','Travessa Santos Dumont','1251',NULL,'Jardim das Oliveiras','Rio de Janeiro','RJ','10091367','https://www.treinamento-rio-de-janeiro.org.br',NULL,'50,00','50,00',NULL,NULL,NULL,63,10,215,16,369,163,NULL,0,'2026-02-20 02:35:09','2026-02-20 02:35:09',3,102,13,30,NULL),(41,NULL,'Pr. Camila Santana','71969534580','treinamento.sao.paulo@igreja.org.br','Travessa Sete de Setembro','7572',NULL,'Vila Nova','Sao Paulo','SP','96501824','https://www.treinamento-sao-paulo.org.br',NULL,'150,00','150,00',NULL,NULL,NULL,9,22,15,146,331,18,NULL,0,'2026-02-20 02:35:09','2026-02-20 02:35:09',3,77,20,30,NULL),(42,NULL,'Pr. Larissa Gomes','61931756086','treinamento.belo.horizonte@igreja.org.br','Avenida Rio Branco','797',NULL,'Vila Nova','Belo Horizonte','MG','43812910','https://www.treinamento-belo-horizonte.org.br',NULL,'0,00','150,00',NULL,NULL,NULL,228,56,247,218,203,170,'Sunt sit quidem dolorem veritatis laborum dolores esse est voluptatem.',3,'2026-02-20 02:35:09','2026-02-20 02:35:09',3,86,2,30,NULL),(43,NULL,'Pr. Beatriz Carvalho','61918060805','treinamento.belo.horizonte@ministerio.com.br','Avenida Rio Branco','5260','Fundos','Vila Nova','Belo Horizonte','MG','34143094','https://www.treinamento-belo-horizonte.org.br',NULL,'0,00','150,00',NULL,NULL,NULL,267,27,64,176,7,49,NULL,1,'2026-02-20 02:35:09','2026-02-20 02:35:09',3,40,19,30,NULL),(44,NULL,'Pr. Camila Moura','41958675960','treinamento.belem@ministerio.com.br','Travessa dos Ipes','8110',NULL,'Parque das Nacoes','Belem','PA','66405338','https://www.treinamento-belem.org.br',NULL,'200,00','150,00',NULL,NULL,NULL,254,16,33,62,74,28,NULL,0,'2026-02-20 02:35:09','2026-02-20 02:35:09',3,52,16,30,NULL),(45,NULL,'Pr. Amanda Pereira','81959103858','treinamento.brasilia@igreja.org.br','Rua Paulista','9700','Anexo A','Nova Esperanca','Brasilia','DF','29309314','https://www.treinamento-brasilia.org.br',NULL,'0,00','150,00',NULL,NULL,NULL,113,45,176,44,225,163,NULL,1,'2026-02-20 02:35:09','2026-02-20 02:35:09',3,101,7,30,NULL),(46,NULL,'Pr. Camila Ramos','91962887356','treinamento.sao.paulo@ministerio.com.br','Avenida Brasil','1940',NULL,'Jardim America','Sao Paulo','SP','12901517','https://www.treinamento-sao-paulo.org.br',NULL,'100,00','100,00',NULL,NULL,NULL,107,35,216,190,324,195,NULL,3,'2026-02-20 02:35:09','2026-02-20 02:35:09',3,93,4,30,NULL),(47,NULL,'Pr. Daniel Oliveira','21963450046','treinamento.curitiba@ministerio.com.br','Travessa Santos Dumont','6210',NULL,'Centro','Curitiba','PR','02302263','https://www.treinamento-curitiba.org.br',NULL,'0,00','0,00',NULL,NULL,NULL,186,51,149,210,22,19,NULL,3,'2026-02-20 02:35:09','2026-02-20 02:35:09',3,34,21,30,NULL),(48,NULL,'Pr. Henrique Dias','41979012262','treinamento.sao.paulo@ministerio.com.br','Avenida Santos Dumont','7683',NULL,'Bela Vista','Sao Paulo','SP','47138462','https://www.treinamento-sao-paulo.org.br',NULL,'50,00','200,00',NULL,NULL,NULL,82,5,281,21,340,182,'Ut atque est nemo rerum magnam a rerum eveniet quia sed et vitae cumque.',1,'2026-02-20 02:35:09','2026-02-20 02:35:09',3,24,18,30,NULL),(49,NULL,'Pr. Eduardo Barbosa','31990428934','treinamento.fortaleza@igreja.org.br','Avenida Paulista','9094',NULL,'Jardim America','Fortaleza','CE','22299555','https://www.treinamento-fortaleza.org.br',NULL,'50,00','200,00','15,00',NULL,NULL,105,15,212,247,391,187,'At voluptas doloremque suscipit aut laboriosam molestiae voluptas qui sit vel et cupiditate tenetur rem.',2,'2026-02-20 02:35:09','2026-02-20 02:35:09',3,59,24,30,NULL),(50,NULL,'Pr. Marcos Gomes','71911344053','treinamento.sao.paulo@ministerio.com.br','Alameda Brasil','4775','Bloco B','Santa Clara','Sao Paulo','SP','09003753','https://www.treinamento-sao-paulo.org.br',NULL,'50,00','50,00','5,00',NULL,NULL,200,22,284,154,320,106,NULL,0,'2026-02-20 02:35:09','2026-02-20 02:35:09',3,58,16,30,NULL),(51,NULL,'Pr. Patricia Barbosa','71993292219','treinamento.belo.horizonte@ministerio.com.br','Alameda Paulista','7474',NULL,'Bela Vista','Belo Horizonte','MG','50182454','https://www.treinamento-belo-horizonte.org.br',NULL,'150,00','100,00',NULL,NULL,NULL,64,28,291,15,230,37,NULL,3,'2026-02-20 02:35:09','2026-02-20 02:35:09',3,26,25,30,NULL),(52,NULL,'Pr. Beatriz Ramos','71900148107','treinamento.goiania@comunidade.com.br','Alameda Getulio Vargas','1497',NULL,'Bela Vista','Goiania','GO','28520628','https://www.treinamento-goiania.org.br',NULL,'200,00','50,00','10,00',NULL,NULL,267,4,41,60,30,166,NULL,0,'2026-02-20 02:35:09','2026-02-20 02:35:09',3,49,7,30,NULL),(53,NULL,'Pr. Henrique Rezende','41913849993','treinamento.brasilia@ministerio.com.br','Travessa Santos Dumont','6825',NULL,'Jardim das Oliveiras','Brasilia','DF','16165078','https://www.treinamento-brasilia.org.br',NULL,'200,00','150,00','20,00',NULL,NULL,36,8,2,276,96,142,NULL,2,'2026-02-20 02:35:09','2026-02-20 02:35:09',3,98,24,30,NULL),(54,NULL,'Pr. Carolina Oliveira','11936554150','treinamento.manaus@ministerio.com.br','Alameda Independencia','1897',NULL,'Parque das Nacoes','Manaus','AM','34807560','https://www.treinamento-manaus.org.br',NULL,'100,00','0,00','10,00',NULL,NULL,259,0,161,264,220,133,'Omnis sunt enim consequatur laborum dolore est necessitatibus et nobis et.',3,'2026-02-20 02:35:09','2026-02-20 02:35:09',3,99,13,30,NULL),(55,NULL,'Pr. Juliana Cardoso','21982249739','treinamento.belem@ministerio.com.br','Travessa Sete de Setembro','7109','Anexo A','Nova Esperanca','Belem','PA','50004130','https://www.treinamento-belem.org.br',NULL,'0,00','100,00',NULL,NULL,NULL,211,19,88,178,132,106,NULL,1,'2026-02-20 02:35:09','2026-02-20 02:35:09',3,2,25,30,NULL),(56,NULL,'Pr. Tiago Ramos','11934593792','treinamento.belo.horizonte@ministerio.com.br','Alameda Sete de Setembro','9317','Anexo A','Jardim America','Belo Horizonte','MG','89265609','https://www.treinamento-belo-horizonte.org.br',NULL,'50,00','50,00',NULL,NULL,NULL,62,33,61,134,140,7,'Amet unde atque eum odit reiciendis quia dolor in totam tenetur.',2,'2026-02-20 02:35:09','2026-02-20 02:35:09',3,4,1,30,NULL),(57,NULL,'Pr. Carlos Lima','81956482288','treinamento.belem@igreja.org.br','Avenida Dom Pedro II','1400',NULL,'Jardim das Oliveiras','Belem','PA','76784458','https://www.treinamento-belem.org.br',NULL,'50,00','150,00',NULL,NULL,NULL,166,46,106,138,367,8,NULL,1,'2026-02-20 02:35:10','2026-02-20 02:35:10',8,100,18,30,NULL),(58,NULL,'Pr. Beatriz Ramos','11907366084','treinamento.brasilia@ministerio.com.br','Travessa Independencia','3219',NULL,'Vila Esperanca','Brasilia','DF','86107075','https://www.treinamento-brasilia.org.br',NULL,'100,00','100,00','5,00',NULL,NULL,76,44,79,106,205,177,NULL,2,'2026-02-20 02:35:10','2026-02-20 02:35:10',7,83,19,30,NULL),(59,NULL,'Pr. Larissa Ramos','61901278577','treinamento.rio.de.janeiro@igreja.org.br','Rua Independencia','6682',NULL,'Nova Esperanca','Rio de Janeiro','RJ','26584912','https://www.treinamento-rio-de-janeiro.org.br',NULL,'150,00','200,00',NULL,NULL,NULL,300,49,14,65,273,53,NULL,0,'2026-02-20 02:35:10','2026-02-20 02:35:10',5,78,13,30,NULL),(60,NULL,'Pr. Carolina Rezende','11914871997','treinamento.manaus@igreja.org.br','Rua Santos Dumont','693',NULL,'Jardim America','Manaus','AM','96460543','https://www.treinamento-manaus.org.br',NULL,'0,00','50,00','10,00',NULL,NULL,267,53,263,280,270,123,NULL,1,'2026-02-20 02:35:10','2026-02-20 02:35:10',5,79,20,30,NULL),(61,NULL,'Pr. Bruno Rezende','41900631308','treinamento.manaus@igreja.org.br','Travessa Santos Dumont','9379',NULL,'Jardim das Oliveiras','Manaus','AM','26309288','https://www.treinamento-manaus.org.br',NULL,'0,00','50,00',NULL,NULL,NULL,127,44,73,202,116,62,NULL,0,'2026-02-20 02:35:10','2026-02-20 02:35:10',3,78,6,30,NULL),(62,NULL,'Pr. Mariana Costa','51999613310','treinamento.rio.de.janeiro@igreja.org.br','Rua Getulio Vargas','9677','Anexo A','Vila Esperanca','Rio de Janeiro','RJ','88199393','https://www.treinamento-rio-de-janeiro.org.br',NULL,'200,00','50,00',NULL,NULL,NULL,86,37,51,139,60,52,NULL,3,'2026-02-20 02:35:10','2026-02-20 02:35:10',3,63,3,30,NULL),(63,NULL,'Pr. Joao Ferreira','31958079927','treinamento.rio.de.janeiro@comunidade.com.br','Travessa Rio Branco','5514',NULL,'Vila Esperanca','Rio de Janeiro','RJ','95061185','https://www.treinamento-rio-de-janeiro.org.br',NULL,'0,00','0,00','5,00',NULL,NULL,186,2,141,246,218,120,NULL,0,'2026-02-20 02:35:10','2026-02-20 02:35:10',4,96,4,30,NULL),(64,NULL,'Pr. Gabriel Costa','51981282347','treinamento.manaus@comunidade.com.br','Alameda Santos Dumont','6984','Fundos','Parque das Nacoes','Manaus','AM','46431035','https://www.treinamento-manaus.org.br',NULL,'100,00','150,00','15,00',NULL,NULL,149,51,274,42,15,137,NULL,3,'2026-02-20 02:35:10','2026-02-20 02:35:10',4,101,10,30,NULL),(65,NULL,'Pr. Bruno Cardoso','91906494678','treinamento.belem@comunidade.com.br','Rua Dom Pedro II','7959',NULL,'Bela Vista','Belem','PA','29976890','https://www.treinamento-belem.org.br',NULL,'200,00','100,00','10,00',NULL,NULL,138,37,205,283,257,101,NULL,3,'2026-02-20 02:35:10','2026-02-20 02:35:10',8,5,20,30,NULL),(66,NULL,'Pr. Rafael Moura','61923185782','treinamento.rio.de.janeiro@comunidade.com.br','Travessa Getulio Vargas','3622',NULL,'Parque das Nacoes','Rio de Janeiro','RJ','08566078','https://www.treinamento-rio-de-janeiro.org.br',NULL,'150,00','50,00','10,00',NULL,NULL,220,25,185,16,312,142,NULL,3,'2026-02-20 02:35:10','2026-02-20 02:35:10',6,7,21,30,NULL),(67,NULL,'Pr. Isabela Martins','91925660046','treinamento.belem@igreja.org.br','Rua Independencia','7821',NULL,'Bela Vista','Belem','PA','16993844','https://www.treinamento-belem.org.br',NULL,'100,00','150,00','10,00',NULL,NULL,181,52,168,284,96,59,NULL,0,'2026-02-20 02:35:10','2026-02-20 02:35:10',8,2,5,30,NULL),(68,NULL,'Pr. Paulo Costa','21911216344','treinamento.salvador@ministerio.com.br','Avenida Brasil','4092','Sala 101','Parque das Nacoes','Salvador','BA','02472462','https://www.treinamento-salvador.org.br',NULL,'50,00','150,00',NULL,NULL,NULL,188,59,72,18,146,125,NULL,2,'2026-02-20 02:35:10','2026-02-20 02:35:10',5,36,9,30,NULL),(69,NULL,'Pr. Camila Rocha','11909014068','treinamento.goiania@comunidade.com.br','Travessa dos Ipes','3057',NULL,'Jardim America','Goiania','GO','40486481','https://www.treinamento-goiania.org.br',NULL,'200,00','50,00',NULL,NULL,NULL,234,3,90,93,48,138,NULL,2,'2026-02-20 02:35:10','2026-02-20 02:35:10',3,80,25,30,NULL),(70,NULL,'Pr. Daniel Oliveira','51986825484','treinamento.curitiba@igreja.org.br','Rua Santos Dumont','9075','Bloco B','Parque das Nacoes','Curitiba','PR','96418539','https://www.treinamento-curitiba.org.br',NULL,'150,00','0,00','20,00',NULL,NULL,147,55,164,296,90,23,NULL,2,'2026-02-20 02:35:10','2026-02-20 02:35:10',6,94,18,30,NULL),(71,NULL,'Pr. Camila Almeida','31941768594','treinamento.salvador@ministerio.com.br','Alameda das Flores','351',NULL,'Nova Esperanca','Salvador','BA','57825247','https://www.treinamento-salvador.org.br',NULL,'0,00','50,00','15,00',NULL,NULL,218,46,191,60,323,62,NULL,3,'2026-02-20 02:35:10','2026-02-20 02:35:10',7,8,25,30,NULL),(72,NULL,'Pr. Renata Oliveira','21902931134','treinamento.rio.de.janeiro@comunidade.com.br','Travessa Sete de Setembro','8575','Anexo A','Boa Vista','Rio de Janeiro','RJ','15602452','https://www.treinamento-rio-de-janeiro.org.br',NULL,'200,00','150,00','5,00',NULL,NULL,196,11,78,217,35,120,NULL,1,'2026-02-20 02:35:10','2026-02-20 02:35:10',7,1,14,30,NULL),(73,NULL,'Pr. Juliana Oliveira','51911021356','treinamento.goiania@comunidade.com.br','Travessa Sete de Setembro','9353',NULL,'Santa Clara','Goiania','GO','16119776','https://www.treinamento-goiania.org.br',NULL,'0,00','0,00','15,00',NULL,NULL,126,57,224,273,117,25,NULL,0,'2026-02-20 02:35:10','2026-02-20 02:35:10',4,9,17,30,NULL),(74,NULL,'Pr. Larissa Barbosa','51901734850','treinamento.fortaleza@ministerio.com.br','Travessa Brasil','3091',NULL,'Boa Vista','Fortaleza','CE','23308837','https://www.treinamento-fortaleza.org.br',NULL,'50,00','50,00','5,00',NULL,NULL,78,33,42,170,205,167,NULL,3,'2026-02-20 02:35:10','2026-02-20 02:35:10',3,104,11,30,NULL),(75,NULL,'Pr. Rafael Pereira','51986424993','treinamento.rio.de.janeiro@ministerio.com.br','Travessa dos Ipes','9405','Bloco B','Vila Esperanca','Rio de Janeiro','RJ','72755796','https://www.treinamento-rio-de-janeiro.org.br',NULL,'100,00','0,00','15,00',NULL,NULL,287,17,39,238,102,6,NULL,3,'2026-02-20 02:35:10','2026-02-20 02:35:10',5,30,26,30,NULL),(76,NULL,'Pr. Vitor Rezende','31943458817','treinamento.manaus@comunidade.com.br','Alameda dos Ipes','6509',NULL,'Bela Vista','Manaus','AM','08830342','https://www.treinamento-manaus.org.br',NULL,'50,00','0,00',NULL,NULL,NULL,286,56,192,238,145,135,NULL,0,'2026-02-20 02:35:10','2026-02-20 02:35:10',6,72,10,30,NULL),(77,NULL,'Pr. Camila Pereira','85975576179','treinamento.curitiba@comunidade.com.br','Rua Sete de Setembro','4801',NULL,'Parque das Nacoes','Curitiba','PR','13271175','https://www.treinamento-curitiba.org.br',NULL,'100,00','150,00',NULL,NULL,NULL,114,3,162,178,194,197,NULL,3,'2026-02-20 02:35:10','2026-02-20 02:35:10',5,70,17,30,NULL),(78,NULL,'Pr. Larissa Ferreira','11952966689','treinamento.salvador@comunidade.com.br','Rua Santos Dumont','6375',NULL,'Jardim das Oliveiras','Salvador','BA','04231446','https://www.treinamento-salvador.org.br',NULL,'50,00','0,00',NULL,NULL,NULL,65,29,134,251,49,162,NULL,3,'2026-02-20 02:35:10','2026-02-20 02:35:10',4,73,24,30,NULL),(79,NULL,'Pr. Bruno Rocha','85946441541','treinamento.recife@ministerio.com.br','Alameda Brasil','3643',NULL,'Parque das Nacoes','Recife','PE','82033450','https://www.treinamento-recife.org.br',NULL,'150,00','50,00','20,00',NULL,NULL,86,31,101,294,302,178,NULL,2,'2026-02-20 02:35:10','2026-02-20 02:35:10',2,86,12,30,NULL),(80,NULL,'Pr. Eduardo Ferreira','31982869416','treinamento.curitiba@ministerio.com.br','Avenida Rio Branco','2693',NULL,'Vila Esperanca','Curitiba','PR','52542847','https://www.treinamento-curitiba.org.br',NULL,'100,00','50,00','10,00',NULL,NULL,148,17,82,184,107,87,NULL,1,'2026-02-20 02:35:10','2026-02-20 02:35:10',4,82,17,30,NULL),(81,NULL,'Pr. Bruno Almeida','85959563823','treinamento.salvador@comunidade.com.br','Travessa Getulio Vargas','7583','Bloco B','Vila Nova','Salvador','BA','06088984','https://www.treinamento-salvador.org.br',NULL,'150,00','200,00',NULL,NULL,NULL,102,6,164,94,53,190,NULL,1,'2026-02-20 02:35:10','2026-02-20 02:35:10',3,82,9,30,NULL),(82,NULL,'Pr. Daniel Oliveira','21979504621','treinamento.porto.alegre@comunidade.com.br','Alameda Getulio Vargas','5377','Anexo A','Nova Esperanca','Porto Alegre','RS','41249412','https://www.treinamento-porto-alegre.org.br',NULL,'50,00','0,00',NULL,NULL,NULL,41,54,258,273,292,47,NULL,2,'2026-02-20 02:35:10','2026-02-20 02:35:10',1,67,14,30,NULL),(83,NULL,'Pr. Carolina Lima','31989371501','treinamento.curitiba@ministerio.com.br','Avenida Paulista','5558',NULL,'Vila Esperanca','Curitiba','PR','24970462','https://www.treinamento-curitiba.org.br',NULL,'200,00','0,00','20,00',NULL,NULL,275,32,96,61,234,116,NULL,0,'2026-02-20 02:35:10','2026-02-20 02:35:10',6,98,10,30,NULL),(84,NULL,'Pr. Eduardo Dias','11948821139','treinamento.goiania@comunidade.com.br','Alameda Independencia','8577',NULL,'Jardim America','Goiania','GO','20109270','https://www.treinamento-goiania.org.br',NULL,'50,00','200,00',NULL,NULL,NULL,160,27,183,10,394,81,NULL,2,'2026-02-20 02:35:10','2026-02-20 02:35:10',7,44,23,30,NULL),(85,NULL,'Pr. Patricia Cardoso','41975300109','treinamento.belem@comunidade.com.br','Rua Brasil','4667','Casa 2','Boa Vista','Belem','PA','75293669','https://www.treinamento-belem.org.br',NULL,'200,00','0,00','5,00',NULL,NULL,124,5,286,182,39,58,NULL,2,'2026-02-20 02:35:10','2026-02-20 02:35:10',7,95,20,30,NULL),(86,NULL,'Pr. Isabela Cardoso','41974188424','treinamento.rio.de.janeiro@igreja.org.br','Alameda Santos Dumont','55',NULL,'Bela Vista','Rio de Janeiro','RJ','20125060','https://www.treinamento-rio-de-janeiro.org.br',NULL,'150,00','150,00',NULL,NULL,NULL,257,50,254,53,175,17,NULL,1,'2026-02-20 02:35:10','2026-02-20 02:35:10',2,52,25,30,NULL),(87,NULL,'Pr. Marcos Ramos','61921768436','treinamento.belem@ministerio.com.br','Avenida Independencia','2944','Fundos','Bela Vista','Belem','PA','33656089','https://www.treinamento-belem.org.br',NULL,'100,00','150,00','10,00',NULL,NULL,172,44,140,62,88,62,NULL,0,'2026-02-20 02:35:10','2026-02-20 02:35:10',4,23,26,30,NULL),(88,NULL,'Pr. Renata Costa','51975905547','treinamento.recife@igreja.org.br','Alameda dos Ipes','5510','Fundos','Parque das Nacoes','Recife','PE','37781900','https://www.treinamento-recife.org.br',NULL,'150,00','150,00','20,00',NULL,NULL,103,2,262,6,124,83,NULL,2,'2026-02-20 02:35:10','2026-02-20 02:35:10',3,74,2,30,NULL),(89,NULL,'Pr. Marcos Oliveira','21933382058','treinamento.manaus@ministerio.com.br','Alameda Dom Pedro II','1127',NULL,'Jardim das Oliveiras','Manaus','AM','14779875','https://www.treinamento-manaus.org.br',NULL,'50,00','200,00',NULL,NULL,NULL,152,11,237,29,22,180,NULL,1,'2026-02-20 02:35:10','2026-02-20 02:35:10',4,65,7,30,NULL),(90,NULL,'Pr. Juliana Moura','91906316483','treinamento.fortaleza@comunidade.com.br','Alameda Brasil','4867',NULL,'Boa Vista','Fortaleza','CE','38954797','https://www.treinamento-fortaleza.org.br',NULL,'50,00','100,00','5,00',NULL,NULL,114,33,108,88,251,29,'Ex laborum rerum ipsam amet occaecati blanditiis quo ullam in sed tenetur.',3,'2026-02-20 02:35:10','2026-02-20 02:35:10',8,100,19,30,NULL),(91,NULL,'Pr. Eduardo Lima','85943494674','treinamento.rio.de.janeiro@ministerio.com.br','Avenida Dom Pedro II','7481','Fundos','Jardim das Oliveiras','Rio de Janeiro','RJ','44406624','https://www.treinamento-rio-de-janeiro.org.br',NULL,'50,00','200,00',NULL,NULL,NULL,15,55,116,94,297,37,NULL,0,'2026-02-20 02:35:10','2026-02-20 02:35:10',8,13,17,30,NULL),(92,NULL,'Pr. Carlos Ribeiro','81970061913','treinamento.belem@igreja.org.br','Rua Santos Dumont','4941',NULL,'Centro','Belem','PA','39875779','https://www.treinamento-belem.org.br',NULL,'50,00','50,00','5,00',NULL,NULL,57,21,227,82,179,50,NULL,3,'2026-02-20 02:35:10','2026-02-20 02:35:10',4,72,4,30,NULL),(93,NULL,'Pr. Juliana Ramos','81903754427','treinamento.brasilia@comunidade.com.br','Alameda Santos Dumont','6184',NULL,'Centro','Brasilia','DF','55159373','https://www.treinamento-brasilia.org.br',NULL,'200,00','50,00',NULL,NULL,NULL,111,20,62,177,342,116,NULL,0,'2026-02-20 02:35:10','2026-02-20 02:35:10',7,43,9,30,NULL),(94,NULL,'Pr. Patricia Silva','81913260475','treinamento.brasilia@comunidade.com.br','Rua Getulio Vargas','180','Sala 101','Vila Esperanca','Brasilia','DF','03768337','https://www.treinamento-brasilia.org.br',NULL,'50,00','0,00',NULL,NULL,NULL,10,52,231,244,183,81,'Libero odit minus asperiores nostrum reprehenderit vero voluptatibus id.',2,'2026-02-20 02:35:10','2026-02-20 02:35:10',4,72,9,30,NULL),(95,NULL,'Pr. Fernanda Ferreira','71964567710','treinamento.manaus@comunidade.com.br','Rua Rio Branco','6394','Fundos','Vila Nova','Manaus','AM','05567002','https://www.treinamento-manaus.org.br',NULL,'100,00','150,00',NULL,NULL,NULL,286,3,119,100,0,37,'Nemo placeat consequatur magni est et ipsam corporis asperiores sed quaerat.',0,'2026-02-20 02:35:10','2026-02-20 02:35:10',5,104,26,30,NULL),(96,NULL,'Pr. Rafael Almeida','41923206165','treinamento.porto.alegre@igreja.org.br','Travessa Brasil','9128',NULL,'Bela Vista','Porto Alegre','RS','56847282','https://www.treinamento-porto-alegre.org.br',NULL,'150,00','0,00',NULL,NULL,NULL,153,11,260,232,7,189,NULL,3,'2026-02-20 02:35:10','2026-02-20 02:35:10',5,84,4,30,NULL),(97,NULL,'Pr. Carlos Ribeiro','21967363731','treinamento.rio.de.janeiro@comunidade.com.br','Travessa Getulio Vargas','2692','Casa 2','Nova Esperanca','Rio de Janeiro','RJ','28046573','https://www.treinamento-rio-de-janeiro.org.br',NULL,'50,00','50,00',NULL,NULL,NULL,55,5,8,118,16,9,NULL,3,'2026-02-20 02:35:10','2026-02-20 02:35:10',3,31,5,30,NULL),(98,NULL,'Pr. Tiago Ferreira','31940322985','treinamento.belem@ministerio.com.br','Rua Dom Pedro II','2666',NULL,'Boa Vista','Belem','PA','93690912','https://www.treinamento-belem.org.br',NULL,'0,00','100,00',NULL,NULL,NULL,211,49,12,238,189,135,NULL,3,'2026-02-20 02:35:10','2026-02-20 02:35:10',5,74,22,30,NULL),(99,NULL,'Pr. Renata Almeida','85976887002','treinamento.porto.alegre@ministerio.com.br','Rua dos Ipes','7375','Fundos','Bela Vista','Porto Alegre','RS','90664454','https://www.treinamento-porto-alegre.org.br',NULL,'50,00','200,00',NULL,NULL,NULL,121,49,285,30,183,151,NULL,2,'2026-02-20 02:35:10','2026-02-20 02:35:10',4,52,2,30,NULL),(100,NULL,'Pr. Carolina Cardoso','85945597297','treinamento.salvador@comunidade.com.br','Rua Dom Pedro II','6347',NULL,'Centro','Salvador','BA','76452977','https://www.treinamento-salvador.org.br',NULL,'150,00','50,00','15,00',NULL,NULL,121,57,140,8,229,163,'Explicabo voluptate et fugit dolorem sed nihil et laudantium ea possimus totam nihil consequatur.',2,'2026-02-20 02:35:10','2026-02-20 02:35:10',8,26,6,30,NULL),(101,NULL,'Pr. Gabriel Ribeiro','91929856466','treinamento.fortaleza@igreja.org.br','Travessa Sete de Setembro','5175',NULL,'Vila Nova','Fortaleza','CE','24205818','https://www.treinamento-fortaleza.org.br',NULL,'150,00','50,00',NULL,NULL,NULL,32,34,92,148,319,189,NULL,3,'2026-02-20 02:35:10','2026-02-20 02:35:10',4,72,10,30,NULL),(102,NULL,'Pr. Fernanda Oliveira','31902362514','treinamento.salvador@igreja.org.br','Rua Getulio Vargas','4777',NULL,'Jardim das Oliveiras','Salvador','BA','05458798','https://www.treinamento-salvador.org.br',NULL,'200,00','0,00','15,00',NULL,NULL,231,41,23,173,357,77,NULL,2,'2026-02-20 02:35:10','2026-02-20 02:35:10',2,98,11,30,NULL),(103,NULL,'Pr. Camila Costa','21952917333','treinamento.goiania@igreja.org.br','Travessa das Flores','6580',NULL,'Nova Esperanca','Goiania','GO','51193900','https://www.treinamento-goiania.org.br',NULL,'100,00','150,00',NULL,NULL,NULL,289,38,292,113,295,28,NULL,1,'2026-02-20 02:35:10','2026-02-20 02:35:10',3,94,5,30,NULL),(104,NULL,'Pr. Vitor Ferreira','21905527742','treinamento.brasilia@comunidade.com.br','Rua Dom Pedro II','339','Bloco B','Nova Esperanca','Brasilia','DF','06240158','https://www.treinamento-brasilia.org.br',NULL,'200,00','100,00','10,00',NULL,NULL,204,52,284,267,8,102,NULL,3,'2026-02-20 02:35:10','2026-02-20 02:35:10',8,22,10,30,NULL),(105,NULL,'Pr. Bruno Dias','31924890070','treinamento.goiania@igreja.org.br','Avenida das Flores','4959','Sala 101','Parque das Nacoes','Goiania','GO','15751571','https://www.treinamento-goiania.org.br',NULL,'50,00','150,00','10,00',NULL,NULL,4,41,155,173,254,31,NULL,0,'2026-02-20 02:35:10','2026-02-20 02:35:10',7,87,24,30,NULL),(106,NULL,'Pr. Vitor Lima','11905631227','treinamento.manaus@comunidade.com.br','Alameda Paulista','7937',NULL,'Centro','Manaus','AM','67827275','https://www.treinamento-manaus.org.br',NULL,'150,00','100,00','20,00',NULL,NULL,207,1,20,205,236,99,NULL,3,'2026-02-20 02:35:10','2026-02-20 02:35:10',1,71,16,30,NULL),(107,NULL,'Pr. Daniel Rezende','11952908984','treinamento.porto.alegre@ministerio.com.br','Avenida dos Ipes','8866','Casa 2','Jardim das Oliveiras','Porto Alegre','RS','49732192','https://www.treinamento-porto-alegre.org.br',NULL,'150,00','0,00',NULL,NULL,NULL,213,1,73,6,68,198,'Ea a ex recusandae a est qui consequatur in.',2,'2026-02-20 02:35:10','2026-02-20 02:35:10',6,91,4,30,NULL),(108,NULL,'Pr. Patricia Lima','41918995609','treinamento.porto.alegre@ministerio.com.br','Travessa Sete de Setembro','6872',NULL,'Centro','Porto Alegre','RS','63630197','https://www.treinamento-porto-alegre.org.br',NULL,'200,00','50,00','5,00',NULL,NULL,109,27,90,236,314,118,NULL,1,'2026-02-20 02:35:10','2026-02-20 02:35:10',8,47,18,30,NULL),(109,NULL,'Pr. Carlos Ramos','21945603857','treinamento.porto.alegre@ministerio.com.br','Avenida das Flores','1487','Anexo A','Parque das Nacoes','Porto Alegre','RS','67108622','https://www.treinamento-porto-alegre.org.br',NULL,'200,00','150,00',NULL,NULL,NULL,239,0,87,136,314,128,NULL,0,'2026-02-20 02:35:10','2026-02-20 02:35:10',2,43,16,30,NULL),(110,NULL,'Pr. Marcos Cardoso','41901492319','treinamento.goiania@igreja.org.br','Alameda Getulio Vargas','1371',NULL,'Jardim America','Goiania','GO','64661535','https://www.treinamento-goiania.org.br',NULL,'200,00','200,00',NULL,NULL,NULL,188,10,228,53,189,180,'Quod cupiditate quia ut tempora sed et non odio reprehenderit et molestiae impedit voluptatum consequatur.',1,'2026-02-20 02:35:10','2026-02-20 02:35:10',4,95,14,30,NULL),(111,NULL,'Pr. Tiago Cardoso','51906117098','treinamento.recife@igreja.org.br','Travessa Sete de Setembro','8557',NULL,'Nova Esperanca','Recife','PE','83682601','https://www.treinamento-recife.org.br',NULL,'200,00','150,00','10,00',NULL,NULL,273,44,77,25,319,12,NULL,2,'2026-02-20 02:35:10','2026-02-20 02:35:10',3,34,25,30,NULL),(112,NULL,'Pr. Gabriel Rocha','51933650872','treinamento.goiania@ministerio.com.br','Travessa Dom Pedro II','14',NULL,'Jardim das Oliveiras','Goiania','GO','54130966','https://www.treinamento-goiania.org.br',NULL,'150,00','100,00',NULL,NULL,NULL,107,53,29,134,372,57,'Deserunt sit voluptatem similique ut aliquam qui id aliquam quis.',1,'2026-02-20 02:35:10','2026-02-20 02:35:10',1,66,15,30,NULL),(113,NULL,'Pr. Beatriz Souza','91972825421','treinamento.recife@igreja.org.br','Travessa Paulista','6820',NULL,'Vila Nova','Recife','PE','88186052','https://www.treinamento-recife.org.br',NULL,'50,00','100,00','15,00',NULL,NULL,281,27,195,163,400,152,NULL,3,'2026-02-20 02:35:10','2026-02-20 02:35:10',2,97,6,30,NULL),(114,NULL,'Pr. Lucas Oliveira','71931981970','treinamento.brasilia@ministerio.com.br','Travessa Sete de Setembro','4121',NULL,'Nova Esperanca','Brasilia','DF','33714845','https://www.treinamento-brasilia.org.br',NULL,'100,00','150,00','5,00',NULL,NULL,278,44,85,141,141,179,NULL,0,'2026-02-20 02:35:10','2026-02-20 02:35:10',5,15,15,30,NULL),(115,NULL,'Pr. Marcos Barbosa','51996171385','treinamento.curitiba@igreja.org.br','Alameda das Flores','9973',NULL,'Nova Esperanca','Curitiba','PR','66311926','https://www.treinamento-curitiba.org.br',NULL,'200,00','150,00',NULL,NULL,NULL,140,12,233,196,121,163,NULL,2,'2026-02-20 02:35:10','2026-02-20 02:35:10',7,31,4,30,NULL),(116,NULL,'Pr. Tiago Santana','85903028495','treinamento.rio.de.janeiro@igreja.org.br','Alameda Brasil','4556',NULL,'Boa Vista','Rio de Janeiro','RJ','32084662','https://www.treinamento-rio-de-janeiro.org.br',NULL,'150,00','150,00','20,00',NULL,NULL,228,29,291,228,159,136,'Et est reiciendis dignissimos laudantium rerum error voluptatibus nihil hic aliquam eos inventore similique maxime minima.',2,'2026-02-20 02:35:10','2026-02-20 02:35:10',8,39,15,30,NULL),(117,NULL,'Pr. Fernanda Dias','31936468733','treinamento.sao.paulo@comunidade.com.br','Rua das Flores','2247',NULL,'Vila Nova','Sao Paulo','SP','36722692','https://www.treinamento-sao-paulo.org.br',NULL,'50,00','150,00',NULL,NULL,NULL,266,5,237,80,337,193,NULL,2,'2026-02-20 02:35:10','2026-02-20 02:35:10',2,53,19,30,NULL),(118,NULL,'Pr. Lucas Carvalho','85922947919','treinamento.curitiba@comunidade.com.br','Travessa das Flores','6949','Fundos','Santa Clara','Curitiba','PR','51413674','https://www.treinamento-curitiba.org.br',NULL,'200,00','50,00','15,00',NULL,NULL,27,40,89,33,233,30,NULL,1,'2026-02-20 02:35:10','2026-02-20 02:35:10',3,79,7,30,NULL),(119,NULL,'Pr. Fernanda Rezende','21985774346','treinamento.recife@comunidade.com.br','Rua dos Ipes','3716','Casa 2','Parque das Nacoes','Recife','PE','64693414','https://www.treinamento-recife.org.br',NULL,'50,00','200,00',NULL,NULL,NULL,284,55,119,278,75,62,NULL,0,'2026-02-20 02:35:10','2026-02-20 02:35:10',3,60,3,30,NULL),(120,NULL,'Pr. Mariana Silva','91973257725','treinamento.belem@comunidade.com.br','Rua Rio Branco','4970','Fundos','Vila Esperanca','Belem','PA','48769416','https://www.treinamento-belem.org.br',NULL,'50,00','100,00','15,00',NULL,NULL,72,42,278,89,104,155,NULL,1,'2026-02-20 02:35:10','2026-02-20 02:35:10',8,74,16,30,NULL),(121,NULL,'Pr. Carlos Moura','11934692063','treinamento.belo.horizonte@comunidade.com.br','Travessa dos Ipes','6028',NULL,'Centro','Belo Horizonte','MG','00524042','https://www.treinamento-belo-horizonte.org.br',NULL,'50,00','200,00','15,00',NULL,NULL,27,7,196,249,261,125,'Eius perferendis provident voluptatem laudantium sapiente dolorem at dignissimos iure dolores est hic nisi et deleniti.',3,'2026-02-20 02:35:10','2026-02-20 02:35:10',1,63,15,30,NULL),(122,NULL,'Pr. Rafael Silva','11975753554','treinamento.belo.horizonte@igreja.org.br','Alameda Brasil','3679',NULL,'Jardim America','Belo Horizonte','MG','13577055','https://www.treinamento-belo-horizonte.org.br',NULL,'0,00','100,00',NULL,NULL,NULL,290,42,146,106,105,163,NULL,0,'2026-02-20 02:35:10','2026-02-20 02:35:10',8,99,11,30,NULL),(123,NULL,'Pr. Andre Oliveira','91994424812','treinamento.belo.horizonte@ministerio.com.br','Avenida Paulista','9486',NULL,'Boa Vista','Belo Horizonte','MG','82896072','https://www.treinamento-belo-horizonte.org.br',NULL,'150,00','150,00','15,00',NULL,NULL,196,45,77,156,102,6,NULL,2,'2026-02-20 02:35:10','2026-02-20 02:35:10',1,82,19,30,NULL),(124,NULL,'Pr. Larissa Rocha','85976924391','treinamento.rio.de.janeiro@igreja.org.br','Travessa das Flores','1073',NULL,'Nova Esperanca','Rio de Janeiro','RJ','42636399','https://www.treinamento-rio-de-janeiro.org.br',NULL,'50,00','50,00',NULL,NULL,NULL,167,52,152,216,190,21,NULL,0,'2026-02-20 02:35:10','2026-02-20 02:35:10',1,37,26,30,NULL),(125,NULL,'Pr. Mariana Ramos','31928243932','treinamento.belem@comunidade.com.br','Travessa dos Ipes','6306','Casa 2','Santa Clara','Belem','PA','61627420','https://www.treinamento-belem.org.br',NULL,'150,00','150,00',NULL,NULL,NULL,61,33,249,63,323,103,NULL,2,'2026-02-20 02:35:10','2026-02-20 02:35:10',3,96,14,30,NULL),(126,NULL,'Pr. Mariana Gomes','61959294660','treinamento.recife@ministerio.com.br','Avenida Brasil','5821','Casa 2','Nova Esperanca','Recife','PE','45606235','https://www.treinamento-recife.org.br',NULL,'0,00','100,00','5,00',NULL,NULL,163,52,56,91,10,66,NULL,3,'2026-02-20 02:35:10','2026-02-20 02:35:10',8,40,26,30,NULL),(127,NULL,'Pr. Marcos Carvalho','41943820760','treinamento.recife@igreja.org.br','Travessa Dom Pedro II','4123',NULL,'Santa Clara','Recife','PE','35299610','https://www.treinamento-recife.org.br',NULL,'150,00','100,00','20,00',NULL,NULL,200,50,38,278,69,183,'Quam a ut blanditiis sint ratione odio cupiditate rerum impedit dolorum optio cum et fugiat voluptatem.',0,'2026-02-20 02:35:10','2026-02-20 02:35:10',4,18,8,30,NULL),(128,NULL,'Pr. Vitor Costa','31991028631','treinamento.goiania@ministerio.com.br','Travessa Santos Dumont','5460','Sala 101','Jardim das Oliveiras','Goiania','GO','99498410','https://www.treinamento-goiania.org.br',NULL,'0,00','150,00',NULL,NULL,NULL,48,20,270,14,394,142,NULL,2,'2026-02-20 02:35:10','2026-02-20 02:35:10',5,98,7,30,NULL),(129,NULL,'Pr. Marcos Ribeiro','51918957675','treinamento.fortaleza@comunidade.com.br','Rua Rio Branco','8940',NULL,'Vila Nova','Fortaleza','CE','34925320','https://www.treinamento-fortaleza.org.br',NULL,'0,00','150,00',NULL,NULL,NULL,183,10,217,201,27,164,NULL,3,'2026-02-20 02:35:10','2026-02-20 02:35:10',7,16,5,30,NULL),(130,NULL,'Pr. Vitor Ramos','71911575277','treinamento.recife@comunidade.com.br','Travessa dos Ipes','6093',NULL,'Nova Esperanca','Recife','PE','50102509','https://www.treinamento-recife.org.br',NULL,'100,00','200,00','5,00',NULL,NULL,39,16,155,96,153,41,NULL,0,'2026-02-20 02:35:10','2026-02-20 02:35:10',3,96,21,30,NULL),(131,NULL,'Pr. Patricia Barbosa','11968852983','treinamento.brasilia@ministerio.com.br','Travessa Rio Branco','6007',NULL,'Vila Esperanca','Brasilia','DF','64528399','https://www.treinamento-brasilia.org.br',NULL,'100,00','150,00',NULL,NULL,NULL,160,34,157,103,301,128,NULL,2,'2026-02-20 02:35:10','2026-02-20 02:35:10',5,7,18,30,NULL),(132,NULL,'Pr. Vitor Costa','71950299355','treinamento.brasilia@comunidade.com.br','Travessa Santos Dumont','1819',NULL,'Jardim America','Brasilia','DF','32625054','https://www.treinamento-brasilia.org.br',NULL,'100,00','50,00','5,00',NULL,NULL,252,9,213,231,301,27,NULL,0,'2026-02-20 02:35:10','2026-02-20 02:35:10',8,25,5,30,NULL),(133,NULL,'Pr. Vitor Cardoso','21977416208','treinamento.belo.horizonte@igreja.org.br','Alameda Dom Pedro II','159','Fundos','Vila Esperanca','Belo Horizonte','MG','09872988','https://www.treinamento-belo-horizonte.org.br',NULL,'200,00','50,00','15,00',NULL,NULL,274,56,247,242,255,179,NULL,2,'2026-02-20 02:35:10','2026-02-20 02:35:10',1,52,18,30,NULL),(134,NULL,'Pr. Larissa Dias','31915213075','treinamento.porto.alegre@comunidade.com.br','Travessa dos Ipes','3001',NULL,'Nova Esperanca','Porto Alegre','RS','47414156','https://www.treinamento-porto-alegre.org.br',NULL,'50,00','150,00',NULL,NULL,NULL,232,31,181,148,309,192,NULL,0,'2026-02-20 02:35:10','2026-02-20 02:35:10',1,5,19,30,NULL),(135,NULL,'Pr. Bruno Ferreira','41932535028','treinamento.manaus@comunidade.com.br','Alameda Paulista','7697','Bloco B','Parque das Nacoes','Manaus','AM','72912305','https://www.treinamento-manaus.org.br',NULL,'0,00','0,00',NULL,NULL,NULL,170,54,121,93,322,107,NULL,2,'2026-02-20 02:35:10','2026-02-20 02:35:10',8,66,18,30,NULL),(136,NULL,'Pr. Larissa Martins','91936856131','treinamento.rio.de.janeiro@comunidade.com.br','Travessa Independencia','2654',NULL,'Jardim das Oliveiras','Rio de Janeiro','RJ','50381351','https://www.treinamento-rio-de-janeiro.org.br',NULL,'200,00','50,00',NULL,NULL,NULL,8,60,150,193,315,48,NULL,1,'2026-02-20 02:35:10','2026-02-20 02:35:10',5,100,23,30,NULL),(137,NULL,'Pr. Bruno Carvalho','51969493481','treinamento.belem@ministerio.com.br','Travessa das Flores','649',NULL,'Jardim das Oliveiras','Belem','PA','64995517','https://www.treinamento-belem.org.br',NULL,'50,00','150,00','15,00',NULL,NULL,138,56,114,120,370,50,NULL,2,'2026-02-20 02:35:10','2026-02-20 02:35:10',7,45,13,30,NULL),(138,NULL,'Pr. Henrique Silva','71954714873','treinamento.sao.paulo@igreja.org.br','Rua Sete de Setembro','7916',NULL,'Nova Esperanca','Sao Paulo','SP','66883971','https://www.treinamento-sao-paulo.org.br',NULL,'50,00','50,00',NULL,NULL,NULL,115,51,201,38,328,102,NULL,2,'2026-02-20 02:35:10','2026-02-20 02:35:10',5,18,15,30,NULL),(139,NULL,'Pr. Andre Gomes','81953413761','treinamento.recife@igreja.org.br','Travessa Sete de Setembro','8347',NULL,'Vila Nova','Recife','PE','35273807','https://www.treinamento-recife.org.br',NULL,'150,00','100,00',NULL,NULL,NULL,30,31,55,231,315,107,'Ad ad dolorem omnis deserunt exercitationem dicta autem voluptate et ullam rerum a.',2,'2026-02-20 02:35:10','2026-02-20 02:35:10',3,93,1,30,NULL),(140,NULL,'Pr. Andre Pereira','11994482672','treinamento.manaus@igreja.org.br','Alameda Getulio Vargas','4621',NULL,'Vila Nova','Manaus','AM','00199291','https://www.treinamento-manaus.org.br',NULL,'150,00','50,00',NULL,NULL,NULL,201,35,169,236,62,38,NULL,3,'2026-02-20 02:35:10','2026-02-20 02:35:10',4,88,22,30,NULL),(141,NULL,'Pr. Beatriz Souza','31911114518','treinamento.recife@igreja.org.br','Alameda Sete de Setembro','3168',NULL,'Jardim America','Recife','PE','44362718','https://www.treinamento-recife.org.br',NULL,'150,00','50,00',NULL,NULL,NULL,257,23,247,89,279,155,NULL,3,'2026-02-20 02:35:10','2026-02-20 02:35:10',8,84,20,30,NULL),(142,NULL,'Pr. Isabela Carvalho','61959681641','treinamento.belem@ministerio.com.br','Travessa Dom Pedro II','7733',NULL,'Jardim America','Belem','PA','34395857','https://www.treinamento-belem.org.br',NULL,'150,00','50,00',NULL,NULL,NULL,47,6,50,26,304,142,NULL,0,'2026-02-20 02:35:10','2026-02-20 02:35:10',6,38,19,30,NULL),(143,NULL,'Pr. Lucas Ribeiro','41952126289','treinamento.belem@igreja.org.br','Rua Rio Branco','5763',NULL,'Vila Esperanca','Belem','PA','54922768','https://www.treinamento-belem.org.br',NULL,'200,00','100,00','20,00',NULL,NULL,170,35,277,29,97,20,NULL,0,'2026-02-20 02:35:10','2026-02-20 02:35:10',1,57,11,30,NULL),(144,NULL,'Pr. Eduardo Silva','41921278340','treinamento.salvador@igreja.org.br','Alameda Rio Branco','5400',NULL,'Boa Vista','Salvador','BA','78401024','https://www.treinamento-salvador.org.br',NULL,'0,00','150,00','5,00',NULL,NULL,273,0,104,86,107,130,NULL,2,'2026-02-20 02:35:10','2026-02-20 02:35:10',5,37,2,30,NULL),(145,NULL,'Pr. Camila Lima','85921783396','treinamento.recife@igreja.org.br','Avenida Brasil','3398',NULL,'Parque das Nacoes','Recife','PE','72707284','https://www.treinamento-recife.org.br',NULL,'200,00','200,00',NULL,NULL,NULL,38,57,136,62,226,46,NULL,2,'2026-02-20 02:35:10','2026-02-20 02:35:10',5,67,1,30,NULL),(146,NULL,'Pr. Amanda Ribeiro','81915589388','treinamento.porto.alegre@comunidade.com.br','Alameda Sete de Setembro','4278',NULL,'Jardim America','Porto Alegre','RS','45523240','https://www.treinamento-porto-alegre.org.br',NULL,'200,00','200,00',NULL,NULL,NULL,104,52,128,229,12,78,NULL,2,'2026-02-20 02:35:10','2026-02-20 02:35:10',5,32,8,30,NULL),(147,NULL,'Pr. Andre Ribeiro','51995275769','treinamento.goiania@ministerio.com.br','Travessa Getulio Vargas','8802','Fundos','Vila Nova','Goiania','GO','88525799','https://www.treinamento-goiania.org.br',NULL,'200,00','100,00',NULL,NULL,NULL,230,17,251,14,124,165,NULL,2,'2026-02-20 02:35:10','2026-02-20 02:35:10',8,45,9,30,NULL),(148,NULL,'Pr. Larissa Carvalho','21969082463','treinamento.recife@ministerio.com.br','Travessa Dom Pedro II','1111','Bloco B','Jardim America','Recife','PE','93539392','https://www.treinamento-recife.org.br',NULL,'150,00','100,00',NULL,NULL,NULL,8,33,213,57,17,83,'Earum dolorem beatae debitis est et qui dicta enim eum nostrum neque quibusdam.',2,'2026-02-20 02:35:10','2026-02-20 02:35:10',1,30,4,30,NULL),(149,NULL,'Pr. Carlos Oliveira','91912339500','treinamento.rio.de.janeiro@comunidade.com.br','Rua Paulista','9263','Bloco B','Vila Nova','Rio de Janeiro','RJ','48344145','https://www.treinamento-rio-de-janeiro.org.br',NULL,'0,00','150,00','10,00',NULL,NULL,85,10,131,187,9,13,NULL,3,'2026-02-20 02:35:10','2026-02-20 02:35:10',7,86,23,30,NULL),(150,NULL,'Pr. Eduardo Dias','91991970142','treinamento.fortaleza@ministerio.com.br','Travessa Brasil','1731',NULL,'Vila Esperanca','Fortaleza','CE','40269324','https://www.treinamento-fortaleza.org.br',NULL,'200,00','200,00',NULL,NULL,NULL,253,43,182,136,234,110,NULL,1,'2026-02-20 02:35:10','2026-02-20 02:35:10',2,33,25,30,NULL),(151,NULL,'Pr. Daniel Dias','81952817311','treinamento.porto.alegre@ministerio.com.br','Avenida Santos Dumont','5699',NULL,'Vila Esperanca','Porto Alegre','RS','92119929','https://www.treinamento-porto-alegre.org.br',NULL,'0,00','150,00',NULL,NULL,NULL,161,50,104,212,325,33,NULL,3,'2026-02-20 02:35:10','2026-02-20 02:35:10',6,17,23,30,NULL),(152,NULL,'Pr. Carolina Ferreira','41946085937','treinamento.brasilia@ministerio.com.br','Rua Sete de Setembro','7284','Anexo A','Vila Nova','Brasilia','DF','23548392','https://www.treinamento-brasilia.org.br',NULL,'100,00','100,00',NULL,NULL,NULL,110,39,229,188,321,72,NULL,0,'2026-02-20 02:35:10','2026-02-20 02:35:10',7,101,12,30,NULL),(153,NULL,'Pr. Patricia Rezende','61902320657','treinamento.salvador@igreja.org.br','Travessa Sete de Setembro','8335',NULL,'Santa Clara','Salvador','BA','80675694','https://www.treinamento-salvador.org.br',NULL,'0,00','150,00','20,00',NULL,NULL,8,54,259,106,262,193,NULL,1,'2026-02-20 02:35:10','2026-02-20 02:35:10',6,44,13,30,NULL),(154,NULL,'Pr. Fernanda Lima','85967973071','treinamento.belem@igreja.org.br','Rua Getulio Vargas','9007','Bloco B','Boa Vista','Belem','PA','83182600','https://www.treinamento-belem.org.br',NULL,'100,00','100,00',NULL,NULL,NULL,181,43,12,44,43,103,NULL,3,'2026-02-20 02:35:10','2026-02-20 02:35:10',3,63,15,30,NULL),(155,NULL,'Pr. Amanda Oliveira','85964995255','treinamento.brasilia@ministerio.com.br','Rua Sete de Setembro','8217',NULL,'Santa Clara','Brasilia','DF','08304450','https://www.treinamento-brasilia.org.br',NULL,'200,00','50,00','10,00',NULL,NULL,91,56,65,232,142,171,NULL,0,'2026-02-20 02:35:10','2026-02-20 02:35:10',2,17,25,30,NULL),(156,NULL,'Pr. Larissa Lima','85933470059','treinamento.porto.alegre@igreja.org.br','Rua Dom Pedro II','3805','Sala 101','Parque das Nacoes','Porto Alegre','RS','35540767','https://www.treinamento-porto-alegre.org.br',NULL,'200,00','200,00','10,00',NULL,NULL,243,7,29,145,392,189,NULL,0,'2026-02-20 02:35:10','2026-02-20 02:35:10',2,80,24,30,NULL),(157,NULL,'Pr. Beatriz Martins','21981182671','treinamento.curitiba@ministerio.com.br','Rua Brasil','8037',NULL,'Santa Clara','Curitiba','PR','69430856','https://www.treinamento-curitiba.org.br',NULL,'0,00','100,00','10,00',NULL,NULL,153,51,127,9,66,102,NULL,3,'2026-02-20 02:35:10','2026-02-20 02:35:10',7,14,4,30,NULL),(158,NULL,'Pr. Beatriz Souza','51901622746','treinamento.belem@igreja.org.br','Travessa Santos Dumont','9296',NULL,'Vila Esperanca','Belem','PA','86638203','https://www.treinamento-belem.org.br',NULL,'150,00','0,00','5,00',NULL,NULL,113,24,207,3,98,6,'Qui ipsam et voluptates temporibus ea aut sapiente autem velit vel iste qui quis ipsam.',3,'2026-02-20 02:35:10','2026-02-20 02:35:10',7,104,26,30,NULL),(159,NULL,'Pr. Larissa Santana','21935085998','treinamento.belem@ministerio.com.br','Rua dos Ipes','5622',NULL,'Boa Vista','Belem','PA','03101028','https://www.treinamento-belem.org.br',NULL,'0,00','50,00','15,00',NULL,NULL,13,22,104,219,207,45,NULL,0,'2026-02-20 02:35:10','2026-02-20 02:35:10',3,93,22,30,NULL),(160,NULL,'Pr. Andre Souza','31963231398','treinamento.salvador@comunidade.com.br','Travessa Santos Dumont','9610',NULL,'Vila Esperanca','Salvador','BA','48640988','https://www.treinamento-salvador.org.br',NULL,'150,00','50,00','5,00',NULL,NULL,283,24,208,35,10,117,'Aut numquam et dolorum eum et dolorum a iure accusantium.',0,'2026-02-20 02:35:10','2026-02-20 02:35:10',3,54,11,30,NULL),(161,NULL,'Pr. Patricia Cardoso','85997964587','treinamento.manaus@ministerio.com.br','Travessa Brasil','7242','Sala 101','Santa Clara','Manaus','AM','87522791','https://www.treinamento-manaus.org.br',NULL,'150,00','100,00',NULL,NULL,NULL,28,17,12,8,297,137,NULL,0,'2026-02-20 02:35:10','2026-02-20 02:35:10',6,68,20,30,NULL),(162,NULL,'Pr. Amanda Souza','31928853112','treinamento.belem@igreja.org.br','Avenida Brasil','8148',NULL,'Santa Clara','Belem','PA','37997049','https://www.treinamento-belem.org.br',NULL,'100,00','150,00','20,00',NULL,NULL,78,25,226,199,100,152,NULL,3,'2026-02-20 02:35:10','2026-02-20 02:35:10',3,87,26,30,NULL),(163,NULL,'Pr. Lucas Lima','71925699659','treinamento.goiania@comunidade.com.br','Avenida Santos Dumont','924',NULL,'Boa Vista','Goiania','GO','43900185','https://www.treinamento-goiania.org.br',NULL,'100,00','150,00',NULL,NULL,NULL,253,16,182,101,295,90,NULL,2,'2026-02-20 02:35:10','2026-02-20 02:35:10',8,68,26,30,NULL),(164,NULL,'Pr. Paulo Silva','85984240043','treinamento.brasilia@igreja.org.br','Avenida Paulista','8746','Bloco B','Boa Vista','Brasilia','DF','64538191','https://www.treinamento-brasilia.org.br',NULL,'150,00','150,00',NULL,NULL,NULL,81,27,63,16,182,9,NULL,2,'2026-02-20 02:35:10','2026-02-20 02:35:10',8,79,10,30,NULL),(165,NULL,'Pr. Larissa Lima','11984095164','treinamento.belo.horizonte@comunidade.com.br','Alameda dos Ipes','9091','Fundos','Vila Nova','Belo Horizonte','MG','58896196','https://www.treinamento-belo-horizonte.org.br',NULL,'200,00','100,00',NULL,NULL,NULL,247,13,84,71,153,81,NULL,2,'2026-02-20 02:35:10','2026-02-20 02:35:10',6,77,5,30,NULL),(166,NULL,'Pr. Felipe Ferreira','51960006279','treinamento.recife@ministerio.com.br','Rua Paulista','6166',NULL,'Jardim das Oliveiras','Recife','PE','39413028','https://www.treinamento-recife.org.br',NULL,'200,00','200,00',NULL,NULL,NULL,198,53,10,107,24,194,NULL,1,'2026-02-20 02:35:10','2026-02-20 02:35:10',6,12,13,30,NULL),(167,NULL,'Pr. Juliana Carvalho','21958437340','treinamento.belo.horizonte@ministerio.com.br','Alameda Dom Pedro II','7130',NULL,'Jardim das Oliveiras','Belo Horizonte','MG','89397467','https://www.treinamento-belo-horizonte.org.br',NULL,'150,00','50,00','20,00',NULL,NULL,203,20,77,290,206,27,NULL,2,'2026-02-20 02:35:10','2026-02-20 02:35:10',2,81,2,30,NULL),(168,NULL,'Pr. Gabriel Dias','11964478546','treinamento.sao.paulo@ministerio.com.br','Avenida Sete de Setembro','193','Bloco B','Jardim das Oliveiras','Sao Paulo','SP','19395011','https://www.treinamento-sao-paulo.org.br',NULL,'50,00','200,00','20,00',NULL,NULL,204,22,17,233,395,92,NULL,0,'2026-02-20 02:35:10','2026-02-20 02:35:10',3,52,2,30,NULL),(169,NULL,'Pr. Beatriz Souza','85994278742','treinamento.sao.paulo@igreja.org.br','Avenida Dom Pedro II','6396','Bloco B','Jardim America','Sao Paulo','SP','29455431','https://www.treinamento-sao-paulo.org.br',NULL,'50,00','50,00',NULL,NULL,NULL,257,10,68,266,215,77,NULL,1,'2026-02-20 02:35:10','2026-02-20 02:35:10',8,77,7,30,NULL),(170,NULL,'Pr. Isabela Carvalho','81943059512','treinamento.porto.alegre@comunidade.com.br','Avenida Santos Dumont','4102',NULL,'Parque das Nacoes','Porto Alegre','RS','88285428','https://www.treinamento-porto-alegre.org.br',NULL,'200,00','0,00','20,00',NULL,NULL,89,21,234,156,138,153,NULL,3,'2026-02-20 02:35:10','2026-02-20 02:35:10',4,2,2,30,NULL),(171,NULL,'Pr. Renata Moura','11995789128','treinamento.fortaleza@ministerio.com.br','Travessa Sete de Setembro','9554',NULL,'Nova Esperanca','Fortaleza','CE','98511349','https://www.treinamento-fortaleza.org.br',NULL,'100,00','50,00','5,00',NULL,NULL,191,15,49,195,41,71,NULL,3,'2026-02-20 02:35:10','2026-02-20 02:35:10',7,2,14,30,NULL),(172,NULL,'Pr. Beatriz Rezende','71958570638','treinamento.sao.paulo@ministerio.com.br','Alameda das Flores','1796',NULL,'Jardim America','Sao Paulo','SP','28452955','https://www.treinamento-sao-paulo.org.br',NULL,'50,00','200,00','5,00',NULL,NULL,295,36,193,73,144,189,NULL,3,'2026-02-20 02:35:10','2026-02-20 02:35:10',5,71,5,30,NULL),(173,NULL,'Pr. Joao Rocha','81947586247','treinamento.recife@comunidade.com.br','Rua dos Ipes','5885',NULL,'Jardim America','Recife','PE','53289000','https://www.treinamento-recife.org.br',NULL,'150,00','0,00',NULL,NULL,NULL,7,7,62,180,56,17,'Velit earum unde libero inventore aliquid autem aut.',2,'2026-02-20 02:35:10','2026-02-20 02:35:10',2,1,24,30,NULL),(174,NULL,'Pr. Amanda Santana','51995100043','treinamento.manaus@comunidade.com.br','Rua Brasil','1591','Casa 2','Santa Clara','Manaus','AM','86293001','https://www.treinamento-manaus.org.br',NULL,'0,00','200,00','10,00',NULL,NULL,155,52,173,119,97,176,NULL,3,'2026-02-20 02:35:10','2026-02-20 02:35:10',5,82,8,30,NULL),(175,NULL,'Pr. Isabela Lima','61912434041','treinamento.fortaleza@ministerio.com.br','Rua Independencia','951',NULL,'Nova Esperanca','Fortaleza','CE','86511909','https://www.treinamento-fortaleza.org.br',NULL,'0,00','100,00',NULL,NULL,NULL,154,47,199,282,168,58,NULL,1,'2026-02-20 02:35:10','2026-02-20 02:35:10',2,71,23,30,NULL),(176,NULL,'Pr. Camila Cardoso','71976955729','treinamento.curitiba@igreja.org.br','Rua Independencia','2266',NULL,'Nova Esperanca','Curitiba','PR','27159208','https://www.treinamento-curitiba.org.br',NULL,'0,00','150,00',NULL,NULL,NULL,27,33,277,292,385,166,NULL,0,'2026-02-20 02:35:10','2026-02-20 02:35:10',5,45,11,30,NULL),(177,NULL,'Pr. Fernanda Rezende','91906049918','treinamento.goiania@ministerio.com.br','Avenida Santos Dumont','6127',NULL,'Jardim das Oliveiras','Goiania','GO','51773537','https://www.treinamento-goiania.org.br',NULL,'100,00','100,00',NULL,NULL,NULL,5,39,60,10,363,183,NULL,3,'2026-02-20 02:35:10','2026-02-20 02:35:10',1,55,3,30,NULL),(178,NULL,'Pr. Paulo Martins','91938392776','treinamento.belem@comunidade.com.br','Alameda Santos Dumont','2653',NULL,'Vila Esperanca','Belem','PA','25855847','https://www.treinamento-belem.org.br',NULL,'150,00','100,00',NULL,NULL,NULL,282,4,37,51,204,27,NULL,0,'2026-02-20 02:35:10','2026-02-20 02:35:10',5,27,13,30,NULL),(179,NULL,'Pr. Camila Santana','91956673528','treinamento.goiania@ministerio.com.br','Avenida Paulista','4156','Fundos','Vila Nova','Goiania','GO','07400902','https://www.treinamento-goiania.org.br',NULL,'200,00','50,00',NULL,NULL,NULL,154,31,74,296,162,200,NULL,1,'2026-02-20 02:35:10','2026-02-20 02:35:10',4,89,4,30,NULL),(180,NULL,'Pr. Joao Ramos','91914720513','treinamento.belem@ministerio.com.br','Rua das Flores','1368',NULL,'Parque das Nacoes','Belem','PA','46386398','https://www.treinamento-belem.org.br',NULL,'50,00','150,00',NULL,NULL,NULL,194,32,112,29,257,25,NULL,1,'2026-02-20 02:35:10','2026-02-20 02:35:10',4,4,19,30,NULL),(181,NULL,'Pr. Vitor Rezende','11989811002','treinamento.salvador@ministerio.com.br','Alameda dos Ipes','5747',NULL,'Jardim America','Salvador','BA','41516983','https://www.treinamento-salvador.org.br',NULL,'200,00','0,00','15,00',NULL,NULL,179,21,127,104,231,92,NULL,2,'2026-02-20 02:35:11','2026-02-20 02:35:11',7,87,18,30,NULL),(182,NULL,'Pr. Paulo Dias','21915390218','treinamento.sao.paulo@comunidade.com.br','Alameda Sete de Setembro','5468','Fundos','Nova Esperanca','Sao Paulo','SP','66296206','https://www.treinamento-sao-paulo.org.br',NULL,'150,00','150,00','20,00',NULL,NULL,130,48,280,29,298,66,NULL,0,'2026-02-20 02:35:11','2026-02-20 02:35:11',2,69,19,30,NULL),(183,NULL,'Pr. Renata Almeida','91968247313','treinamento.porto.alegre@ministerio.com.br','Travessa Independencia','1701',NULL,'Centro','Porto Alegre','RS','95701031','https://www.treinamento-porto-alegre.org.br',NULL,'150,00','100,00',NULL,NULL,NULL,291,28,159,241,54,11,NULL,1,'2026-02-20 02:35:11','2026-02-20 02:35:11',4,40,22,30,NULL),(184,NULL,'Pr. Felipe Silva','85915873477','treinamento.goiania@ministerio.com.br','Avenida Paulista','1007',NULL,'Nova Esperanca','Goiania','GO','37421618','https://www.treinamento-goiania.org.br',NULL,'200,00','0,00','10,00',NULL,NULL,161,1,177,242,312,181,'Sint aut doloribus ipsam vel reprehenderit maxime dolorum qui laboriosam et velit.',2,'2026-02-20 02:35:11','2026-02-20 02:35:11',2,25,8,30,NULL),(185,NULL,'Pr. Felipe Rezende','91987072547','treinamento.salvador@comunidade.com.br','Travessa Getulio Vargas','5491','Bloco B','Parque das Nacoes','Salvador','BA','86447143','https://www.treinamento-salvador.org.br',NULL,'200,00','200,00',NULL,NULL,NULL,64,25,283,144,113,166,NULL,1,'2026-02-20 02:35:11','2026-02-20 02:35:11',5,21,26,30,NULL),(186,NULL,'Pr. Marcos Souza','51971058944','treinamento.recife@ministerio.com.br','Rua Independencia','4520','Anexo A','Nova Esperanca','Recife','PE','20449179','https://www.treinamento-recife.org.br',NULL,'0,00','0,00','20,00',NULL,NULL,211,45,156,141,389,197,NULL,3,'2026-02-20 02:35:11','2026-02-20 02:35:11',7,57,5,30,NULL),(187,NULL,'Pr. Carolina Silva','71942621934','treinamento.brasilia@ministerio.com.br','Alameda Santos Dumont','6762',NULL,'Nova Esperanca','Brasilia','DF','03823815','https://www.treinamento-brasilia.org.br',NULL,'150,00','200,00',NULL,NULL,NULL,115,23,287,84,360,170,NULL,0,'2026-02-20 02:35:11','2026-02-20 02:35:11',6,19,23,30,NULL),(188,NULL,'Pr. Fernanda Dias','81999053377','treinamento.recife@ministerio.com.br','Avenida Getulio Vargas','6962','Anexo A','Vila Esperanca','Recife','PE','71325295','https://www.treinamento-recife.org.br',NULL,'0,00','50,00',NULL,NULL,NULL,32,37,201,218,367,175,'Odio inventore autem et et voluptatem ad iure asperiores.',3,'2026-02-20 02:35:11','2026-02-20 02:35:11',3,53,25,30,NULL),(189,NULL,'Pr. Juliana Santana','61932993151','treinamento.fortaleza@comunidade.com.br','Travessa Santos Dumont','996',NULL,'Santa Clara','Fortaleza','CE','19573000','https://www.treinamento-fortaleza.org.br',NULL,'200,00','100,00',NULL,NULL,NULL,199,47,178,173,71,66,'Aut et impedit qui exercitationem omnis et nobis velit consequatur totam minus corporis iure praesentium praesentium.',0,'2026-02-20 02:35:11','2026-02-20 02:35:11',6,38,12,30,NULL),(190,NULL,'Pr. Larissa Cardoso','21960581602','treinamento.salvador@ministerio.com.br','Avenida das Flores','1546',NULL,'Jardim America','Salvador','BA','06484097','https://www.treinamento-salvador.org.br',NULL,'200,00','0,00',NULL,NULL,NULL,103,16,245,143,231,117,'Sit ut qui culpa id qui est nihil.',3,'2026-02-20 02:35:11','2026-02-20 02:35:11',7,80,26,30,NULL),(191,NULL,'Pr. Bruno Ribeiro','85983461354','treinamento.rio.de.janeiro@ministerio.com.br','Travessa Sete de Setembro','1702',NULL,'Vila Nova','Rio de Janeiro','RJ','71259741','https://www.treinamento-rio-de-janeiro.org.br',NULL,'0,00','0,00',NULL,NULL,NULL,6,59,292,157,235,136,NULL,0,'2026-02-20 02:35:11','2026-02-20 02:35:11',4,20,19,30,NULL),(192,NULL,'Pr. Gabriel Barbosa','91952012534','treinamento.recife@igreja.org.br','Travessa Independencia','4978','Sala 101','Jardim das Oliveiras','Recife','PE','68648249','https://www.treinamento-recife.org.br',NULL,'50,00','50,00','10,00',NULL,NULL,78,40,257,96,149,192,'Et hic et soluta sint totam natus quia error sit recusandae quia magni non autem atque.',3,'2026-02-20 02:35:11','2026-02-20 02:35:11',8,61,9,30,NULL),(193,NULL,'Pr. Beatriz Rezende','71997721852','treinamento.brasilia@comunidade.com.br','Rua Paulista','5005','Bloco B','Santa Clara','Brasilia','DF','34942457','https://www.treinamento-brasilia.org.br',NULL,'0,00','50,00',NULL,NULL,NULL,278,26,267,167,400,55,NULL,2,'2026-02-20 02:35:11','2026-02-20 02:35:11',6,79,25,30,NULL),(194,NULL,'Pr. Juliana Almeida','91942969431','treinamento.fortaleza@ministerio.com.br','Travessa Rio Branco','736',NULL,'Parque das Nacoes','Fortaleza','CE','86636650','https://www.treinamento-fortaleza.org.br',NULL,'50,00','200,00','20,00',NULL,NULL,106,27,258,120,76,79,NULL,0,'2026-02-20 02:35:11','2026-02-20 02:35:11',7,102,14,30,NULL),(195,NULL,'Pr. Tiago Carvalho','31917228122','treinamento.porto.alegre@igreja.org.br','Alameda dos Ipes','3068',NULL,'Vila Esperanca','Porto Alegre','RS','44663933','https://www.treinamento-porto-alegre.org.br',NULL,'200,00','0,00','20,00',NULL,NULL,273,52,119,90,127,173,NULL,1,'2026-02-20 02:35:11','2026-02-20 02:35:11',2,23,3,30,NULL),(196,NULL,'Pr. Larissa Ribeiro','71990193058','treinamento.curitiba@ministerio.com.br','Travessa Santos Dumont','162',NULL,'Boa Vista','Curitiba','PR','80660283','https://www.treinamento-curitiba.org.br',NULL,'100,00','0,00','20,00',NULL,NULL,34,13,226,212,175,124,'Quisquam ab tempore reiciendis et aut eum rerum perferendis et aut assumenda saepe maiores laudantium quia.',0,'2026-02-20 02:35:11','2026-02-20 02:35:11',4,6,14,30,NULL),(197,NULL,'Pr. Mariana Martins','85902893566','treinamento.belo.horizonte@igreja.org.br','Avenida Sete de Setembro','3140',NULL,'Parque das Nacoes','Belo Horizonte','MG','96029485','https://www.treinamento-belo-horizonte.org.br',NULL,'0,00','50,00',NULL,NULL,NULL,94,33,104,285,1,155,NULL,2,'2026-02-20 02:35:11','2026-02-20 02:35:11',5,20,21,30,NULL),(198,NULL,'Pr. Mariana Ribeiro','21964300157','treinamento.salvador@comunidade.com.br','Travessa Santos Dumont','9345',NULL,'Boa Vista','Salvador','BA','42411577','https://www.treinamento-salvador.org.br',NULL,'50,00','150,00','20,00',NULL,NULL,4,33,49,274,207,173,'Dicta et totam facere et unde eum possimus libero sit est molestiae.',0,'2026-02-20 02:35:11','2026-02-20 02:35:11',2,25,3,30,NULL),(199,NULL,'Pr. Felipe Martins','71907256087','treinamento.curitiba@ministerio.com.br','Avenida das Flores','160',NULL,'Boa Vista','Curitiba','PR','28326560','https://www.treinamento-curitiba.org.br',NULL,'100,00','0,00','10,00',NULL,NULL,273,6,66,17,179,78,NULL,3,'2026-02-20 02:35:11','2026-02-20 02:35:11',5,93,11,30,NULL),(200,NULL,'Pr. Isabela Cardoso','11930082314','treinamento.recife@ministerio.com.br','Travessa Independencia','5226',NULL,'Santa Clara','Recife','PE','86586637','https://www.treinamento-recife.org.br',NULL,'0,00','200,00',NULL,NULL,NULL,33,51,93,263,170,142,'Dolores repellat illo fugiat accusantium molestiae reiciendis est totam laboriosam voluptatibus omnis harum sint.',2,'2026-02-20 02:35:11','2026-02-20 02:35:11',1,4,24,30,NULL),(201,NULL,'Pr. Amanda Lima','31917556820','treinamento.fortaleza@comunidade.com.br','Alameda Rio Branco','3694',NULL,'Santa Clara','Fortaleza','CE','85727139','https://www.treinamento-fortaleza.org.br',NULL,'150,00','100,00','20,00',NULL,NULL,163,16,64,236,140,92,'Voluptatibus quos magnam accusantium voluptatem modi necessitatibus incidunt possimus cumque.',1,'2026-02-20 02:35:11','2026-02-20 02:35:11',5,42,17,30,NULL),(202,NULL,'Pr. Mariana Ferreira','81916482311','treinamento.fortaleza@ministerio.com.br','Alameda Getulio Vargas','6239',NULL,'Bela Vista','Fortaleza','CE','91130783','https://www.treinamento-fortaleza.org.br',NULL,'50,00','200,00','20,00',NULL,NULL,29,31,56,254,12,145,NULL,2,'2026-02-20 02:35:11','2026-02-20 02:35:11',4,49,5,30,NULL),(203,NULL,'Pr. Carlos Barbosa','31978447354','treinamento.recife@comunidade.com.br','Avenida Paulista','2326','Anexo A','Jardim America','Recife','PE','81603035','https://www.treinamento-recife.org.br',NULL,'0,00','200,00',NULL,NULL,NULL,209,39,124,243,16,196,NULL,3,'2026-02-20 02:35:11','2026-02-20 02:35:11',3,84,16,30,NULL),(204,NULL,'Pr. Fernanda Cardoso','51988085041','treinamento.rio.de.janeiro@comunidade.com.br','Alameda Independencia','465','Sala 101','Vila Esperanca','Rio de Janeiro','RJ','38875983','https://www.treinamento-rio-de-janeiro.org.br',NULL,'150,00','100,00','20,00',NULL,NULL,54,40,146,170,182,148,NULL,1,'2026-02-20 02:35:11','2026-02-20 02:35:11',7,48,8,30,NULL),(205,NULL,'Pr. Daniel Silva','11901561516','treinamento.belo.horizonte@ministerio.com.br','Avenida Paulista','3594','Fundos','Jardim America','Belo Horizonte','MG','64166915','https://www.treinamento-belo-horizonte.org.br',NULL,'200,00','100,00',NULL,NULL,NULL,282,21,30,242,367,53,NULL,0,'2026-02-20 02:35:11','2026-02-20 02:35:11',7,34,8,30,NULL),(206,NULL,'Pr. Gabriel Carvalho','51997337568','treinamento.belo.horizonte@ministerio.com.br','Avenida das Flores','6630',NULL,'Centro','Belo Horizonte','MG','98345472','https://www.treinamento-belo-horizonte.org.br',NULL,'50,00','0,00',NULL,NULL,NULL,107,0,201,264,251,138,NULL,1,'2026-02-20 02:35:11','2026-02-20 02:35:11',4,62,11,30,NULL),(207,NULL,'Pr. Bruno Barbosa','81909890459','treinamento.goiania@comunidade.com.br','Travessa Rio Branco','2682',NULL,'Boa Vista','Goiania','GO','06355888','https://www.treinamento-goiania.org.br',NULL,'150,00','150,00',NULL,NULL,NULL,73,27,13,223,42,69,'Deleniti aut ut sit magni minima qui quam culpa tenetur quia.',2,'2026-02-20 02:35:11','2026-02-20 02:35:11',2,104,20,30,NULL),(208,NULL,'Pr. Daniel Almeida','71943926787','treinamento.recife@igreja.org.br','Alameda Rio Branco','7685',NULL,'Bela Vista','Recife','PE','63586591','https://www.treinamento-recife.org.br',NULL,'50,00','200,00','5,00',NULL,NULL,29,52,185,266,382,114,NULL,0,'2026-02-20 02:35:11','2026-02-20 02:35:11',6,65,25,30,NULL),(209,NULL,'Pr. Andre Rocha','85940032204','treinamento.sao.paulo@comunidade.com.br','Avenida dos Ipes','3960',NULL,'Jardim das Oliveiras','Sao Paulo','SP','64290244','https://www.treinamento-sao-paulo.org.br',NULL,'100,00','150,00','10,00',NULL,NULL,118,59,280,294,288,147,NULL,1,'2026-02-20 02:35:11','2026-02-20 02:35:11',1,105,25,30,NULL),(210,NULL,'Pr. Rafael Dias','11977301158','treinamento.belem@igreja.org.br','Travessa Sete de Setembro','2052',NULL,'Boa Vista','Belem','PA','34472584','https://www.treinamento-belem.org.br',NULL,'150,00','150,00','15,00',NULL,NULL,273,55,44,246,15,98,NULL,2,'2026-02-20 02:35:11','2026-02-20 02:35:11',4,49,22,30,NULL),(211,NULL,'Pr. Isabela Ferreira','91990698992','treinamento.belem@igreja.org.br','Alameda Sete de Setembro','6780',NULL,'Nova Esperanca','Belem','PA','63560434','https://www.treinamento-belem.org.br',NULL,'150,00','100,00',NULL,NULL,NULL,255,13,29,18,225,177,NULL,1,'2026-02-20 02:35:11','2026-02-20 02:35:11',5,51,15,30,NULL),(212,NULL,'Pr. Joao Costa','41997663088','treinamento.manaus@ministerio.com.br','Rua Rio Branco','9827','Sala 101','Jardim das Oliveiras','Manaus','AM','46221747','https://www.treinamento-manaus.org.br',NULL,'0,00','0,00','15,00',NULL,NULL,97,46,76,188,217,47,NULL,0,'2026-02-20 02:35:11','2026-02-20 02:35:11',3,83,5,30,NULL),(213,NULL,'Pr. Rafael Santana','31956332598','treinamento.belem@igreja.org.br','Rua Sete de Setembro','2389',NULL,'Parque das Nacoes','Belem','PA','36139708','https://www.treinamento-belem.org.br',NULL,'0,00','0,00','20,00',NULL,NULL,3,38,179,10,338,51,NULL,2,'2026-02-20 02:35:11','2026-02-20 02:35:11',1,42,22,30,NULL),(214,NULL,'Pr. Lucas Ferreira','51965580058','treinamento.goiania@comunidade.com.br','Alameda Rio Branco','6971','Anexo A','Vila Nova','Goiania','GO','72206555','https://www.treinamento-goiania.org.br',NULL,'150,00','0,00',NULL,NULL,NULL,166,26,219,200,24,35,NULL,1,'2026-02-20 02:35:11','2026-02-20 02:35:11',5,105,10,30,NULL),(215,NULL,'Pr. Carlos Souza','61966339416','treinamento.salvador@comunidade.com.br','Rua Dom Pedro II','8621','Sala 101','Jardim das Oliveiras','Salvador','BA','62387622','https://www.treinamento-salvador.org.br',NULL,'50,00','100,00',NULL,NULL,NULL,188,51,45,222,54,116,NULL,1,'2026-02-20 02:35:11','2026-02-20 02:35:11',8,65,15,30,NULL),(216,NULL,'Pr. Beatriz Rocha','71912861334','treinamento.porto.alegre@ministerio.com.br','Avenida Brasil','7205',NULL,'Vila Nova','Porto Alegre','RS','35825505','https://www.treinamento-porto-alegre.org.br',NULL,'150,00','150,00','5,00',NULL,NULL,228,44,294,271,295,29,NULL,3,'2026-02-20 02:35:11','2026-02-20 02:35:11',6,77,10,30,NULL),(217,NULL,'Pr. Vitor Santana','61934822718','treinamento.goiania@igreja.org.br','Rua Brasil','1464',NULL,'Centro','Goiania','GO','64718964','https://www.treinamento-goiania.org.br',NULL,'100,00','200,00',NULL,NULL,NULL,212,40,226,133,98,125,NULL,2,'2026-02-20 02:35:11','2026-02-20 02:35:11',7,42,11,30,NULL),(218,NULL,'Pr. Eduardo Rocha','31957299107','treinamento.recife@comunidade.com.br','Avenida Sete de Setembro','369',NULL,'Jardim America','Recife','PE','59022859','https://www.treinamento-recife.org.br',NULL,'50,00','100,00',NULL,NULL,NULL,208,25,171,297,291,106,NULL,0,'2026-02-20 02:35:11','2026-02-20 02:35:11',1,17,18,30,NULL),(219,NULL,'Pr. Rafael Costa','21917471928','treinamento.recife@ministerio.com.br','Alameda Getulio Vargas','2236',NULL,'Vila Nova','Recife','PE','56531130','https://www.treinamento-recife.org.br',NULL,'0,00','50,00',NULL,NULL,NULL,195,30,111,64,201,22,NULL,1,'2026-02-20 02:35:11','2026-02-20 02:35:11',6,38,11,30,NULL),(220,NULL,'Pr. Juliana Costa','51907789782','treinamento.goiania@comunidade.com.br','Rua Rio Branco','2026','Fundos','Parque das Nacoes','Goiania','GO','98779153','https://www.treinamento-goiania.org.br',NULL,'100,00','100,00',NULL,NULL,NULL,109,15,282,204,132,52,NULL,0,'2026-02-20 02:35:11','2026-02-20 02:35:11',5,41,23,30,NULL),(221,NULL,'Pr. Juliana Rocha','51993484240','treinamento.rio.de.janeiro@comunidade.com.br','Alameda Paulista','6624',NULL,'Jardim das Oliveiras','Rio de Janeiro','RJ','10961332','https://www.treinamento-rio-de-janeiro.org.br',NULL,'150,00','0,00',NULL,NULL,NULL,177,10,126,139,285,23,NULL,2,'2026-02-20 02:35:11','2026-02-20 02:35:11',3,11,16,30,NULL),(222,NULL,'Pr. Patricia Moura','51986892244','treinamento.belo.horizonte@igreja.org.br','Travessa Paulista','1124',NULL,'Nova Esperanca','Belo Horizonte','MG','38659248','https://www.treinamento-belo-horizonte.org.br',NULL,'200,00','100,00',NULL,NULL,NULL,251,15,73,10,159,84,NULL,1,'2026-02-20 02:35:11','2026-02-20 02:35:11',4,53,12,30,NULL),(223,NULL,'Pr. Bruno Pereira','71929031783','treinamento.belo.horizonte@ministerio.com.br','Travessa das Flores','568',NULL,'Nova Esperanca','Belo Horizonte','MG','12602328','https://www.treinamento-belo-horizonte.org.br',NULL,'0,00','0,00',NULL,NULL,NULL,268,32,159,19,58,34,NULL,1,'2026-02-20 02:35:11','2026-02-20 02:35:11',8,85,15,30,NULL),(224,NULL,'Pr. Andre Ribeiro','81921148261','treinamento.sao.paulo@ministerio.com.br','Rua Paulista','4809',NULL,'Parque das Nacoes','Sao Paulo','SP','02461610','https://www.treinamento-sao-paulo.org.br',NULL,'200,00','150,00',NULL,NULL,NULL,78,31,101,82,262,194,NULL,3,'2026-02-20 02:35:11','2026-02-20 02:35:11',2,55,18,30,NULL),(225,NULL,'Pr. Carolina Almeida','51932775034','treinamento.fortaleza@comunidade.com.br','Travessa dos Ipes','1707','Casa 2','Jardim America','Fortaleza','CE','92438323','https://www.treinamento-fortaleza.org.br',NULL,'200,00','200,00',NULL,NULL,NULL,4,21,3,25,5,173,NULL,1,'2026-02-20 02:35:11','2026-02-20 02:35:11',2,6,12,30,NULL),(226,NULL,'Pr. Vitor Silva','91923997942','treinamento.salvador@igreja.org.br','Alameda Rio Branco','5913','Fundos','Boa Vista','Salvador','BA','46765869','https://www.treinamento-salvador.org.br',NULL,'200,00','150,00',NULL,NULL,NULL,169,53,49,65,86,124,NULL,1,'2026-02-20 02:35:11','2026-02-20 02:35:11',4,71,12,30,NULL),(227,NULL,'Pr. Marcos Oliveira','21916959748','treinamento.salvador@comunidade.com.br','Travessa Dom Pedro II','3223',NULL,'Vila Esperanca','Salvador','BA','50873979','https://www.treinamento-salvador.org.br',NULL,'100,00','50,00',NULL,NULL,NULL,263,45,164,220,35,114,NULL,0,'2026-02-20 02:35:11','2026-02-20 02:35:11',5,66,24,30,NULL),(228,NULL,'Pr. Larissa Carvalho','91967302893','treinamento.rio.de.janeiro@comunidade.com.br','Alameda Paulista','3375',NULL,'Centro','Rio de Janeiro','RJ','27148401','https://www.treinamento-rio-de-janeiro.org.br',NULL,'150,00','0,00',NULL,NULL,NULL,54,31,19,135,97,80,NULL,0,'2026-02-20 02:35:11','2026-02-20 02:35:11',3,58,21,30,NULL),(229,NULL,'Pr. Eduardo Lima','31916607633','treinamento.belem@comunidade.com.br','Alameda das Flores','8024',NULL,'Jardim das Oliveiras','Belem','PA','45864865','https://www.treinamento-belem.org.br',NULL,'200,00','0,00','5,00',NULL,NULL,46,55,152,8,84,118,NULL,0,'2026-02-20 02:35:11','2026-02-20 02:35:11',8,4,4,30,NULL),(230,NULL,'Pr. Amanda Rocha','51994672329','treinamento.belem@comunidade.com.br','Travessa Santos Dumont','9905',NULL,'Centro','Belem','PA','84245983','https://www.treinamento-belem.org.br',NULL,'200,00','200,00','20,00',NULL,NULL,285,51,185,1,76,114,NULL,1,'2026-02-20 02:35:11','2026-02-20 02:35:11',3,13,8,30,NULL),(231,NULL,'Pr. Joao Silva','41960216975','treinamento.salvador@ministerio.com.br','Alameda Rio Branco','4910','Sala 101','Parque das Nacoes','Salvador','BA','71952649','https://www.treinamento-salvador.org.br',NULL,'100,00','200,00','20,00',NULL,NULL,17,40,17,130,336,30,NULL,1,'2026-02-20 02:35:11','2026-02-20 02:35:11',1,48,3,30,NULL),(232,NULL,'Pr. Joao Ramos','21981004303','treinamento.curitiba@comunidade.com.br','Travessa Paulista','7301',NULL,'Bela Vista','Curitiba','PR','40239565','https://www.treinamento-curitiba.org.br',NULL,'150,00','0,00','10,00',NULL,NULL,163,29,45,73,116,100,'Totam architecto natus non officiis deserunt culpa vero sed et impedit nihil tempore molestiae sed.',3,'2026-02-20 02:35:11','2026-02-20 02:35:11',7,46,2,30,NULL),(233,NULL,'Pr. Bruno Silva','91918457607','treinamento.fortaleza@igreja.org.br','Rua Getulio Vargas','593',NULL,'Vila Nova','Fortaleza','CE','56124656','https://www.treinamento-fortaleza.org.br',NULL,'200,00','0,00',NULL,NULL,NULL,118,48,275,24,365,5,'Cum dolores consequatur aliquid cumque numquam illo impedit sed sed in quibusdam consequuntur sequi sit aut.',0,'2026-02-20 02:35:11','2026-02-20 02:35:11',3,70,23,30,NULL),(234,NULL,'Pr. Tiago Barbosa','41903432048','treinamento.brasilia@comunidade.com.br','Travessa dos Ipes','7625',NULL,'Parque das Nacoes','Brasilia','DF','61555877','https://www.treinamento-brasilia.org.br',NULL,'0,00','150,00',NULL,NULL,NULL,276,42,65,76,151,132,NULL,3,'2026-02-20 02:35:11','2026-02-20 02:35:11',3,62,10,30,NULL),(235,NULL,'Pr. Carolina Oliveira','11954126822','treinamento.goiania@igreja.org.br','Rua Getulio Vargas','1182','Sala 101','Nova Esperanca','Goiania','GO','44630780','https://www.treinamento-goiania.org.br',NULL,'150,00','200,00','15,00',NULL,NULL,243,25,140,35,182,145,'Non ad aut similique officia labore dolores dolorum sint.',0,'2026-02-20 02:35:11','2026-02-20 02:35:11',5,94,17,30,NULL),(236,NULL,'Pr. Patricia Almeida','71980472458','treinamento.manaus@ministerio.com.br','Avenida Getulio Vargas','510',NULL,'Jardim das Oliveiras','Manaus','AM','83529489','https://www.treinamento-manaus.org.br',NULL,'200,00','100,00','5,00',NULL,NULL,176,47,149,73,96,42,NULL,3,'2026-02-20 02:35:11','2026-02-20 02:35:11',5,44,4,30,NULL),(237,NULL,'Pr. Rafael Dias','91937586399','treinamento.curitiba@comunidade.com.br','Rua Dom Pedro II','4648','Casa 2','Centro','Curitiba','PR','96091761','https://www.treinamento-curitiba.org.br',NULL,'150,00','200,00','15,00',NULL,NULL,165,49,131,264,245,139,'Nostrum eveniet voluptatum distinctio dolorem quo maxime inventore.',1,'2026-02-20 02:35:11','2026-02-20 02:35:11',4,52,21,30,NULL),(238,NULL,'Pr. Marcos Souza','31934413871','treinamento.sao.paulo@comunidade.com.br','Alameda dos Ipes','7931',NULL,'Nova Esperanca','Sao Paulo','SP','72229245','https://www.treinamento-sao-paulo.org.br',NULL,'50,00','150,00','10,00',NULL,NULL,43,47,137,90,300,46,NULL,3,'2026-02-20 02:35:11','2026-02-20 02:35:11',1,30,9,30,NULL),(239,NULL,'Pr. Patricia Ferreira','41984915801','treinamento.manaus@igreja.org.br','Rua Sete de Setembro','4876',NULL,'Jardim das Oliveiras','Manaus','AM','61152791','https://www.treinamento-manaus.org.br',NULL,'200,00','150,00','20,00',NULL,NULL,177,49,112,286,298,176,'Iure sequi beatae maiores facilis aut tenetur aut quam est enim sequi in provident maxime doloremque qui.',3,'2026-02-20 02:35:11','2026-02-20 02:35:11',1,4,26,30,NULL),(240,NULL,'Pr. Isabela Santana','21995938046','treinamento.sao.paulo@comunidade.com.br','Rua Dom Pedro II','3387',NULL,'Nova Esperanca','Sao Paulo','SP','76549682','https://www.treinamento-sao-paulo.org.br',NULL,'200,00','200,00',NULL,NULL,NULL,107,33,46,37,56,2,NULL,2,'2026-02-20 02:35:11','2026-02-20 02:35:11',5,62,6,30,NULL),(241,NULL,'Pr. Paulo Gomes','81968297565','treinamento.brasilia@comunidade.com.br','Alameda das Flores','5807',NULL,'Parque das Nacoes','Brasilia','DF','25607729','https://www.treinamento-brasilia.org.br',NULL,'0,00','0,00',NULL,NULL,NULL,126,4,35,46,293,31,NULL,2,'2026-02-20 02:35:11','2026-02-20 02:35:11',5,24,9,30,NULL),(242,NULL,'Pr. Amanda Silva','71931569386','treinamento.manaus@comunidade.com.br','Travessa Santos Dumont','5356',NULL,'Centro','Manaus','AM','55414957','https://www.treinamento-manaus.org.br',NULL,'100,00','150,00',NULL,NULL,NULL,127,46,281,193,150,26,NULL,0,'2026-02-20 02:35:11','2026-02-20 02:35:11',4,88,16,30,NULL),(243,NULL,'Pr. Camila Rocha','41959297108','treinamento.salvador@igreja.org.br','Rua Brasil','6380','Bloco B','Nova Esperanca','Salvador','BA','25938394','https://www.treinamento-salvador.org.br',NULL,'200,00','0,00','5,00',NULL,NULL,214,55,292,59,226,73,NULL,0,'2026-02-20 02:35:11','2026-02-20 02:35:11',7,50,11,30,NULL),(244,NULL,'Pr. Camila Lima','91965507587','treinamento.salvador@comunidade.com.br','Rua Independencia','9564','Bloco B','Bela Vista','Salvador','BA','62372334','https://www.treinamento-salvador.org.br',NULL,'100,00','50,00','10,00',NULL,NULL,158,48,282,27,358,59,NULL,0,'2026-02-20 02:35:11','2026-02-20 02:35:11',8,63,22,30,NULL),(245,NULL,'Pr. Joao Cardoso','81995307809','treinamento.brasilia@ministerio.com.br','Travessa Sete de Setembro','5911',NULL,'Vila Nova','Brasilia','DF','98095189','https://www.treinamento-brasilia.org.br',NULL,'150,00','200,00',NULL,NULL,NULL,80,27,199,16,261,12,NULL,1,'2026-02-20 02:35:11','2026-02-20 02:35:11',8,67,5,30,NULL),(246,NULL,'Pr. Henrique Rocha','41938659564','treinamento.sao.paulo@igreja.org.br','Alameda Sete de Setembro','5693','Fundos','Centro','Sao Paulo','SP','82408851','https://www.treinamento-sao-paulo.org.br',NULL,'50,00','50,00',NULL,NULL,NULL,190,44,94,297,178,95,NULL,2,'2026-02-20 02:35:11','2026-02-20 02:35:11',4,10,8,30,NULL),(247,NULL,'Pr. Mariana Costa','21946521651','treinamento.salvador@ministerio.com.br','Alameda Rio Branco','2097','Fundos','Santa Clara','Salvador','BA','08156763','https://www.treinamento-salvador.org.br',NULL,'100,00','0,00','20,00',NULL,NULL,117,51,184,48,193,17,NULL,1,'2026-02-20 02:35:11','2026-02-20 02:35:11',3,61,20,30,NULL),(248,NULL,'Pr. Carlos Lima','61999858817','treinamento.belo.horizonte@comunidade.com.br','Rua Getulio Vargas','9717','Anexo A','Vila Nova','Belo Horizonte','MG','96745534','https://www.treinamento-belo-horizonte.org.br',NULL,'150,00','200,00',NULL,NULL,NULL,62,57,174,93,154,159,'Explicabo et excepturi quis qui odit quam iusto explicabo velit excepturi eveniet.',1,'2026-02-20 02:35:11','2026-02-20 02:35:11',8,45,1,30,NULL),(249,NULL,'Pr. Henrique Cardoso','11997169597','treinamento.belem@ministerio.com.br','Avenida Dom Pedro II','1962',NULL,'Bela Vista','Belem','PA','95121334','https://www.treinamento-belem.org.br',NULL,'0,00','100,00',NULL,NULL,NULL,116,56,153,119,103,161,NULL,0,'2026-02-20 02:35:11','2026-02-20 02:35:11',2,65,8,30,NULL),(250,NULL,'Pr. Felipe Santana','41903700348','treinamento.goiania@ministerio.com.br','Travessa Getulio Vargas','9997',NULL,'Vila Nova','Goiania','GO','64406978','https://www.treinamento-goiania.org.br',NULL,'150,00','100,00',NULL,NULL,NULL,148,5,192,36,364,89,NULL,3,'2026-02-20 02:35:11','2026-02-20 02:35:11',8,74,11,30,NULL),(251,NULL,'Pr. Renata Barbosa','71900295085','treinamento.brasilia@ministerio.com.br','Alameda dos Ipes','9740',NULL,'Santa Clara','Brasilia','DF','67395762','https://www.treinamento-brasilia.org.br',NULL,'150,00','100,00','5,00',NULL,NULL,44,59,22,179,128,28,NULL,1,'2026-02-20 02:35:11','2026-02-20 02:35:11',4,1,15,30,NULL),(252,NULL,'Pr. Carlos Barbosa','91973742204','treinamento.salvador@comunidade.com.br','Avenida Dom Pedro II','361','Casa 2','Santa Clara','Salvador','BA','32048620','https://www.treinamento-salvador.org.br',NULL,'150,00','100,00',NULL,NULL,NULL,288,3,191,276,49,98,NULL,2,'2026-02-20 02:35:11','2026-02-20 02:35:11',1,70,24,30,NULL),(253,NULL,'Pr. Marcos Lima','61947116849','treinamento.curitiba@ministerio.com.br','Avenida Paulista','2160',NULL,'Jardim das Oliveiras','Curitiba','PR','42391962','https://www.treinamento-curitiba.org.br',NULL,'50,00','50,00','10,00',NULL,NULL,232,24,213,53,34,195,NULL,3,'2026-02-20 02:35:11','2026-02-20 02:35:11',7,66,10,30,NULL),(254,NULL,'Pr. Andre Silva','91969321071','treinamento.curitiba@comunidade.com.br','Rua Paulista','7034',NULL,'Jardim das Oliveiras','Curitiba','PR','45817656','https://www.treinamento-curitiba.org.br',NULL,'150,00','0,00','20,00',NULL,NULL,130,6,157,184,220,0,NULL,2,'2026-02-20 02:35:11','2026-02-20 02:35:11',3,76,15,30,NULL),(255,NULL,'Pr. Bruno Ramos','81901708546','treinamento.rio.de.janeiro@ministerio.com.br','Travessa Rio Branco','8183',NULL,'Santa Clara','Rio de Janeiro','RJ','24619249','https://www.treinamento-rio-de-janeiro.org.br',NULL,'200,00','200,00','5,00',NULL,NULL,11,16,117,32,246,131,NULL,0,'2026-02-20 02:35:11','2026-02-20 02:35:11',4,18,19,30,NULL),(256,NULL,'Pr. Patricia Ferreira','51948425106','treinamento.salvador@igreja.org.br','Avenida Brasil','2924',NULL,'Nova Esperanca','Salvador','BA','17169015','https://www.treinamento-salvador.org.br',NULL,'100,00','150,00','20,00',NULL,NULL,73,11,123,209,264,153,NULL,1,'2026-02-20 02:35:11','2026-02-20 02:35:11',2,17,2,30,NULL),(257,NULL,'Pr. Juliana Rocha','85952627126','treinamento.sao.paulo@comunidade.com.br','Rua Independencia','7292',NULL,'Parque das Nacoes','Sao Paulo','SP','36340447','https://www.treinamento-sao-paulo.org.br',NULL,'200,00','200,00',NULL,NULL,NULL,202,2,76,224,207,36,NULL,2,'2026-02-20 02:35:11','2026-02-20 02:35:11',8,6,26,30,NULL),(258,NULL,'Pr. Patricia Gomes','11944957532','treinamento.salvador@ministerio.com.br','Avenida Getulio Vargas','7812',NULL,'Santa Clara','Salvador','BA','95263961','https://www.treinamento-salvador.org.br',NULL,'0,00','100,00','5,00',NULL,NULL,75,10,106,3,31,85,NULL,1,'2026-02-20 02:35:11','2026-02-20 02:35:11',7,18,1,30,NULL),(259,NULL,'Pr. Camila Santana','21929788690','treinamento.recife@igreja.org.br','Travessa Independencia','6236','Bloco B','Centro','Recife','PE','72845323','https://www.treinamento-recife.org.br',NULL,'50,00','200,00',NULL,NULL,NULL,96,0,294,117,37,151,NULL,3,'2026-02-20 02:35:11','2026-02-20 02:35:11',1,56,22,30,NULL),(260,NULL,'Pr. Larissa Santana','85976145892','treinamento.belo.horizonte@comunidade.com.br','Avenida Brasil','4928',NULL,'Jardim das Oliveiras','Belo Horizonte','MG','04933038','https://www.treinamento-belo-horizonte.org.br',NULL,'200,00','200,00','20,00',NULL,NULL,79,42,207,144,309,107,NULL,1,'2026-02-20 02:35:11','2026-02-20 02:35:11',4,92,12,30,NULL),(261,NULL,'Pr. Mariana Gomes','81997166293','treinamento.porto.alegre@igreja.org.br','Alameda Getulio Vargas','4257','Bloco B','Boa Vista','Porto Alegre','RS','33177961','https://www.treinamento-porto-alegre.org.br',NULL,'150,00','0,00',NULL,NULL,NULL,18,40,1,109,141,94,NULL,1,'2026-02-20 02:35:11','2026-02-20 02:35:11',2,30,16,30,NULL),(262,NULL,'Pr. Renata Oliveira','41930556954','treinamento.porto.alegre@igreja.org.br','Avenida das Flores','8606',NULL,'Jardim das Oliveiras','Porto Alegre','RS','55534610','https://www.treinamento-porto-alegre.org.br',NULL,'0,00','50,00',NULL,NULL,NULL,28,10,8,250,95,162,NULL,3,'2026-02-20 02:35:11','2026-02-20 02:35:11',5,50,16,30,NULL),(263,NULL,'Pr. Paulo Moura','51932843169','treinamento.curitiba@ministerio.com.br','Alameda Getulio Vargas','3466',NULL,'Vila Nova','Curitiba','PR','62925833','https://www.treinamento-curitiba.org.br',NULL,'0,00','50,00',NULL,NULL,NULL,183,31,215,180,370,168,NULL,1,'2026-02-20 02:35:11','2026-02-20 02:35:11',5,99,14,30,NULL),(264,NULL,'Pr. Daniel Moura','71985593977','treinamento.goiania@igreja.org.br','Avenida Rio Branco','2495',NULL,'Vila Esperanca','Goiania','GO','07402126','https://www.treinamento-goiania.org.br',NULL,'200,00','100,00','5,00',NULL,NULL,111,9,282,204,122,132,'Rerum hic molestiae a officiis hic a quia error impedit similique porro omnis.',3,'2026-02-20 02:35:11','2026-02-20 02:35:11',5,54,15,30,NULL),(265,NULL,'Pr. Daniel Almeida','85958295823','treinamento.manaus@ministerio.com.br','Avenida Santos Dumont','4629','Sala 101','Jardim America','Manaus','AM','62017730','https://www.treinamento-manaus.org.br',NULL,'200,00','200,00',NULL,NULL,NULL,88,28,95,153,0,155,NULL,0,'2026-02-20 02:35:11','2026-02-20 02:35:11',2,70,11,30,NULL),(266,NULL,'Pr. Patricia Ramos','91992763351','treinamento.brasilia@comunidade.com.br','Rua Santos Dumont','209',NULL,'Jardim America','Brasilia','DF','22003277','https://www.treinamento-brasilia.org.br',NULL,'150,00','0,00',NULL,NULL,NULL,162,53,145,65,59,120,NULL,1,'2026-02-20 02:35:11','2026-02-20 02:35:11',8,70,16,30,NULL),(267,NULL,'Pr. Patricia Souza','71940554163','treinamento.manaus@ministerio.com.br','Rua das Flores','4241',NULL,'Vila Nova','Manaus','AM','32115295','https://www.treinamento-manaus.org.br',NULL,'150,00','150,00',NULL,NULL,NULL,47,52,142,281,153,190,'Ut rerum dolore quia neque molestiae iste aut velit expedita inventore quos laborum.',0,'2026-02-20 02:35:11','2026-02-20 02:35:11',5,90,8,30,NULL),(268,NULL,'Pr. Bruno Ribeiro','11969984601','treinamento.porto.alegre@ministerio.com.br','Avenida Rio Branco','4871',NULL,'Jardim das Oliveiras','Porto Alegre','RS','54337837','https://www.treinamento-porto-alegre.org.br',NULL,'50,00','200,00','10,00',NULL,NULL,37,10,158,78,108,96,'Veritatis pariatur vitae sit aut quidem et in pariatur repudiandae.',0,'2026-02-20 02:35:11','2026-02-20 02:35:11',2,45,20,30,NULL),(269,NULL,'Pr. Marcos Cardoso','81943603300','treinamento.rio.de.janeiro@igreja.org.br','Avenida Getulio Vargas','6995','Anexo A','Centro','Rio de Janeiro','RJ','24645891','https://www.treinamento-rio-de-janeiro.org.br',NULL,'200,00','0,00',NULL,NULL,NULL,263,41,261,248,267,139,NULL,0,'2026-02-20 02:35:11','2026-02-20 02:35:11',7,37,10,30,NULL),(270,NULL,'Pr. Vitor Martins','51954890754','treinamento.brasilia@igreja.org.br','Rua das Flores','9057','Sala 101','Santa Clara','Brasilia','DF','30907171','https://www.treinamento-brasilia.org.br',NULL,'150,00','0,00',NULL,NULL,NULL,26,33,216,54,245,78,NULL,3,'2026-02-20 02:35:11','2026-02-20 02:35:11',3,41,14,30,NULL),(271,NULL,'Pr. Beatriz Barbosa','11922869781','treinamento.sao.paulo@igreja.org.br','Travessa Dom Pedro II','3469','Bloco B','Centro','Sao Paulo','SP','02604874','https://www.treinamento-sao-paulo.org.br',NULL,'50,00','0,00',NULL,NULL,NULL,202,17,192,0,83,120,NULL,2,'2026-02-20 02:35:11','2026-02-20 02:35:11',7,60,2,30,NULL),(272,NULL,'Pr. Andre Costa','85960600269','treinamento.manaus@comunidade.com.br','Rua Sete de Setembro','8059',NULL,'Santa Clara','Manaus','AM','60233410','https://www.treinamento-manaus.org.br',NULL,'150,00','100,00',NULL,NULL,NULL,235,32,18,271,351,175,NULL,2,'2026-02-20 02:35:11','2026-02-20 02:35:11',2,46,26,30,NULL),(273,NULL,'Pr. Amanda Lima','41992249111','treinamento.curitiba@ministerio.com.br','Alameda das Flores','2939','Bloco B','Parque das Nacoes','Curitiba','PR','65590305','https://www.treinamento-curitiba.org.br',NULL,'200,00','0,00',NULL,NULL,NULL,65,40,25,110,315,166,NULL,2,'2026-02-20 02:35:11','2026-02-20 02:35:11',7,101,26,30,NULL),(274,NULL,'Pr. Mariana Costa','21925103631','treinamento.recife@comunidade.com.br','Alameda das Flores','8622','Casa 2','Nova Esperanca','Recife','PE','81136679','https://www.treinamento-recife.org.br',NULL,'100,00','100,00',NULL,NULL,NULL,187,60,21,3,136,183,NULL,1,'2026-02-20 02:35:11','2026-02-20 02:35:11',7,17,1,30,NULL),(275,NULL,'Pr. Gabriel Rocha','61996606143','treinamento.rio.de.janeiro@comunidade.com.br','Avenida Getulio Vargas','3930',NULL,'Jardim das Oliveiras','Rio de Janeiro','RJ','60821365','https://www.treinamento-rio-de-janeiro.org.br',NULL,'0,00','200,00','5,00',NULL,NULL,264,23,158,138,64,76,'Impedit esse optio eligendi sed beatae suscipit nihil illum maiores unde laudantium et.',2,'2026-02-20 02:35:11','2026-02-20 02:35:11',8,67,26,30,NULL),(276,NULL,'Pr. Daniel Costa','11932508306','treinamento.belem@comunidade.com.br','Alameda Paulista','9545',NULL,'Vila Nova','Belem','PA','31218022','https://www.treinamento-belem.org.br',NULL,'0,00','100,00','20,00',NULL,NULL,105,2,189,86,78,179,'Voluptatem eum modi eveniet qui placeat nemo ab assumenda provident expedita.',1,'2026-02-20 02:35:11','2026-02-20 02:35:11',7,99,10,30,NULL),(277,NULL,'Pr. Larissa Rocha','41990725987','treinamento.brasilia@comunidade.com.br','Rua Santos Dumont','512','Anexo A','Parque das Nacoes','Brasilia','DF','06927726','https://www.treinamento-brasilia.org.br',NULL,'0,00','0,00','5,00',NULL,NULL,249,48,181,19,124,45,NULL,1,'2026-02-20 02:35:11','2026-02-20 02:35:11',5,27,3,30,NULL),(278,NULL,'Pr. Amanda Rocha','91980026403','treinamento.rio.de.janeiro@comunidade.com.br','Alameda das Flores','4119','Casa 2','Bela Vista','Rio de Janeiro','RJ','60285810','https://www.treinamento-rio-de-janeiro.org.br',NULL,'150,00','200,00',NULL,NULL,NULL,275,19,218,40,38,88,NULL,0,'2026-02-20 02:35:11','2026-02-20 02:35:11',6,50,10,30,NULL),(279,NULL,'Pr. Joao Gomes','61932130644','treinamento.manaus@comunidade.com.br','Rua Santos Dumont','2169',NULL,'Jardim das Oliveiras','Manaus','AM','78310063','https://www.treinamento-manaus.org.br',NULL,'0,00','0,00','20,00',NULL,NULL,60,31,122,261,348,134,NULL,3,'2026-02-20 02:35:11','2026-02-20 02:35:11',6,11,3,30,NULL),(280,NULL,'Pr. Carlos Cardoso','85918885229','treinamento.porto.alegre@igreja.org.br','Alameda dos Ipes','6314','Fundos','Bela Vista','Porto Alegre','RS','75948439','https://www.treinamento-porto-alegre.org.br',NULL,'0,00','0,00',NULL,NULL,NULL,18,48,51,153,37,45,NULL,2,'2026-02-20 02:35:11','2026-02-20 02:35:11',3,60,11,30,NULL),(281,NULL,'Pr. Larissa Lima','91950442425','treinamento.sao.paulo@comunidade.com.br','Rua das Flores','8587',NULL,'Santa Clara','Sao Paulo','SP','03784482','https://www.treinamento-sao-paulo.org.br',NULL,'200,00','150,00',NULL,NULL,NULL,169,52,87,158,2,132,'Voluptatem consectetur minus expedita qui labore illo fuga ut nostrum non voluptas voluptates labore recusandae minus reprehenderit.',2,'2026-02-20 02:35:11','2026-02-20 02:35:11',8,46,11,30,NULL),(282,NULL,'Pr. Daniel Oliveira','81942669660','treinamento.goiania@ministerio.com.br','Alameda Getulio Vargas','6073','Bloco B','Vila Nova','Goiania','GO','64477049','https://www.treinamento-goiania.org.br',NULL,'200,00','50,00',NULL,NULL,NULL,272,53,251,18,318,27,NULL,0,'2026-02-20 02:35:11','2026-02-20 02:35:11',7,6,22,30,NULL),(283,NULL,'Pr. Camila Carvalho','41967406011','treinamento.porto.alegre@comunidade.com.br','Alameda Sete de Setembro','7925',NULL,'Santa Clara','Porto Alegre','RS','02859943','https://www.treinamento-porto-alegre.org.br',NULL,'150,00','200,00','20,00',NULL,NULL,67,38,233,47,281,25,NULL,3,'2026-02-20 02:35:11','2026-02-20 02:35:11',1,36,7,30,NULL),(284,NULL,'Pr. Fernanda Ribeiro','81901206527','treinamento.curitiba@ministerio.com.br','Rua Independencia','2299','Anexo A','Parque das Nacoes','Curitiba','PR','04939431','https://www.treinamento-curitiba.org.br',NULL,'50,00','100,00',NULL,NULL,NULL,66,25,184,42,173,40,NULL,2,'2026-02-20 02:35:11','2026-02-20 02:35:11',4,69,5,30,NULL),(285,NULL,'Pr. Gabriel Silva','81925881155','treinamento.salvador@igreja.org.br','Travessa Independencia','1565',NULL,'Vila Nova','Salvador','BA','71869658','https://www.treinamento-salvador.org.br',NULL,'100,00','150,00',NULL,NULL,NULL,144,16,159,242,336,91,NULL,3,'2026-02-20 02:35:11','2026-02-20 02:35:11',3,78,3,30,NULL),(286,NULL,'Pr. Paulo Lima','41911695665','treinamento.sao.paulo@comunidade.com.br','Avenida Santos Dumont','9371',NULL,'Vila Nova','Sao Paulo','SP','40673706','https://www.treinamento-sao-paulo.org.br',NULL,'0,00','200,00',NULL,NULL,NULL,200,36,7,94,201,98,NULL,1,'2026-02-20 02:35:11','2026-02-20 02:35:11',1,74,14,30,NULL),(287,NULL,'Pr. Bruno Costa','91948920702','treinamento.curitiba@igreja.org.br','Travessa Sete de Setembro','8467',NULL,'Boa Vista','Curitiba','PR','13630522','https://www.treinamento-curitiba.org.br',NULL,'0,00','0,00','15,00',NULL,NULL,100,47,26,221,9,42,NULL,2,'2026-02-20 02:35:11','2026-02-20 02:35:11',5,97,6,30,NULL),(288,NULL,'Pr. Andre Gomes','81987154571','treinamento.porto.alegre@comunidade.com.br','Rua Sete de Setembro','4815',NULL,'Jardim das Oliveiras','Porto Alegre','RS','14569434','https://www.treinamento-porto-alegre.org.br',NULL,'200,00','150,00','15,00',NULL,NULL,65,57,295,152,114,49,NULL,3,'2026-02-20 02:35:11','2026-02-20 02:35:11',1,8,19,30,NULL),(289,NULL,'Pr. Vitor Dias','61925318037','treinamento.brasilia@igreja.org.br','Alameda Rio Branco','3318','Fundos','Santa Clara','Brasilia','DF','26180387','https://www.treinamento-brasilia.org.br',NULL,'0,00','50,00',NULL,NULL,NULL,42,36,291,117,386,37,NULL,0,'2026-02-20 02:35:11','2026-02-20 02:35:11',4,69,17,30,NULL),(290,NULL,'Pr. Andre Pereira','11904339682','treinamento.curitiba@comunidade.com.br','Travessa dos Ipes','8246',NULL,'Jardim das Oliveiras','Curitiba','PR','60657599','https://www.treinamento-curitiba.org.br',NULL,'150,00','100,00','15,00',NULL,NULL,154,26,39,261,29,162,'Nihil dolores est enim modi illo beatae voluptatem corrupti dolorem consequuntur qui omnis at.',1,'2026-02-20 02:35:11','2026-02-20 02:35:11',6,39,21,30,NULL),(291,NULL,'Pr. Joao Silva','51986676431','treinamento.sao.paulo@comunidade.com.br','Alameda Dom Pedro II','4998',NULL,'Nova Esperanca','Sao Paulo','SP','37695713','https://www.treinamento-sao-paulo.org.br',NULL,'150,00','150,00','10,00',NULL,NULL,235,52,277,286,15,39,NULL,2,'2026-02-20 02:35:11','2026-02-20 02:35:11',2,87,15,30,NULL),(292,NULL,'Pr. Mariana Pereira','11902539109','treinamento.porto.alegre@igreja.org.br','Travessa Rio Branco','57',NULL,'Boa Vista','Porto Alegre','RS','43755770','https://www.treinamento-porto-alegre.org.br',NULL,'0,00','150,00',NULL,NULL,NULL,60,29,288,272,61,88,NULL,3,'2026-02-20 02:35:11','2026-02-20 02:35:11',8,31,12,30,NULL),(293,NULL,'Pr. Carolina Silva','11972846644','treinamento.rio.de.janeiro@comunidade.com.br','Avenida dos Ipes','868','Casa 2','Nova Esperanca','Rio de Janeiro','RJ','28882006','https://www.treinamento-rio-de-janeiro.org.br',NULL,'50,00','50,00','5,00',NULL,NULL,17,58,232,210,130,85,NULL,2,'2026-02-20 02:35:11','2026-02-20 02:35:11',4,103,8,30,NULL),(294,NULL,'Pr. Isabela Pereira','51946048268','treinamento.sao.paulo@ministerio.com.br','Travessa dos Ipes','3206',NULL,'Jardim America','Sao Paulo','SP','43850060','https://www.treinamento-sao-paulo.org.br',NULL,'100,00','50,00','15,00',NULL,NULL,191,60,46,299,361,161,'Sequi repellendus sunt dolorem voluptas dolorem distinctio aut repellendus minus aut.',2,'2026-02-20 02:35:11','2026-02-20 02:35:11',6,20,26,30,NULL),(295,NULL,'Pr. Andre Ramos','85914725750','treinamento.porto.alegre@comunidade.com.br','Travessa Sete de Setembro','5198',NULL,'Jardim das Oliveiras','Porto Alegre','RS','25830167','https://www.treinamento-porto-alegre.org.br',NULL,'150,00','100,00',NULL,NULL,NULL,138,17,219,55,43,22,NULL,3,'2026-02-20 02:35:11','2026-02-20 02:35:11',4,52,26,30,NULL),(296,NULL,'Pr. Beatriz Martins','81967078753','treinamento.fortaleza@ministerio.com.br','Rua das Flores','4836','Casa 2','Jardim America','Fortaleza','CE','56501272','https://www.treinamento-fortaleza.org.br',NULL,'50,00','100,00',NULL,NULL,NULL,61,59,4,148,218,51,NULL,1,'2026-02-20 02:35:11','2026-02-20 02:35:11',1,99,26,30,NULL),(297,NULL,'Pr. Rafael Dias','81964098174','treinamento.goiania@comunidade.com.br','Rua dos Ipes','6407',NULL,'Vila Esperanca','Goiania','GO','98895579','https://www.treinamento-goiania.org.br',NULL,'150,00','150,00',NULL,NULL,NULL,161,60,243,224,171,47,NULL,0,'2026-02-20 02:35:11','2026-02-20 02:35:11',6,101,10,30,NULL),(298,NULL,'Pr. Patricia Lima','91972869545','treinamento.belem@igreja.org.br','Rua dos Ipes','7862',NULL,'Parque das Nacoes','Belem','PA','78640008','https://www.treinamento-belem.org.br',NULL,'50,00','200,00',NULL,NULL,NULL,193,33,111,175,123,141,NULL,3,'2026-02-20 02:35:11','2026-02-20 02:35:11',1,63,10,30,NULL),(299,NULL,'Pr. Andre Costa','41951431503','treinamento.salvador@ministerio.com.br','Rua Brasil','5646','Fundos','Vila Nova','Salvador','BA','85458303','https://www.treinamento-salvador.org.br',NULL,'150,00','0,00',NULL,NULL,NULL,52,45,131,265,224,3,NULL,0,'2026-02-20 02:35:11','2026-02-20 02:35:11',4,102,6,30,NULL),(300,NULL,'Pr. Andre Ferreira','21965488249','treinamento.rio.de.janeiro@ministerio.com.br','Rua Rio Branco','2420',NULL,'Boa Vista','Rio de Janeiro','RJ','42792373','https://www.treinamento-rio-de-janeiro.org.br',NULL,'200,00','0,00','20,00',NULL,NULL,155,8,238,169,284,47,'Occaecati totam repellat minima cumque ab nihil dolores reiciendis iure vel ipsa.',2,'2026-02-20 02:35:11','2026-02-20 02:35:11',3,43,6,30,NULL),(301,NULL,'Pr. Lucas Silva','71970738501','treinamento.curitiba@ministerio.com.br','Alameda Santos Dumont','9656',NULL,'Parque das Nacoes','Curitiba','PR','10844345','https://www.treinamento-curitiba.org.br',NULL,'0,00','50,00',NULL,NULL,NULL,78,1,282,221,368,73,NULL,3,'2026-02-20 02:35:11','2026-02-20 02:35:11',4,4,22,30,NULL),(302,NULL,'Pr. Mariana Cardoso','61940050842','treinamento.brasilia@igreja.org.br','Rua Dom Pedro II','432',NULL,'Santa Clara','Brasilia','DF','87064448','https://www.treinamento-brasilia.org.br',NULL,'50,00','100,00',NULL,NULL,NULL,111,22,53,172,249,138,NULL,3,'2026-02-20 02:35:12','2026-02-20 02:35:12',7,48,24,30,NULL),(303,NULL,'Pr. Mariana Rezende','81913979904','treinamento.manaus@ministerio.com.br','Alameda Santos Dumont','2894',NULL,'Santa Clara','Manaus','AM','72333742','https://www.treinamento-manaus.org.br',NULL,'100,00','200,00',NULL,NULL,NULL,88,48,269,271,165,199,'Iusto ipsa ex exercitationem repudiandae maiores architecto magnam provident ea laudantium aperiam nihil corporis saepe vel.',0,'2026-02-20 02:35:12','2026-02-20 02:35:12',8,95,9,30,NULL),(304,NULL,'Pr. Bruno Ramos','21936566394','treinamento.belem@comunidade.com.br','Alameda Independencia','1408',NULL,'Jardim das Oliveiras','Belem','PA','73781596','https://www.treinamento-belem.org.br',NULL,'100,00','150,00','15,00',NULL,NULL,282,25,68,213,259,15,NULL,2,'2026-02-20 02:35:12','2026-02-20 02:35:12',3,24,5,30,NULL),(305,NULL,'Pr. Isabela Moura','11948874628','treinamento.fortaleza@comunidade.com.br','Avenida Brasil','1689','Anexo A','Nova Esperanca','Fortaleza','CE','05133115','https://www.treinamento-fortaleza.org.br',NULL,'100,00','100,00',NULL,NULL,NULL,27,20,87,95,383,173,NULL,1,'2026-02-20 02:35:12','2026-02-20 02:35:12',7,45,21,30,NULL),(306,NULL,'Pr. Andre Carvalho','61951762734','treinamento.belem@comunidade.com.br','Rua das Flores','6703',NULL,'Jardim das Oliveiras','Belem','PA','08507543','https://www.treinamento-belem.org.br',NULL,'50,00','50,00',NULL,NULL,NULL,66,42,187,241,310,110,NULL,3,'2026-02-20 02:35:12','2026-02-20 02:35:12',2,89,8,30,NULL),(307,NULL,'Pr. Fernanda Ribeiro','31946288492','treinamento.sao.paulo@comunidade.com.br','Travessa Getulio Vargas','9836',NULL,'Jardim das Oliveiras','Sao Paulo','SP','81501804','https://www.treinamento-sao-paulo.org.br',NULL,'100,00','150,00','20,00',NULL,NULL,46,1,200,19,113,69,'Illo eius dolor accusantium mollitia voluptatem sint at ut saepe rerum ut.',2,'2026-02-20 02:35:12','2026-02-20 02:35:12',3,63,10,30,NULL),(308,NULL,'Pr. Bruno Rezende','81950765254','treinamento.brasilia@comunidade.com.br','Rua Brasil','1935','Sala 101','Vila Esperanca','Brasilia','DF','59016147','https://www.treinamento-brasilia.org.br',NULL,'150,00','0,00','10,00',NULL,NULL,21,58,20,54,182,124,NULL,3,'2026-02-20 02:35:12','2026-02-20 02:35:12',6,36,24,30,NULL),(309,NULL,'Pr. Rafael Cardoso','31948634855','treinamento.belo.horizonte@igreja.org.br','Travessa dos Ipes','6408',NULL,'Santa Clara','Belo Horizonte','MG','65142064','https://www.treinamento-belo-horizonte.org.br',NULL,'100,00','100,00','20,00',NULL,NULL,238,21,57,274,372,8,NULL,3,'2026-02-20 02:35:12','2026-02-20 02:35:12',7,79,23,30,NULL),(310,NULL,'Pr. Larissa Lima','71919705455','treinamento.belem@comunidade.com.br','Avenida Rio Branco','7348',NULL,'Parque das Nacoes','Belem','PA','18146463','https://www.treinamento-belem.org.br',NULL,'50,00','100,00',NULL,NULL,NULL,111,24,218,165,77,87,'Sed asperiores quaerat qui placeat dolorem maxime veritatis id a ut quos molestiae doloribus est error.',0,'2026-02-20 02:35:12','2026-02-20 02:35:12',2,76,3,30,NULL),(311,NULL,'Pr. Marcos Souza','85950567972','treinamento.salvador@comunidade.com.br','Rua Rio Branco','4436',NULL,'Parque das Nacoes','Salvador','BA','63002640','https://www.treinamento-salvador.org.br',NULL,'100,00','100,00','5,00',NULL,NULL,211,23,214,296,126,81,'Numquam laudantium est qui voluptatum eum quia commodi est voluptas.',0,'2026-02-20 02:35:12','2026-02-20 02:35:12',1,87,6,30,NULL),(312,'training-banners/312/PqLPc3uxwKcwuxYHXiDnIZDccLnS5PFNC5E04nxC.jpg','Secretaria','(21) 2621-1268','secretaria@pibinga.org.br','Rua Doutor Paulo Alves','125','','Ingá','Niterói','RJ','24.210-445',NULL,'(21) 98494-5914','65,00','20,00','25,00','training-pix-qrcodes/312/qMk4XQdYtFUyqyHOEmegtfIycimS1KfyQZDGpwuv.png','21972765535',NULL,0,0,0,0,0,NULL,1,'2026-02-20 04:22:37','2026-02-20 04:22:37',2,1,1,30,NULL),(313,NULL,'Secretaria da Clínica EE','21972765535','clinica.ee.seed@eebrasil.org.br','Rua da Clínica','100',NULL,'Centro','Rio de Janeiro','RJ','20000000',NULL,NULL,'180.00','20.00','0.00',NULL,NULL,0,0,0,0,0,0,'[SEED] Clinic EE full-flow',1,'2026-02-20 04:40:00','2026-02-20 04:40:00',1,1,1,30,NULL);
/*!40000 ALTER TABLE `trainings` ENABLE KEYS */;
UNLOCK TABLES;

--
-- Table structure for table `users`
--

DROP TABLE IF EXISTS `users`;
/*!40101 SET @saved_cs_client     = @@character_set_client */;
/*!50503 SET character_set_client = utf8mb4 */;
CREATE TABLE `users` (
  `id` bigint unsigned NOT NULL AUTO_INCREMENT,
  `pastor` varchar(255) COLLATE utf8mb4_unicode_ci DEFAULT NULL,
  `name` varchar(255) COLLATE utf8mb4_unicode_ci NOT NULL,
  `birthdate` varchar(255) COLLATE utf8mb4_unicode_ci DEFAULT NULL,
  `gender` varchar(255) COLLATE utf8mb4_unicode_ci DEFAULT NULL,
  `profile_photo_path` varchar(255) COLLATE utf8mb4_unicode_ci DEFAULT NULL,
  `phone` varchar(255) COLLATE utf8mb4_unicode_ci DEFAULT NULL,
  `email` varchar(255) COLLATE utf8mb4_unicode_ci NOT NULL,
  `street` varchar(255) COLLATE utf8mb4_unicode_ci DEFAULT NULL,
  `number` varchar(255) COLLATE utf8mb4_unicode_ci DEFAULT NULL,
  `complement` varchar(255) COLLATE utf8mb4_unicode_ci DEFAULT NULL,
  `district` varchar(255) COLLATE utf8mb4_unicode_ci DEFAULT NULL,
  `city` varchar(255) COLLATE utf8mb4_unicode_ci DEFAULT NULL,
  `state` varchar(255) COLLATE utf8mb4_unicode_ci DEFAULT NULL,
  `postal_code` varchar(255) COLLATE utf8mb4_unicode_ci DEFAULT NULL,
  `notes` text COLLATE utf8mb4_unicode_ci,
  `email_verified_at` timestamp NULL DEFAULT NULL,
  `password` varchar(255) COLLATE utf8mb4_unicode_ci NOT NULL,
  `two_factor_secret` text COLLATE utf8mb4_unicode_ci,
  `two_factor_recovery_codes` text COLLATE utf8mb4_unicode_ci,
  `two_factor_confirmed_at` timestamp NULL DEFAULT NULL,
  `remember_token` varchar(100) COLLATE utf8mb4_unicode_ci DEFAULT NULL,
  `created_at` timestamp NULL DEFAULT NULL,
  `updated_at` timestamp NULL DEFAULT NULL,
  `church_id` bigint unsigned DEFAULT NULL,
  `church_temp_id` bigint unsigned DEFAULT NULL,
  PRIMARY KEY (`id`),
  UNIQUE KEY `users_email_unique` (`email`),
  KEY `users_church_id_foreign` (`church_id`),
  KEY `users_church_temp_id_foreign` (`church_temp_id`),
  CONSTRAINT `users_church_id_foreign` FOREIGN KEY (`church_id`) REFERENCES `churches` (`id`) ON DELETE SET NULL ON UPDATE CASCADE,
  CONSTRAINT `users_church_temp_id_foreign` FOREIGN KEY (`church_temp_id`) REFERENCES `church_temps` (`id`) ON DELETE SET NULL ON UPDATE CASCADE
) ENGINE=InnoDB AUTO_INCREMENT=107 DEFAULT CHARSET=utf8mb4 COLLATE=utf8mb4_unicode_ci;
/*!40101 SET character_set_client = @saved_cs_client */;

--
-- Dumping data for table `users`
--

LOCK TABLES `users` WRITE;
/*!40000 ALTER TABLE `users` DISABLE KEYS */;
INSERT INTO `users` VALUES (1,NULL,'Cleiton dos Santos',NULL,NULL,NULL,'21972765535','csilva@eeworks.org',NULL,NULL,NULL,NULL,NULL,NULL,NULL,NULL,NULL,'$2y$12$KeCUNReIgi2OuBPyebsbnexwLkyGilzvXVbDKQm60zC3l1reHcCB2',NULL,NULL,NULL,NULL,'2026-02-20 02:35:07','2026-02-20 02:35:07',1,NULL),(2,NULL,'Jailton Barreto Rangel',NULL,NULL,NULL,'21991046211','jailtonbarreto@eeworks.org',NULL,NULL,NULL,NULL,NULL,NULL,NULL,NULL,NULL,'$2y$12$BpkbeoenUPtS43NplJVoLeRtIMZV77b0QsAbAzNiecNe6DqxzntSi',NULL,NULL,NULL,NULL,'2026-02-20 02:35:07','2026-02-20 02:35:07',4,NULL),(3,NULL,'Cleverson Rodrigues',NULL,NULL,NULL,'6692603673','cleverson@eebrasil.org.br',NULL,NULL,NULL,NULL,NULL,NULL,NULL,NULL,NULL,'$2y$12$24nE6ESSITNsspvGwEiV.uZ707QaJohWNgYbgGOFUOjkP87VHuLN2',NULL,NULL,NULL,NULL,'2026-02-20 02:35:07','2026-02-20 02:35:07',5,NULL),(4,NULL,'Davdsion Freitas',NULL,NULL,NULL,'21992192082','davidsonfreitas@eebrasil.org.br',NULL,NULL,NULL,NULL,NULL,NULL,NULL,NULL,NULL,'$2y$12$NnkJ9AoNunTMPcyZO2jL.ObDi03lCee1CYnL6QRuMLlx6LnBdAWcu',NULL,NULL,NULL,NULL,'2026-02-20 02:35:08','2026-02-20 02:35:08',3,NULL),(5,NULL,'Robert D. Foster',NULL,NULL,NULL,'6787364150','rfoster@eeworks.org',NULL,NULL,NULL,NULL,NULL,NULL,NULL,NULL,NULL,'$2y$12$h7TRyQ3iYKqAwYdgmvqGUua.61LvDN6/8p/PBejezgwoKp9Z4SPu.',NULL,NULL,NULL,NULL,'2026-02-20 02:35:08','2026-02-20 02:35:08',6,NULL),(6,NULL,'Renata Ramos','1988-09-14','Feminino',NULL,'81937445715','laiane.dominato@example.com','Alameda das Flores','9303','Apto 101','Bela Vista','Sao Paulo','GO','31275847',NULL,'2026-02-20 02:35:08','$2y$12$IYLgDxE1SJ1gEZuE0Nv3P.O3g2vcYGwjLJ/lkK3spo77Zv6sFX.Rm',NULL,NULL,NULL,'bQLOrQGNdC','2026-02-20 02:35:08','2026-02-20 02:35:08',22,NULL),(7,NULL,'Carlos Rocha','1973-05-09','Outro',NULL,'91963131663','balestero.otavio@example.net','Travessa Independencia','4678',NULL,'Jardim das Oliveiras','Manaus','RJ','28906624','Voluptatem corrupti ea ut eligendi ratione aliquam alias nesciunt laborum illum voluptate beatae doloribus nulla voluptatem.','2026-02-20 02:35:08','$2y$12$IYLgDxE1SJ1gEZuE0Nv3P.O3g2vcYGwjLJ/lkK3spo77Zv6sFX.Rm',NULL,NULL,NULL,'DS3lI7X7Ln','2026-02-20 02:35:08','2026-02-20 04:40:00',NULL,NULL),(8,NULL,'Gabriel Martins','1991-10-17',NULL,NULL,'41986306346','ztamoio@example.net','Travessa Paulista','9690',NULL,'Bela Vista','Belo Horizonte','PE','07907360',NULL,'2026-02-20 02:35:08','$2y$12$IYLgDxE1SJ1gEZuE0Nv3P.O3g2vcYGwjLJ/lkK3spo77Zv6sFX.Rm',NULL,NULL,NULL,'defbeqV0n8','2026-02-20 02:35:08','2026-02-20 04:40:00',NULL,NULL),(9,NULL,'Larissa Moura','2026-01-15','Masculino',NULL,'31908876397','ferminiano.alexa@example.org','Alameda Rio Branco','1957',NULL,'Vila Nova','Manaus','BA','49695507',NULL,'2026-02-20 02:35:08','$2y$12$IYLgDxE1SJ1gEZuE0Nv3P.O3g2vcYGwjLJ/lkK3spo77Zv6sFX.Rm',NULL,NULL,NULL,'ky0B1L8Mr7','2026-02-20 02:35:08','2026-02-20 04:40:00',NULL,NULL),(10,'Pra. Eduardo Martins','Andre Oliveira','1987-04-13','Masculino',NULL,'71998995470','flavia33@example.org','Alameda Getulio Vargas','7280',NULL,'Santa Clara','Goiania','BA','98687978',NULL,'2026-02-20 02:35:08','$2y$12$IYLgDxE1SJ1gEZuE0Nv3P.O3g2vcYGwjLJ/lkK3spo77Zv6sFX.Rm',NULL,NULL,NULL,'TcRAwaNEwS','2026-02-20 02:35:08','2026-02-20 04:40:00',NULL,NULL),(11,NULL,'Carolina Santana','1970-12-22','Feminino',NULL,'71940145849','jasmin.pontes@example.net','Rua Rio Branco','1689',NULL,'Jardim America','Belo Horizonte','MG','81430129',NULL,'2026-02-20 02:35:08','$2y$12$IYLgDxE1SJ1gEZuE0Nv3P.O3g2vcYGwjLJ/lkK3spo77Zv6sFX.Rm',NULL,NULL,NULL,'VgmCp3v2sm','2026-02-20 02:35:08','2026-02-20 04:40:00',NULL,NULL),(12,NULL,'Daniel Cardoso','2022-01-15','Outro',NULL,'21952546859','mascarenhas.adriana@example.com','Travessa Paulista','966',NULL,'Santa Clara','Sao Paulo','RJ','80344078',NULL,'2026-02-20 02:35:08','$2y$12$IYLgDxE1SJ1gEZuE0Nv3P.O3g2vcYGwjLJ/lkK3spo77Zv6sFX.Rm',NULL,NULL,NULL,'VDBpZBSHzO','2026-02-20 02:35:08','2026-02-20 04:40:00',NULL,NULL),(13,NULL,'Camila Barbosa','1995-03-12','Masculino',NULL,'61965876233','heitor.avila@example.com','Avenida Dom Pedro II','2034','Apto 101','Nova Esperanca','Curitiba','RS','68163517',NULL,'2026-02-20 02:35:08','$2y$12$IYLgDxE1SJ1gEZuE0Nv3P.O3g2vcYGwjLJ/lkK3spo77Zv6sFX.Rm',NULL,NULL,NULL,'RDRGHd6uXR','2026-02-20 02:35:08','2026-02-20 04:40:00',NULL,NULL),(14,'Pr. Patricia Lima','Juliana Carvalho','2021-08-09',NULL,NULL,'31958107186','valeria05@example.org','Avenida Independencia','3491',NULL,'Vila Nova','Manaus','AM','86249193','Fugiat iusto enim quam omnis vitae possimus aut accusamus est deleniti assumenda voluptatem.','2026-02-20 02:35:08','$2y$12$IYLgDxE1SJ1gEZuE0Nv3P.O3g2vcYGwjLJ/lkK3spo77Zv6sFX.Rm',NULL,NULL,NULL,'PJsDefZBuM','2026-02-20 02:35:08','2026-02-20 04:40:00',NULL,NULL),(15,NULL,'Gabriel Almeida','1992-04-20','Feminino',NULL,'81905605605','zmarin@example.net','Avenida Sete de Setembro','5817',NULL,'Bela Vista','Salvador','SP','96453096',NULL,'2026-02-20 02:35:08','$2y$12$IYLgDxE1SJ1gEZuE0Nv3P.O3g2vcYGwjLJ/lkK3spo77Zv6sFX.Rm',NULL,NULL,NULL,'qcA9nes7Gk','2026-02-20 02:35:08','2026-02-20 04:40:00',NULL,NULL),(16,NULL,'Daniel Lima','2020-01-10','Outro',NULL,'11994696805','zaragoca.luisa@example.org','Travessa das Flores','4774',NULL,'Vila Esperanca','Rio de Janeiro','RS','95933726',NULL,'2026-02-20 02:35:08','$2y$12$IYLgDxE1SJ1gEZuE0Nv3P.O3g2vcYGwjLJ/lkK3spo77Zv6sFX.Rm',NULL,NULL,NULL,'zGOhWS3fI5','2026-02-20 02:35:08','2026-02-20 04:40:00',NULL,NULL),(17,NULL,'Vitor Rocha','2016-01-30','Outro',NULL,'11954709199','teo29@example.net','Rua das Flores','5147','Fundos','Santa Clara','Rio de Janeiro','MG','90190214',NULL,'2026-02-20 02:35:08','$2y$12$IYLgDxE1SJ1gEZuE0Nv3P.O3g2vcYGwjLJ/lkK3spo77Zv6sFX.Rm',NULL,NULL,NULL,'JX8gFSbmUK','2026-02-20 02:35:08','2026-02-20 02:35:08',3,NULL),(18,NULL,'Vitor Dias','1983-05-08',NULL,NULL,'41990562472','dirce77@example.net','Rua Rio Branco','9205',NULL,'Boa Vista','Belo Horizonte','GO','59961360',NULL,'2026-02-20 02:35:08','$2y$12$IYLgDxE1SJ1gEZuE0Nv3P.O3g2vcYGwjLJ/lkK3spo77Zv6sFX.Rm',NULL,NULL,NULL,'iOnBfgY0Fc','2026-02-20 02:35:08','2026-02-20 02:35:08',4,NULL),(19,NULL,'Felipe Ramos','1982-09-17',NULL,NULL,'31963310319','omarinho@example.com','Alameda Sete de Setembro','7370',NULL,'Parque das Nacoes','Belem','GO','96845898',NULL,'2026-02-20 02:35:08','$2y$12$IYLgDxE1SJ1gEZuE0Nv3P.O3g2vcYGwjLJ/lkK3spo77Zv6sFX.Rm',NULL,NULL,NULL,'o2OxHP7x93','2026-02-20 02:35:08','2026-02-20 02:35:08',20,NULL),(20,NULL,'Patricia Rezende','2000-01-27',NULL,NULL,'31963991267','desouza.cynthia@example.com','Travessa Paulista','5344',NULL,'Santa Clara','Belem','RJ','77757363',NULL,'2026-02-20 02:35:08','$2y$12$IYLgDxE1SJ1gEZuE0Nv3P.O3g2vcYGwjLJ/lkK3spo77Zv6sFX.Rm',NULL,NULL,NULL,'4AITIpvp9L','2026-02-20 02:35:08','2026-02-20 02:35:08',1,NULL),(21,NULL,'Patricia Rocha','1987-10-19','Feminino',NULL,'31940307007','mendonca.sandro@example.net','Avenida Rio Branco','8604',NULL,'Nova Esperanca','Rio de Janeiro','RJ','87235662','Blanditiis suscipit velit nobis ducimus aliquid voluptates et assumenda dolorum quis qui nemo.','2026-02-20 02:35:08','$2y$12$IYLgDxE1SJ1gEZuE0Nv3P.O3g2vcYGwjLJ/lkK3spo77Zv6sFX.Rm',NULL,NULL,NULL,'z4s4XGIk35','2026-02-20 02:35:08','2026-02-20 02:35:08',8,NULL),(22,NULL,'Bruno Moura','2009-05-29','Outro',NULL,'31965336121','leonardo62@example.com','Travessa Sete de Setembro','9497',NULL,'Centro','Fortaleza','MG','62650217',NULL,'2026-02-20 02:35:08','$2y$12$IYLgDxE1SJ1gEZuE0Nv3P.O3g2vcYGwjLJ/lkK3spo77Zv6sFX.Rm',NULL,NULL,NULL,'3Y8t6oqmwq','2026-02-20 02:35:08','2026-02-20 02:35:08',21,NULL),(23,NULL,'Beatriz Ferreira','2005-07-25','Outro',NULL,'81959718503','lozano.james@example.com','Alameda Independencia','6114',NULL,'Parque das Nacoes','Belem','GO','23520876',NULL,'2026-02-20 02:35:08','$2y$12$IYLgDxE1SJ1gEZuE0Nv3P.O3g2vcYGwjLJ/lkK3spo77Zv6sFX.Rm',NULL,NULL,NULL,'EPif9Yq9YM','2026-02-20 02:35:08','2026-02-20 02:35:08',3,NULL),(24,NULL,'Amanda Almeida','1971-10-22','Outro',NULL,'91939475190','patricia27@example.org','Travessa Brasil','3714',NULL,'Vila Esperanca','Rio de Janeiro','PA','02466878',NULL,'2026-02-20 02:35:08','$2y$12$IYLgDxE1SJ1gEZuE0Nv3P.O3g2vcYGwjLJ/lkK3spo77Zv6sFX.Rm',NULL,NULL,NULL,'noxfqD2uIo','2026-02-20 02:35:06','2026-02-20 02:35:06',2,NULL),(25,NULL,'Marcos Lima','2023-10-13','Masculino',NULL,'21933188329','paola.pereira@example.net','Avenida Rio Branco','9572',NULL,'Santa Clara','Porto Alegre','RS','59348300',NULL,'2026-02-20 02:35:08','$2y$12$IYLgDxE1SJ1gEZuE0Nv3P.O3g2vcYGwjLJ/lkK3spo77Zv6sFX.Rm',NULL,NULL,NULL,'HUlSNPzTco','2026-02-20 02:35:06','2026-02-20 02:35:06',25,NULL),(26,NULL,'Bruno Carvalho',NULL,'Masculino',NULL,'81957303004','valdez.robson@example.com','Rua Paulista','6846','Bloco B','Jardim das Oliveiras','Salvador','CE','79036685',NULL,'2026-02-20 02:35:08','$2y$12$IYLgDxE1SJ1gEZuE0Nv3P.O3g2vcYGwjLJ/lkK3spo77Zv6sFX.Rm',NULL,NULL,NULL,'lZ9InbSmDA','2026-02-20 02:35:06','2026-02-20 02:35:06',5,NULL),(27,NULL,'Bruno Pereira','1973-08-05','Outro',NULL,'51964066256','dearruda.leo@example.org','Travessa Independencia','7346','Casa 2','Centro','Belo Horizonte','RJ','80698737',NULL,'2026-02-20 02:35:08','$2y$12$IYLgDxE1SJ1gEZuE0Nv3P.O3g2vcYGwjLJ/lkK3spo77Zv6sFX.Rm',NULL,NULL,NULL,'c44DpRF6G7','2026-02-20 02:35:06','2026-02-20 02:35:06',9,NULL),(28,'Pra. Lucas Rezende','Joao Ramos','1985-08-11','Outro',NULL,'31929915634','laiane66@example.net','Avenida Paulista','2695',NULL,'Vila Nova','Manaus','PR','63632107',NULL,'2026-02-20 02:35:08','$2y$12$IYLgDxE1SJ1gEZuE0Nv3P.O3g2vcYGwjLJ/lkK3spo77Zv6sFX.Rm',NULL,NULL,NULL,'u4544tNnCl','2026-02-20 02:35:06','2026-02-20 02:35:06',16,NULL),(29,NULL,'Joao Ribeiro','1992-07-09','Feminino',NULL,'21933920557','carvalho.andres@example.org','Avenida Rio Branco','7292','Casa 2','Centro','Porto Alegre','RS','79196819',NULL,'2026-02-20 02:35:08','$2y$12$IYLgDxE1SJ1gEZuE0Nv3P.O3g2vcYGwjLJ/lkK3spo77Zv6sFX.Rm',NULL,NULL,NULL,'uQXwWE5Wjy','2026-02-20 02:35:06','2026-02-20 02:35:06',9,NULL),(30,NULL,'Eduardo Moura','1977-06-07','Outro',NULL,'21928513468','soares.cezar@example.net','Travessa Paulista','3958',NULL,'Jardim das Oliveiras','Porto Alegre','GO','21639090',NULL,'2026-02-20 02:35:08','$2y$12$IYLgDxE1SJ1gEZuE0Nv3P.O3g2vcYGwjLJ/lkK3spo77Zv6sFX.Rm',NULL,NULL,NULL,'6bXyfQ8vM9','2026-02-20 02:35:06','2026-02-20 02:35:06',25,NULL),(31,'Pr. Carolina Almeida','Carlos Martins',NULL,'Masculino',NULL,'21920522813','delgado.ricardo@example.com','Avenida Dom Pedro II','9319','Fundos','Parque das Nacoes','Goiania','DF','25944159',NULL,'2026-02-20 02:35:08','$2y$12$IYLgDxE1SJ1gEZuE0Nv3P.O3g2vcYGwjLJ/lkK3spo77Zv6sFX.Rm',NULL,NULL,NULL,'peiidftWjE','2026-02-20 02:35:06','2026-02-20 02:35:06',19,NULL),(32,'Pr. Tiago Lima','Daniel Souza','2025-01-31','Feminino',NULL,'31946930908','qrocha@example.com','Avenida Dom Pedro II','1300',NULL,'Vila Nova','Belem','DF','54681412',NULL,'2026-02-20 02:35:08','$2y$12$IYLgDxE1SJ1gEZuE0Nv3P.O3g2vcYGwjLJ/lkK3spo77Zv6sFX.Rm',NULL,NULL,NULL,'wUeusy4QhJ','2026-02-20 02:35:06','2026-02-20 02:35:06',11,NULL),(33,NULL,'Daniel Ramos','2012-09-23','Masculino',NULL,'71918395824','baguiar@example.org','Rua das Flores','2415',NULL,'Santa Clara','Recife','PA','45382242',NULL,'2026-02-20 02:35:08','$2y$12$IYLgDxE1SJ1gEZuE0Nv3P.O3g2vcYGwjLJ/lkK3spo77Zv6sFX.Rm',NULL,NULL,NULL,'7wGWgNtklm','2026-02-20 02:35:06','2026-02-20 02:35:06',8,NULL),(34,'Pra. Larissa Almeida','Felipe Carvalho','1997-05-22','Feminino',NULL,'31904648389','romero.alma@example.net','Travessa Santos Dumont','3722','Fundos','Santa Clara','Rio de Janeiro','PA','53339411',NULL,'2026-02-20 02:35:08','$2y$12$IYLgDxE1SJ1gEZuE0Nv3P.O3g2vcYGwjLJ/lkK3spo77Zv6sFX.Rm',NULL,NULL,NULL,'ueY4x1b2lD','2026-02-20 02:35:06','2026-02-20 02:35:06',17,NULL),(35,'Pra. Vitor Pereira','Carlos Oliveira','1978-01-29','Outro',NULL,'21961826023','julieta.rocha@example.com','Rua das Flores','7898',NULL,'Parque das Nacoes','Salvador','SP','11319793',NULL,'2026-02-20 02:35:08','$2y$12$IYLgDxE1SJ1gEZuE0Nv3P.O3g2vcYGwjLJ/lkK3spo77Zv6sFX.Rm',NULL,NULL,NULL,'WTI28QvfYp','2026-02-20 02:35:06','2026-02-20 02:35:06',16,NULL),(36,NULL,'Larissa Costa','1992-04-16','Outro',NULL,'91905772741','verdugo.adriana@example.com','Alameda Rio Branco','557','Casa 2','Nova Esperanca','Belo Horizonte','PE','83067032','Ipsum non vel doloremque quia nulla quas facilis sint itaque in quo dolor.','2026-02-20 02:35:08','$2y$12$IYLgDxE1SJ1gEZuE0Nv3P.O3g2vcYGwjLJ/lkK3spo77Zv6sFX.Rm',NULL,NULL,NULL,'VPD5aXy8eb','2026-02-20 02:35:06','2026-02-20 02:35:06',6,NULL),(37,NULL,'Eduardo Pereira',NULL,'Masculino',NULL,'71937957017','dasdores.carol@example.com','Travessa Brasil','1334','Fundos','Nova Esperanca','Recife','GO','12092241','Similique beatae dolor libero reiciendis est molestias officia non dolores non consequatur sunt optio.','2026-02-20 02:35:08','$2y$12$IYLgDxE1SJ1gEZuE0Nv3P.O3g2vcYGwjLJ/lkK3spo77Zv6sFX.Rm',NULL,NULL,NULL,'Dfr4MmN182','2026-02-20 02:35:06','2026-02-20 02:35:06',9,NULL),(38,NULL,'Joao Martins','1970-03-09','Feminino',NULL,'51959208955','nferreira@example.org','Travessa Brasil','8282',NULL,'Vila Nova','Brasilia','SP','10568416',NULL,'2026-02-20 02:35:08','$2y$12$IYLgDxE1SJ1gEZuE0Nv3P.O3g2vcYGwjLJ/lkK3spo77Zv6sFX.Rm',NULL,NULL,NULL,'B3zQXFFY9F','2026-02-20 02:35:06','2026-02-20 02:35:06',17,NULL),(39,NULL,'Camila Almeida','1980-04-14','Outro',NULL,'31999498962','luciano.balestero@example.net','Travessa Independencia','9220','Apto 101','Parque das Nacoes','Belem','GO','64656807','Ad eum tenetur similique quos quae possimus voluptatum ut enim consequatur ullam iste in.','2026-02-20 02:35:08','$2y$12$IYLgDxE1SJ1gEZuE0Nv3P.O3g2vcYGwjLJ/lkK3spo77Zv6sFX.Rm',NULL,NULL,NULL,'vcybf1XgZy','2026-02-20 02:35:06','2026-02-20 02:35:06',24,NULL),(40,NULL,'Vitor Silva','1973-04-03','Masculino',NULL,'85911133113','valentin.souza@example.org','Rua das Flores','2488','Apto 101','Jardim das Oliveiras','Belo Horizonte','DF','05690436',NULL,'2026-02-20 02:35:08','$2y$12$IYLgDxE1SJ1gEZuE0Nv3P.O3g2vcYGwjLJ/lkK3spo77Zv6sFX.Rm',NULL,NULL,NULL,'a2C9uQBN46','2026-02-20 02:35:06','2026-02-20 02:35:06',11,NULL),(41,NULL,'Bruno Costa','1995-01-11','Outro',NULL,'41901397320','suellen01@example.org','Rua Independencia','3299',NULL,'Jardim America','Belem','DF','87678084','Assumenda cumque ea ut magnam non sit officia corrupti.','2026-02-20 02:35:08','$2y$12$IYLgDxE1SJ1gEZuE0Nv3P.O3g2vcYGwjLJ/lkK3spo77Zv6sFX.Rm',NULL,NULL,NULL,'iPEVK8ElmZ','2026-02-20 02:35:06','2026-02-20 02:35:06',24,NULL),(42,NULL,'Bruno Barbosa','2025-10-19','Feminino',NULL,'61908911295','bianca.dasilva@example.net','Alameda Getulio Vargas','1170',NULL,'Jardim America','Belo Horizonte','PR','49867379',NULL,'2026-02-20 02:35:08','$2y$12$IYLgDxE1SJ1gEZuE0Nv3P.O3g2vcYGwjLJ/lkK3spo77Zv6sFX.Rm',NULL,NULL,NULL,'PZBZgjDeiZ','2026-02-20 02:35:06','2026-02-20 02:35:06',21,NULL),(43,NULL,'Carlos Ferreira','1988-08-08','Feminino',NULL,'51969905648','paloma.abreu@example.org','Rua Paulista','6034','Bloco B','Boa Vista','Sao Paulo','CE','81273081',NULL,'2026-02-20 02:35:08','$2y$12$IYLgDxE1SJ1gEZuE0Nv3P.O3g2vcYGwjLJ/lkK3spo77Zv6sFX.Rm',NULL,NULL,NULL,'vBedsfaaIb','2026-02-20 02:35:06','2026-02-20 02:35:06',7,NULL),(44,NULL,'Marcos Lima','1999-12-28','Feminino',NULL,'11928887114','igor.benez@example.com','Avenida Sete de Setembro','2353','Apto 101','Jardim America','Salvador','SP','26036418',NULL,'2026-02-20 02:35:08','$2y$12$IYLgDxE1SJ1gEZuE0Nv3P.O3g2vcYGwjLJ/lkK3spo77Zv6sFX.Rm',NULL,NULL,NULL,'7gNDVUMDvR','2026-02-20 02:35:06','2026-02-20 02:35:06',13,NULL),(45,NULL,'Renata Oliveira','1978-02-01','Outro',NULL,'81927765754','richard.domingues@example.com','Avenida Getulio Vargas','6118','Apto 101','Santa Clara','Brasilia','PE','30123864',NULL,'2026-02-20 02:35:08','$2y$12$IYLgDxE1SJ1gEZuE0Nv3P.O3g2vcYGwjLJ/lkK3spo77Zv6sFX.Rm',NULL,NULL,NULL,'jXa3PQKidH','2026-02-20 02:35:06','2026-02-20 02:35:06',2,NULL),(46,NULL,'Eduardo Barbosa',NULL,'Outro',NULL,'71955131048','santacruz.samuel@example.com','Travessa Sete de Setembro','175',NULL,'Jardim das Oliveiras','Fortaleza','BA','08366615',NULL,'2026-02-20 02:35:08','$2y$12$IYLgDxE1SJ1gEZuE0Nv3P.O3g2vcYGwjLJ/lkK3spo77Zv6sFX.Rm',NULL,NULL,NULL,'FDG7nXWmNS','2026-02-20 02:35:06','2026-02-20 02:35:06',6,NULL),(47,NULL,'Carlos Martins','1974-03-15','Feminino',NULL,'51960566958','yohanna.valencia@example.com','Rua Paulista','8522',NULL,'Centro','Sao Paulo','SP','96827623','Velit quo voluptas eum est totam quia similique excepturi maxime modi mollitia sunt.','2026-02-20 02:35:08','$2y$12$IYLgDxE1SJ1gEZuE0Nv3P.O3g2vcYGwjLJ/lkK3spo77Zv6sFX.Rm',NULL,NULL,NULL,'3TLsrkzOO5','2026-02-20 02:35:06','2026-02-20 02:35:06',14,NULL),(48,NULL,'Carlos Ramos','2000-06-30',NULL,NULL,'91974943652','emanuelly.corona@example.com','Travessa Paulista','2685',NULL,'Vila Esperanca','Belo Horizonte','PA','41485872',NULL,'2026-02-20 02:35:08','$2y$12$IYLgDxE1SJ1gEZuE0Nv3P.O3g2vcYGwjLJ/lkK3spo77Zv6sFX.Rm',NULL,NULL,NULL,'3dOoIvyfa2','2026-02-20 02:35:06','2026-02-20 02:35:06',25,NULL),(49,NULL,'Carolina Lima','2001-12-04','Outro',NULL,'81940204712','valencia.agostinho@example.org','Avenida das Flores','189',NULL,'Jardim das Oliveiras','Rio de Janeiro','PE','24098344',NULL,'2026-02-20 02:35:08','$2y$12$IYLgDxE1SJ1gEZuE0Nv3P.O3g2vcYGwjLJ/lkK3spo77Zv6sFX.Rm',NULL,NULL,NULL,'eQFK90W9NW','2026-02-20 02:35:06','2026-02-20 02:35:06',12,NULL),(50,NULL,'Carolina Costa','2023-05-20','Masculino',NULL,'91958458289','iferraz@example.org','Alameda Brasil','245',NULL,'Vila Esperanca','Manaus','BA','52584833','Et cupiditate rerum aperiam iure ullam ratione id dicta omnis rerum quas est.','2026-02-20 02:35:08','$2y$12$IYLgDxE1SJ1gEZuE0Nv3P.O3g2vcYGwjLJ/lkK3spo77Zv6sFX.Rm',NULL,NULL,NULL,'MWsp7Ws013','2026-02-20 02:35:06','2026-02-20 02:35:06',8,NULL),(51,NULL,'Camila Barbosa','1993-10-22','Feminino',NULL,'71935329676','cristian.maia@example.org','Rua Rio Branco','927','Apto 101','Jardim America','Belem','GO','29161459',NULL,'2026-02-20 02:35:08','$2y$12$IYLgDxE1SJ1gEZuE0Nv3P.O3g2vcYGwjLJ/lkK3spo77Zv6sFX.Rm',NULL,NULL,NULL,'tLznf1fdjh','2026-02-20 02:35:06','2026-02-20 02:35:06',26,NULL),(52,'Pr. Patricia Almeida','Bruno Martins','1978-03-31','Feminino',NULL,'31913441138','ycarmona@example.net','Avenida Getulio Vargas','2125',NULL,'Vila Nova','Curitiba','RJ','23237247',NULL,'2026-02-20 02:35:08','$2y$12$IYLgDxE1SJ1gEZuE0Nv3P.O3g2vcYGwjLJ/lkK3spo77Zv6sFX.Rm',NULL,NULL,NULL,'FmcynYHxhA','2026-02-20 02:35:06','2026-02-20 02:35:06',18,NULL),(53,NULL,'Bruno Martins','2006-06-01','Outro',NULL,'91903845788','mgodoi@example.com','Travessa das Flores','5149',NULL,'Jardim America','Belem','MG','99290618',NULL,'2026-02-20 02:35:08','$2y$12$IYLgDxE1SJ1gEZuE0Nv3P.O3g2vcYGwjLJ/lkK3spo77Zv6sFX.Rm',NULL,NULL,NULL,'G8PAItHNTe','2026-02-20 02:35:06','2026-02-20 02:35:06',3,NULL),(54,NULL,'Renata Silva','1997-04-23','Feminino',NULL,'41988106132','uaranda@example.com','Travessa dos Ipes','964',NULL,'Bela Vista','Brasilia','CE','49215228',NULL,'2026-02-20 02:35:08','$2y$12$IYLgDxE1SJ1gEZuE0Nv3P.O3g2vcYGwjLJ/lkK3spo77Zv6sFX.Rm',NULL,NULL,NULL,'VdYZqtG5hU','2026-02-20 02:35:06','2026-02-20 02:35:06',2,NULL),(55,NULL,'Juliana Almeida','1971-11-06','Masculino',NULL,'21910610404','madeira.nayara@example.com','Rua Independencia','2124',NULL,'Boa Vista','Brasilia','GO','10296433',NULL,'2026-02-20 02:35:08','$2y$12$IYLgDxE1SJ1gEZuE0Nv3P.O3g2vcYGwjLJ/lkK3spo77Zv6sFX.Rm',NULL,NULL,NULL,'zhlWSS7VP2','2026-02-20 02:35:06','2026-02-20 02:35:06',22,NULL),(56,NULL,'Daniel Barbosa','1982-05-03','Feminino',NULL,'61965356094','vieira.mario@example.org','Travessa Santos Dumont','2373',NULL,'Centro','Belem','BA','53105596',NULL,'2026-02-20 02:35:08','$2y$12$IYLgDxE1SJ1gEZuE0Nv3P.O3g2vcYGwjLJ/lkK3spo77Zv6sFX.Rm',NULL,NULL,NULL,'aKOAoPKlnP','2026-02-20 02:35:06','2026-02-20 02:35:06',19,NULL),(57,NULL,'Marcos Oliveira','2010-03-29','Outro',NULL,'81906690857','zgarcia@example.com','Travessa Santos Dumont','9803',NULL,'Boa Vista','Belem','RJ','68553709',NULL,'2026-02-20 02:35:08','$2y$12$IYLgDxE1SJ1gEZuE0Nv3P.O3g2vcYGwjLJ/lkK3spo77Zv6sFX.Rm',NULL,NULL,NULL,'9d17V43bZz','2026-02-20 02:35:06','2026-02-20 02:35:06',6,NULL),(58,NULL,'Fernanda Ribeiro',NULL,'Feminino',NULL,'21978379380','claudio48@example.org','Alameda Independencia','8969',NULL,'Jardim das Oliveiras','Manaus','RJ','27683235',NULL,'2026-02-20 02:35:08','$2y$12$IYLgDxE1SJ1gEZuE0Nv3P.O3g2vcYGwjLJ/lkK3spo77Zv6sFX.Rm',NULL,NULL,NULL,'MNO2tdJyc1','2026-02-20 02:35:06','2026-02-20 02:35:06',19,NULL),(59,NULL,'Patricia Oliveira','1999-12-21','Masculino',NULL,'91917400889','dayana83@example.net','Rua Dom Pedro II','7782',NULL,'Nova Esperanca','Goiania','PE','02467591',NULL,'2026-02-20 02:35:08','$2y$12$IYLgDxE1SJ1gEZuE0Nv3P.O3g2vcYGwjLJ/lkK3spo77Zv6sFX.Rm',NULL,NULL,NULL,'jKXJcHxrDA','2026-02-20 02:35:06','2026-02-20 02:35:06',21,NULL),(60,'Pra. Joao Almeida','Felipe Santana','1993-01-27','Feminino',NULL,'61940833445','neves.dante@example.com','Rua Sete de Setembro','9551',NULL,'Santa Clara','Belo Horizonte','GO','06150497',NULL,'2026-02-20 02:35:08','$2y$12$IYLgDxE1SJ1gEZuE0Nv3P.O3g2vcYGwjLJ/lkK3spo77Zv6sFX.Rm',NULL,NULL,NULL,'uZWzoc5F6c','2026-02-20 02:35:06','2026-02-20 02:35:06',6,NULL),(61,'Pr. Fernanda Ribeiro','Beatriz Ribeiro','2017-10-24','Outro',NULL,'85983356136','amanda89@example.net','Rua das Flores','5130','Apto 101','Jardim das Oliveiras','Belo Horizonte','DF','24223543',NULL,'2026-02-20 02:35:08','$2y$12$IYLgDxE1SJ1gEZuE0Nv3P.O3g2vcYGwjLJ/lkK3spo77Zv6sFX.Rm',NULL,NULL,NULL,'vSNbbTwwO0','2026-02-20 02:35:06','2026-02-20 02:35:06',20,NULL),(62,NULL,'Camila Dias','2009-04-24','Outro',NULL,'71976795628','mascarenhas.heitor@example.org','Rua Brasil','3828',NULL,'Bela Vista','Goiania','AM','99807210','Et ducimus sequi id quasi a sunt quis.','2026-02-20 02:35:08','$2y$12$IYLgDxE1SJ1gEZuE0Nv3P.O3g2vcYGwjLJ/lkK3spo77Zv6sFX.Rm',NULL,NULL,NULL,'yqz3OrNUYa','2026-02-20 02:35:06','2026-02-20 02:35:06',18,NULL),(63,NULL,'Renata Santana','2018-09-02','Outro',NULL,'61937833479','lais66@example.org','Rua Santos Dumont','3418','Casa 2','Boa Vista','Fortaleza','PA','58397922','Omnis voluptate libero unde aliquid eius ut ipsum quo consequuntur soluta provident harum cumque aut.','2026-02-20 02:35:08','$2y$12$IYLgDxE1SJ1gEZuE0Nv3P.O3g2vcYGwjLJ/lkK3spo77Zv6sFX.Rm',NULL,NULL,NULL,'xdnR8HY3cP','2026-02-20 02:35:06','2026-02-20 02:35:06',4,NULL),(64,NULL,'Marcos Rocha','2019-07-16','Feminino',NULL,'85940091892','quintana.gisela@example.net','Travessa dos Ipes','3029','Apto 101','Bela Vista','Belo Horizonte','RJ','18194367',NULL,'2026-02-20 02:35:08','$2y$12$IYLgDxE1SJ1gEZuE0Nv3P.O3g2vcYGwjLJ/lkK3spo77Zv6sFX.Rm',NULL,NULL,NULL,'mI0Mbn1gY8','2026-02-20 02:35:06','2026-02-20 02:35:06',25,NULL),(65,NULL,'Felipe Almeida','1988-03-10','Feminino',NULL,'41984155406','gustavo31@example.net','Travessa das Flores','5644',NULL,'Parque das Nacoes','Rio de Janeiro','RS','75919816','Voluptate ut qui occaecati aut molestias porro ratione.','2026-02-20 02:35:08','$2y$12$IYLgDxE1SJ1gEZuE0Nv3P.O3g2vcYGwjLJ/lkK3spo77Zv6sFX.Rm',NULL,NULL,NULL,'jrBf7Vpqz8','2026-02-20 02:35:06','2026-02-20 02:35:06',26,NULL),(66,NULL,'Henrique Santana','1996-10-28',NULL,NULL,'61914842350','barreto.barbara@example.net','Avenida dos Ipes','9617','Bloco B','Jardim America','Manaus','RS','14131882','Dolor autem est quod ducimus qui et rerum sint id sit ut quis mollitia corporis.','2026-02-20 02:35:08','$2y$12$IYLgDxE1SJ1gEZuE0Nv3P.O3g2vcYGwjLJ/lkK3spo77Zv6sFX.Rm',NULL,NULL,NULL,'oLJXyW9FFo','2026-02-20 02:35:06','2026-02-20 02:35:06',14,NULL),(67,NULL,'Joao Rocha','1998-10-16','Masculino',NULL,'85956293380','anderson.desouza@example.net','Rua Rio Branco','3444',NULL,'Jardim America','Salvador','BA','11806862',NULL,'2026-02-20 02:35:08','$2y$12$IYLgDxE1SJ1gEZuE0Nv3P.O3g2vcYGwjLJ/lkK3spo77Zv6sFX.Rm',NULL,NULL,NULL,'1Vd4Jc2aOb','2026-02-20 02:35:06','2026-02-20 02:35:06',3,NULL),(68,NULL,'Beatriz Rocha',NULL,'Feminino',NULL,'81945302745','queiros.maicon@example.org','Travessa Getulio Vargas','230',NULL,'Parque das Nacoes','Belo Horizonte','PR','55910477',NULL,'2026-02-20 02:35:08','$2y$12$IYLgDxE1SJ1gEZuE0Nv3P.O3g2vcYGwjLJ/lkK3spo77Zv6sFX.Rm',NULL,NULL,NULL,'3j8Wtoe07Q','2026-02-20 02:35:06','2026-02-20 02:35:06',12,NULL),(69,NULL,'Paulo Almeida','2014-04-02','Masculino',NULL,'41943008582','everton04@example.net','Avenida Dom Pedro II','2027',NULL,'Parque das Nacoes','Porto Alegre','RJ','97379538',NULL,'2026-02-20 02:35:08','$2y$12$IYLgDxE1SJ1gEZuE0Nv3P.O3g2vcYGwjLJ/lkK3spo77Zv6sFX.Rm',NULL,NULL,NULL,'NZX4fvx0MV','2026-02-20 02:35:06','2026-02-20 02:35:06',26,NULL),(70,NULL,'Patricia Ribeiro',NULL,'Outro',NULL,'41939520255','apedrosa@example.com','Rua Getulio Vargas','2291',NULL,'Bela Vista','Porto Alegre','PA','03435492',NULL,'2026-02-20 02:35:08','$2y$12$IYLgDxE1SJ1gEZuE0Nv3P.O3g2vcYGwjLJ/lkK3spo77Zv6sFX.Rm',NULL,NULL,NULL,'dIy7Sj35Uo','2026-02-20 02:35:06','2026-02-20 02:35:06',10,NULL),(71,NULL,'Tiago Rezende',NULL,NULL,NULL,'61932202993','veronica.cruz@example.org','Rua Rio Branco','76','Bloco B','Bela Vista','Recife','SP','96221458',NULL,'2026-02-20 02:35:08','$2y$12$IYLgDxE1SJ1gEZuE0Nv3P.O3g2vcYGwjLJ/lkK3spo77Zv6sFX.Rm',NULL,NULL,NULL,'RLlMYjtc24','2026-02-20 02:35:06','2026-02-20 02:35:06',22,NULL),(72,NULL,'Fernanda Carvalho','1989-06-30',NULL,NULL,'41941681343','mel41@example.net','Travessa Paulista','5643',NULL,'Nova Esperanca','Salvador','PE','85019833','Non iure modi itaque et et omnis optio qui autem et laboriosam.','2026-02-20 02:35:08','$2y$12$IYLgDxE1SJ1gEZuE0Nv3P.O3g2vcYGwjLJ/lkK3spo77Zv6sFX.Rm',NULL,NULL,NULL,'vsktydFbj8','2026-02-20 02:35:06','2026-02-20 02:35:06',22,NULL),(73,NULL,'Carlos Lima',NULL,'Feminino',NULL,'51927108555','gomes.fernanda@example.org','Rua Getulio Vargas','764',NULL,'Jardim America','Belo Horizonte','MG','78732805',NULL,'2026-02-20 02:35:08','$2y$12$IYLgDxE1SJ1gEZuE0Nv3P.O3g2vcYGwjLJ/lkK3spo77Zv6sFX.Rm',NULL,NULL,NULL,'KCV2GDLQXj','2026-02-20 02:35:06','2026-02-20 02:35:06',12,NULL),(74,NULL,'Bruno Ramos','1972-04-26','Masculino',NULL,'85944857226','raissa45@example.net','Avenida Getulio Vargas','4108',NULL,'Parque das Nacoes','Goiania','RJ','91788169',NULL,'2026-02-20 02:35:08','$2y$12$IYLgDxE1SJ1gEZuE0Nv3P.O3g2vcYGwjLJ/lkK3spo77Zv6sFX.Rm',NULL,NULL,NULL,'kfYjlgRz9q','2026-02-20 02:35:06','2026-02-20 02:35:06',21,NULL),(75,NULL,'Bruno Lima','2025-05-25','Feminino',NULL,'21965320271','fernando.alves@example.org','Rua Paulista','7883',NULL,'Centro','Belo Horizonte','PA','40607926',NULL,'2026-02-20 02:35:08','$2y$12$IYLgDxE1SJ1gEZuE0Nv3P.O3g2vcYGwjLJ/lkK3spo77Zv6sFX.Rm',NULL,NULL,NULL,'81gwvVm6px','2026-02-20 02:35:06','2026-02-20 02:35:06',1,NULL),(76,NULL,'Bruno Ferreira','2020-04-05','Outro',NULL,'61925144077','meireles.caio@example.org','Travessa Paulista','8727','Casa 2','Jardim America','Porto Alegre','CE','11978206',NULL,'2026-02-20 02:35:08','$2y$12$IYLgDxE1SJ1gEZuE0Nv3P.O3g2vcYGwjLJ/lkK3spo77Zv6sFX.Rm',NULL,NULL,NULL,'mO2QEXKpvj','2026-02-20 02:35:06','2026-02-20 02:35:06',3,NULL),(77,NULL,'Felipe Lima','1977-06-10','Outro',NULL,'21904522161','davila.miguel@example.org','Alameda das Flores','1386',NULL,'Nova Esperanca','Belem','DF','60751245','Fugit nam ut suscipit autem ut nulla fugit sint voluptates sunt quisquam laboriosam tempore.','2026-02-20 02:35:08','$2y$12$IYLgDxE1SJ1gEZuE0Nv3P.O3g2vcYGwjLJ/lkK3spo77Zv6sFX.Rm',NULL,NULL,NULL,'XfH0Uct48x','2026-02-20 02:35:06','2026-02-20 02:35:06',15,NULL),(78,NULL,'Andre Costa','1988-07-27','Masculino',NULL,'61928988868','matias.flores@example.org','Rua Dom Pedro II','3570',NULL,'Vila Nova','Manaus','CE','25712642',NULL,'2026-02-20 02:35:08','$2y$12$IYLgDxE1SJ1gEZuE0Nv3P.O3g2vcYGwjLJ/lkK3spo77Zv6sFX.Rm',NULL,NULL,NULL,'pr7kC7T5Fa','2026-02-20 02:35:06','2026-02-20 02:35:06',19,NULL),(79,NULL,'Juliana Santana','2005-11-12','Outro',NULL,'85941021250','rsantana@example.com','Travessa Santos Dumont','6725','Fundos','Jardim das Oliveiras','Rio de Janeiro','PA','69082480',NULL,'2026-02-20 02:35:08','$2y$12$IYLgDxE1SJ1gEZuE0Nv3P.O3g2vcYGwjLJ/lkK3spo77Zv6sFX.Rm',NULL,NULL,NULL,'ZZ9OrutudU','2026-02-20 02:35:06','2026-02-20 02:35:06',18,NULL),(80,NULL,'Juliana Barbosa','2014-10-30','Masculino',NULL,'11927339155','samara.barros@example.net','Avenida Sete de Setembro','3117','Fundos','Vila Nova','Recife','CE','72883385',NULL,'2026-02-20 02:35:08','$2y$12$IYLgDxE1SJ1gEZuE0Nv3P.O3g2vcYGwjLJ/lkK3spo77Zv6sFX.Rm',NULL,NULL,NULL,'akYyDl4sbf','2026-02-20 02:35:06','2026-02-20 02:35:06',26,NULL),(81,NULL,'Eduardo Rezende','1989-01-28','Feminino',NULL,'51915422351','casanova.naomi@example.net','Travessa Brasil','8986',NULL,'Bela Vista','Belem','PA','68192511',NULL,'2026-02-20 02:35:08','$2y$12$IYLgDxE1SJ1gEZuE0Nv3P.O3g2vcYGwjLJ/lkK3spo77Zv6sFX.Rm',NULL,NULL,NULL,'nEZ8Wa94ww','2026-02-20 02:35:06','2026-02-20 02:35:06',21,NULL),(82,NULL,'Daniel Moura','2020-02-26',NULL,NULL,'51908776548','daniel42@example.net','Alameda Brasil','4006','Casa 2','Bela Vista','Belem','BA','98119206',NULL,'2026-02-20 02:35:08','$2y$12$IYLgDxE1SJ1gEZuE0Nv3P.O3g2vcYGwjLJ/lkK3spo77Zv6sFX.Rm',NULL,NULL,NULL,'kfhmIJtUrm','2026-02-20 02:35:06','2026-02-20 02:35:06',4,NULL),(83,NULL,'Marcos Almeida','1984-11-20','Masculino',NULL,'81997048213','isabella.meireles@example.net','Travessa Dom Pedro II','7063','Casa 2','Parque das Nacoes','Fortaleza','MG','78036380',NULL,'2026-02-20 02:35:08','$2y$12$IYLgDxE1SJ1gEZuE0Nv3P.O3g2vcYGwjLJ/lkK3spo77Zv6sFX.Rm',NULL,NULL,NULL,'F1UEp7Luxh','2026-02-20 02:35:06','2026-02-20 02:35:06',17,NULL),(84,NULL,'Paulo Ferreira','1991-11-09','Outro',NULL,'71910375454','everton.marques@example.net','Rua das Flores','998','Casa 2','Jardim das Oliveiras','Curitiba','PA','37860406','Illum esse repudiandae omnis voluptate ex temporibus aliquam nulla eius sed omnis.','2026-02-20 02:35:08','$2y$12$IYLgDxE1SJ1gEZuE0Nv3P.O3g2vcYGwjLJ/lkK3spo77Zv6sFX.Rm',NULL,NULL,NULL,'QnpB20FawG','2026-02-20 02:35:06','2026-02-20 02:35:06',19,NULL),(85,NULL,'Paulo Pereira','1998-01-11','Feminino',NULL,'11960131567','vasques.julia@example.org','Rua das Flores','3484','Bloco B','Centro','Belo Horizonte','GO','23710900','Laborum sit fugit repellat ut deserunt itaque iusto molestiae omnis est fugiat quisquam culpa ut tempora aliquam.','2026-02-20 02:35:08','$2y$12$IYLgDxE1SJ1gEZuE0Nv3P.O3g2vcYGwjLJ/lkK3spo77Zv6sFX.Rm',NULL,NULL,NULL,'V8sE1v8BjM','2026-02-20 02:35:06','2026-02-20 02:35:06',14,NULL),(86,'Pra. Andre Ribeiro','Eduardo Gomes','1973-01-26','Outro',NULL,'71913901761','luzia.benez@example.com','Travessa Getulio Vargas','572',NULL,'Parque das Nacoes','Brasilia','BA','47592424',NULL,'2026-02-20 02:35:08','$2y$12$IYLgDxE1SJ1gEZuE0Nv3P.O3g2vcYGwjLJ/lkK3spo77Zv6sFX.Rm',NULL,NULL,NULL,'9o73uNhREu','2026-02-20 02:35:06','2026-02-20 02:35:06',10,NULL),(87,NULL,'Andre Cardoso','1987-06-14','Masculino',NULL,'11933758333','maite25@example.com','Avenida Dom Pedro II','3673',NULL,'Boa Vista','Goiania','BA','59454890',NULL,'2026-02-20 02:35:08','$2y$12$IYLgDxE1SJ1gEZuE0Nv3P.O3g2vcYGwjLJ/lkK3spo77Zv6sFX.Rm',NULL,NULL,NULL,'94L5ovcOkm','2026-02-20 02:35:06','2026-02-20 02:35:06',21,NULL),(88,NULL,'Fernanda Lima','1972-06-29','Outro',NULL,'51912353899','sara00@example.org','Alameda Independencia','4374',NULL,'Vila Nova','Fortaleza','RJ','38553939','Deserunt et facere adipisci sunt maiores aut doloribus occaecati consectetur.','2026-02-20 02:35:08','$2y$12$IYLgDxE1SJ1gEZuE0Nv3P.O3g2vcYGwjLJ/lkK3spo77Zv6sFX.Rm',NULL,NULL,NULL,'qFO9SHl2ut','2026-02-20 02:35:06','2026-02-20 02:35:06',10,NULL),(89,NULL,'Fernanda Martins','2007-12-19',NULL,NULL,'71907684278','barreto.andressa@example.com','Avenida Getulio Vargas','4210',NULL,'Boa Vista','Goiania','RS','59111782',NULL,'2026-02-20 02:35:08','$2y$12$IYLgDxE1SJ1gEZuE0Nv3P.O3g2vcYGwjLJ/lkK3spo77Zv6sFX.Rm',NULL,NULL,NULL,'zIKDK9fZaY','2026-02-20 02:35:06','2026-02-20 02:35:06',6,NULL),(90,NULL,'Vitor Silva','2016-12-08','Feminino',NULL,'81995461705','valdez.kauan@example.org','Rua Getulio Vargas','636',NULL,'Jardim America','Recife','GO','19163887',NULL,'2026-02-20 02:35:08','$2y$12$IYLgDxE1SJ1gEZuE0Nv3P.O3g2vcYGwjLJ/lkK3spo77Zv6sFX.Rm',NULL,NULL,NULL,'dWl88GnKRv','2026-02-20 02:35:06','2026-02-20 02:35:06',13,NULL),(91,NULL,'Fernanda Oliveira','1972-11-26',NULL,NULL,'11924645460','andrea.toledo@example.com','Travessa dos Ipes','8097',NULL,'Santa Clara','Curitiba','GO','38600466','Quo quia voluptas delectus dolorem enim recusandae et nam ut autem.','2026-02-20 02:35:08','$2y$12$IYLgDxE1SJ1gEZuE0Nv3P.O3g2vcYGwjLJ/lkK3spo77Zv6sFX.Rm',NULL,NULL,NULL,'8nGf9eS9Ge','2026-02-20 02:35:06','2026-02-20 02:35:06',10,NULL),(92,NULL,'Henrique Pereira','1982-02-12','Feminino',NULL,'51952332309','carmona.kelly@example.net','Alameda Sete de Setembro','9168',NULL,'Santa Clara','Salvador','RS','71002057',NULL,'2026-02-20 02:35:08','$2y$12$IYLgDxE1SJ1gEZuE0Nv3P.O3g2vcYGwjLJ/lkK3spo77Zv6sFX.Rm',NULL,NULL,NULL,'S61zlDJ1Rg','2026-02-20 02:35:06','2026-02-20 02:35:06',6,NULL),(93,NULL,'Rafael Rocha',NULL,'Feminino',NULL,'71964424851','marcos87@example.org','Rua Brasil','9107',NULL,'Parque das Nacoes','Curitiba','AM','62586964','Possimus quis et voluptatem sed dicta incidunt neque dicta id ab.','2026-02-20 02:35:08','$2y$12$IYLgDxE1SJ1gEZuE0Nv3P.O3g2vcYGwjLJ/lkK3spo77Zv6sFX.Rm',NULL,NULL,NULL,'u9oSSt7RNy','2026-02-20 02:35:06','2026-02-20 02:35:06',21,NULL),(94,'Pra. Mariana Silva','Felipe Ferreira','2000-05-01','Feminino',NULL,'85983642971','bquintana@example.com','Rua Brasil','7923','Bloco B','Santa Clara','Manaus','DF','88985861',NULL,'2026-02-20 02:35:08','$2y$12$IYLgDxE1SJ1gEZuE0Nv3P.O3g2vcYGwjLJ/lkK3spo77Zv6sFX.Rm',NULL,NULL,NULL,'awSpJmQ19w','2026-02-20 02:35:06','2026-02-20 02:35:06',19,NULL),(95,'Pra. Vitor Souza','Amanda Moura',NULL,'Feminino',NULL,'31977744293','lpaes@example.com','Travessa Independencia','6332',NULL,'Jardim America','Fortaleza','MG','69692995',NULL,'2026-02-20 02:35:08','$2y$12$IYLgDxE1SJ1gEZuE0Nv3P.O3g2vcYGwjLJ/lkK3spo77Zv6sFX.Rm',NULL,NULL,NULL,'LIqfHbZB3d','2026-02-20 02:35:06','2026-02-20 02:35:06',17,NULL),(96,NULL,'Beatriz Ferreira','2002-06-06','Outro',NULL,'81946266198','caldeira.isabel@example.org','Avenida Paulista','7733','Casa 2','Boa Vista','Belo Horizonte','PR','33721880',NULL,'2026-02-20 02:35:08','$2y$12$IYLgDxE1SJ1gEZuE0Nv3P.O3g2vcYGwjLJ/lkK3spo77Zv6sFX.Rm',NULL,NULL,NULL,'r5Nw1Y8qJe','2026-02-20 02:35:06','2026-02-20 02:35:06',21,NULL),(97,NULL,'Lucas Lima','1973-07-27','Feminino',NULL,'81967014851','carmona.vinicius@example.net','Rua Paulista','2271',NULL,'Santa Clara','Belem','BA','11411050',NULL,'2026-02-20 02:35:08','$2y$12$IYLgDxE1SJ1gEZuE0Nv3P.O3g2vcYGwjLJ/lkK3spo77Zv6sFX.Rm',NULL,NULL,NULL,'HM6DaTznuw','2026-02-20 02:35:06','2026-02-20 02:35:06',14,NULL),(98,NULL,'Felipe Carvalho','1981-09-07','Feminino',NULL,'31928274014','pietra.goncalves@example.org','Alameda Independencia','5757','Fundos','Jardim America','Belo Horizonte','PA','09606195',NULL,'2026-02-20 02:35:08','$2y$12$IYLgDxE1SJ1gEZuE0Nv3P.O3g2vcYGwjLJ/lkK3spo77Zv6sFX.Rm',NULL,NULL,NULL,'lP5ZHn63XC','2026-02-20 02:35:06','2026-02-20 02:35:06',23,NULL),(99,NULL,'Mariana Almeida',NULL,'Outro',NULL,'71943247970','sverdara@example.com','Travessa Sete de Setembro','3056',NULL,'Nova Esperanca','Sao Paulo','RS','96511862','Voluptas repellendus veniam itaque corporis quis enim ipsum.','2026-02-20 02:35:08','$2y$12$IYLgDxE1SJ1gEZuE0Nv3P.O3g2vcYGwjLJ/lkK3spo77Zv6sFX.Rm',NULL,NULL,NULL,'rdsvpdRFSH','2026-02-20 02:35:06','2026-02-20 02:35:06',1,NULL),(100,'Pr. Henrique Carvalho','Patricia Carvalho','2010-09-05','Masculino',NULL,'71941562094','upacheco@example.org','Avenida Santos Dumont','7095',NULL,'Jardim das Oliveiras','Curitiba','RS','70730430',NULL,'2026-02-20 02:35:08','$2y$12$IYLgDxE1SJ1gEZuE0Nv3P.O3g2vcYGwjLJ/lkK3spo77Zv6sFX.Rm',NULL,NULL,NULL,'54IoWnccKQ','2026-02-20 02:35:06','2026-02-20 02:35:06',25,NULL),(101,NULL,'Renata Ribeiro','1986-03-01','Feminino',NULL,'71978318200','luiza48@example.org','Avenida Rio Branco','4311',NULL,'Vila Esperanca','Manaus','CE','99370263',NULL,'2026-02-20 02:35:08','$2y$12$IYLgDxE1SJ1gEZuE0Nv3P.O3g2vcYGwjLJ/lkK3spo77Zv6sFX.Rm',NULL,NULL,NULL,'6iE6VcBRRG','2026-02-20 02:35:06','2026-02-20 02:35:06',4,NULL),(102,NULL,'Felipe Souza','2004-02-20','Feminino',NULL,'41961502399','ortiz.ian@example.org','Avenida Paulista','3649',NULL,'Jardim das Oliveiras','Porto Alegre','RJ','32418741',NULL,'2026-02-20 02:35:08','$2y$12$IYLgDxE1SJ1gEZuE0Nv3P.O3g2vcYGwjLJ/lkK3spo77Zv6sFX.Rm',NULL,NULL,NULL,'fE5Mxqj0kv','2026-02-20 02:35:06','2026-02-20 02:35:06',22,NULL),(103,'Pr. Beatriz Moura','Rafael Gomes',NULL,'Masculino',NULL,'51936575454','thalita.paz@example.net','Avenida Brasil','5642','Apto 101','Parque das Nacoes','Brasilia','PR','49547990','Dolores sapiente ipsa voluptas nostrum molestiae facere enim voluptas.','2026-02-20 02:35:08','$2y$12$IYLgDxE1SJ1gEZuE0Nv3P.O3g2vcYGwjLJ/lkK3spo77Zv6sFX.Rm',NULL,NULL,NULL,'mqmEYoWPMw','2026-02-20 02:35:06','2026-02-20 02:35:06',17,NULL),(104,NULL,'Henrique Souza','1978-04-25','Masculino',NULL,'11900167434','miguel81@example.com','Avenida dos Ipes','4105','Apto 101','Parque das Nacoes','Salvador','AM','66510171',NULL,'2026-02-20 02:35:08','$2y$12$IYLgDxE1SJ1gEZuE0Nv3P.O3g2vcYGwjLJ/lkK3spo77Zv6sFX.Rm',NULL,NULL,NULL,'ggZkJ7JFMV','2026-02-20 02:35:06','2026-02-20 02:35:06',20,NULL),(105,NULL,'Paulo Cardoso','1997-02-01','Masculino',NULL,'11988120200','ksaito@example.com','Alameda Dom Pedro II','9156','Bloco B','Boa Vista','Porto Alegre','RJ','19345092',NULL,'2026-02-20 02:35:08','$2y$12$IYLgDxE1SJ1gEZuE0Nv3P.O3g2vcYGwjLJ/lkK3spo77Zv6sFX.Rm',NULL,NULL,NULL,'vVDsX0GxLT','2026-02-20 02:35:06','2026-02-20 02:35:06',12,NULL),(106,'N','MARIANA CHAGAS DOS SANTOS CUSCINO','1983-02-13','F',NULL,'21972768535','marianachagas585@gmail.com',NULL,NULL,NULL,NULL,NULL,NULL,NULL,NULL,NULL,'$2y$12$YEBovZnzw9Rz8RIgPkkvI.tH47TB8D4wHiKQiOK0hRbXUiqoP4X4C',NULL,NULL,NULL,NULL,'2026-02-20 04:25:08','2026-02-20 04:25:13',1,NULL);
/*!40000 ALTER TABLE `users` ENABLE KEYS */;
UNLOCK TABLES;

--
-- Table structure for table `vouchers`
--

DROP TABLE IF EXISTS `vouchers`;
/*!40101 SET @saved_cs_client     = @@character_set_client */;
/*!50503 SET character_set_client = utf8mb4 */;
CREATE TABLE `vouchers` (
  `id` bigint unsigned NOT NULL AUTO_INCREMENT,
  `training_id` bigint unsigned DEFAULT NULL,
  `name` varchar(255) COLLATE utf8mb4_unicode_ci NOT NULL,
  `value` varchar(255) COLLATE utf8mb4_unicode_ci NOT NULL,
  `created_at` timestamp NULL DEFAULT NULL,
  `updated_at` timestamp NULL DEFAULT NULL,
  PRIMARY KEY (`id`),
  KEY `vouchers_training_id_foreign` (`training_id`),
  CONSTRAINT `vouchers_training_id_foreign` FOREIGN KEY (`training_id`) REFERENCES `trainings` (`id`) ON DELETE CASCADE ON UPDATE CASCADE
) ENGINE=InnoDB DEFAULT CHARSET=utf8mb4 COLLATE=utf8mb4_unicode_ci;
/*!40101 SET character_set_client = @saved_cs_client */;

--
-- Dumping data for table `vouchers`
--

LOCK TABLES `vouchers` WRITE;
/*!40000 ALTER TABLE `vouchers` DISABLE KEYS */;
/*!40000 ALTER TABLE `vouchers` ENABLE KEYS */;
UNLOCK TABLES;
/*!40103 SET TIME_ZONE=@OLD_TIME_ZONE */;

/*!40101 SET SQL_MODE=@OLD_SQL_MODE */;
/*!40014 SET FOREIGN_KEY_CHECKS=@OLD_FOREIGN_KEY_CHECKS */;
/*!40014 SET UNIQUE_CHECKS=@OLD_UNIQUE_CHECKS */;
/*!40101 SET CHARACTER_SET_CLIENT=@OLD_CHARACTER_SET_CLIENT */;
/*!40101 SET CHARACTER_SET_RESULTS=@OLD_CHARACTER_SET_RESULTS */;
/*!40101 SET COLLATION_CONNECTION=@OLD_COLLATION_CONNECTION */;
/*!40111 SET SQL_NOTES=@OLD_SQL_NOTES */;

-- Dump completed on 2026-02-19 23:50:54
