-- MySQL dump 10.13  Distrib 8.0.44, for Linux (x86_64)
--
-- Host: localhost    Database: eebra780_development
-- ------------------------------------------------------
-- Server version	8.0.44-0ubuntu0.24.04.2

/*!40101 SET @OLD_CHARACTER_SET_CLIENT=@@CHARACTER_SET_CLIENT */;
/*!40101 SET @OLD_CHARACTER_SET_RESULTS=@@CHARACTER_SET_RESULTS */;
/*!40101 SET @OLD_COLLATION_CONNECTION=@@COLLATION_CONNECTION */;
/*!50503 SET NAMES utf8mb4 */;
/*!40103 SET @OLD_TIME_ZONE=@@TIME_ZONE */;
/*!40103 SET TIME_ZONE='+00:00' */;
/*!40014 SET @OLD_UNIQUE_CHECKS=@@UNIQUE_CHECKS, UNIQUE_CHECKS=0 */;
/*!40014 SET @OLD_FOREIGN_KEY_CHECKS=@@FOREIGN_KEY_CHECKS, FOREIGN_KEY_CHECKS=0 */;
/*!40101 SET @OLD_SQL_MODE=@@SQL_MODE, SQL_MODE='NO_AUTO_VALUE_ON_ZERO' */;
/*!40111 SET @OLD_SQL_NOTES=@@SQL_NOTES, SQL_NOTES=0 */;

--
-- Table structure for table `cache`
--

DROP TABLE IF EXISTS `cache`;
/*!40101 SET @saved_cs_client     = @@character_set_client */;
/*!50503 SET character_set_client = utf8mb4 */;
CREATE TABLE `cache` (
  `key` varchar(255) COLLATE utf8mb4_unicode_ci NOT NULL,
  `value` mediumtext COLLATE utf8mb4_unicode_ci NOT NULL,
  `expiration` int NOT NULL,
  PRIMARY KEY (`key`)
) ENGINE=InnoDB DEFAULT CHARSET=utf8mb4 COLLATE=utf8mb4_unicode_ci;
/*!40101 SET character_set_client = @saved_cs_client */;

--
-- Dumping data for table `cache`
--

LOCK TABLES `cache` WRITE;
/*!40000 ALTER TABLE `cache` DISABLE KEYS */;
/*!40000 ALTER TABLE `cache` ENABLE KEYS */;
UNLOCK TABLES;

--
-- Table structure for table `cache_locks`
--

DROP TABLE IF EXISTS `cache_locks`;
/*!40101 SET @saved_cs_client     = @@character_set_client */;
/*!50503 SET character_set_client = utf8mb4 */;
CREATE TABLE `cache_locks` (
  `key` varchar(255) COLLATE utf8mb4_unicode_ci NOT NULL,
  `owner` varchar(255) COLLATE utf8mb4_unicode_ci NOT NULL,
  `expiration` int NOT NULL,
  PRIMARY KEY (`key`)
) ENGINE=InnoDB DEFAULT CHARSET=utf8mb4 COLLATE=utf8mb4_unicode_ci;
/*!40101 SET character_set_client = @saved_cs_client */;

--
-- Dumping data for table `cache_locks`
--

LOCK TABLES `cache_locks` WRITE;
/*!40000 ALTER TABLE `cache_locks` DISABLE KEYS */;
/*!40000 ALTER TABLE `cache_locks` ENABLE KEYS */;
UNLOCK TABLES;

--
-- Table structure for table `categories`
--

DROP TABLE IF EXISTS `categories`;
/*!40101 SET @saved_cs_client     = @@character_set_client */;
/*!50503 SET character_set_client = utf8mb4 */;
CREATE TABLE `categories` (
  `id` bigint unsigned NOT NULL AUTO_INCREMENT,
  `name` varchar(255) COLLATE utf8mb4_unicode_ci NOT NULL,
  `created_at` timestamp NULL DEFAULT NULL,
  `updated_at` timestamp NULL DEFAULT NULL,
  PRIMARY KEY (`id`)
) ENGINE=InnoDB DEFAULT CHARSET=utf8mb4 COLLATE=utf8mb4_unicode_ci;
/*!40101 SET character_set_client = @saved_cs_client */;

--
-- Dumping data for table `categories`
--

LOCK TABLES `categories` WRITE;
/*!40000 ALTER TABLE `categories` DISABLE KEYS */;
/*!40000 ALTER TABLE `categories` ENABLE KEYS */;
UNLOCK TABLES;

--
-- Table structure for table `category_material`
--

DROP TABLE IF EXISTS `category_material`;
/*!40101 SET @saved_cs_client     = @@character_set_client */;
/*!50503 SET character_set_client = utf8mb4 */;
CREATE TABLE `category_material` (
  `category_id` bigint unsigned DEFAULT NULL,
  `material_id` bigint unsigned DEFAULT NULL,
  KEY `category_material_category_id_foreign` (`category_id`),
  KEY `category_material_material_id_foreign` (`material_id`),
  CONSTRAINT `category_material_category_id_foreign` FOREIGN KEY (`category_id`) REFERENCES `categories` (`id`) ON DELETE CASCADE ON UPDATE CASCADE,
  CONSTRAINT `category_material_material_id_foreign` FOREIGN KEY (`material_id`) REFERENCES `materials` (`id`) ON DELETE CASCADE ON UPDATE CASCADE
) ENGINE=InnoDB DEFAULT CHARSET=utf8mb4 COLLATE=utf8mb4_unicode_ci;
/*!40101 SET character_set_client = @saved_cs_client */;

--
-- Dumping data for table `category_material`
--

LOCK TABLES `category_material` WRITE;
/*!40000 ALTER TABLE `category_material` DISABLE KEYS */;
/*!40000 ALTER TABLE `category_material` ENABLE KEYS */;
UNLOCK TABLES;

--
-- Table structure for table `church_missionary`
--

DROP TABLE IF EXISTS `church_missionary`;
/*!40101 SET @saved_cs_client     = @@character_set_client */;
/*!50503 SET character_set_client = utf8mb4 */;
CREATE TABLE `church_missionary` (
  `church_id` bigint unsigned DEFAULT NULL,
  `user_id` bigint unsigned DEFAULT NULL,
  KEY `church_missionary_church_id_foreign` (`church_id`),
  KEY `church_missionary_user_id_foreign` (`user_id`),
  CONSTRAINT `church_missionary_church_id_foreign` FOREIGN KEY (`church_id`) REFERENCES `churches` (`id`) ON DELETE CASCADE ON UPDATE CASCADE,
  CONSTRAINT `church_missionary_user_id_foreign` FOREIGN KEY (`user_id`) REFERENCES `users` (`id`) ON DELETE CASCADE ON UPDATE CASCADE
) ENGINE=InnoDB DEFAULT CHARSET=utf8mb4 COLLATE=utf8mb4_unicode_ci;
/*!40101 SET character_set_client = @saved_cs_client */;

--
-- Dumping data for table `church_missionary`
--

LOCK TABLES `church_missionary` WRITE;
/*!40000 ALTER TABLE `church_missionary` DISABLE KEYS */;
/*!40000 ALTER TABLE `church_missionary` ENABLE KEYS */;
UNLOCK TABLES;

--
-- Table structure for table `church_temps`
--

DROP TABLE IF EXISTS `church_temps`;
/*!40101 SET @saved_cs_client     = @@character_set_client */;
/*!50503 SET character_set_client = utf8mb4 */;
CREATE TABLE `church_temps` (
  `id` bigint unsigned NOT NULL AUTO_INCREMENT,
  `name` varchar(255) COLLATE utf8mb4_unicode_ci NOT NULL,
  `pastor` varchar(255) COLLATE utf8mb4_unicode_ci DEFAULT NULL,
  `email` varchar(255) COLLATE utf8mb4_unicode_ci DEFAULT NULL,
  `phone` varchar(255) COLLATE utf8mb4_unicode_ci DEFAULT NULL,
  `street` varchar(255) COLLATE utf8mb4_unicode_ci DEFAULT NULL,
  `number` varchar(255) COLLATE utf8mb4_unicode_ci DEFAULT NULL,
  `complement` varchar(255) COLLATE utf8mb4_unicode_ci DEFAULT NULL,
  `district` varchar(255) COLLATE utf8mb4_unicode_ci DEFAULT NULL,
  `city` varchar(255) COLLATE utf8mb4_unicode_ci DEFAULT NULL,
  `state` varchar(255) COLLATE utf8mb4_unicode_ci DEFAULT NULL,
  `postal_code` varchar(255) COLLATE utf8mb4_unicode_ci DEFAULT NULL,
  `contact` varchar(255) COLLATE utf8mb4_unicode_ci DEFAULT NULL,
  `contact_phone` varchar(255) COLLATE utf8mb4_unicode_ci DEFAULT NULL,
  `contact_email` varchar(255) COLLATE utf8mb4_unicode_ci DEFAULT NULL,
  `notes` text COLLATE utf8mb4_unicode_ci,
  `logo` varchar(255) COLLATE utf8mb4_unicode_ci DEFAULT NULL,
  `created_at` timestamp NULL DEFAULT NULL,
  `updated_at` timestamp NULL DEFAULT NULL,
  PRIMARY KEY (`id`)
) ENGINE=InnoDB DEFAULT CHARSET=utf8mb4 COLLATE=utf8mb4_unicode_ci;
/*!40101 SET character_set_client = @saved_cs_client */;

--
-- Dumping data for table `church_temps`
--

LOCK TABLES `church_temps` WRITE;
/*!40000 ALTER TABLE `church_temps` DISABLE KEYS */;
/*!40000 ALTER TABLE `church_temps` ENABLE KEYS */;
UNLOCK TABLES;

--
-- Table structure for table `churches`
--

DROP TABLE IF EXISTS `churches`;
/*!40101 SET @saved_cs_client     = @@character_set_client */;
/*!50503 SET character_set_client = utf8mb4 */;
CREATE TABLE `churches` (
  `id` bigint unsigned NOT NULL AUTO_INCREMENT,
  `name` varchar(255) COLLATE utf8mb4_unicode_ci NOT NULL,
  `pastor` varchar(255) COLLATE utf8mb4_unicode_ci DEFAULT NULL,
  `email` varchar(255) COLLATE utf8mb4_unicode_ci DEFAULT NULL,
  `phone` varchar(255) COLLATE utf8mb4_unicode_ci DEFAULT NULL,
  `street` varchar(255) COLLATE utf8mb4_unicode_ci DEFAULT NULL,
  `number` varchar(255) COLLATE utf8mb4_unicode_ci DEFAULT NULL,
  `complement` varchar(255) COLLATE utf8mb4_unicode_ci DEFAULT NULL,
  `district` varchar(255) COLLATE utf8mb4_unicode_ci DEFAULT NULL,
  `city` varchar(255) COLLATE utf8mb4_unicode_ci DEFAULT NULL,
  `state` varchar(255) COLLATE utf8mb4_unicode_ci DEFAULT NULL,
  `postal_code` varchar(255) COLLATE utf8mb4_unicode_ci DEFAULT NULL,
  `contact` varchar(255) COLLATE utf8mb4_unicode_ci DEFAULT NULL,
  `contact_phone` varchar(255) COLLATE utf8mb4_unicode_ci DEFAULT NULL,
  `contact_email` varchar(255) COLLATE utf8mb4_unicode_ci DEFAULT NULL,
  `notes` text COLLATE utf8mb4_unicode_ci,
  `logo` varchar(255) COLLATE utf8mb4_unicode_ci DEFAULT NULL,
  `created_at` timestamp NULL DEFAULT NULL,
  `updated_at` timestamp NULL DEFAULT NULL,
  PRIMARY KEY (`id`)
) ENGINE=InnoDB AUTO_INCREMENT=27 DEFAULT CHARSET=utf8mb4 COLLATE=utf8mb4_unicode_ci;
/*!40101 SET character_set_client = @saved_cs_client */;

--
-- Dumping data for table `churches`
--

LOCK TABLES `churches` WRITE;
/*!40000 ALTER TABLE `churches` DISABLE KEYS */;
INSERT INTO `churches` VALUES (1,'Primeira Igreja Batista do Ingá','Pr. Edimar Guimarães Pereira','secretaria@pibinga.org.br','2126211268','Rua Doutor Paulo Alves','125',NULL,'Ingá','Niterói','RJ','24210445','Secretaria','21984945914','secretaria@pibinga.org.br','Site: pibinga.org.br | Tel.: (21) 2621-1268 | WhatsApp: (21) 98494-5914 | End.: Rua Doutor Paulo Alves, 125 - Ingá - Niterói/RJ - CEP 24210-445 | Email do pastor (Atos6): ediguimaraes@yahoo.com.br','https://ik.imagekit.io/a6/uploads/organization/avatar/3744/4a5753cf-8004-42e6-8519-3af3d27734ff.jpg?tr=h-100%2Cw-100','2026-01-29 19:36:58','2026-01-29 19:36:58'),(2,'Primeira Igreja Batista de Niterói','Pr. Paschoal Piragine Júnior','secretaria@pibn.org.br','2127220355','Av. Marquês do Paraná','225',NULL,'Centro','Niterói','RJ','24030215','Secretaria','21984976149','secretaria@pibn.org.br','Site: pibn.org.br | End.: Av. Marquês do Paraná, 225 - Centro - Niterói/RJ - CEP 24030-215 | Tel.: (21) 2722-0355 | WhatsApp: (21) 98497-6149 | Cultos (perfil público): Dom 10h e 19h | Qua 19h30',NULL,'2026-01-29 19:36:58','2026-01-29 19:36:58'),(3,'Primeira Igreja Batista em Heliópolis','Pr. Davidson Freitas','equipecomunicacao.pibh@gmail.com','2127611176','Rua Madame Mariana','116',NULL,'Heliópolis','Belford Roxo','RJ','26123710','Equipe de Comunicação','2127611176','equipecomunicacao.pibh@gmail.com','Site: pibheliopolis.org.br | End.: Rua Madame Mariana, 116 - Heliópolis - Belford Roxo/RJ - CEP 26123-710 | Tel.: (21) 2761-1176 | Cultos (perfil público): Dom 8h30 e 18h | Qua 19h30','https://yata-apix-a12c0cf0-3df6-47d2-95b4-5d3fee0f4766.s3-object.locaweb.com.br/e1f68fe4032f4cbcb93c0568c979563f.png','2026-01-29 19:36:58','2026-01-29 19:36:58'),(4,'Primeira Igreja Batista em Itaipu','Pr. Marcos Caldeira Tristão','secretaria@pibitaipu.com.br','2127099149','Estrada Francisco da Cruz Nunes','308',NULL,'Itaipu','Niterói','RJ','24355160','Secretaria','2127099149','secretaria@pibitaipu.com.br','Site: pibitaipu.com.br | End.: Estrada Francisco da Cruz Nunes, 308 - Itaipu - Niterói/RJ - CEP 24355-160 | Tel.: (21) 2709-9149 | Cultos (perfil público): Dom 10h30 e 19h30 | Qua 20h',NULL,'2026-01-29 19:36:58','2026-01-29 19:36:58'),(5,'Igreja Batista Memorial em Rondonópolis','Pr. Cleverson Rodrigues','batistamemorialroo@gmail.com','66996911400','Avenida Guarapuava','1087',NULL,'Jardim Iguassu','Rondonópolis','MT','78730312','Secretaria','66996911400','batistamemorialroo@gmail.com','Site: ibmroo.com | End.: Av. Guarapuava, 1087 - Jardim Iguassu - Rondonópolis/MT - CEP 78730-312 | Tel./WhatsApp: (66) 99691-1400 | Programação (perfil público): Dom EBD 8h45 | Cultos 10h e 19h | Qua 19h30 | Sex Pequenos Grupos 19h30',NULL,'2026-01-29 19:36:58','2026-01-29 19:36:58'),(6,'First Baptist Church Atlanta','Dr. Anthony George',NULL,'7702348300','North Peachtree Road','4400',NULL,'Dunwoody','Atlanta','GA','30338','Church Office','7702348300',NULL,'Site oficial: https://www.fba.org | Endereço oficial: 4400 North Peachtree Road, Atlanta, GA 30338 | Telefone oficial: 770.234.8300 | Senior Pastor: Dr. Anthony George | Fundada em 1848.',NULL,'2026-01-29 19:36:58','2026-01-29 19:36:58'),(7,'Igreja Comunidade Crista Vila Nova de Sao Paulo','Pr. Larissa Rezende','vila.nova.sao.paulo@comunidade.com.br','21943536313','Alameda Sete de Setembro','7236','Sala 101','Vila Esperanca','Sao Paulo','SP','63576647','Gabriel Ramos','51929647563','gabriel.ramos@outlook.com','Repellendus sint sequi impedit vel non nulla nemo voluptatem a totam placeat error.',NULL,'2026-01-29 19:36:58','2026-01-29 19:36:58'),(8,'Igreja Evangelica Monte Sinai de Belem','Pr. Tiago Pereira','monte.sinai.belem@comunidade.com.br','11913204457','Avenida Getulio Vargas','1792',NULL,'Bela Vista','Belem','PA','33468411','Henrique Oliveira','71983434521','henrique.oliveira@hotmail.com',NULL,NULL,'2026-01-29 19:36:58','2026-01-29 19:36:58'),(9,'Igreja Batista Nova Alianca de Belo Horizonte','Pr. Camila Gomes','nova.alianca.belo.horizonte@igreja.org.br','71909145676','Rua Santos Dumont','5274',NULL,'Jardim America','Belo Horizonte','MG','47953305','Beatriz Ribeiro','11982568738','beatriz.ribeiro@uol.com.br',NULL,NULL,'2026-01-29 19:36:58','2026-01-29 19:36:58'),(10,'Igreja Presbiteriana Jardim de Belem','Pr. Renata Moura','jardim.belem@comunidade.com.br','81903974554','Avenida Dom Pedro II','7670',NULL,'Vila Esperanca','Belem','PA','60338994','Eduardo Dias','85993246716','eduardo.dias@outlook.com',NULL,NULL,'2026-01-29 19:36:58','2026-01-29 19:36:58'),(11,'Igreja Presbiteriana Betel de Belem','Pr. Gabriel Rocha','betel.belem@ministerio.com.br','31961669432','Alameda Rio Branco','6099','Sala 101','Bela Vista','Belem','PA','05164154','Paulo Moura','85976691796','paulo.moura@uol.com.br','Repellendus natus labore illo necessitatibus blanditiis fugit a qui sunt est minima.',NULL,'2026-01-29 19:36:58','2026-01-29 19:36:58'),(12,'Igreja Batista Monte Sinai de Recife','Pr. Lucas Oliveira','monte.sinai.recife@igreja.org.br','91953853874','Alameda Santos Dumont','5596',NULL,'Nova Esperanca','Recife','PE','24238852','Tiago Martins','71948353051','tiago.martins@uol.com.br',NULL,NULL,'2026-01-29 19:36:58','2026-01-29 19:36:58'),(13,'Igreja Assembleia de Deus Central de Curitiba','Pr. Felipe Carvalho','central.curitiba@comunidade.com.br','85928929248','Avenida Paulista','3159','Anexo A','Nova Esperanca','Curitiba','PR','00097336','Vitor Rocha','51959363321','vitor.rocha@hotmail.com',NULL,NULL,'2026-01-29 19:36:58','2026-01-29 19:36:58'),(14,'Igreja Presbiteriana Vida Nova de Manaus','Pr. Eduardo Moura','vida.nova.manaus@ministerio.com.br','91979191606','Travessa Rio Branco','2943','Bloco B','Bela Vista','Manaus','AM','43669624','Larissa Pereira','61948197225','larissa.pereira@outlook.com',NULL,NULL,'2026-01-29 19:36:58','2026-01-29 19:36:58'),(15,'Igreja Presbiteriana Vida Nova de Porto Alegre','Pr. Gabriel Rocha','vida.nova.porto.alegre@comunidade.com.br','81946449229','Alameda dos Ipês','5651','Sala 101','Nova Esperanca','Porto Alegre','RS','17916432','Lucas Gomes','21980354986','lucas.gomes@hotmail.com',NULL,NULL,'2026-01-29 19:36:58','2026-01-29 19:36:58'),(16,'Igreja Presbiteriana Memorial de Fortaleza','Pr. Patricia Santana','memorial.fortaleza@comunidade.com.br','21979594492','Alameda Sete de Setembro','17',NULL,'Parque das Nacoes','Fortaleza','CE','75312301','Felipe Lima','51970225213','felipe.lima@gmail.com','Rem libero numquam in voluptas non voluptatem dolorum rerum molestiae dolores.',NULL,'2026-01-29 19:36:58','2026-01-29 19:36:58'),(17,'Igreja Batista Vida Nova de Sao Paulo','Pr. Lucas Almeida','vida.nova.sao.paulo@ministerio.com.br','81983231959','Travessa dos Ipês','7937','Fundos','Vila Esperanca','Sao Paulo','SP','28707554','Henrique Rocha','91931163635','henrique.rocha@hotmail.com',NULL,NULL,'2026-01-29 19:36:58','2026-01-29 19:36:58'),(18,'Igreja Evangelica Central de Salvador','Pr. Henrique Lima','central.salvador@igreja.org.br','21955226459','Travessa Brasil','4934','Fundos','Boa Vista','Salvador','BA','81328723','Henrique Ramos','91900962524','henrique.ramos@uol.com.br',NULL,NULL,'2026-01-29 19:36:58','2026-01-29 19:36:58'),(19,'Igreja Comunidade Crista Ebenezer de Sao Paulo','Pr. Larissa Almeida','ebenezer.sao.paulo@igreja.org.br','61953319989','Travessa Santos Dumont','2789',NULL,'Boa Vista','Sao Paulo','SP','04349237','Marcos Ramos','85954836094','marcos.ramos@gmail.com','Voluptate sint officia ab voluptas asperiores pariatur occaecati saepe saepe officiis qui numquam voluptate.',NULL,'2026-01-29 19:36:58','2026-01-29 19:36:58'),(20,'Igreja do Nazareno Vida Nova de Curitiba','Pr. Daniel Costa','vida.nova.curitiba@ministerio.com.br','81958479847','Alameda Dom Pedro II','3201',NULL,'Vila Nova','Curitiba','PR','54072894','Paulo Ramos','91945504228','paulo.ramos@uol.com.br',NULL,NULL,'2026-01-29 19:36:58','2026-01-29 19:36:58'),(21,'Igreja do Nazareno Nova Alianca de Brasilia','Pr. Henrique Ferreira','nova.alianca.brasilia@comunidade.com.br','11971151627','Avenida das Flores','2932','Bloco B','Bela Vista','Brasilia','DF','26975918','Andre Gomes','61902093005','andre.gomes@outlook.com',NULL,NULL,'2026-01-29 19:36:58','2026-01-29 19:36:58'),(22,'Igreja Presbiteriana Vida Nova de Manaus','Pr. Rafael Ribeiro','vida.nova.manaus@comunidade.com.br','41969528500','Avenida Rio Branco','4256',NULL,'Vila Esperanca','Manaus','AM','84832531','Vitor Ribeiro','85938820018','vitor.ribeiro@outlook.com',NULL,NULL,'2026-01-29 19:36:58','2026-01-29 19:36:58'),(23,'Igreja Comunidade Crista Nova Alianca de Sao Paulo','Pr. Andre Santana','nova.alianca.sao.paulo@comunidade.com.br','81966970174','Alameda dos Ipês','4084',NULL,'Jardim America','Sao Paulo','SP','81227741','Henrique Souza','91973608764','henrique.souza@gmail.com',NULL,NULL,'2026-01-29 19:36:58','2026-01-29 19:36:58'),(24,'Igreja Evangelica Esperanca de Rio de Janeiro','Pr. Camila Cardoso','esperanca.rio.de.janeiro@comunidade.com.br','61936185054','Rua Rio Branco','6224',NULL,'Santa Clara','Rio de Janeiro','RJ','32240841','Andre Almeida','71953565088','andre.almeida@uol.com.br',NULL,NULL,'2026-01-29 19:36:58','2026-01-29 19:36:58'),(25,'Igreja Evangelica Betel de Belem','Pr. Patricia Santana','betel.belem@comunidade.com.br','81907256317','Avenida das Flores','4351',NULL,'Santa Clara','Belem','PA','13710358','Camila Barbosa','51928681688','camila.barbosa@outlook.com','Accusamus soluta corporis et aut vel nisi non at ea.',NULL,'2026-01-29 19:36:58','2026-01-29 19:36:58'),(26,'Igreja Evangelica Vida Nova de Curitiba','Pr. Felipe Almeida','vida.nova.curitiba@comunidade.com.br','41991067732','Alameda das Flores','1260','Casa 2','Jardim das Oliveiras','Curitiba','PR','93453959','Paulo Oliveira','51970614498','paulo.oliveira@uol.com.br',NULL,NULL,'2026-01-29 19:36:58','2026-01-29 19:36:58');
/*!40000 ALTER TABLE `churches` ENABLE KEYS */;
UNLOCK TABLES;

--
-- Table structure for table `course_user`
--

DROP TABLE IF EXISTS `course_user`;
/*!40101 SET @saved_cs_client     = @@character_set_client */;
/*!50503 SET character_set_client = utf8mb4 */;
CREATE TABLE `course_user` (
  `course_id` bigint unsigned DEFAULT NULL,
  `user_id` bigint unsigned DEFAULT NULL,
  `status` int NOT NULL DEFAULT '0',
  KEY `course_user_course_id_foreign` (`course_id`),
  KEY `course_user_user_id_foreign` (`user_id`),
  CONSTRAINT `course_user_course_id_foreign` FOREIGN KEY (`course_id`) REFERENCES `courses` (`id`) ON DELETE CASCADE ON UPDATE CASCADE,
  CONSTRAINT `course_user_user_id_foreign` FOREIGN KEY (`user_id`) REFERENCES `users` (`id`) ON DELETE CASCADE ON UPDATE CASCADE
) ENGINE=InnoDB DEFAULT CHARSET=utf8mb4 COLLATE=utf8mb4_unicode_ci;
/*!40101 SET character_set_client = @saved_cs_client */;

--
-- Dumping data for table `course_user`
--

LOCK TABLES `course_user` WRITE;
/*!40000 ALTER TABLE `course_user` DISABLE KEYS */;
INSERT INTO `course_user` VALUES (1,NULL,0),(1,1,0),(2,1,0),(3,1,0),(4,1,0),(5,1,0),(6,1,0),(7,1,0),(8,1,0);
/*!40000 ALTER TABLE `course_user` ENABLE KEYS */;
UNLOCK TABLES;

--
-- Table structure for table `courses`
--

DROP TABLE IF EXISTS `courses`;
/*!40101 SET @saved_cs_client     = @@character_set_client */;
/*!50503 SET character_set_client = utf8mb4 */;
CREATE TABLE `courses` (
  `id` bigint unsigned NOT NULL AUTO_INCREMENT,
  `order` varchar(255) COLLATE utf8mb4_unicode_ci DEFAULT NULL,
  `execution` int DEFAULT '0',
  `ojt_default_count` smallint unsigned NOT NULL DEFAULT '0',
  `ojt_default_policy` varchar(10) COLLATE utf8mb4_unicode_ci DEFAULT NULL,
  `type` varchar(255) COLLATE utf8mb4_unicode_ci DEFAULT NULL,
  `initials` varchar(255) COLLATE utf8mb4_unicode_ci DEFAULT NULL,
  `name` varchar(255) COLLATE utf8mb4_unicode_ci DEFAULT NULL,
  `slogan` varchar(255) COLLATE utf8mb4_unicode_ci DEFAULT NULL,
  `targetAudience` varchar(255) COLLATE utf8mb4_unicode_ci DEFAULT NULL,
  `learnMoreLink` varchar(255) COLLATE utf8mb4_unicode_ci DEFAULT NULL,
  `certificate` varchar(255) COLLATE utf8mb4_unicode_ci DEFAULT NULL,
  `color` varchar(255) COLLATE utf8mb4_unicode_ci DEFAULT '#4F4F4F',
  `description` text COLLATE utf8mb4_unicode_ci,
  `knowhow` text COLLATE utf8mb4_unicode_ci,
  `logo` varchar(255) COLLATE utf8mb4_unicode_ci DEFAULT NULL,
  `banner` varchar(255) COLLATE utf8mb4_unicode_ci DEFAULT NULL,
  `price` varchar(255) COLLATE utf8mb4_unicode_ci NOT NULL DEFAULT '0,00',
  `created_at` timestamp NULL DEFAULT NULL,
  `updated_at` timestamp NULL DEFAULT NULL,
  `ministry_id` bigint unsigned DEFAULT NULL,
  PRIMARY KEY (`id`),
  KEY `courses_ministry_id_foreign` (`ministry_id`),
  CONSTRAINT `courses_ministry_id_foreign` FOREIGN KEY (`ministry_id`) REFERENCES `ministries` (`id`) ON DELETE CASCADE ON UPDATE CASCADE
) ENGINE=InnoDB AUTO_INCREMENT=9 DEFAULT CHARSET=utf8mb4 COLLATE=utf8mb4_unicode_ci;
/*!40101 SET character_set_client = @saved_cs_client */;

--
-- Dumping data for table `courses`
--

LOCK TABLES `courses` WRITE;
/*!40000 ALTER TABLE `courses` DISABLE KEYS */;
INSERT INTO `courses` VALUES (1,'0',0,0,NULL,'Clínica','ev²','Evangelismo Eficaz',NULL,'A Clínica de Evangelismo Eficaz é destinada a pastores, líderes e membros da igreja local que desejam ser treinados para viver e compartilhar o evangelho de forma bíblica, intencional e multiplicadora no dia a dia.','https://beta.eebrasil.org.br/ministry/everyday-evangelism',NULL,NULL,'A Clínica de Evangelismo Explosivo capacita a igreja local a viver o evangelismo como estilo de vida, fortalecendo amizades intencionais, promovendo o evangelismo pessoal, estruturando o discipulado com acompanhamento e conduzindo a um crescimento saudável, no qual cada crente é preparado para testemunhar com fidelidade bíblica e compromisso com a Grande Comissão.',NULL,NULL,NULL,'180,00','2026-01-29 19:37:01','2026-01-29 19:37:01',1),(2,'1',1,0,NULL,'Workshop','ESM','Evangelho Em Sua Mão',NULL,'A Implementação do Evangelismo Eficaz é destinada a membros da igreja local que desejam ser treinados para viver e compartilhar o evangelho de forma bíblica, intencional e multiplicadora no dia a dia.','https://beta.eebrasil.org.br/ministry/everyday-evangelism',NULL,NULL,NULL,NULL,NULL,NULL,'65,00','2026-01-29 19:37:01','2026-01-29 19:37:01',1),(3,'2',1,0,NULL,'implementation','e²','Explicar o Evangelho',NULL,'A Implementação do Evangelismo Eficaz é destinada a membros da igreja local que desejam ser treinados para viver e compartilhar o evangelho de forma bíblica, intencional e multiplicadora no dia a dia.','https://beta.eebrasil.org.br/ministry/everyday-evangelism',NULL,NULL,NULL,NULL,NULL,NULL,'22,00','2026-01-29 19:37:01','2026-01-29 19:37:01',1),(4,'3',1,0,NULL,'implementation','m²','Mentorear para Multiplicar',NULL,'A Implementação do Evangelismo Eficaz é destinada a membros da igreja local que desejam ser treinados para viver e compartilhar o evangelho de forma bíblica, intencional e multiplicadora no dia a dia.','https://beta.eebrasil.org.br/ministry/everyday-evangelism',NULL,NULL,NULL,NULL,NULL,NULL,'18,00','2026-01-29 19:37:01','2026-01-29 19:37:01',1),(5,'4',1,0,NULL,'implementation','c²','Crescer em Cristo',NULL,'A Implementação do Evangelismo Eficaz é destinada a membros da igreja local que desejam ser treinados para viver e compartilhar o evangelho de forma bíblica, intencional e multiplicadora no dia a dia.','https://beta.eebrasil.org.br/ministry/everyday-evangelism',NULL,NULL,NULL,NULL,NULL,NULL,'18,00','2026-01-29 19:37:01','2026-01-29 19:37:01',1),(6,'5',1,0,NULL,'implementation','r²','Responder com a Razão',NULL,'A Implementação do Evangelismo Eficaz é destinada a membros da igreja local que desejam ser treinados para viver e compartilhar o evangelho de forma bíblica, intencional e multiplicadora no dia a dia.','https://beta.eebrasil.org.br/ministry/everyday-evangelism',NULL,NULL,NULL,NULL,NULL,NULL,'18,00','2026-01-29 19:37:01','2026-01-29 19:37:01',1),(7,'0',0,0,NULL,'Workshop','EPC','Esperança Para Crianças',NULL,'O Workshop Hope for Kids (EE-Kids) é destinado a professores, líderes de ministério infantil, pais e voluntários que desejam ser capacitados para apresentar o evangelho às crianças de forma bíblica, clara e adequada à sua faixa etária.','https://beta.eebrasil.org.br/ministry/kids-ee',NULL,NULL,'O EE-Kids, por meio da ferramenta Esperança Para Crianças, capacita a igreja local a apresentar o evangelho de Cristo às crianças de forma clara, bíblica e apropriada à sua idade, envolvendo família e comunidade no processo. Com metodologia simples e fiel às Escrituras, o ministério forma líderes e voluntários para comunicar a mensagem da salvação, cultivar valores cristãos e estabelecer fundamentos de discipulado desde cedo, cooperando para o crescimento saudável da igreja. Em suma: sem atalhos, sem modismos, o bom e antigo evangelho, semeado nos corações pequenos para frutos eternos.',NULL,NULL,NULL,'50,00','2026-01-29 19:37:01','2026-01-29 19:37:01',2),(8,'1',1,0,NULL,'implementation','EPC','Esperança Para Crianças',NULL,'O Workshop Hope for Kids (EE-Kids) é destinado a professores, líderes de ministério infantil, pais e voluntários que desejam ser capacitados para apresentar o evangelho às crianças de forma bíblica, clara e adequada à sua faixa etária.','https://beta.eebrasil.org.br/ministry/kids-ee',NULL,NULL,NULL,NULL,NULL,NULL,'10,00','2026-01-29 19:37:01','2026-01-29 19:37:01',2);
/*!40000 ALTER TABLE `courses` ENABLE KEYS */;
UNLOCK TABLES;

--
-- Table structure for table `event_dates`
--

DROP TABLE IF EXISTS `event_dates`;
/*!40101 SET @saved_cs_client     = @@character_set_client */;
/*!50503 SET character_set_client = utf8mb4 */;
CREATE TABLE `event_dates` (
  `id` bigint unsigned NOT NULL AUTO_INCREMENT,
  `training_id` bigint unsigned NOT NULL,
  `date` date NOT NULL,
  `start_time` time DEFAULT NULL,
  `end_time` time DEFAULT NULL,
  `created_at` timestamp NULL DEFAULT NULL,
  `updated_at` timestamp NULL DEFAULT NULL,
  PRIMARY KEY (`id`),
  UNIQUE KEY `event_dates_training_id_date_start_time_unique` (`training_id`,`date`,`start_time`),
  CONSTRAINT `event_dates_training_id_foreign` FOREIGN KEY (`training_id`) REFERENCES `trainings` (`id`) ON DELETE CASCADE ON UPDATE CASCADE
) ENGINE=InnoDB AUTO_INCREMENT=428 DEFAULT CHARSET=utf8mb4 COLLATE=utf8mb4_unicode_ci;
/*!40101 SET character_set_client = @saved_cs_client */;

--
-- Dumping data for table `event_dates`
--

LOCK TABLES `event_dates` WRITE;
/*!40000 ALTER TABLE `event_dates` DISABLE KEYS */;
INSERT INTO `event_dates` VALUES (1,1,'2026-02-06','18:30:00','21:30:00',NULL,NULL),(2,1,'2026-02-07','08:30:00','21:30:00',NULL,NULL),(3,1,'2026-02-08','08:30:00','18:00:00',NULL,NULL),(4,2,'2026-03-13','19:00:00','21:30:00','2026-01-29 19:37:01','2026-01-29 19:37:01'),(5,2,'2026-03-14','08:00:00','22:00:00','2026-01-29 19:37:02','2026-01-29 19:37:02'),(6,2,'2026-03-15','08:00:00','18:00:00','2026-01-29 19:37:02','2026-01-29 19:37:02'),(7,3,'2026-02-09','19:00:00','21:30:00','2026-01-29 19:37:02','2026-01-29 19:37:02'),(8,3,'2026-02-10','08:00:00','22:00:00','2026-01-29 19:37:02','2026-01-29 19:37:02'),(9,3,'2026-02-11','08:00:00','18:00:00','2026-01-29 19:37:02','2026-01-29 19:37:02'),(10,4,'2026-05-15','19:00:00','21:30:00','2026-01-29 19:37:02','2026-01-29 19:37:02'),(11,4,'2026-05-16','08:00:00','22:00:00','2026-01-29 19:37:02','2026-01-29 19:37:02'),(12,4,'2026-05-17','08:00:00','18:00:00','2026-01-29 19:37:02','2026-01-29 19:37:02'),(13,5,'2026-04-22','19:00:00','21:30:00','2026-01-29 19:37:02','2026-01-29 19:37:02'),(14,5,'2026-04-23','08:00:00','22:00:00','2026-01-29 19:37:02','2026-01-29 19:37:02'),(15,5,'2026-04-24','08:00:00','18:00:00','2026-01-29 19:37:02','2026-01-29 19:37:02'),(16,6,'2026-02-20','19:00:00','21:30:00','2026-01-29 19:37:02','2026-01-29 19:37:02'),(17,6,'2026-02-21','08:00:00','22:00:00','2026-01-29 19:37:02','2026-01-29 19:37:02'),(18,6,'2026-02-22','08:00:00','18:00:00','2026-01-29 19:37:02','2026-01-29 19:37:02'),(19,7,'2026-03-29','19:00:00','21:30:00','2026-01-29 19:37:02','2026-01-29 19:37:02'),(20,7,'2026-03-30','08:00:00','22:00:00','2026-01-29 19:37:02','2026-01-29 19:37:02'),(21,7,'2026-03-31','08:00:00','18:00:00','2026-01-29 19:37:02','2026-01-29 19:37:02'),(22,8,'2026-03-20','19:00:00','21:30:00','2026-01-29 19:37:02','2026-01-29 19:37:02'),(23,8,'2026-03-21','08:00:00','22:00:00','2026-01-29 19:37:02','2026-01-29 19:37:02'),(24,8,'2026-03-22','08:00:00','18:00:00','2026-01-29 19:37:02','2026-01-29 19:37:02'),(25,9,'2026-04-29','19:00:00','21:30:00','2026-01-29 19:37:02','2026-01-29 19:37:02'),(26,9,'2026-04-30','08:00:00','22:00:00','2026-01-29 19:37:02','2026-01-29 19:37:02'),(27,9,'2026-05-01','08:00:00','18:00:00','2026-01-29 19:37:02','2026-01-29 19:37:02'),(28,10,'2026-05-10','19:00:00','21:30:00','2026-01-29 19:37:02','2026-01-29 19:37:02'),(29,10,'2026-05-11','08:00:00','22:00:00','2026-01-29 19:37:02','2026-01-29 19:37:02'),(30,10,'2026-05-12','08:00:00','18:00:00','2026-01-29 19:37:02','2026-01-29 19:37:02'),(31,11,'2026-04-09','19:00:00','21:30:00','2026-01-29 19:37:02','2026-01-29 19:37:02'),(32,11,'2026-04-10','08:00:00','22:00:00','2026-01-29 19:37:02','2026-01-29 19:37:02'),(33,11,'2026-04-11','08:00:00','18:00:00','2026-01-29 19:37:02','2026-01-29 19:37:02'),(34,12,'2026-05-08','19:00:00','21:30:00','2026-01-29 19:37:02','2026-01-29 19:37:02'),(35,12,'2026-05-09','08:00:00','22:00:00','2026-01-29 19:37:02','2026-01-29 19:37:02'),(36,12,'2026-05-10','08:00:00','18:00:00','2026-01-29 19:37:02','2026-01-29 19:37:02'),(37,13,'2026-03-12','19:00:00','21:30:00','2026-01-29 19:37:02','2026-01-29 19:37:02'),(38,13,'2026-03-13','08:00:00','22:00:00','2026-01-29 19:37:02','2026-01-29 19:37:02'),(39,13,'2026-03-14','08:00:00','18:00:00','2026-01-29 19:37:02','2026-01-29 19:37:02'),(40,14,'2026-04-15','19:00:00','21:30:00','2026-01-29 19:37:02','2026-01-29 19:37:02'),(41,14,'2026-04-16','08:00:00','22:00:00','2026-01-29 19:37:02','2026-01-29 19:37:02'),(42,14,'2026-04-17','08:00:00','18:00:00','2026-01-29 19:37:02','2026-01-29 19:37:02'),(43,15,'2026-02-24','19:00:00','21:30:00','2026-01-29 19:37:02','2026-01-29 19:37:02'),(44,15,'2026-02-25','08:00:00','22:00:00','2026-01-29 19:37:02','2026-01-29 19:37:02'),(45,15,'2026-02-26','08:00:00','18:00:00','2026-01-29 19:37:02','2026-01-29 19:37:02'),(46,16,'2026-04-04','19:00:00','21:30:00','2026-01-29 19:37:02','2026-01-29 19:37:02'),(47,16,'2026-04-05','08:00:00','22:00:00','2026-01-29 19:37:02','2026-01-29 19:37:02'),(48,16,'2026-04-06','08:00:00','18:00:00','2026-01-29 19:37:02','2026-01-29 19:37:02'),(49,17,'2026-05-27','19:00:00','21:30:00','2026-01-29 19:37:02','2026-01-29 19:37:02'),(50,17,'2026-05-28','08:00:00','22:00:00','2026-01-29 19:37:02','2026-01-29 19:37:02'),(51,17,'2026-05-29','08:00:00','18:00:00','2026-01-29 19:37:02','2026-01-29 19:37:02'),(52,18,'2026-05-26','19:00:00','21:30:00','2026-01-29 19:37:02','2026-01-29 19:37:02'),(53,18,'2026-05-27','08:00:00','22:00:00','2026-01-29 19:37:02','2026-01-29 19:37:02'),(54,18,'2026-05-28','08:00:00','18:00:00','2026-01-29 19:37:02','2026-01-29 19:37:02'),(55,19,'2026-05-22','19:00:00','21:30:00','2026-01-29 19:37:02','2026-01-29 19:37:02'),(56,19,'2026-05-23','08:00:00','22:00:00','2026-01-29 19:37:02','2026-01-29 19:37:02'),(57,19,'2026-05-24','08:00:00','18:00:00','2026-01-29 19:37:02','2026-01-29 19:37:02'),(58,20,'2026-03-19','09:00:00','17:00:00','2026-01-29 19:37:02','2026-01-29 19:37:02'),(59,21,'2026-05-20','09:00:00','17:00:00','2026-01-29 19:37:02','2026-01-29 19:37:02'),(60,22,'2026-05-09','09:00:00','17:00:00','2026-01-29 19:37:02','2026-01-29 19:37:02'),(61,23,'2026-05-27','09:00:00','17:00:00','2026-01-29 19:37:02','2026-01-29 19:37:02'),(62,24,'2026-03-27','09:00:00','17:00:00','2026-01-29 19:37:02','2026-01-29 19:37:02'),(63,25,'2026-02-03','09:00:00','17:00:00','2026-01-29 19:37:02','2026-01-29 19:37:02'),(64,26,'2026-05-02','09:00:00','17:00:00','2026-01-29 19:37:02','2026-01-29 19:37:02'),(65,27,'2026-03-07','09:00:00','17:00:00','2026-01-29 19:37:02','2026-01-29 19:37:02'),(66,28,'2026-05-28','09:00:00','17:00:00','2026-01-29 19:37:02','2026-01-29 19:37:02'),(67,29,'2026-02-17','09:00:00','17:00:00','2026-01-29 19:37:02','2026-01-29 19:37:02'),(68,30,'2026-02-12','09:00:00','17:00:00','2026-01-29 19:37:02','2026-01-29 19:37:02'),(69,31,'2026-05-02','09:00:00','17:00:00','2026-01-29 19:37:02','2026-01-29 19:37:02'),(70,32,'2026-05-19','09:00:00','17:00:00','2026-01-29 19:37:02','2026-01-29 19:37:02'),(71,33,'2026-02-25','09:00:00','17:00:00','2026-01-29 19:37:02','2026-01-29 19:37:02'),(72,34,'2026-05-21','09:00:00','17:00:00','2026-01-29 19:37:02','2026-01-29 19:37:02'),(73,35,'2026-04-27','09:00:00','17:00:00','2026-01-29 19:37:02','2026-01-29 19:37:02'),(74,36,'2026-04-03','09:00:00','17:00:00','2026-01-29 19:37:02','2026-01-29 19:37:02'),(75,37,'2026-04-04','09:00:00','17:00:00','2026-01-29 19:37:02','2026-01-29 19:37:02'),(76,38,'2026-03-03','09:00:00','17:00:00','2026-01-29 19:37:02','2026-01-29 19:37:02'),(77,39,'2026-02-20','09:00:00','17:00:00','2026-01-29 19:37:02','2026-01-29 19:37:02'),(78,40,'2026-03-17','09:00:00','17:00:00','2026-01-29 19:37:02','2026-01-29 19:37:02'),(79,41,'2026-04-07','09:00:00','17:00:00','2026-01-29 19:37:02','2026-01-29 19:37:02'),(80,42,'2026-04-08','09:00:00','17:00:00','2026-01-29 19:37:02','2026-01-29 19:37:02'),(81,43,'2026-05-28','09:00:00','17:00:00','2026-01-29 19:37:02','2026-01-29 19:37:02'),(82,44,'2026-02-23','09:00:00','17:00:00','2026-01-29 19:37:02','2026-01-29 19:37:02'),(83,45,'2026-05-16','09:00:00','17:00:00','2026-01-29 19:37:02','2026-01-29 19:37:02'),(84,46,'2026-04-04','09:00:00','17:00:00','2026-01-29 19:37:02','2026-01-29 19:37:02'),(85,47,'2026-03-19','09:00:00','17:00:00','2026-01-29 19:37:02','2026-01-29 19:37:02'),(86,48,'2026-03-25','09:00:00','17:00:00','2026-01-29 19:37:02','2026-01-29 19:37:02'),(87,49,'2026-04-03','09:00:00','17:00:00','2026-01-29 19:37:02','2026-01-29 19:37:02'),(88,50,'2026-04-02','09:00:00','17:00:00','2026-01-29 19:37:02','2026-01-29 19:37:02'),(89,51,'2026-03-18','09:00:00','17:00:00','2026-01-29 19:37:02','2026-01-29 19:37:02'),(90,52,'2026-04-13','09:00:00','17:00:00','2026-01-29 19:37:02','2026-01-29 19:37:02'),(91,53,'2026-04-09','09:00:00','17:00:00','2026-01-29 19:37:02','2026-01-29 19:37:02'),(92,54,'2026-05-08','09:00:00','17:00:00','2026-01-29 19:37:02','2026-01-29 19:37:02'),(93,55,'2026-05-14','09:00:00','17:00:00','2026-01-29 19:37:02','2026-01-29 19:37:02'),(94,56,'2026-04-12','09:00:00','17:00:00','2026-01-29 19:37:05','2026-01-29 19:37:05'),(95,57,'2026-05-18','08:00:00','17:30:00','2026-01-29 19:37:05','2026-01-29 19:37:05'),(96,57,'2026-05-19','08:00:00','17:30:00','2026-01-29 19:37:05','2026-01-29 19:37:05'),(97,58,'2026-05-25','08:00:00','17:30:00','2026-01-29 19:37:05','2026-01-29 19:37:05'),(98,58,'2026-05-26','08:00:00','17:30:00','2026-01-29 19:37:05','2026-01-29 19:37:05'),(99,59,'2026-05-10','09:00:00','17:00:00','2026-01-29 19:37:05','2026-01-29 19:37:05'),(100,60,'2026-05-04','09:00:00','17:00:00','2026-01-29 19:37:05','2026-01-29 19:37:05'),(101,61,'2026-02-24','08:00:00','17:30:00','2026-01-29 19:37:05','2026-01-29 19:37:05'),(102,61,'2026-02-25','08:00:00','17:30:00','2026-01-29 19:37:05','2026-01-29 19:37:05'),(103,62,'2026-03-05','09:00:00','17:00:00','2026-01-29 19:37:05','2026-01-29 19:37:05'),(104,63,'2026-03-18','19:00:00','21:30:00','2026-01-29 19:37:05','2026-01-29 19:37:05'),(105,63,'2026-03-19','08:00:00','22:00:00','2026-01-29 19:37:05','2026-01-29 19:37:05'),(106,63,'2026-03-20','08:00:00','18:00:00','2026-01-29 19:37:05','2026-01-29 19:37:05'),(107,64,'2026-02-14','09:00:00','17:00:00','2026-01-29 19:37:05','2026-01-29 19:37:05'),(108,65,'2026-04-24','09:00:00','17:00:00','2026-01-29 19:37:05','2026-01-29 19:37:05'),(109,66,'2026-03-06','09:00:00','17:00:00','2026-01-29 19:37:05','2026-01-29 19:37:05'),(110,67,'2026-04-18','09:00:00','17:00:00','2026-01-29 19:37:05','2026-01-29 19:37:05'),(111,68,'2026-05-18','09:00:00','17:00:00','2026-01-29 19:37:06','2026-01-29 19:37:06'),(112,69,'2026-03-16','19:00:00','21:30:00','2026-01-29 19:37:06','2026-01-29 19:37:06'),(113,69,'2026-03-17','08:00:00','22:00:00','2026-01-29 19:37:06','2026-01-29 19:37:06'),(114,69,'2026-03-18','08:00:00','18:00:00','2026-01-29 19:37:06','2026-01-29 19:37:06'),(115,70,'2026-05-22','09:00:00','17:00:00','2026-01-29 19:37:06','2026-01-29 19:37:06'),(116,71,'2026-05-12','09:00:00','17:00:00','2026-01-29 19:37:06','2026-01-29 19:37:06'),(117,72,'2026-02-21','09:00:00','17:00:00','2026-01-29 19:37:06','2026-01-29 19:37:06'),(118,73,'2026-05-08','09:00:00','17:00:00','2026-01-29 19:37:06','2026-01-29 19:37:06'),(119,74,'2026-03-06','09:00:00','17:00:00','2026-01-29 19:37:06','2026-01-29 19:37:06'),(120,75,'2026-04-03','09:00:00','17:00:00','2026-01-29 19:37:06','2026-01-29 19:37:06'),(121,76,'2026-05-21','09:00:00','17:00:00','2026-01-29 19:37:06','2026-01-29 19:37:06'),(122,77,'2026-04-07','09:00:00','17:00:00','2026-01-29 19:37:06','2026-01-29 19:37:06'),(123,78,'2026-03-20','09:00:00','17:00:00','2026-01-29 19:37:06','2026-01-29 19:37:06'),(124,79,'2026-02-27','09:00:00','17:00:00','2026-01-29 19:37:06','2026-01-29 19:37:06'),(125,80,'2026-05-02','08:00:00','17:30:00','2026-01-29 19:37:06','2026-01-29 19:37:06'),(126,80,'2026-05-03','08:00:00','17:30:00','2026-01-29 19:37:06','2026-01-29 19:37:06'),(127,81,'2026-04-14','08:00:00','17:30:00','2026-01-29 19:37:06','2026-01-29 19:37:06'),(128,81,'2026-04-15','08:00:00','17:30:00','2026-01-29 19:37:06','2026-01-29 19:37:06'),(129,82,'2026-04-21','09:00:00','17:00:00','2026-01-29 19:37:06','2026-01-29 19:37:06'),(130,83,'2026-05-27','09:00:00','17:00:00','2026-01-29 19:37:06','2026-01-29 19:37:06'),(131,84,'2026-03-09','08:00:00','17:30:00','2026-01-29 19:37:06','2026-01-29 19:37:06'),(132,84,'2026-03-10','08:00:00','17:30:00','2026-01-29 19:37:06','2026-01-29 19:37:06'),(133,85,'2026-02-20','09:00:00','17:00:00','2026-01-29 19:37:06','2026-01-29 19:37:06'),(134,86,'2026-02-20','09:00:00','17:00:00','2026-01-29 19:37:06','2026-01-29 19:37:06'),(135,87,'2026-02-22','09:00:00','17:00:00','2026-01-29 19:37:06','2026-01-29 19:37:06'),(136,88,'2026-05-16','09:00:00','17:00:00','2026-01-29 19:37:06','2026-01-29 19:37:06'),(137,89,'2026-03-10','09:00:00','17:00:00','2026-01-29 19:37:06','2026-01-29 19:37:06'),(138,90,'2026-04-03','19:00:00','21:30:00','2026-01-29 19:37:06','2026-01-29 19:37:06'),(139,90,'2026-04-04','08:00:00','22:00:00','2026-01-29 19:37:06','2026-01-29 19:37:06'),(140,90,'2026-04-05','08:00:00','18:00:00','2026-01-29 19:37:06','2026-01-29 19:37:06'),(141,91,'2026-03-15','09:00:00','17:00:00','2026-01-29 19:37:06','2026-01-29 19:37:06'),(142,92,'2026-02-10','09:00:00','17:00:00','2026-01-29 19:37:06','2026-01-29 19:37:06'),(143,93,'2026-03-05','09:00:00','17:00:00','2026-01-29 19:37:06','2026-01-29 19:37:06'),(144,94,'2026-02-22','09:00:00','17:00:00','2026-01-29 19:37:06','2026-01-29 19:37:06'),(145,95,'2026-03-20','09:00:00','17:00:00','2026-01-29 19:37:06','2026-01-29 19:37:06'),(146,96,'2026-05-09','09:00:00','17:00:00','2026-01-29 19:37:06','2026-01-29 19:37:06'),(147,97,'2026-03-14','09:00:00','17:00:00','2026-01-29 19:37:06','2026-01-29 19:37:06'),(148,98,'2026-02-21','09:00:00','17:00:00','2026-01-29 19:37:06','2026-01-29 19:37:06'),(149,99,'2026-05-19','09:00:00','17:00:00','2026-01-29 19:37:06','2026-01-29 19:37:06'),(150,100,'2026-05-24','09:00:00','17:00:00','2026-01-29 19:37:06','2026-01-29 19:37:06'),(151,101,'2026-03-01','08:00:00','17:30:00','2026-01-29 19:37:06','2026-01-29 19:37:06'),(152,101,'2026-03-02','08:00:00','17:30:00','2026-01-29 19:37:06','2026-01-29 19:37:06'),(153,102,'2026-03-18','09:00:00','17:00:00','2026-01-29 19:37:06','2026-01-29 19:37:06'),(154,103,'2026-02-15','09:00:00','17:00:00','2026-01-29 19:37:06','2026-01-29 19:37:06'),(155,104,'2026-05-25','09:00:00','17:00:00','2026-01-29 19:37:06','2026-01-29 19:37:06'),(156,105,'2026-04-27','09:00:00','17:00:00','2026-01-29 19:37:06','2026-01-29 19:37:06'),(157,106,'2026-03-22','09:00:00','17:00:00','2026-01-29 19:37:06','2026-01-29 19:37:06'),(158,107,'2026-04-01','09:00:00','17:00:00','2026-01-29 19:37:06','2026-01-29 19:37:06'),(159,108,'2026-05-11','09:00:00','17:00:00','2026-01-29 19:37:06','2026-01-29 19:37:06'),(160,109,'2026-03-20','19:00:00','21:30:00','2026-01-29 19:37:06','2026-01-29 19:37:06'),(161,109,'2026-03-21','08:00:00','22:00:00','2026-01-29 19:37:06','2026-01-29 19:37:06'),(162,109,'2026-03-22','08:00:00','18:00:00','2026-01-29 19:37:06','2026-01-29 19:37:06'),(163,110,'2026-05-04','08:00:00','17:30:00','2026-01-29 19:37:06','2026-01-29 19:37:06'),(164,110,'2026-05-05','08:00:00','17:30:00','2026-01-29 19:37:06','2026-01-29 19:37:06'),(165,111,'2026-03-10','09:00:00','17:00:00','2026-01-29 19:37:06','2026-01-29 19:37:06'),(166,112,'2026-02-18','09:00:00','17:00:00','2026-01-29 19:37:06','2026-01-29 19:37:06'),(167,113,'2026-03-12','19:00:00','21:30:00','2026-01-29 19:37:06','2026-01-29 19:37:06'),(168,113,'2026-03-13','08:00:00','22:00:00','2026-01-29 19:37:06','2026-01-29 19:37:06'),(169,113,'2026-03-14','08:00:00','18:00:00','2026-01-29 19:37:06','2026-01-29 19:37:06'),(170,114,'2026-03-15','09:00:00','17:00:00','2026-01-29 19:37:06','2026-01-29 19:37:06'),(171,115,'2026-02-22','08:00:00','17:30:00','2026-01-29 19:37:06','2026-01-29 19:37:06'),(172,115,'2026-02-23','08:00:00','17:30:00','2026-01-29 19:37:06','2026-01-29 19:37:06'),(173,116,'2026-03-04','08:00:00','17:30:00','2026-01-29 19:37:06','2026-01-29 19:37:06'),(174,116,'2026-03-05','08:00:00','17:30:00','2026-01-29 19:37:06','2026-01-29 19:37:06'),(175,117,'2026-04-14','09:00:00','17:00:00','2026-01-29 19:37:06','2026-01-29 19:37:06'),(176,118,'2026-05-26','19:00:00','21:30:00','2026-01-29 19:37:06','2026-01-29 19:37:06'),(177,118,'2026-05-27','08:00:00','22:00:00','2026-01-29 19:37:06','2026-01-29 19:37:06'),(178,118,'2026-05-28','08:00:00','18:00:00','2026-01-29 19:37:06','2026-01-29 19:37:06'),(179,119,'2026-03-19','09:00:00','17:00:00','2026-01-29 19:37:06','2026-01-29 19:37:06'),(180,120,'2026-04-26','09:00:00','17:00:00','2026-01-29 19:37:06','2026-01-29 19:37:06'),(181,121,'2026-05-10','19:00:00','21:30:00','2026-01-29 19:37:06','2026-01-29 19:37:06'),(182,121,'2026-05-11','08:00:00','22:00:00','2026-01-29 19:37:06','2026-01-29 19:37:06'),(183,121,'2026-05-12','08:00:00','18:00:00','2026-01-29 19:37:06','2026-01-29 19:37:06'),(184,122,'2026-02-14','09:00:00','17:00:00','2026-01-29 19:37:06','2026-01-29 19:37:06'),(185,123,'2026-04-20','09:00:00','17:00:00','2026-01-29 19:37:06','2026-01-29 19:37:06'),(186,124,'2026-02-18','08:00:00','17:30:00','2026-01-29 19:37:06','2026-01-29 19:37:06'),(187,124,'2026-02-19','08:00:00','17:30:00','2026-01-29 19:37:06','2026-01-29 19:37:06'),(188,125,'2026-05-06','09:00:00','17:00:00','2026-01-29 19:37:06','2026-01-29 19:37:06'),(189,126,'2026-05-19','08:00:00','17:30:00','2026-01-29 19:37:06','2026-01-29 19:37:06'),(190,126,'2026-05-20','08:00:00','17:30:00','2026-01-29 19:37:06','2026-01-29 19:37:06'),(191,127,'2026-05-04','19:00:00','21:30:00','2026-01-29 19:37:06','2026-01-29 19:37:06'),(192,127,'2026-05-05','08:00:00','22:00:00','2026-01-29 19:37:06','2026-01-29 19:37:06'),(193,127,'2026-05-06','08:00:00','18:00:00','2026-01-29 19:37:06','2026-01-29 19:37:06'),(194,128,'2026-05-29','19:00:00','21:30:00','2026-01-29 19:37:06','2026-01-29 19:37:06'),(195,128,'2026-05-30','08:00:00','22:00:00','2026-01-29 19:37:06','2026-01-29 19:37:06'),(196,128,'2026-05-31','08:00:00','18:00:00','2026-01-29 19:37:06','2026-01-29 19:37:06'),(197,129,'2026-04-29','19:00:00','21:30:00','2026-01-29 19:37:06','2026-01-29 19:37:06'),(198,129,'2026-04-30','08:00:00','22:00:00','2026-01-29 19:37:06','2026-01-29 19:37:06'),(199,129,'2026-05-01','08:00:00','18:00:00','2026-01-29 19:37:06','2026-01-29 19:37:06'),(200,130,'2026-03-23','09:00:00','17:00:00','2026-01-29 19:37:06','2026-01-29 19:37:06'),(201,131,'2026-04-26','09:00:00','17:00:00','2026-01-29 19:37:06','2026-01-29 19:37:06'),(202,132,'2026-04-19','09:00:00','17:00:00','2026-01-29 19:37:06','2026-01-29 19:37:06'),(203,133,'2026-04-23','09:00:00','17:00:00','2026-01-29 19:37:06','2026-01-29 19:37:06'),(204,134,'2026-02-07','09:00:00','17:00:00','2026-01-29 19:37:06','2026-01-29 19:37:06'),(205,135,'2026-04-13','09:00:00','17:00:00','2026-01-29 19:37:06','2026-01-29 19:37:06'),(206,136,'2026-02-27','09:00:00','17:00:00','2026-01-29 19:37:06','2026-01-29 19:37:06'),(207,137,'2026-03-04','09:00:00','17:00:00','2026-01-29 19:37:06','2026-01-29 19:37:06'),(208,138,'2026-03-29','08:00:00','17:30:00','2026-01-29 19:37:06','2026-01-29 19:37:06'),(209,138,'2026-03-30','08:00:00','17:30:00','2026-01-29 19:37:06','2026-01-29 19:37:06'),(210,139,'2026-03-17','09:00:00','17:00:00','2026-01-29 19:37:06','2026-01-29 19:37:06'),(211,140,'2026-02-04','09:00:00','17:00:00','2026-01-29 19:37:06','2026-01-29 19:37:06'),(212,141,'2026-03-26','09:00:00','17:00:00','2026-01-29 19:37:06','2026-01-29 19:37:06'),(213,142,'2026-04-03','09:00:00','17:00:00','2026-01-29 19:37:06','2026-01-29 19:37:06'),(214,143,'2026-05-18','09:00:00','17:00:00','2026-01-29 19:37:06','2026-01-29 19:37:06'),(215,144,'2026-05-14','09:00:00','17:00:00','2026-01-29 19:37:06','2026-01-29 19:37:06'),(216,145,'2026-03-30','09:00:00','17:00:00','2026-01-29 19:37:06','2026-01-29 19:37:06'),(217,146,'2026-03-29','09:00:00','17:00:00','2026-01-29 19:37:06','2026-01-29 19:37:06'),(218,147,'2026-05-16','08:00:00','17:30:00','2026-01-29 19:37:06','2026-01-29 19:37:06'),(219,147,'2026-05-17','08:00:00','17:30:00','2026-01-29 19:37:06','2026-01-29 19:37:06'),(220,148,'2026-03-20','08:00:00','17:30:00','2026-01-29 19:37:06','2026-01-29 19:37:06'),(221,148,'2026-03-21','08:00:00','17:30:00','2026-01-29 19:37:06','2026-01-29 19:37:06'),(222,149,'2026-04-21','09:00:00','17:00:00','2026-01-29 19:37:06','2026-01-29 19:37:06'),(223,150,'2026-03-18','09:00:00','17:00:00','2026-01-29 19:37:06','2026-01-29 19:37:06'),(224,151,'2026-05-16','09:00:00','17:00:00','2026-01-29 19:37:06','2026-01-29 19:37:06'),(225,152,'2026-02-24','09:00:00','17:00:00','2026-01-29 19:37:06','2026-01-29 19:37:06'),(226,153,'2026-03-13','09:00:00','17:00:00','2026-01-29 19:37:06','2026-01-29 19:37:06'),(227,154,'2026-05-20','09:00:00','17:00:00','2026-01-29 19:37:06','2026-01-29 19:37:06'),(228,155,'2026-02-06','09:00:00','17:00:00','2026-01-29 19:37:06','2026-01-29 19:37:06'),(229,156,'2026-02-19','09:00:00','17:00:00','2026-01-29 19:37:06','2026-01-29 19:37:06'),(230,157,'2026-04-03','09:00:00','17:00:00','2026-01-29 19:37:06','2026-01-29 19:37:06'),(231,158,'2026-04-02','19:00:00','21:30:00','2026-01-29 19:37:06','2026-01-29 19:37:06'),(232,158,'2026-04-03','08:00:00','22:00:00','2026-01-29 19:37:06','2026-01-29 19:37:06'),(233,158,'2026-04-04','08:00:00','18:00:00','2026-01-29 19:37:06','2026-01-29 19:37:06'),(234,159,'2026-04-20','09:00:00','17:00:00','2026-01-29 19:37:06','2026-01-29 19:37:06'),(235,160,'2026-05-16','09:00:00','17:00:00','2026-01-29 19:37:06','2026-01-29 19:37:06'),(236,161,'2026-05-05','09:00:00','17:00:00','2026-01-29 19:37:06','2026-01-29 19:37:06'),(237,162,'2026-04-19','09:00:00','17:00:00','2026-01-29 19:37:06','2026-01-29 19:37:06'),(238,163,'2026-03-05','09:00:00','17:00:00','2026-01-29 19:37:06','2026-01-29 19:37:06'),(239,164,'2026-02-23','09:00:00','17:00:00','2026-01-29 19:37:06','2026-01-29 19:37:06'),(240,165,'2026-03-02','09:00:00','17:00:00','2026-01-29 19:37:06','2026-01-29 19:37:06'),(241,166,'2026-05-15','09:00:00','17:00:00','2026-01-29 19:37:06','2026-01-29 19:37:06'),(242,167,'2026-04-15','09:00:00','17:00:00','2026-01-29 19:37:06','2026-01-29 19:37:06'),(243,168,'2026-04-12','09:00:00','17:00:00','2026-01-29 19:37:06','2026-01-29 19:37:06'),(244,169,'2026-04-28','09:00:00','17:00:00','2026-01-29 19:37:06','2026-01-29 19:37:06'),(245,170,'2026-05-12','09:00:00','17:00:00','2026-01-29 19:37:06','2026-01-29 19:37:06'),(246,171,'2026-02-24','08:00:00','17:30:00','2026-01-29 19:37:06','2026-01-29 19:37:06'),(247,171,'2026-02-25','08:00:00','17:30:00','2026-01-29 19:37:06','2026-01-29 19:37:06'),(248,172,'2026-05-04','09:00:00','17:00:00','2026-01-29 19:37:06','2026-01-29 19:37:06'),(249,173,'2026-03-07','09:00:00','17:00:00','2026-01-29 19:37:06','2026-01-29 19:37:06'),(250,174,'2026-03-05','09:00:00','17:00:00','2026-01-29 19:37:06','2026-01-29 19:37:06'),(251,175,'2026-03-15','09:00:00','17:00:00','2026-01-29 19:37:06','2026-01-29 19:37:06'),(252,176,'2026-02-07','09:00:00','17:00:00','2026-01-29 19:37:06','2026-01-29 19:37:06'),(253,177,'2026-03-22','09:00:00','17:00:00','2026-01-29 19:37:06','2026-01-29 19:37:06'),(254,178,'2026-02-16','19:00:00','21:30:00','2026-01-29 19:37:06','2026-01-29 19:37:06'),(255,178,'2026-02-17','08:00:00','22:00:00','2026-01-29 19:37:06','2026-01-29 19:37:06'),(256,178,'2026-02-18','08:00:00','18:00:00','2026-01-29 19:37:06','2026-01-29 19:37:06'),(257,179,'2026-04-27','09:00:00','17:00:00','2026-01-29 19:37:06','2026-01-29 19:37:06'),(258,180,'2026-04-17','19:00:00','21:30:00','2026-01-29 19:37:06','2026-01-29 19:37:06'),(259,180,'2026-04-18','08:00:00','22:00:00','2026-01-29 19:37:06','2026-01-29 19:37:06'),(260,180,'2026-04-19','08:00:00','18:00:00','2026-01-29 19:37:06','2026-01-29 19:37:06'),(261,181,'2026-05-15','08:00:00','17:30:00','2026-01-29 19:37:06','2026-01-29 19:37:06'),(262,181,'2026-05-16','08:00:00','17:30:00','2026-01-29 19:37:06','2026-01-29 19:37:06'),(263,182,'2026-04-25','09:00:00','17:00:00','2026-01-29 19:37:06','2026-01-29 19:37:06'),(264,183,'2026-05-19','09:00:00','17:00:00','2026-01-29 19:37:06','2026-01-29 19:37:06'),(265,184,'2026-03-11','08:00:00','17:30:00','2026-01-29 19:37:06','2026-01-29 19:37:06'),(266,184,'2026-03-12','08:00:00','17:30:00','2026-01-29 19:37:06','2026-01-29 19:37:06'),(267,185,'2026-02-15','09:00:00','17:00:00','2026-01-29 19:37:06','2026-01-29 19:37:06'),(268,186,'2026-05-16','08:00:00','17:30:00','2026-01-29 19:37:06','2026-01-29 19:37:06'),(269,186,'2026-05-17','08:00:00','17:30:00','2026-01-29 19:37:06','2026-01-29 19:37:06'),(270,187,'2026-02-14','09:00:00','17:00:00','2026-01-29 19:37:06','2026-01-29 19:37:06'),(271,188,'2026-04-16','09:00:00','17:00:00','2026-01-29 19:37:06','2026-01-29 19:37:06'),(272,189,'2026-03-02','09:00:00','17:00:00','2026-01-29 19:37:06','2026-01-29 19:37:06'),(273,190,'2026-05-07','09:00:00','17:00:00','2026-01-29 19:37:06','2026-01-29 19:37:06'),(274,191,'2026-04-14','09:00:00','17:00:00','2026-01-29 19:37:06','2026-01-29 19:37:06'),(275,192,'2026-03-08','09:00:00','17:00:00','2026-01-29 19:37:06','2026-01-29 19:37:06'),(276,193,'2026-05-02','09:00:00','17:00:00','2026-01-29 19:37:06','2026-01-29 19:37:06'),(277,194,'2026-02-22','19:00:00','21:30:00','2026-01-29 19:37:07','2026-01-29 19:37:07'),(278,194,'2026-02-23','08:00:00','22:00:00','2026-01-29 19:37:07','2026-01-29 19:37:07'),(279,194,'2026-02-24','08:00:00','18:00:00','2026-01-29 19:37:07','2026-01-29 19:37:07'),(280,195,'2026-05-17','09:00:00','17:00:00','2026-01-29 19:37:07','2026-01-29 19:37:07'),(281,196,'2026-02-18','09:00:00','17:00:00','2026-01-29 19:37:07','2026-01-29 19:37:07'),(282,197,'2026-05-01','09:00:00','17:00:00','2026-01-29 19:37:07','2026-01-29 19:37:07'),(283,198,'2026-02-04','09:00:00','17:00:00','2026-01-29 19:37:07','2026-01-29 19:37:07'),(284,199,'2026-03-24','09:00:00','17:00:00','2026-01-29 19:37:07','2026-01-29 19:37:07'),(285,200,'2026-04-23','09:00:00','17:00:00','2026-01-29 19:37:07','2026-01-29 19:37:07'),(286,201,'2026-02-07','09:00:00','17:00:00','2026-01-29 19:37:07','2026-01-29 19:37:07'),(287,202,'2026-02-18','09:00:00','17:00:00','2026-01-29 19:37:07','2026-01-29 19:37:07'),(288,203,'2026-05-07','09:00:00','17:00:00','2026-01-29 19:37:07','2026-01-29 19:37:07'),(289,204,'2026-03-23','09:00:00','17:00:00','2026-01-29 19:37:07','2026-01-29 19:37:07'),(290,205,'2026-02-15','09:00:00','17:00:00','2026-01-29 19:37:07','2026-01-29 19:37:07'),(291,206,'2026-02-20','09:00:00','17:00:00','2026-01-29 19:37:07','2026-01-29 19:37:07'),(292,207,'2026-02-15','09:00:00','17:00:00','2026-01-29 19:37:07','2026-01-29 19:37:07'),(293,208,'2026-05-13','09:00:00','17:00:00','2026-01-29 19:37:07','2026-01-29 19:37:07'),(294,209,'2026-02-13','09:00:00','17:00:00','2026-01-29 19:37:07','2026-01-29 19:37:07'),(295,210,'2026-03-20','09:00:00','17:00:00','2026-01-29 19:37:07','2026-01-29 19:37:07'),(296,211,'2026-05-03','09:00:00','17:00:00','2026-01-29 19:37:07','2026-01-29 19:37:07'),(297,212,'2026-05-20','09:00:00','17:00:00','2026-01-29 19:37:07','2026-01-29 19:37:07'),(298,213,'2026-03-21','08:00:00','17:30:00','2026-01-29 19:37:07','2026-01-29 19:37:07'),(299,213,'2026-03-22','08:00:00','17:30:00','2026-01-29 19:37:07','2026-01-29 19:37:07'),(300,214,'2026-03-30','19:00:00','21:30:00','2026-01-29 19:37:07','2026-01-29 19:37:07'),(301,214,'2026-03-31','08:00:00','22:00:00','2026-01-29 19:37:07','2026-01-29 19:37:07'),(302,214,'2026-04-01','08:00:00','18:00:00','2026-01-29 19:37:07','2026-01-29 19:37:07'),(303,215,'2026-04-21','09:00:00','17:00:00','2026-01-29 19:37:07','2026-01-29 19:37:07'),(304,216,'2026-03-19','09:00:00','17:00:00','2026-01-29 19:37:07','2026-01-29 19:37:07'),(305,217,'2026-03-29','09:00:00','17:00:00','2026-01-29 19:37:07','2026-01-29 19:37:07'),(306,218,'2026-04-14','09:00:00','17:00:00','2026-01-29 19:37:07','2026-01-29 19:37:07'),(307,219,'2026-02-05','19:00:00','21:30:00','2026-01-29 19:37:07','2026-01-29 19:37:07'),(308,219,'2026-02-06','08:00:00','22:00:00','2026-01-29 19:37:07','2026-01-29 19:37:07'),(309,219,'2026-02-07','08:00:00','18:00:00','2026-01-29 19:37:07','2026-01-29 19:37:07'),(310,220,'2026-04-02','08:00:00','17:30:00','2026-01-29 19:37:07','2026-01-29 19:37:07'),(311,220,'2026-04-03','08:00:00','17:30:00','2026-01-29 19:37:07','2026-01-29 19:37:07'),(312,221,'2026-04-23','08:00:00','17:30:00','2026-01-29 19:37:07','2026-01-29 19:37:07'),(313,221,'2026-04-24','08:00:00','17:30:00','2026-01-29 19:37:07','2026-01-29 19:37:07'),(314,222,'2026-04-06','08:00:00','17:30:00','2026-01-29 19:37:07','2026-01-29 19:37:07'),(315,222,'2026-04-07','08:00:00','17:30:00','2026-01-29 19:37:07','2026-01-29 19:37:07'),(316,223,'2026-05-09','09:00:00','17:00:00','2026-01-29 19:37:07','2026-01-29 19:37:07'),(317,224,'2026-03-04','09:00:00','17:00:00','2026-01-29 19:37:07','2026-01-29 19:37:07'),(318,225,'2026-04-18','09:00:00','17:00:00','2026-01-29 19:37:07','2026-01-29 19:37:07'),(319,226,'2026-05-24','09:00:00','17:00:00','2026-01-29 19:37:07','2026-01-29 19:37:07'),(320,227,'2026-03-04','09:00:00','17:00:00','2026-01-29 19:37:07','2026-01-29 19:37:07'),(321,228,'2026-05-03','09:00:00','17:00:00','2026-01-29 19:37:07','2026-01-29 19:37:07'),(322,229,'2026-04-16','19:00:00','21:30:00','2026-01-29 19:37:07','2026-01-29 19:37:07'),(323,229,'2026-04-17','08:00:00','22:00:00','2026-01-29 19:37:07','2026-01-29 19:37:07'),(324,229,'2026-04-18','08:00:00','18:00:00','2026-01-29 19:37:07','2026-01-29 19:37:07'),(325,230,'2026-05-21','09:00:00','17:00:00','2026-01-29 19:37:07','2026-01-29 19:37:07'),(326,231,'2026-02-22','09:00:00','17:00:00','2026-01-29 19:37:07','2026-01-29 19:37:07'),(327,232,'2026-02-27','09:00:00','17:00:00','2026-01-29 19:37:07','2026-01-29 19:37:07'),(328,233,'2026-04-25','09:00:00','17:00:00','2026-01-29 19:37:07','2026-01-29 19:37:07'),(329,234,'2026-02-15','08:00:00','17:30:00','2026-01-29 19:37:07','2026-01-29 19:37:07'),(330,234,'2026-02-16','08:00:00','17:30:00','2026-01-29 19:37:07','2026-01-29 19:37:07'),(331,235,'2026-02-28','09:00:00','17:00:00','2026-01-29 19:37:07','2026-01-29 19:37:07'),(332,236,'2026-05-21','09:00:00','17:00:00','2026-01-29 19:37:07','2026-01-29 19:37:07'),(333,237,'2026-05-03','09:00:00','17:00:00','2026-01-29 19:37:07','2026-01-29 19:37:07'),(334,238,'2026-03-24','09:00:00','17:00:00','2026-01-29 19:37:07','2026-01-29 19:37:07'),(335,239,'2026-03-25','09:00:00','17:00:00','2026-01-29 19:37:07','2026-01-29 19:37:07'),(336,240,'2026-04-19','09:00:00','17:00:00','2026-01-29 19:37:07','2026-01-29 19:37:07'),(337,241,'2026-03-22','08:00:00','17:30:00','2026-01-29 19:37:07','2026-01-29 19:37:07'),(338,241,'2026-03-23','08:00:00','17:30:00','2026-01-29 19:37:07','2026-01-29 19:37:07'),(339,242,'2026-02-10','09:00:00','17:00:00','2026-01-29 19:37:07','2026-01-29 19:37:07'),(340,243,'2026-05-25','08:00:00','17:30:00','2026-01-29 19:37:07','2026-01-29 19:37:07'),(341,243,'2026-05-26','08:00:00','17:30:00','2026-01-29 19:37:07','2026-01-29 19:37:07'),(342,244,'2026-03-25','09:00:00','17:00:00','2026-01-29 19:37:07','2026-01-29 19:37:07'),(343,245,'2026-03-22','19:00:00','21:30:00','2026-01-29 19:37:07','2026-01-29 19:37:07'),(344,245,'2026-03-23','08:00:00','22:00:00','2026-01-29 19:37:07','2026-01-29 19:37:07'),(345,245,'2026-03-24','08:00:00','18:00:00','2026-01-29 19:37:07','2026-01-29 19:37:07'),(346,246,'2026-04-21','09:00:00','17:00:00','2026-01-29 19:37:07','2026-01-29 19:37:07'),(347,247,'2026-03-03','09:00:00','17:00:00','2026-01-29 19:37:07','2026-01-29 19:37:07'),(348,248,'2026-02-03','09:00:00','17:00:00','2026-01-29 19:37:07','2026-01-29 19:37:07'),(349,249,'2026-05-11','09:00:00','17:00:00','2026-01-29 19:37:07','2026-01-29 19:37:07'),(350,250,'2026-04-13','08:00:00','17:30:00','2026-01-29 19:37:07','2026-01-29 19:37:07'),(351,250,'2026-04-14','08:00:00','17:30:00','2026-01-29 19:37:07','2026-01-29 19:37:07'),(352,251,'2026-04-15','09:00:00','17:00:00','2026-01-29 19:37:07','2026-01-29 19:37:07'),(353,252,'2026-02-27','09:00:00','17:00:00','2026-01-29 19:37:07','2026-01-29 19:37:07'),(354,253,'2026-04-29','09:00:00','17:00:00','2026-01-29 19:37:07','2026-01-29 19:37:07'),(355,254,'2026-05-25','19:00:00','21:30:00','2026-01-29 19:37:07','2026-01-29 19:37:07'),(356,254,'2026-05-26','08:00:00','22:00:00','2026-01-29 19:37:07','2026-01-29 19:37:07'),(357,254,'2026-05-27','08:00:00','18:00:00','2026-01-29 19:37:07','2026-01-29 19:37:07'),(358,255,'2026-03-24','09:00:00','17:00:00','2026-01-29 19:37:07','2026-01-29 19:37:07'),(359,256,'2026-04-18','19:00:00','21:30:00','2026-01-29 19:37:07','2026-01-29 19:37:07'),(360,256,'2026-04-19','08:00:00','22:00:00','2026-01-29 19:37:07','2026-01-29 19:37:07'),(361,256,'2026-04-20','08:00:00','18:00:00','2026-01-29 19:37:07','2026-01-29 19:37:07'),(362,257,'2026-03-01','09:00:00','17:00:00','2026-01-29 19:37:07','2026-01-29 19:37:07'),(363,258,'2026-04-07','09:00:00','17:00:00','2026-01-29 19:37:07','2026-01-29 19:37:07'),(364,259,'2026-04-11','08:00:00','17:30:00','2026-01-29 19:37:07','2026-01-29 19:37:07'),(365,259,'2026-04-12','08:00:00','17:30:00','2026-01-29 19:37:07','2026-01-29 19:37:07'),(366,260,'2026-04-16','19:00:00','21:30:00','2026-01-29 19:37:07','2026-01-29 19:37:07'),(367,260,'2026-04-17','08:00:00','22:00:00','2026-01-29 19:37:07','2026-01-29 19:37:07'),(368,260,'2026-04-18','08:00:00','18:00:00','2026-01-29 19:37:07','2026-01-29 19:37:07'),(369,261,'2026-03-02','09:00:00','17:00:00','2026-01-29 19:37:07','2026-01-29 19:37:07'),(370,262,'2026-05-05','09:00:00','17:00:00','2026-01-29 19:37:07','2026-01-29 19:37:07'),(371,263,'2026-03-31','09:00:00','17:00:00','2026-01-29 19:37:07','2026-01-29 19:37:07'),(372,264,'2026-03-03','09:00:00','17:00:00','2026-01-29 19:37:07','2026-01-29 19:37:07'),(373,265,'2026-04-16','09:00:00','17:00:00','2026-01-29 19:37:07','2026-01-29 19:37:07'),(374,266,'2026-03-19','09:00:00','17:00:00','2026-01-29 19:37:07','2026-01-29 19:37:07'),(375,267,'2026-02-13','09:00:00','17:00:00','2026-01-29 19:37:07','2026-01-29 19:37:07'),(376,268,'2026-04-22','09:00:00','17:00:00','2026-01-29 19:37:07','2026-01-29 19:37:07'),(377,269,'2026-03-22','08:00:00','17:30:00','2026-01-29 19:37:07','2026-01-29 19:37:07'),(378,269,'2026-03-23','08:00:00','17:30:00','2026-01-29 19:37:07','2026-01-29 19:37:07'),(379,270,'2026-04-14','09:00:00','17:00:00','2026-01-29 19:37:07','2026-01-29 19:37:07'),(380,271,'2026-04-23','08:00:00','17:30:00','2026-01-29 19:37:07','2026-01-29 19:37:07'),(381,271,'2026-04-24','08:00:00','17:30:00','2026-01-29 19:37:07','2026-01-29 19:37:07'),(382,272,'2026-05-17','09:00:00','17:00:00','2026-01-29 19:37:07','2026-01-29 19:37:07'),(383,273,'2026-05-03','09:00:00','17:00:00','2026-01-29 19:37:07','2026-01-29 19:37:07'),(384,274,'2026-02-20','09:00:00','17:00:00','2026-01-29 19:37:07','2026-01-29 19:37:07'),(385,275,'2026-02-03','09:00:00','17:00:00','2026-01-29 19:37:07','2026-01-29 19:37:07'),(386,276,'2026-03-17','09:00:00','17:00:00','2026-01-29 19:37:07','2026-01-29 19:37:07'),(387,277,'2026-03-27','09:00:00','17:00:00','2026-01-29 19:37:07','2026-01-29 19:37:07'),(388,278,'2026-04-06','09:00:00','17:00:00','2026-01-29 19:37:07','2026-01-29 19:37:07'),(389,279,'2026-03-08','08:00:00','17:30:00','2026-01-29 19:37:07','2026-01-29 19:37:07'),(390,279,'2026-03-09','08:00:00','17:30:00','2026-01-29 19:37:07','2026-01-29 19:37:07'),(391,280,'2026-04-09','09:00:00','17:00:00','2026-01-29 19:37:07','2026-01-29 19:37:07'),(392,281,'2026-05-13','19:00:00','21:30:00','2026-01-29 19:37:07','2026-01-29 19:37:07'),(393,281,'2026-05-14','08:00:00','22:00:00','2026-01-29 19:37:07','2026-01-29 19:37:07'),(394,281,'2026-05-15','08:00:00','18:00:00','2026-01-29 19:37:07','2026-01-29 19:37:07'),(395,282,'2026-04-09','09:00:00','17:00:00','2026-01-29 19:37:07','2026-01-29 19:37:07'),(396,283,'2026-03-02','08:00:00','17:30:00','2026-01-29 19:37:07','2026-01-29 19:37:07'),(397,283,'2026-03-03','08:00:00','17:30:00','2026-01-29 19:37:07','2026-01-29 19:37:07'),(398,284,'2026-02-17','08:00:00','17:30:00','2026-01-29 19:37:07','2026-01-29 19:37:07'),(399,284,'2026-02-18','08:00:00','17:30:00','2026-01-29 19:37:07','2026-01-29 19:37:07'),(400,285,'2026-03-24','09:00:00','17:00:00','2026-01-29 19:37:07','2026-01-29 19:37:07'),(401,286,'2026-03-05','08:00:00','17:30:00','2026-01-29 19:37:07','2026-01-29 19:37:07'),(402,286,'2026-03-06','08:00:00','17:30:00','2026-01-29 19:37:07','2026-01-29 19:37:07'),(403,287,'2026-02-08','09:00:00','17:00:00','2026-01-29 19:37:07','2026-01-29 19:37:07'),(404,288,'2026-05-27','09:00:00','17:00:00','2026-01-29 19:37:07','2026-01-29 19:37:07'),(405,289,'2026-03-28','09:00:00','17:00:00','2026-01-29 19:37:07','2026-01-29 19:37:07'),(406,290,'2026-02-19','08:00:00','17:30:00','2026-01-29 19:37:07','2026-01-29 19:37:07'),(407,290,'2026-02-20','08:00:00','17:30:00','2026-01-29 19:37:08','2026-01-29 19:37:08'),(408,291,'2026-02-25','09:00:00','17:00:00','2026-01-29 19:37:08','2026-01-29 19:37:08'),(409,292,'2026-05-09','09:00:00','17:00:00','2026-01-29 19:37:08','2026-01-29 19:37:08'),(410,293,'2026-05-24','09:00:00','17:00:00','2026-01-29 19:37:08','2026-01-29 19:37:08'),(411,294,'2026-04-26','09:00:00','17:00:00','2026-01-29 19:37:08','2026-01-29 19:37:08'),(412,295,'2026-04-15','09:00:00','17:00:00','2026-01-29 19:37:08','2026-01-29 19:37:08'),(413,296,'2026-05-07','09:00:00','17:00:00','2026-01-29 19:37:08','2026-01-29 19:37:08'),(414,297,'2026-05-16','09:00:00','17:00:00','2026-01-29 19:37:08','2026-01-29 19:37:08'),(415,298,'2026-03-22','09:00:00','17:00:00','2026-01-29 19:37:08','2026-01-29 19:37:08'),(416,299,'2026-04-10','09:00:00','17:00:00','2026-01-29 19:37:08','2026-01-29 19:37:08'),(417,300,'2026-03-28','09:00:00','17:00:00','2026-01-29 19:37:08','2026-01-29 19:37:08'),(418,301,'2026-04-05','09:00:00','17:00:00','2026-01-29 19:37:08','2026-01-29 19:37:08'),(419,302,'2026-05-11','09:00:00','17:00:00','2026-01-29 19:37:08','2026-01-29 19:37:08'),(420,303,'2026-05-10','09:00:00','17:00:00','2026-01-29 19:37:08','2026-01-29 19:37:08'),(421,304,'2026-02-17','09:00:00','17:00:00','2026-01-29 19:37:08','2026-01-29 19:37:08'),(422,305,'2026-05-12','09:00:00','17:00:00','2026-01-29 19:37:08','2026-01-29 19:37:08'),(423,306,'2026-05-14','09:00:00','17:00:00','2026-01-29 19:37:08','2026-01-29 19:37:08'),(424,307,'2026-04-28','09:00:00','17:00:00','2026-01-29 19:37:08','2026-01-29 19:37:08'),(425,308,'2026-04-26','09:00:00','17:00:00','2026-01-29 19:37:08','2026-01-29 19:37:08'),(426,309,'2026-05-01','09:00:00','17:00:00','2026-01-29 19:37:08','2026-01-29 19:37:08'),(427,310,'2026-05-07','09:00:00','17:00:00','2026-01-29 19:37:08','2026-01-29 19:37:08');
/*!40000 ALTER TABLE `event_dates` ENABLE KEYS */;
UNLOCK TABLES;

--
-- Table structure for table `failed_jobs`
--

DROP TABLE IF EXISTS `failed_jobs`;
/*!40101 SET @saved_cs_client     = @@character_set_client */;
/*!50503 SET character_set_client = utf8mb4 */;
CREATE TABLE `failed_jobs` (
  `id` bigint unsigned NOT NULL AUTO_INCREMENT,
  `uuid` varchar(255) COLLATE utf8mb4_unicode_ci NOT NULL,
  `connection` text COLLATE utf8mb4_unicode_ci NOT NULL,
  `queue` text COLLATE utf8mb4_unicode_ci NOT NULL,
  `payload` longtext COLLATE utf8mb4_unicode_ci NOT NULL,
  `exception` longtext COLLATE utf8mb4_unicode_ci NOT NULL,
  `failed_at` timestamp NOT NULL DEFAULT CURRENT_TIMESTAMP,
  PRIMARY KEY (`id`),
  UNIQUE KEY `failed_jobs_uuid_unique` (`uuid`)
) ENGINE=InnoDB DEFAULT CHARSET=utf8mb4 COLLATE=utf8mb4_unicode_ci;
/*!40101 SET character_set_client = @saved_cs_client */;

--
-- Dumping data for table `failed_jobs`
--

LOCK TABLES `failed_jobs` WRITE;
/*!40000 ALTER TABLE `failed_jobs` DISABLE KEYS */;
/*!40000 ALTER TABLE `failed_jobs` ENABLE KEYS */;
UNLOCK TABLES;

--
-- Table structure for table `helps`
--

DROP TABLE IF EXISTS `helps`;
/*!40101 SET @saved_cs_client     = @@character_set_client */;
/*!50503 SET character_set_client = utf8mb4 */;
CREATE TABLE `helps` (
  `id` bigint unsigned NOT NULL AUTO_INCREMENT,
  `fullname` varchar(255) COLLATE utf8mb4_unicode_ci DEFAULT NULL,
  `email` varchar(255) COLLATE utf8mb4_unicode_ci DEFAULT NULL,
  `subject` varchar(255) COLLATE utf8mb4_unicode_ci DEFAULT NULL,
  `message` tinytext COLLATE utf8mb4_unicode_ci,
  `attachment` varchar(255) COLLATE utf8mb4_unicode_ci DEFAULT NULL,
  `created_at` timestamp NULL DEFAULT NULL,
  `updated_at` timestamp NULL DEFAULT NULL,
  PRIMARY KEY (`id`)
) ENGINE=InnoDB DEFAULT CHARSET=utf8mb4 COLLATE=utf8mb4_unicode_ci;
/*!40101 SET character_set_client = @saved_cs_client */;

--
-- Dumping data for table `helps`
--

LOCK TABLES `helps` WRITE;
/*!40000 ALTER TABLE `helps` DISABLE KEYS */;
/*!40000 ALTER TABLE `helps` ENABLE KEYS */;
UNLOCK TABLES;

--
-- Table structure for table `host_church_admins`
--

DROP TABLE IF EXISTS `host_church_admins`;
/*!40101 SET @saved_cs_client     = @@character_set_client */;
/*!50503 SET character_set_client = utf8mb4 */;
CREATE TABLE `host_church_admins` (
  `id` bigint unsigned NOT NULL AUTO_INCREMENT,
  `host_church_id` bigint unsigned NOT NULL,
  `user_id` bigint unsigned NOT NULL,
  `certified_at` date DEFAULT NULL,
  `status` varchar(16) COLLATE utf8mb4_unicode_ci NOT NULL DEFAULT 'active',
  `created_at` timestamp NULL DEFAULT NULL,
  `updated_at` timestamp NULL DEFAULT NULL,
  PRIMARY KEY (`id`),
  UNIQUE KEY `host_church_admins_host_church_id_user_id_unique` (`host_church_id`,`user_id`),
  KEY `host_church_admins_user_id_status_index` (`user_id`,`status`),
  CONSTRAINT `host_church_admins_host_church_id_foreign` FOREIGN KEY (`host_church_id`) REFERENCES `host_churches` (`id`) ON DELETE CASCADE,
  CONSTRAINT `host_church_admins_user_id_foreign` FOREIGN KEY (`user_id`) REFERENCES `users` (`id`) ON DELETE CASCADE
) ENGINE=InnoDB DEFAULT CHARSET=utf8mb4 COLLATE=utf8mb4_unicode_ci;
/*!40101 SET character_set_client = @saved_cs_client */;

--
-- Dumping data for table `host_church_admins`
--

LOCK TABLES `host_church_admins` WRITE;
/*!40000 ALTER TABLE `host_church_admins` DISABLE KEYS */;
/*!40000 ALTER TABLE `host_church_admins` ENABLE KEYS */;
UNLOCK TABLES;

--
-- Table structure for table `host_churches`
--

DROP TABLE IF EXISTS `host_churches`;
/*!40101 SET @saved_cs_client     = @@character_set_client */;
/*!50503 SET character_set_client = utf8mb4 */;
CREATE TABLE `host_churches` (
  `id` bigint unsigned NOT NULL AUTO_INCREMENT,
  `church_id` bigint unsigned NOT NULL,
  `since_date` date DEFAULT NULL,
  `notes` text COLLATE utf8mb4_unicode_ci,
  `created_at` timestamp NULL DEFAULT NULL,
  `updated_at` timestamp NULL DEFAULT NULL,
  PRIMARY KEY (`id`),
  KEY `host_churches_church_id_foreign` (`church_id`),
  CONSTRAINT `host_churches_church_id_foreign` FOREIGN KEY (`church_id`) REFERENCES `churches` (`id`) ON DELETE CASCADE
) ENGINE=InnoDB DEFAULT CHARSET=utf8mb4 COLLATE=utf8mb4_unicode_ci;
/*!40101 SET character_set_client = @saved_cs_client */;

--
-- Dumping data for table `host_churches`
--

LOCK TABLES `host_churches` WRITE;
/*!40000 ALTER TABLE `host_churches` DISABLE KEYS */;
/*!40000 ALTER TABLE `host_churches` ENABLE KEYS */;
UNLOCK TABLES;

--
-- Table structure for table `inventories`
--

DROP TABLE IF EXISTS `inventories`;
/*!40101 SET @saved_cs_client     = @@character_set_client */;
/*!50503 SET character_set_client = utf8mb4 */;
CREATE TABLE `inventories` (
  `id` bigint unsigned NOT NULL AUTO_INCREMENT,
  `name` varchar(255) COLLATE utf8mb4_unicode_ci NOT NULL,
  `phone` varchar(255) COLLATE utf8mb4_unicode_ci DEFAULT NULL,
  `email` varchar(255) COLLATE utf8mb4_unicode_ci DEFAULT NULL,
  `street` varchar(255) COLLATE utf8mb4_unicode_ci DEFAULT NULL,
  `number` varchar(255) COLLATE utf8mb4_unicode_ci DEFAULT NULL,
  `complement` varchar(255) COLLATE utf8mb4_unicode_ci DEFAULT NULL,
  `district` varchar(255) COLLATE utf8mb4_unicode_ci DEFAULT NULL,
  `city` varchar(255) COLLATE utf8mb4_unicode_ci DEFAULT NULL,
  `state` varchar(255) COLLATE utf8mb4_unicode_ci DEFAULT NULL,
  `postal_code` varchar(255) COLLATE utf8mb4_unicode_ci DEFAULT NULL,
  `notes` varchar(255) COLLATE utf8mb4_unicode_ci DEFAULT NULL,
  `created_at` timestamp NULL DEFAULT NULL,
  `updated_at` timestamp NULL DEFAULT NULL,
  PRIMARY KEY (`id`)
) ENGINE=InnoDB DEFAULT CHARSET=utf8mb4 COLLATE=utf8mb4_unicode_ci;
/*!40101 SET character_set_client = @saved_cs_client */;

--
-- Dumping data for table `inventories`
--

LOCK TABLES `inventories` WRITE;
/*!40000 ALTER TABLE `inventories` DISABLE KEYS */;
/*!40000 ALTER TABLE `inventories` ENABLE KEYS */;
UNLOCK TABLES;

--
-- Table structure for table `inventory_material`
--

DROP TABLE IF EXISTS `inventory_material`;
/*!40101 SET @saved_cs_client     = @@character_set_client */;
/*!50503 SET character_set_client = utf8mb4 */;
CREATE TABLE `inventory_material` (
  `material_id` bigint unsigned DEFAULT NULL,
  `inventory_id` bigint unsigned DEFAULT NULL,
  `received_items` int NOT NULL DEFAULT '0',
  `current_quantity` int NOT NULL DEFAULT '0',
  `lost_items` int NOT NULL DEFAULT '0',
  KEY `inventory_material_material_id_foreign` (`material_id`),
  KEY `inventory_material_inventory_id_foreign` (`inventory_id`),
  CONSTRAINT `inventory_material_inventory_id_foreign` FOREIGN KEY (`inventory_id`) REFERENCES `inventories` (`id`) ON DELETE CASCADE ON UPDATE CASCADE,
  CONSTRAINT `inventory_material_material_id_foreign` FOREIGN KEY (`material_id`) REFERENCES `materials` (`id`) ON DELETE CASCADE ON UPDATE CASCADE
) ENGINE=InnoDB DEFAULT CHARSET=utf8mb4 COLLATE=utf8mb4_unicode_ci;
/*!40101 SET character_set_client = @saved_cs_client */;

--
-- Dumping data for table `inventory_material`
--

LOCK TABLES `inventory_material` WRITE;
/*!40000 ALTER TABLE `inventory_material` DISABLE KEYS */;
/*!40000 ALTER TABLE `inventory_material` ENABLE KEYS */;
UNLOCK TABLES;

--
-- Table structure for table `job_batches`
--

DROP TABLE IF EXISTS `job_batches`;
/*!40101 SET @saved_cs_client     = @@character_set_client */;
/*!50503 SET character_set_client = utf8mb4 */;
CREATE TABLE `job_batches` (
  `id` varchar(255) COLLATE utf8mb4_unicode_ci NOT NULL,
  `name` varchar(255) COLLATE utf8mb4_unicode_ci NOT NULL,
  `total_jobs` int NOT NULL,
  `pending_jobs` int NOT NULL,
  `failed_jobs` int NOT NULL,
  `failed_job_ids` longtext COLLATE utf8mb4_unicode_ci NOT NULL,
  `options` mediumtext COLLATE utf8mb4_unicode_ci,
  `cancelled_at` int DEFAULT NULL,
  `created_at` int NOT NULL,
  `finished_at` int DEFAULT NULL,
  PRIMARY KEY (`id`)
) ENGINE=InnoDB DEFAULT CHARSET=utf8mb4 COLLATE=utf8mb4_unicode_ci;
/*!40101 SET character_set_client = @saved_cs_client */;

--
-- Dumping data for table `job_batches`
--

LOCK TABLES `job_batches` WRITE;
/*!40000 ALTER TABLE `job_batches` DISABLE KEYS */;
/*!40000 ALTER TABLE `job_batches` ENABLE KEYS */;
UNLOCK TABLES;

--
-- Table structure for table `jobs`
--

DROP TABLE IF EXISTS `jobs`;
/*!40101 SET @saved_cs_client     = @@character_set_client */;
/*!50503 SET character_set_client = utf8mb4 */;
CREATE TABLE `jobs` (
  `id` bigint unsigned NOT NULL AUTO_INCREMENT,
  `queue` varchar(255) COLLATE utf8mb4_unicode_ci NOT NULL,
  `payload` longtext COLLATE utf8mb4_unicode_ci NOT NULL,
  `attempts` tinyint unsigned NOT NULL,
  `reserved_at` int unsigned DEFAULT NULL,
  `available_at` int unsigned NOT NULL,
  `created_at` int unsigned NOT NULL,
  PRIMARY KEY (`id`),
  KEY `jobs_queue_index` (`queue`)
) ENGINE=InnoDB DEFAULT CHARSET=utf8mb4 COLLATE=utf8mb4_unicode_ci;
/*!40101 SET character_set_client = @saved_cs_client */;

--
-- Dumping data for table `jobs`
--

LOCK TABLES `jobs` WRITE;
/*!40000 ALTER TABLE `jobs` DISABLE KEYS */;
/*!40000 ALTER TABLE `jobs` ENABLE KEYS */;
UNLOCK TABLES;

--
-- Table structure for table `lessonplans`
--

DROP TABLE IF EXISTS `lessonplans`;
/*!40101 SET @saved_cs_client     = @@character_set_client */;
/*!50503 SET character_set_client = utf8mb4 */;
CREATE TABLE `lessonplans` (
  `id` bigint unsigned NOT NULL AUTO_INCREMENT,
  `section_id` bigint unsigned DEFAULT NULL,
  `course_id` bigint unsigned DEFAULT NULL,
  `day` varchar(255) COLLATE utf8mb4_unicode_ci NOT NULL,
  `time_start` varchar(255) COLLATE utf8mb4_unicode_ci NOT NULL,
  `time_end` varchar(255) COLLATE utf8mb4_unicode_ci NOT NULL,
  `created_at` timestamp NULL DEFAULT NULL,
  `updated_at` timestamp NULL DEFAULT NULL,
  PRIMARY KEY (`id`),
  KEY `lessonplans_section_id_foreign` (`section_id`),
  KEY `lessonplans_course_id_foreign` (`course_id`),
  CONSTRAINT `lessonplans_course_id_foreign` FOREIGN KEY (`course_id`) REFERENCES `courses` (`id`) ON DELETE CASCADE ON UPDATE CASCADE,
  CONSTRAINT `lessonplans_section_id_foreign` FOREIGN KEY (`section_id`) REFERENCES `sections` (`id`) ON DELETE CASCADE ON UPDATE CASCADE
) ENGINE=InnoDB DEFAULT CHARSET=utf8mb4 COLLATE=utf8mb4_unicode_ci;
/*!40101 SET character_set_client = @saved_cs_client */;

--
-- Dumping data for table `lessonplans`
--

LOCK TABLES `lessonplans` WRITE;
/*!40000 ALTER TABLE `lessonplans` DISABLE KEYS */;
/*!40000 ALTER TABLE `lessonplans` ENABLE KEYS */;
UNLOCK TABLES;

--
-- Table structure for table `material_shipping`
--

DROP TABLE IF EXISTS `material_shipping`;
/*!40101 SET @saved_cs_client     = @@character_set_client */;
/*!50503 SET character_set_client = utf8mb4 */;
CREATE TABLE `material_shipping` (
  `material_id` bigint unsigned DEFAULT NULL,
  `shipping_id` bigint unsigned DEFAULT NULL,
  KEY `material_shipping_material_id_foreign` (`material_id`),
  KEY `material_shipping_shipping_id_foreign` (`shipping_id`),
  CONSTRAINT `material_shipping_material_id_foreign` FOREIGN KEY (`material_id`) REFERENCES `materials` (`id`) ON DELETE CASCADE ON UPDATE CASCADE,
  CONSTRAINT `material_shipping_shipping_id_foreign` FOREIGN KEY (`shipping_id`) REFERENCES `shippings` (`id`) ON DELETE CASCADE ON UPDATE CASCADE
) ENGINE=InnoDB DEFAULT CHARSET=utf8mb4 COLLATE=utf8mb4_unicode_ci;
/*!40101 SET character_set_client = @saved_cs_client */;

--
-- Dumping data for table `material_shipping`
--

LOCK TABLES `material_shipping` WRITE;
/*!40000 ALTER TABLE `material_shipping` DISABLE KEYS */;
/*!40000 ALTER TABLE `material_shipping` ENABLE KEYS */;
UNLOCK TABLES;

--
-- Table structure for table `material_suppliers`
--

DROP TABLE IF EXISTS `material_suppliers`;
/*!40101 SET @saved_cs_client     = @@character_set_client */;
/*!50503 SET character_set_client = utf8mb4 */;
CREATE TABLE `material_suppliers` (
  `material_id` bigint unsigned DEFAULT NULL,
  `supplier_id` bigint unsigned DEFAULT NULL,
  KEY `material_suppliers_material_id_foreign` (`material_id`),
  KEY `material_suppliers_supplier_id_foreign` (`supplier_id`),
  CONSTRAINT `material_suppliers_material_id_foreign` FOREIGN KEY (`material_id`) REFERENCES `materials` (`id`) ON DELETE CASCADE ON UPDATE CASCADE,
  CONSTRAINT `material_suppliers_supplier_id_foreign` FOREIGN KEY (`supplier_id`) REFERENCES `suppliers` (`id`) ON DELETE CASCADE ON UPDATE CASCADE
) ENGINE=InnoDB DEFAULT CHARSET=utf8mb4 COLLATE=utf8mb4_unicode_ci;
/*!40101 SET character_set_client = @saved_cs_client */;

--
-- Dumping data for table `material_suppliers`
--

LOCK TABLES `material_suppliers` WRITE;
/*!40000 ALTER TABLE `material_suppliers` DISABLE KEYS */;
/*!40000 ALTER TABLE `material_suppliers` ENABLE KEYS */;
UNLOCK TABLES;

--
-- Table structure for table `materials`
--

DROP TABLE IF EXISTS `materials`;
/*!40101 SET @saved_cs_client     = @@character_set_client */;
/*!50503 SET character_set_client = utf8mb4 */;
CREATE TABLE `materials` (
  `id` bigint unsigned NOT NULL AUTO_INCREMENT,
  `photo` varchar(255) COLLATE utf8mb4_unicode_ci DEFAULT NULL,
  `name` varchar(255) COLLATE utf8mb4_unicode_ci NOT NULL,
  `price` varchar(255) COLLATE utf8mb4_unicode_ci NOT NULL DEFAULT '0,00',
  `status` varchar(255) COLLATE utf8mb4_unicode_ci DEFAULT NULL,
  `description` text COLLATE utf8mb4_unicode_ci,
  `created_at` timestamp NULL DEFAULT NULL,
  `updated_at` timestamp NULL DEFAULT NULL,
  PRIMARY KEY (`id`)
) ENGINE=InnoDB DEFAULT CHARSET=utf8mb4 COLLATE=utf8mb4_unicode_ci;
/*!40101 SET character_set_client = @saved_cs_client */;

--
-- Dumping data for table `materials`
--

LOCK TABLES `materials` WRITE;
/*!40000 ALTER TABLE `materials` DISABLE KEYS */;
/*!40000 ALTER TABLE `materials` ENABLE KEYS */;
UNLOCK TABLES;

--
-- Table structure for table `media`
--

DROP TABLE IF EXISTS `media`;
/*!40101 SET @saved_cs_client     = @@character_set_client */;
/*!50503 SET character_set_client = utf8mb4 */;
CREATE TABLE `media` (
  `id` bigint unsigned NOT NULL AUTO_INCREMENT,
  `training_id` bigint unsigned DEFAULT NULL,
  `name` varchar(255) COLLATE utf8mb4_unicode_ci DEFAULT NULL,
  `extension` varchar(255) COLLATE utf8mb4_unicode_ci DEFAULT NULL,
  `path_original` varchar(255) COLLATE utf8mb4_unicode_ci DEFAULT NULL,
  `path_thumbnail` varchar(255) COLLATE utf8mb4_unicode_ci DEFAULT NULL,
  `path_optimized` varchar(255) COLLATE utf8mb4_unicode_ci DEFAULT NULL,
  `created_at` timestamp NULL DEFAULT NULL,
  `updated_at` timestamp NULL DEFAULT NULL,
  PRIMARY KEY (`id`),
  KEY `media_training_id_foreign` (`training_id`),
  CONSTRAINT `media_training_id_foreign` FOREIGN KEY (`training_id`) REFERENCES `trainings` (`id`) ON DELETE CASCADE ON UPDATE CASCADE
) ENGINE=InnoDB DEFAULT CHARSET=utf8mb4 COLLATE=utf8mb4_unicode_ci;
/*!40101 SET character_set_client = @saved_cs_client */;

--
-- Dumping data for table `media`
--

LOCK TABLES `media` WRITE;
/*!40000 ALTER TABLE `media` DISABLE KEYS */;
/*!40000 ALTER TABLE `media` ENABLE KEYS */;
UNLOCK TABLES;

--
-- Table structure for table `migrations`
--

DROP TABLE IF EXISTS `migrations`;
/*!40101 SET @saved_cs_client     = @@character_set_client */;
/*!50503 SET character_set_client = utf8mb4 */;
CREATE TABLE `migrations` (
  `id` int unsigned NOT NULL AUTO_INCREMENT,
  `migration` varchar(255) COLLATE utf8mb4_unicode_ci NOT NULL,
  `batch` int NOT NULL,
  PRIMARY KEY (`id`)
) ENGINE=InnoDB AUTO_INCREMENT=1210 DEFAULT CHARSET=utf8mb4 COLLATE=utf8mb4_unicode_ci;
/*!40101 SET character_set_client = @saved_cs_client */;

--
-- Dumping data for table `migrations`
--

LOCK TABLES `migrations` WRITE;
/*!40000 ALTER TABLE `migrations` DISABLE KEYS */;
INSERT INTO `migrations` VALUES (1166,'0001_01_01_000001_create_cache_table',1),(1167,'0001_01_01_000002_create_jobs_table',1),(1168,'2014_01_02_235701_create_churches_table',1),(1169,'2014_01_09_160954_create_church_temps_table',1),(1170,'2014_10_11_000000_create_users_table',1),(1171,'2023_12_27_224631_create_helps_table',1),(1172,'2024_01_02_002154_create_roles_table',1),(1173,'2024_01_02_003133_create_role_user_table',1),(1174,'2024_01_11_225211_create_ministries_table',1),(1175,'2024_01_12_223102_create_courses_table',1),(1176,'2024_01_13_222129_create_sections_table',1),(1177,'2024_01_18_213110_create_course_user_table',1),(1178,'2024_01_19_171219_create_categories_table',1),(1179,'2024_01_19_184630_create_materials_table',1),(1180,'2024_01_19_211229_create_suppliers_table',1),(1181,'2024_01_19_211244_create_shippings_table',1),(1182,'2024_01_19_211251_create_inventories_table',1),(1183,'2024_01_19_230054_create_category_material_table',1),(1184,'2024_01_19_230105_create_inventory_material_table',1),(1185,'2024_01_19_230119_create_material_shipping_table',1),(1186,'2024_01_19_231248_create_material_suppliers_table',1),(1187,'2024_01_25_073903_create_lessonplans_table',1),(1188,'2024_01_30_225932_create_church_missionary_table',1),(1189,'2024_01_31_133849_create_trainings_table',1),(1190,'2024_01_31_134317_create_training_user_table',1),(1191,'2024_01_31_153017_create_receipts_table',1),(1192,'2024_02_19_142650_create_vouchers_table',1),(1193,'2024_02_28_092825_create_media_table',1),(1194,'2025_09_02_075243_add_two_factor_columns_to_users_table',1),(1195,'2026_01_15_023852_create_host_churches_table',1),(1196,'2026_01_15_023907_create_host_church_admins_table',1),(1197,'2026_01_15_143736_create_event_dates_table',1),(1198,'2026_01_16_174032_remove_status_from_event_dates_table',1),(1199,'2026_01_25_164233_create_training_schedule_items_table',1),(1200,'2026_01_26_203430_add_welcome_duration_minutes_to_trainings_table',1),(1201,'2026_01_27_045612_create_ojt_sessions_table',1),(1202,'2026_01_27_045616_create_ojt_training_mentors_table',1),(1203,'2026_01_27_045622_create_ojt_teams_table',1),(1204,'2026_01_27_045625_create_ojt_team_trainees_table',1),(1205,'2026_01_27_045629_create_ojt_reports_table',1),(1206,'2026_01_27_050301_add_ojt_defaults_to_courses_table',1),(1207,'2026_01_27_050305_add_ojt_overrides_to_trainings_table',1),(1208,'2026_01_28_023555_add_locking_and_contact_type_counts_to_ojt_reports_table',1),(1209,'2026_01_29_025508_add_schedule_settings_to_trainings_table',1);
/*!40000 ALTER TABLE `migrations` ENABLE KEYS */;
UNLOCK TABLES;

--
-- Table structure for table `ministries`
--

DROP TABLE IF EXISTS `ministries`;
/*!40101 SET @saved_cs_client     = @@character_set_client */;
/*!50503 SET character_set_client = utf8mb4 */;
CREATE TABLE `ministries` (
  `id` bigint unsigned NOT NULL AUTO_INCREMENT,
  `initials` varchar(255) COLLATE utf8mb4_unicode_ci NOT NULL,
  `name` varchar(255) COLLATE utf8mb4_unicode_ci NOT NULL,
  `logo` varchar(255) COLLATE utf8mb4_unicode_ci DEFAULT NULL,
  `color` varchar(255) COLLATE utf8mb4_unicode_ci DEFAULT '#4F4F4F',
  `description` text COLLATE utf8mb4_unicode_ci,
  `created_at` timestamp NULL DEFAULT NULL,
  `updated_at` timestamp NULL DEFAULT NULL,
  PRIMARY KEY (`id`)
) ENGINE=InnoDB AUTO_INCREMENT=3 DEFAULT CHARSET=utf8mb4 COLLATE=utf8mb4_unicode_ci;
/*!40101 SET character_set_client = @saved_cs_client */;

--
-- Dumping data for table `ministries`
--

LOCK TABLES `ministries` WRITE;
/*!40000 ALTER TABLE `ministries` DISABLE KEYS */;
INSERT INTO `ministries` VALUES (1,'ev²','Evangelismo Eficaz',NULL,NULL,'O Ministério Evangelismo Eficaz tem como propósito capacitar cristãos a compartilhar o evangelho de Jesus Cristo de forma clara, bíblica e intencional no dia a dia. Por meio de treinamentos práticos e fundamentados nas Escrituras, o ministério promove uma vida de testemunho fiel, preparando a igreja para cumprir a Grande Comissão com convicção, amor e simplicidade.','2026-01-29 19:37:01','2026-01-29 19:37:01'),(2,'ee-kids','EE-Kids',NULL,NULL,'O EE-Kids é o ministério voltado à evangelização de crianças, ensinando desde cedo as verdades fundamentais do evangelho de forma didática, bíblica e adequada à faixa etária. Seu objetivo é auxiliar pais, educadores e igrejas na formação espiritual das crianças, cultivando uma fé sólida e um coração disposto a conhecer e seguir a Cristo.','2026-01-29 19:37:01','2026-01-29 19:37:01');
/*!40000 ALTER TABLE `ministries` ENABLE KEYS */;
UNLOCK TABLES;

--
-- Table structure for table `ojt_reports`
--

DROP TABLE IF EXISTS `ojt_reports`;
/*!40101 SET @saved_cs_client     = @@character_set_client */;
/*!50503 SET character_set_client = utf8mb4 */;
CREATE TABLE `ojt_reports` (
  `id` bigint unsigned NOT NULL AUTO_INCREMENT,
  `ojt_team_id` bigint unsigned NOT NULL,
  `contact_type` varchar(30) COLLATE utf8mb4_unicode_ci DEFAULT NULL,
  `contact_type_counts` json DEFAULT NULL,
  `gospel_presentations` smallint unsigned NOT NULL DEFAULT '0',
  `listeners_count` smallint unsigned NOT NULL DEFAULT '0',
  `results_decisions` smallint unsigned NOT NULL DEFAULT '0',
  `results_interested` smallint unsigned NOT NULL DEFAULT '0',
  `results_rejection` smallint unsigned NOT NULL DEFAULT '0',
  `results_assurance` smallint unsigned NOT NULL DEFAULT '0',
  `follow_up_scheduled` tinyint(1) NOT NULL DEFAULT '0',
  `outline_participation` json DEFAULT NULL,
  `lesson_learned` text COLLATE utf8mb4_unicode_ci,
  `public_report` json DEFAULT NULL,
  `submitted_at` timestamp NULL DEFAULT NULL,
  `is_locked` tinyint(1) NOT NULL DEFAULT '0',
  `created_at` timestamp NULL DEFAULT NULL,
  `updated_at` timestamp NULL DEFAULT NULL,
  PRIMARY KEY (`id`),
  KEY `ojt_reports_ojt_team_id_index` (`ojt_team_id`),
  KEY `ojt_reports_submitted_at_index` (`submitted_at`),
  CONSTRAINT `ojt_reports_ojt_team_id_foreign` FOREIGN KEY (`ojt_team_id`) REFERENCES `ojt_teams` (`id`) ON DELETE CASCADE ON UPDATE CASCADE
) ENGINE=InnoDB DEFAULT CHARSET=utf8mb4 COLLATE=utf8mb4_unicode_ci;
/*!40101 SET character_set_client = @saved_cs_client */;

--
-- Dumping data for table `ojt_reports`
--

LOCK TABLES `ojt_reports` WRITE;
/*!40000 ALTER TABLE `ojt_reports` DISABLE KEYS */;
/*!40000 ALTER TABLE `ojt_reports` ENABLE KEYS */;
UNLOCK TABLES;

--
-- Table structure for table `ojt_sessions`
--

DROP TABLE IF EXISTS `ojt_sessions`;
/*!40101 SET @saved_cs_client     = @@character_set_client */;
/*!50503 SET character_set_client = utf8mb4 */;
CREATE TABLE `ojt_sessions` (
  `id` bigint unsigned NOT NULL AUTO_INCREMENT,
  `training_id` bigint unsigned NOT NULL,
  `date` date NOT NULL,
  `starts_at` time DEFAULT NULL,
  `ends_at` time DEFAULT NULL,
  `week_number` smallint unsigned NOT NULL,
  `status` varchar(20) COLLATE utf8mb4_unicode_ci NOT NULL DEFAULT 'planned',
  `meta` json DEFAULT NULL,
  `created_at` timestamp NULL DEFAULT NULL,
  `updated_at` timestamp NULL DEFAULT NULL,
  PRIMARY KEY (`id`),
  KEY `ojt_sessions_training_id_date_index` (`training_id`,`date`),
  KEY `ojt_sessions_training_id_week_number_index` (`training_id`,`week_number`),
  KEY `ojt_sessions_status_index` (`status`),
  CONSTRAINT `ojt_sessions_training_id_foreign` FOREIGN KEY (`training_id`) REFERENCES `trainings` (`id`) ON DELETE CASCADE ON UPDATE CASCADE
) ENGINE=InnoDB DEFAULT CHARSET=utf8mb4 COLLATE=utf8mb4_unicode_ci;
/*!40101 SET character_set_client = @saved_cs_client */;

--
-- Dumping data for table `ojt_sessions`
--

LOCK TABLES `ojt_sessions` WRITE;
/*!40000 ALTER TABLE `ojt_sessions` DISABLE KEYS */;
/*!40000 ALTER TABLE `ojt_sessions` ENABLE KEYS */;
UNLOCK TABLES;

--
-- Table structure for table `ojt_team_trainees`
--

DROP TABLE IF EXISTS `ojt_team_trainees`;
/*!40101 SET @saved_cs_client     = @@character_set_client */;
/*!50503 SET character_set_client = utf8mb4 */;
CREATE TABLE `ojt_team_trainees` (
  `id` bigint unsigned NOT NULL AUTO_INCREMENT,
  `ojt_team_id` bigint unsigned NOT NULL,
  `trainee_id` bigint unsigned NOT NULL,
  `order` tinyint unsigned NOT NULL,
  `created_at` timestamp NULL DEFAULT NULL,
  `updated_at` timestamp NULL DEFAULT NULL,
  PRIMARY KEY (`id`),
  UNIQUE KEY `ojt_team_trainees_ojt_team_id_trainee_id_unique` (`ojt_team_id`,`trainee_id`),
  KEY `ojt_team_trainees_trainee_id_index` (`trainee_id`),
  CONSTRAINT `ojt_team_trainees_ojt_team_id_foreign` FOREIGN KEY (`ojt_team_id`) REFERENCES `ojt_teams` (`id`) ON DELETE CASCADE ON UPDATE CASCADE,
  CONSTRAINT `ojt_team_trainees_trainee_id_foreign` FOREIGN KEY (`trainee_id`) REFERENCES `users` (`id`) ON DELETE CASCADE ON UPDATE CASCADE
) ENGINE=InnoDB DEFAULT CHARSET=utf8mb4 COLLATE=utf8mb4_unicode_ci;
/*!40101 SET character_set_client = @saved_cs_client */;

--
-- Dumping data for table `ojt_team_trainees`
--

LOCK TABLES `ojt_team_trainees` WRITE;
/*!40000 ALTER TABLE `ojt_team_trainees` DISABLE KEYS */;
/*!40000 ALTER TABLE `ojt_team_trainees` ENABLE KEYS */;
UNLOCK TABLES;

--
-- Table structure for table `ojt_teams`
--

DROP TABLE IF EXISTS `ojt_teams`;
/*!40101 SET @saved_cs_client     = @@character_set_client */;
/*!50503 SET character_set_client = utf8mb4 */;
CREATE TABLE `ojt_teams` (
  `id` bigint unsigned NOT NULL AUTO_INCREMENT,
  `ojt_session_id` bigint unsigned NOT NULL,
  `mentor_id` bigint unsigned NOT NULL,
  `team_number` smallint unsigned NOT NULL,
  `created_at` timestamp NULL DEFAULT NULL,
  `updated_at` timestamp NULL DEFAULT NULL,
  PRIMARY KEY (`id`),
  UNIQUE KEY `ojt_teams_ojt_session_id_mentor_id_unique` (`ojt_session_id`,`mentor_id`),
  KEY `ojt_teams_mentor_id_foreign` (`mentor_id`),
  KEY `ojt_teams_ojt_session_id_team_number_index` (`ojt_session_id`,`team_number`),
  CONSTRAINT `ojt_teams_mentor_id_foreign` FOREIGN KEY (`mentor_id`) REFERENCES `users` (`id`) ON DELETE CASCADE ON UPDATE CASCADE,
  CONSTRAINT `ojt_teams_ojt_session_id_foreign` FOREIGN KEY (`ojt_session_id`) REFERENCES `ojt_sessions` (`id`) ON DELETE CASCADE ON UPDATE CASCADE
) ENGINE=InnoDB DEFAULT CHARSET=utf8mb4 COLLATE=utf8mb4_unicode_ci;
/*!40101 SET character_set_client = @saved_cs_client */;

--
-- Dumping data for table `ojt_teams`
--

LOCK TABLES `ojt_teams` WRITE;
/*!40000 ALTER TABLE `ojt_teams` DISABLE KEYS */;
/*!40000 ALTER TABLE `ojt_teams` ENABLE KEYS */;
UNLOCK TABLES;

--
-- Table structure for table `ojt_training_mentors`
--

DROP TABLE IF EXISTS `ojt_training_mentors`;
/*!40101 SET @saved_cs_client     = @@character_set_client */;
/*!50503 SET character_set_client = utf8mb4 */;
CREATE TABLE `ojt_training_mentors` (
  `id` bigint unsigned NOT NULL AUTO_INCREMENT,
  `training_id` bigint unsigned NOT NULL,
  `mentor_id` bigint unsigned NOT NULL,
  `status` varchar(16) COLLATE utf8mb4_unicode_ci NOT NULL DEFAULT 'active',
  `created_at` timestamp NULL DEFAULT NULL,
  `updated_at` timestamp NULL DEFAULT NULL,
  PRIMARY KEY (`id`),
  UNIQUE KEY `ojt_training_mentors_training_id_mentor_id_unique` (`training_id`,`mentor_id`),
  KEY `ojt_training_mentors_mentor_id_status_index` (`mentor_id`,`status`),
  CONSTRAINT `ojt_training_mentors_mentor_id_foreign` FOREIGN KEY (`mentor_id`) REFERENCES `users` (`id`) ON DELETE CASCADE ON UPDATE CASCADE,
  CONSTRAINT `ojt_training_mentors_training_id_foreign` FOREIGN KEY (`training_id`) REFERENCES `trainings` (`id`) ON DELETE CASCADE ON UPDATE CASCADE
) ENGINE=InnoDB DEFAULT CHARSET=utf8mb4 COLLATE=utf8mb4_unicode_ci;
/*!40101 SET character_set_client = @saved_cs_client */;

--
-- Dumping data for table `ojt_training_mentors`
--

LOCK TABLES `ojt_training_mentors` WRITE;
/*!40000 ALTER TABLE `ojt_training_mentors` DISABLE KEYS */;
/*!40000 ALTER TABLE `ojt_training_mentors` ENABLE KEYS */;
UNLOCK TABLES;

--
-- Table structure for table `password_reset_tokens`
--

DROP TABLE IF EXISTS `password_reset_tokens`;
/*!40101 SET @saved_cs_client     = @@character_set_client */;
/*!50503 SET character_set_client = utf8mb4 */;
CREATE TABLE `password_reset_tokens` (
  `email` varchar(255) COLLATE utf8mb4_unicode_ci NOT NULL,
  `token` varchar(255) COLLATE utf8mb4_unicode_ci NOT NULL,
  `created_at` timestamp NULL DEFAULT NULL,
  PRIMARY KEY (`email`)
) ENGINE=InnoDB DEFAULT CHARSET=utf8mb4 COLLATE=utf8mb4_unicode_ci;
/*!40101 SET character_set_client = @saved_cs_client */;

--
-- Dumping data for table `password_reset_tokens`
--

LOCK TABLES `password_reset_tokens` WRITE;
/*!40000 ALTER TABLE `password_reset_tokens` DISABLE KEYS */;
/*!40000 ALTER TABLE `password_reset_tokens` ENABLE KEYS */;
UNLOCK TABLES;

--
-- Table structure for table `receipts`
--

DROP TABLE IF EXISTS `receipts`;
/*!40101 SET @saved_cs_client     = @@character_set_client */;
/*!50503 SET character_set_client = utf8mb4 */;
CREATE TABLE `receipts` (
  `id` bigint unsigned NOT NULL AUTO_INCREMENT,
  `training_id` bigint unsigned DEFAULT NULL,
  `file` varchar(255) COLLATE utf8mb4_unicode_ci NOT NULL,
  `created_at` timestamp NULL DEFAULT NULL,
  `updated_at` timestamp NULL DEFAULT NULL,
  PRIMARY KEY (`id`),
  KEY `receipts_training_id_foreign` (`training_id`),
  CONSTRAINT `receipts_training_id_foreign` FOREIGN KEY (`training_id`) REFERENCES `trainings` (`id`) ON DELETE CASCADE ON UPDATE CASCADE
) ENGINE=InnoDB DEFAULT CHARSET=utf8mb4 COLLATE=utf8mb4_unicode_ci;
/*!40101 SET character_set_client = @saved_cs_client */;

--
-- Dumping data for table `receipts`
--

LOCK TABLES `receipts` WRITE;
/*!40000 ALTER TABLE `receipts` DISABLE KEYS */;
/*!40000 ALTER TABLE `receipts` ENABLE KEYS */;
UNLOCK TABLES;

--
-- Table structure for table `role_user`
--

DROP TABLE IF EXISTS `role_user`;
/*!40101 SET @saved_cs_client     = @@character_set_client */;
/*!50503 SET character_set_client = utf8mb4 */;
CREATE TABLE `role_user` (
  `user_id` bigint unsigned DEFAULT NULL,
  `role_id` bigint unsigned DEFAULT NULL,
  `status` tinyint unsigned DEFAULT '1',
  KEY `role_user_user_id_foreign` (`user_id`),
  KEY `role_user_role_id_foreign` (`role_id`),
  CONSTRAINT `role_user_role_id_foreign` FOREIGN KEY (`role_id`) REFERENCES `roles` (`id`) ON DELETE CASCADE ON UPDATE CASCADE,
  CONSTRAINT `role_user_user_id_foreign` FOREIGN KEY (`user_id`) REFERENCES `users` (`id`) ON DELETE CASCADE ON UPDATE CASCADE
) ENGINE=InnoDB DEFAULT CHARSET=utf8mb4 COLLATE=utf8mb4_unicode_ci;
/*!40101 SET character_set_client = @saved_cs_client */;

--
-- Dumping data for table `role_user`
--

LOCK TABLES `role_user` WRITE;
/*!40000 ALTER TABLE `role_user` DISABLE KEYS */;
INSERT INTO `role_user` VALUES (1,1,1),(1,2,1),(1,3,1),(1,4,1),(1,5,1),(1,6,1),(1,7,1),(2,1,1),(2,2,1),(2,3,1),(2,4,1),(2,5,1),(2,6,1),(3,3,1),(3,4,1),(3,5,1),(3,6,1),(4,1,1),(4,3,1),(4,4,1),(4,5,1),(4,6,1),(5,1,1),(5,2,1),(5,3,1),(5,4,1),(5,5,1),(5,6,1),(5,7,1),(6,6,1),(7,1,1),(8,6,1),(9,2,1),(10,1,1),(11,1,1),(12,6,1),(13,7,1),(14,5,1),(15,6,1),(16,5,1),(17,1,1),(18,2,1),(19,6,1),(20,7,1),(21,2,1),(22,6,1),(23,6,1),(24,6,1),(25,6,1),(26,5,1),(27,7,1),(28,2,1),(29,7,1),(30,4,1),(31,1,1),(32,5,1),(33,4,1),(34,6,1),(35,4,1),(36,2,1),(37,4,1),(38,7,1),(39,2,1),(40,5,1),(41,7,1),(42,6,1),(43,4,1),(44,4,1),(45,2,1),(46,7,1),(47,7,1),(48,6,1),(49,1,1),(50,7,1),(51,5,1),(52,7,1),(53,6,1),(54,6,1),(55,2,1),(56,1,1),(57,4,1),(58,7,1),(59,5,1),(60,1,1),(61,4,1),(62,6,1),(63,6,1),(64,1,1),(65,2,1),(66,5,1),(67,1,1),(68,1,1),(69,7,1),(70,4,1),(71,7,1),(72,2,1),(73,6,1),(74,1,1),(75,4,1),(76,4,1),(77,2,1),(78,4,1),(79,6,1),(80,7,1),(81,5,1),(82,7,1),(83,4,1),(84,7,1),(85,1,1),(86,2,1),(87,2,1),(88,2,1),(89,7,1),(90,6,1),(91,1,1),(92,5,1),(93,4,1),(94,6,1),(95,7,1),(96,2,1),(97,2,1),(98,2,1),(99,1,1),(100,6,1),(101,6,1),(102,7,1),(103,1,1),(104,7,1),(105,1,1);
/*!40000 ALTER TABLE `role_user` ENABLE KEYS */;
UNLOCK TABLES;

--
-- Table structure for table `roles`
--

DROP TABLE IF EXISTS `roles`;
/*!40101 SET @saved_cs_client     = @@character_set_client */;
/*!50503 SET character_set_client = utf8mb4 */;
CREATE TABLE `roles` (
  `id` bigint unsigned NOT NULL AUTO_INCREMENT,
  `name` varchar(255) COLLATE utf8mb4_unicode_ci NOT NULL,
  `created_at` timestamp NULL DEFAULT NULL,
  `updated_at` timestamp NULL DEFAULT NULL,
  PRIMARY KEY (`id`)
) ENGINE=InnoDB AUTO_INCREMENT=8 DEFAULT CHARSET=utf8mb4 COLLATE=utf8mb4_unicode_ci;
/*!40101 SET character_set_client = @saved_cs_client */;

--
-- Dumping data for table `roles`
--

LOCK TABLES `roles` WRITE;
/*!40000 ALTER TABLE `roles` DISABLE KEYS */;
INSERT INTO `roles` VALUES (1,'Board','2026-01-29 19:36:58','2026-01-29 19:36:58'),(2,'Director','2026-01-29 19:36:58','2026-01-29 19:36:58'),(3,'FieldWorker','2026-01-29 19:36:58','2026-01-29 19:36:58'),(4,'Teacher','2026-01-29 19:36:58','2026-01-29 19:36:58'),(5,'Facilitator','2026-01-29 19:36:58','2026-01-29 19:36:58'),(6,'Mentor','2026-01-29 19:36:58','2026-01-29 19:36:58'),(7,'Student','2026-01-29 19:36:58','2026-01-29 19:36:58');
/*!40000 ALTER TABLE `roles` ENABLE KEYS */;
UNLOCK TABLES;

--
-- Table structure for table `sections`
--

DROP TABLE IF EXISTS `sections`;
/*!40101 SET @saved_cs_client     = @@character_set_client */;
/*!50503 SET character_set_client = utf8mb4 */;
CREATE TABLE `sections` (
  `id` bigint unsigned NOT NULL AUTO_INCREMENT,
  `name` varchar(255) COLLATE utf8mb4_unicode_ci NOT NULL,
  `banner` varchar(255) COLLATE utf8mb4_unicode_ci DEFAULT NULL,
  `order` int DEFAULT NULL,
  `duration` varchar(255) COLLATE utf8mb4_unicode_ci DEFAULT NULL,
  `devotional` varchar(255) COLLATE utf8mb4_unicode_ci DEFAULT NULL,
  `description` text COLLATE utf8mb4_unicode_ci,
  `knowhow` text COLLATE utf8mb4_unicode_ci,
  `created_at` timestamp NULL DEFAULT NULL,
  `updated_at` timestamp NULL DEFAULT NULL,
  `course_id` bigint unsigned DEFAULT NULL,
  PRIMARY KEY (`id`),
  KEY `sections_course_id_foreign` (`course_id`),
  CONSTRAINT `sections_course_id_foreign` FOREIGN KEY (`course_id`) REFERENCES `courses` (`id`) ON DELETE CASCADE ON UPDATE CASCADE
) ENGINE=InnoDB AUTO_INCREMENT=97 DEFAULT CHARSET=utf8mb4 COLLATE=utf8mb4_unicode_ci;
/*!40101 SET character_set_client = @saved_cs_client */;

--
-- Dumping data for table `sections`
--

LOCK TABLES `sections` WRITE;
/*!40000 ALTER TABLE `sections` DISABLE KEYS */;
INSERT INTO `sections` VALUES (1,'Unidade 1: Por Que Estamos Aqui?',NULL,1,'40 min',NULL,'Esta unidade estabelece o propósito do workshop: recuperar o senso de chamado para compartilhar a fé e formar discípulos, não apenas convertidos. Trabalha motivações, expectativas e fundamentos bíblicos para que o evangelismo volte a ser um estilo de vida, como na igreja primitiva.',NULL,NULL,NULL,1),(2,'Unidade 2: Aprendendo a Explicação do Evangelho Em Sua Mão',NULL,2,'20 min',NULL,'Esta unidade ensina uma ferramenta prática e memorável para apresentar o Evangelho usando a própria mão, tornando a explicação simples, natural e fácil de reproduzir. O foco é capacitar o aluno a comunicar com clareza e segurança.',NULL,NULL,NULL,1),(3,'Unidade 3: Vencendo o Medo de Testemunhar',NULL,3,'40 min',NULL,'Esta unidade confronta o medo como uma das maiores barreiras ao testemunho cristão. O participante aprende a substituir insegurança por dependência do Espírito Santo, entendendo que evangelizar é um ato de obediência, não de habilidade pessoal.',NULL,NULL,NULL,1),(4,'Unidade 4: Encontrando Pessoas Receptivas',NULL,4,'40 min',NULL,'Ensina como discernir abertura espiritual e conduzir conversas significativas, identificando oportunidades naturais para apresentar o Evangelho com respeito, sensibilidade e intencionalidade.',NULL,NULL,NULL,1),(5,'Unidade 5: Compartilhando o Evangelho Através de Ilustrações',NULL,5,'35 min',NULL,'Apresenta o uso de ilustrações como recurso pedagógico para comunicar verdades espirituais de forma clara e memorável, facilitando a compreensão do Evangelho sem comprometer sua fidelidade bíblica.',NULL,NULL,NULL,1),(6,'Unidade 6: Levando a Uma Decisão',NULL,6,'30 min',NULL,'Orienta como conduzir o ouvinte a uma resposta consciente ao Evangelho, explicando arrependimento e fé, lidando com dúvidas comuns e respeitando o tempo e a consciência da pessoa.',NULL,NULL,NULL,1),(7,'Unidade 7: Desenvolvendo Amor pelos Perdidos',NULL,7,'20 min',NULL,'Trabalha o aspecto do coração do evangelista, despertando compaixão, sensibilidade espiritual e urgência missionária, para que o evangelismo flua do amor e não apenas da técnica.',NULL,NULL,NULL,1),(8,'Unidade 8: Desenvolvendo um Ministério Contínuo de Evangelismo e Discipulado',NULL,8,'20 min',NULL,'Apresenta princípios para estruturar um ministério permanente de evangelismo e discipulado na igreja local, integrando treinamento, prática e acompanhamento espiritual.',NULL,NULL,NULL,1),(9,'Encerramento: Juntos na Colheita do Senhor',NULL,9,'40 min',NULL,'Sessão final que reforça o compromisso com a missão, chamando os participantes a permanecerem ativos na colheita espiritual, unidos em oração, ação e visão de multiplicação.',NULL,NULL,NULL,1),(10,'Orientações da Clínica de Evangelismo Explosivo',NULL,10,'10 min',NULL,'Esta unidade apresenta a visão, o propósito e a base histórica da Clínica de Evangelismo Explosivo, destacando seu papel no cumprimento da Grande Comissão. O conteúdo enfatiza o compromisso espiritual, a unidade do Corpo de Cristo e a responsabilidade do participante em viver e multiplicar o evangelismo como estilo de vida.',NULL,NULL,NULL,1),(11,'O Treinamento de e² — Evangelismo Eficaz',NULL,11,'20 min',NULL,'Nesta unidade o facilitador compreende a proposta pedagógica do treinamento e², fundamentada na aprendizagem autêntica. O conteúdo apresenta a transição do modelo tradicional de ensino para um formato relacional, prático e participativo, preparando líderes para formar discípulos que aprendem fazendo.',NULL,NULL,NULL,1),(12,'Elementos-Chave do Treinamento e²',NULL,12,'40 min',NULL,'Esta unidade detalha os princípios essenciais que sustentam o treinamento e², incluindo o papel do facilitador, mentores, companheiros de oração, dinâmica em pequenos grupos, uso correto das ilustrações e a integração entre relacionamento e proclamação do Evangelho.',NULL,NULL,NULL,1),(13,'O Ensino Semanal no e²',NULL,13,'30 min','Devocional Semanal','Esta unidade orienta o facilitador quanto à condução das aulas semanais do e², apresentando a estrutura pedagógica baseada em devocional, revisão, prática e conversa. O foco está no desenvolvimento espiritual contínuo e na participação ativa dos alunos no processo de aprendizagem.',NULL,NULL,NULL,1),(14,'AULA: Saídas de Treinamento Prático (STP)',NULL,14,'45 min',NULL,'Esta unidade aborda a importância das Saídas de Treinamento Prático como elemento central do aprendizado. O conteúdo ensina como planejar, organizar e conduzir visitas evangelísticas, promovendo experiências reais que fortalecem a confiança e a maturidade espiritual dos participantes.',NULL,NULL,NULL,1),(15,'Uso do Questionário de Segurança',NULL,15,'20 min',NULL,'Nesta unidade o facilitador aprende o propósito e a aplicação do questionário de segurança como ferramenta evangelística. O conteúdo orienta sobre abordagem respeitosa, identificação de pessoas receptivas e condução sábia de conversas espirituais em ambientes públicos e residenciais.',NULL,NULL,NULL,1),(16,'ORIENTAÇÕES PARA PRÁTICA 1: Saídas de Treinamento Prático (STP)',NULL,16,'10 min',NULL,'Esta unidade aborda a importância das Saídas de Treinamento Prático como elemento central do aprendizado. O conteúdo ensina como planejar, organizar e conduzir visitas evangelísticas, promovendo experiências reais que fortalecem a confiança e a maturidade espiritual dos participantes.',NULL,NULL,NULL,1),(17,'PRÁTICA 1: Saídas de Treinamento Prático (STP)',NULL,17,'60 min',NULL,'Esta unidade aborda a importância das Saídas de Treinamento Prático como elemento central do aprendizado. O conteúdo ensina como planejar, organizar e conduzir visitas evangelísticas, promovendo experiências reais que fortalecem a confiança e a maturidade espiritual dos participantes.',NULL,NULL,NULL,1),(18,'Relatório Público',NULL,18,'30 min',NULL,'Esta unidade ensina a condução dos relatórios públicos após as Saídas de Treinamento Prático. O objetivo é promover encorajamento, aprendizado coletivo e intercessão, fortalecendo o senso de unidade e celebração da obra que Deus está realizando.',NULL,NULL,NULL,1),(19,'PRÁTICA 1: Relatório Público',NULL,19,'40 min',NULL,'Esta unidade ensina a condução dos relatórios públicos após as Saídas de Treinamento Prático. O objetivo é promover encorajamento, aprendizado coletivo e intercessão, fortalecendo o senso de unidade e celebração da obra que Deus está realizando.',NULL,NULL,NULL,1),(20,'Unidade 1 — Conectando',NULL,20,'60 min','Conectando-se às Pessoas','Esta unidade desenvolve a habilidade de criar relacionamentos intencionais que conduzem naturalmente ao diálogo espiritual. O aluno aprende a ouvir com atenção, fazer perguntas apropriadas e identificar pessoas receptivas, seguindo o exemplo de Jesus ao se conectar genuinamente com as pessoas.',NULL,NULL,NULL,1),(21,'Unidade 2 — O Evangelho: Graça',NULL,21,'35 min','A Graça de Deus','Nesta unidade o aluno compreende que a vida eterna é um presente de Deus, não conquistado por méritos ou boas obras. O conteúdo enfatiza o contraste entre o caminho humano e o caminho divino, estabelecendo a graça como fundamento central do Evangelho.',NULL,NULL,NULL,1),(22,'Unidade 3 — O Evangelho: Homem',NULL,22,'35 min','A Condição do Homem','Esta unidade apresenta a realidade do pecado e a incapacidade humana de alcançar o padrão de perfeição exigido por Deus. O aluno aprende a explicar com clareza a condição espiritual do homem e sua necessidade absoluta de salvação.',NULL,NULL,NULL,1),(23,'ORIENTAÇÕES PARA PRÁTICA 2: Saídas de Treinamento Prático (STP)',NULL,23,'10 min',NULL,'Esta unidade aborda a importância das Saídas de Treinamento Prático como elemento central do aprendizado. O conteúdo ensina como planejar, organizar e conduzir visitas evangelísticas, promovendo experiências reais que fortalecem a confiança e a maturidade espiritual dos participantes.',NULL,NULL,NULL,1),(24,'PRÁTICA 2: Saídas de Treinamento Prático (STP)',NULL,24,'90 min',NULL,'Esta unidade aborda a importância das Saídas de Treinamento Prático como elemento central do aprendizado. O conteúdo ensina como planejar, organizar e conduzir visitas evangelísticas, promovendo experiências reais que fortalecem a confiança e a maturidade espiritual dos participantes.',NULL,NULL,NULL,1),(25,'PRÁTICA 2: Relatório Público',NULL,25,'40 min',NULL,'Esta unidade ensina a condução dos relatórios públicos após as Saídas de Treinamento Prático. O objetivo é promover encorajamento, aprendizado coletivo e intercessão, fortalecendo o senso de unidade e celebração da obra que Deus está realizando.',NULL,NULL,NULL,1),(26,'Unidade 4 — Compartilhando Seu Testemunho',NULL,26,'35 min','O Poder de Seu Testemunho','Nesta unidade o aluno aprende a preparar e compartilhar seu testemunho pessoal de forma clara, objetiva e centrada na obra de Deus. O testemunho é apresentado como ponte relacional que desperta interesse espiritual e prepara o coração para o Evangelho.',NULL,NULL,NULL,1),(27,'Unidade 5 — O Evangelho: Deus e Cristo',NULL,27,'35 min','Deus e Jesus Cristo','Esta unidade aprofunda o entendimento sobre a natureza de Deus como amoroso e justo, e apresenta Jesus Cristo como o Deus-homem. O aluno aprende a explicar a obra substitutiva de Cristo na cruz como solução definitiva para o problema do pecado.',NULL,NULL,NULL,1),(28,'Unidade 6 — O Evangelho: Fé',NULL,28,'35 min','Entendendo a Fé','Nesta unidade o aluno distingue fé salvadora de fé temporal ou mero conhecimento intelectual. O conteúdo ensina que a salvação ocorre quando a confiança é transferida totalmente para Jesus Cristo, e não para esforços humanos.',NULL,NULL,NULL,1),(29,'Unidade 7 — Decisão e Acompanhamento',NULL,29,'35 min','O Amor de Deus pelos Perdidos','A unidade final ensina como conduzir uma pessoa à decisão por Cristo e como oferecer acompanhamento espiritual adequado. O foco está em apresentar o convite com clareza, respeito e amor, garantindo segurança de salvação e cuidado com o novo convertido.',NULL,NULL,NULL,1),(30,'Guia de Implementação do Ministério de Evangelismo Explosivo',NULL,30,'60 min',NULL,'Esta unidade capacita o facilitador a implementar o ministério de Evangelismo Explosivo na igreja local. O conteúdo apresenta princípios de visão, planejamento, organização, formação de líderes e acompanhamento espiritual, visando a multiplicação saudável do ministério.',NULL,NULL,NULL,1),(31,'ORIENTAÇÕES PARA PRÁTICA 3: Saídas de Treinamento Prático (STP)',NULL,31,'10 min',NULL,'Esta unidade aborda a importância das Saídas de Treinamento Prático como elemento central do aprendizado. O conteúdo ensina como planejar, organizar e conduzir visitas evangelísticas, promovendo experiências reais que fortalecem a confiança e a maturidade espiritual dos participantes.',NULL,NULL,NULL,1),(32,'PRÁTICA 3: Saídas de Treinamento Prático (STP)',NULL,32,'80 min',NULL,'Esta unidade aborda a importância das Saídas de Treinamento Prático como elemento central do aprendizado. O conteúdo ensina como planejar, organizar e conduzir visitas evangelísticas, promovendo experiências reais que fortalecem a confiança e a maturidade espiritual dos participantes.',NULL,NULL,NULL,1),(33,'PRÁTICA 3: Relatório Público',NULL,33,'40 min',NULL,'Esta unidade ensina a condução dos relatórios públicos após as Saídas de Treinamento Prático. O objetivo é promover encorajamento, aprendizado coletivo e intercessão, fortalecendo o senso de unidade e celebração da obra que Deus está realizando.',NULL,NULL,NULL,1),(34,'Unidade 1 — Por Que Estamos Aqui?',NULL,1,'45 min',NULL,'Esta unidade estabelece o propósito do workshop: recuperar o senso de chamado para compartilhar a fé e formar discípulos, não apenas convertidos. Trabalha motivações, expectativas e fundamentos bíblicos para que o evangelismo volte a ser um estilo de vida, como na igreja primitiva.',NULL,NULL,NULL,2),(35,'Unidade 2 — Aprendendo a Explicação do Evangelho Em Sua Mão',NULL,2,'20 min',NULL,'Esta unidade ensina uma ferramenta prática e memorável para apresentar o Evangelho usando a própria mão, tornando a explicação simples, natural e fácil de reproduzir. O foco é capacitar o aluno a comunicar com clareza e segurança.',NULL,NULL,NULL,2),(36,'Unidade 3 — Vencendo o Medo de Testemunhar',NULL,3,'40 min',NULL,'Esta unidade confronta o medo como uma das maiores barreiras ao testemunho cristão. O participante aprende a substituir insegurança por dependência do Espírito Santo, entendendo que evangelizar é um ato de obediência, não de habilidade pessoal.',NULL,NULL,NULL,2),(37,'Unidade 4 — Encontrando Pessoas Receptivas',NULL,4,'50 min',NULL,'Ensina como discernir abertura espiritual e conduzir conversas significativas, identificando oportunidades naturais para apresentar o Evangelho com respeito, sensibilidade e intencionalidade.',NULL,NULL,NULL,2),(38,'Unidade 5 — Compartilhando o Evangelho Através de Ilustrações',NULL,5,'35 min',NULL,'Apresenta o uso de ilustrações como recurso pedagógico para comunicar verdades espirituais de forma clara e memorável, facilitando a compreensão do Evangelho sem comprometer sua fidelidade bíblica.',NULL,NULL,NULL,2),(39,'Unidade 6 — Levando a Uma Decisão',NULL,6,'40 min',NULL,'Orienta como conduzir o ouvinte a uma resposta consciente ao Evangelho, explicando arrependimento e fé, lidando com dúvidas comuns e respeitando o tempo e a consciência da pessoa.',NULL,NULL,NULL,2),(40,'Unidade 7 — Desenvolvendo Amor pelos Perdidos',NULL,7,'20 min',NULL,'Trabalha o aspecto do coração do evangelista, despertando compaixão, sensibilidade espiritual e urgência missionária, para que o evangelismo flua do amor e não apenas da técnica.',NULL,NULL,NULL,2),(41,'Unidade 8 — Desenvolvendo um Ministério Contínuo de Evangelismo e Discipulado',NULL,8,'20 min',NULL,'Apresenta princípios para estruturar um ministério permanente de evangelismo e discipulado na igreja local, integrando treinamento, prática e acompanhamento espiritual.',NULL,NULL,NULL,2),(42,'Encerramento — Juntos na Colheita do Senhor',NULL,9,'40 min',NULL,'Sessão final que reforça o compromisso com a missão, chamando os participantes a permanecerem ativos na colheita espiritual, unidos em oração, ação e visão de multiplicação.',NULL,NULL,NULL,2),(43,'Unidade 1 — Conectando',NULL,1,'60 min','Conectando-se às Pessoas','Esta unidade desenvolve a habilidade de criar relacionamentos intencionais que conduzem naturalmente ao diálogo espiritual. O aluno aprende a ouvir com atenção, fazer perguntas apropriadas e identificar pessoas receptivas, seguindo o exemplo de Jesus ao se conectar genuinamente com as pessoas.',NULL,NULL,NULL,3),(44,'Unidade 2 — O Evangelho: Graça',NULL,2,'60 min','A Graça de Deus','Nesta unidade o aluno compreende que a vida eterna é um presente de Deus, não conquistado por méritos ou boas obras. O conteúdo enfatiza o contraste entre o caminho humano e o caminho divino, estabelecendo a graça como fundamento central do Evangelho.',NULL,NULL,NULL,3),(45,'Unidade 3 — O Evangelho: Homem',NULL,3,'60 min','A Condição do Homem','Esta unidade apresenta a realidade do pecado e a incapacidade humana de alcançar o padrão de perfeição exigido por Deus. O aluno aprende a explicar com clareza a condição espiritual do homem e sua necessidade absoluta de salvação.',NULL,NULL,NULL,3),(46,'Unidade 4 — Compartilhando Seu Testemunho',NULL,4,'60 min','O Poder de Seu Testemunho','Nesta unidade o aluno aprende a preparar e compartilhar seu testemunho pessoal de forma clara, objetiva e centrada na obra de Deus. O testemunho é apresentado como ponte relacional que desperta interesse espiritual e prepara o coração para o Evangelho.',NULL,NULL,NULL,3),(47,'Unidade 5 — O Evangelho: Deus e Cristo',NULL,5,'60 min','Deus e Jesus Cristo','Esta unidade aprofunda o entendimento sobre a natureza de Deus como amoroso e justo, e apresenta Jesus Cristo como o Deus-homem. O aluno aprende a explicar a obra substitutiva de Cristo na cruz como solução definitiva para o problema do pecado.',NULL,NULL,NULL,3),(48,'Unidade 6 — O Evangelho: Fé',NULL,6,'60 min','Entendendo a Fé','Nesta unidade o aluno distingue fé salvadora de fé temporal ou mero conhecimento intelectual. O conteúdo ensina que a salvação ocorre quando a confiança é transferida totalmente para Jesus Cristo, e não para esforços humanos.',NULL,NULL,NULL,3),(49,'Unidade 7 — Decisão e Acompanhamento',NULL,7,'60 min','O Amor de Deus pelos Perdidos','A unidade final ensina como conduzir uma pessoa à decisão por Cristo e como oferecer acompanhamento espiritual adequado. O foco está em apresentar o convite com clareza, respeito e amor, garantindo segurança de salvação e cuidado com o novo convertido.',NULL,NULL,NULL,3),(50,'Unidade 1 — A Formação de um Mentor',NULL,1,'60 min','Devocional 1 — Poder do Alto','Esta unidade introduz o papel do mentor como alguém que lidera pelo exemplo e forma discípulos com visão de multiplicação. O aluno aprende que mentorear envolve oração, demonstração, delegação e prática intencional, preparando-se para guiar novos discípulos na explicação do Evangelho e no desenvolvimento de hábitos espirituais consistentes.',NULL,NULL,NULL,4),(51,'Unidade 2 — O Método de um Mentor',NULL,2,'60 min','Devocional 2 — Jesus como Mentor','Esta unidade apresenta o método de mentoreamento centrado em treinamento prático e acompanhamento relacional. O conteúdo enfatiza a Saída de Treinamento Prático como ferramenta principal para formar discípulos que aprendem observando, participando e recebendo feedback, sempre com responsabilidade e sensibilidade à direção de Deus.',NULL,NULL,NULL,4),(52,'Unidade 3 — O Modelo de um Mentor',NULL,3,'60 min','Devocional 3 — Encontros Marcados por Deus','Nesta unidade, o aluno é levado a enxergar o evangelismo como cooperação com a obra de Deus, aprendendo a identificar oportunidades preparadas pelo Senhor. O foco está em conexão genuína com as pessoas, boas transições na conversa e uso responsável de perguntas diagnósticas, evitando manipulação e buscando receptividade real.',NULL,NULL,NULL,4),(53,'Unidade 4 — A Mensagem de um Mentor',NULL,4,'60 min','Devocional 4 — A Arte de Contar Histórias','Esta unidade treina o mentor a comunicar verdades espirituais com clareza e impacto, usando histórias e experiências com Deus de forma apropriada. O aluno aprende a fortalecer o discipulado ao compartilhar testemunhos objetivos e úteis, ajudando também seus discípulos a reconhecerem e estruturarem suas próprias histórias para edificação e evangelização.',NULL,NULL,NULL,4),(54,'Unidade 5 — A Atitude de um Mentor',NULL,5,'60 min','Devocional 5 — A Importância de Servir','Esta unidade trabalha o caráter do mentor como servo: amor, preparo, paciência, paz e propósito na missão. O aluno aprende que mentorear não é dominar pessoas, mas servir discípulos e cooperar com Deus em meio à oposição espiritual, mantendo mansidão e firmeza ao explicar o Evangelho e ao formar novos evangelistas.',NULL,NULL,NULL,4),(55,'Unidade 6 — O Foco de um Mentor',NULL,6,'60 min','Devocional 6 — Os Obstáculos do Discipulado','Nesta unidade, o aluno consolida que o alvo da Grande Comissão é fazer discípulos e não apenas convertidos. O conteúdo orienta como lidar com obstáculos ao discipulado e como conduzir acompanhamento contínuo, ensinando meios de crescimento espiritual e incentivando comunhão, serviço e perseverança para que o fruto permaneça.',NULL,NULL,NULL,4),(56,'Unidade 7 — A Missão de um Mentor',NULL,7,'60 min','Devocional 7 — Multiplicação','A unidade final firma a visão de multiplicação espiritual, chamando o mentor a reproduzir discípulos fiéis, disponíveis e ensináveis. O aluno é direcionado a praticar e avaliar a explicação do Evangelho em formato de conversa, e a assumir o compromisso de formar novas equipes, apoiar o discipulado e fortalecer a missão da igreja local.',NULL,NULL,NULL,4),(57,'Estudo 1 — Você Tem Certeza?',NULL,1,'60 min',NULL,'Esta unidade conduz o aluno a examinar, à luz das Escrituras, se é possível ter certeza da vida eterna. Por meio de perguntas de diagnóstico e textos bíblicos, o estudo confronta falsas seguranças e direciona a confiança para Cristo, levando a uma resposta pessoal clara e fundamentada.',NULL,NULL,NULL,5),(58,'Estudo 2 — Bíblia',NULL,2,'60 min',NULL,'Esta unidade apresenta a Palavra de Deus como base indispensável para o crescimento espiritual. O aluno é encorajado a ler, guardar e praticar as Escrituras com constância, entendendo que a Bíblia orienta a vida cristã e fortalece a fé por meio da obediência diária.',NULL,NULL,NULL,5),(59,'Estudo 3 — Oração',NULL,3,'60 min',NULL,'Esta unidade ensina a oração como comunhão viva com Deus — uma conversa reverente e constante que aprofunda intimidade e consolida a fé. O estudo destaca oração como adoração, confissão, gratidão e súplica, incentivando uma prática simples, perseverante e alinhada à vontade do Senhor.',NULL,NULL,NULL,5),(60,'Estudo 4 — Adoração',NULL,4,'60 min',NULL,'Esta unidade amplia a visão bíblica de adoração como mais do que momentos de culto: trata-se de uma vida inteira voltada a honrar a Deus. O aluno é chamado a glorificar o Senhor no tempo, recursos, atitudes e motivações, aprendendo a adorar em todo lugar e em todo tempo.',NULL,NULL,NULL,5),(61,'Estudo 5 — Comunhão',NULL,5,'60 min',NULL,'Esta unidade mostra que o crescimento espiritual floresce no convívio com o corpo de Cristo. Comunhão é viver em unidade, amor, cuidado e serviço dentro da família de Deus, recebendo edificação, incentivo e apoio; o aluno é encorajado a se comprometer com a vida da igreja e relacionamentos cristãos saudáveis.',NULL,NULL,NULL,5),(62,'Estudo 6 — Testemunho',NULL,6,'60 min',NULL,'Esta unidade reafirma o privilégio e a responsabilidade cristã de anunciar o Evangelho. O aluno aprende que testemunhar é comunicar as Boas Novas com clareza e coerência de vida, desenvolvendo interesse genuíno pelas pessoas e se preparando para compartilhar sua própria história e a mensagem da salvação em Cristo.',NULL,NULL,NULL,5),(63,'Estudo 7 — Direção',NULL,7,'60 min',NULL,'Esta unidade orienta o aluno a buscar e reconhecer a vontade de Deus para decisões e vida diária. O estudo enfatiza que o Senhor ama seus filhos, conduz com segurança e chama o cristão a viver sob Seu governo, aprendendo a discernir caminhos à luz das Escrituras e a seguir a direção divina com confiança e obediência.',NULL,NULL,NULL,5),(64,'Sessão 1 — Manejo da Palavra da Verdade',NULL,1,'60 min','Devocional 1 — A Palavra da Verdade','Esta unidade estabelece o fundamento do treinamento, capacitando o aluno a lidar corretamente com as Escrituras. O conteúdo reforça a importância da verdade absoluta, da confiabilidade bíblica e da preparação espiritual para responder com clareza às perguntas sinceras daqueles que questionam a fé cristã.',NULL,NULL,NULL,6),(65,'Sessão 2 — Cinco Maneiras de Lidar com uma Objeção ao Evangelho',NULL,2,'60 min','Devocional 2 — A Atitude é Tudo','Nesta unidade o aluno aprende princípios práticos para responder objeções sem confronto ou arrogância. O foco está na atitude correta do evangelista, combinando mansidão, respeito e dependência do Espírito Santo ao lidar com dúvidas, interrupções ou resistências durante conversas espirituais.',NULL,NULL,NULL,6),(66,'Sessão 3 — Eu Não Acredito na Bíblia',NULL,3,'60 min','Devocional 3 — A Confiabilidade da Bíblia','Esta unidade prepara o aluno para responder à objeção quanto à autoridade das Escrituras. O conteúdo apresenta razões históricas, arqueológicas e proféticas que demonstram a confiabilidade da Bíblia, ajudando o cristão a conduzir o diálogo de forma lógica, respeitosa e centrada no Evangelho.',NULL,NULL,NULL,6),(67,'Sessão 4 — Como Você Sabe que Deus Existe?',NULL,4,'60 min','Devocional 4 — Deus é Real','Nesta unidade o aluno aprende a apresentar respostas racionais à existência de Deus, utilizando argumentos baseados na criação, ordem, design e consciência humana. O objetivo é demonstrar que a fé cristã não é irracional, mas plenamente coerente com a realidade observável.',NULL,NULL,NULL,6),(68,'Sessão 5 — Como Deus Pode Permitir o Mal?',NULL,5,'60 min','Devocional 5 — A Perfeita Justiça de Deus','Esta unidade aborda uma das objeções mais sensíveis ao cristianismo: o problema do sofrimento, do mal e do inferno. O aluno aprende a explicar a justiça e o amor de Deus de forma equilibrada, mostrando que o mal é consequência da queda humana e que Deus oferece redenção, esperança e justiça final.',NULL,NULL,NULL,6),(69,'Sessão 6 — Como Jesus Pode Ser o Único Caminho?',NULL,6,'60 min','Devocional 6 — Um Só Caminho','Nesta unidade o aluno é capacitado a responder à exclusividade de Cristo com clareza bíblica. O conteúdo apresenta Jesus como o único Salvador por causa do pecado, do sacrifício e da ressurreição, fortalecendo a convicção cristã diante do pluralismo religioso.',NULL,NULL,NULL,6),(70,'Sessão 7 — E Quanto àqueles que Nunca Ouviram?',NULL,7,'60 min','Devocional 7 — A Criação Anuncia a Deus','A unidade final responde às objeções relacionadas à justiça divina diante dos que nunca ouviram o Evangelho e ao tema da hipocrisia religiosa. O aluno compreende a revelação de Deus por meio da criação, da consciência e de Cristo, e é desafiado a assumir responsabilidade pessoal na missão.',NULL,NULL,NULL,6),(71,'Unidade Introdutória — Orientações do Treinamento Esperança para Crianças',NULL,1,'30 min',NULL,'Esta unidade introdutória apresenta a visão, os objetivos e a estrutura do treinamento Esperança para Crianças. O facilitador é orientado quanto ao propósito evangelístico do ministério, ao papel da equipe, à importância da oração e ao preparo espiritual necessário para conduzir crianças ao conhecimento do Evangelho.',NULL,NULL,NULL,7),(72,'Unidade 1 — Olimpíadas Bíblicas',NULL,2,'60 min',NULL,'Esta unidade utiliza atividades lúdicas para ensinar verdades bíblicas fundamentais às crianças. Por meio de jogos, versículos e dinâmicas, elas aprendem que a Palavra de Deus é verdadeira, confiável e poderosa, criando um ambiente alegre e propício para o aprendizado espiritual.',NULL,NULL,NULL,7),(73,'Unidade 2 — A Entrevista',NULL,3,'30 min',NULL,'Nesta unidade o facilitador aprende a conduzir entrevistas espirituais com crianças, utilizando perguntas simples para identificar o nível de compreensão do Evangelho. O foco está em ouvir com atenção, estabelecer vínculo e discernir a condição espiritual de cada criança.',NULL,NULL,NULL,7),(74,'Unidade 3 — O Caminho do Evangelho',NULL,4,'40 min',NULL,'Esta unidade apresenta o Caminho do Evangelho por meio de gestos e explicações visuais, ajudando as crianças a memorizar e compreender os principais pontos da mensagem da salvação. O método facilita a explicação clara e progressiva do Evangelho.',NULL,NULL,NULL,7),(75,'Unidade 4 — As Boas Novas',NULL,5,'40 min',NULL,'Nesta unidade as crianças aprendem quem é Jesus e o que Ele fez para oferecer a vida eterna. O ensino enfatiza a morte e a ressurreição de Cristo, apresentando as Boas Novas de forma simples, bíblica e adequada à compreensão infantil.',NULL,NULL,NULL,7),(76,'Unidade 5 — Vamos Conversar',NULL,6,'40 min',NULL,'Esta unidade ensina como iniciar conversas espirituais e compartilhar o testemunho pessoal. As crianças aprendem a fazer perguntas, ouvir com respeito e identificar oportunidades naturais para falar sobre Deus.',NULL,NULL,NULL,7),(77,'Unidade 6 — Céu',NULL,7,'40 min',NULL,'Nesta unidade é ensinado que a vida eterna é um presente gratuito de Deus. As crianças aprendem o conceito bíblico da graça, compreendendo que o Céu não pode ser conquistado por boas obras, mas recebido pela fé.',NULL,NULL,NULL,7),(78,'Unidade 7 — Pecado',NULL,8,'40 min',NULL,'Esta unidade aborda a realidade do pecado de forma clara e apropriada para crianças. O ensino mostra que o pecado separa o ser humano de Deus e que todos necessitam do perdão oferecido por meio de Jesus Cristo.',NULL,NULL,NULL,7),(79,'Unidade 8 — Deus',NULL,9,'40 min',NULL,'Nesta unidade as crianças aprendem sobre o caráter de Deus, destacando Seu amor e Sua justiça. O ensino mostra que Deus deseja restaurar o relacionamento com as pessoas e oferece salvação por meio de Seu amor.',NULL,NULL,NULL,7),(80,'Unidade 9 — Cristo',NULL,10,'40 min',NULL,'Esta unidade ensina que Jesus é o Filho de Deus, que viveu sem pecado, morreu na cruz e ressuscitou. As crianças compreendem que somente Cristo pode perdoar pecados e conceder a vida eterna.',NULL,NULL,NULL,7),(81,'Unidade 10 — Fé',NULL,11,'40 min',NULL,'Nesta unidade é explicado o verdadeiro significado da fé bíblica, ensinando que confiar em Jesus é depender somente dEle para a salvação, e não de boas ações ou comportamento.',NULL,NULL,NULL,7),(82,'Unidade 11 — Resposta',NULL,12,'40 min',NULL,'Esta unidade orienta como conduzir uma criança a responder ao Evangelho com clareza e respeito. O foco está em apresentar o convite à fé, reconhecendo que a decisão é uma obra do Espírito Santo.',NULL,NULL,NULL,7),(83,'Unidade 12 — Crescendo em Cristo',NULL,13,'40 min',NULL,'A unidade final ensina princípios básicos de crescimento cristão, como oração, leitura bíblica, comunhão e testemunho. As crianças são encorajadas a viver diariamente sua fé e a continuar firmes em Jesus.',NULL,NULL,NULL,7),(84,'Unidade de Implementação — Implantação do Ministério Esperança para Crianças',NULL,14,'60 min',NULL,'Esta unidade orienta a implementação do ministério Esperança para Crianças na igreja local. O conteúdo aborda planejamento, formação de equipe, envolvimento da liderança, acompanhamento espiritual e continuidade do trabalho evangelístico infantil.',NULL,NULL,NULL,7),(85,'Unidade 1 — Olimpíadas Bíblicas',NULL,1,'60 min',NULL,'Esta unidade inaugura o treinamento de forma dinâmica, usando jogos e atividades para fixar os versículos-chave do Caminho do Evangelho. O objetivo é que as crianças compreendam que a Palavra de Deus é verdadeira e poderosa, criando um ambiente alegre e memorável para iniciar o aprendizado do Evangelho.',NULL,NULL,NULL,8),(86,'Unidade 2 — A Entrevista',NULL,2,'60 min',NULL,'Nesta unidade, o professor e os líderes aprendem a conhecer melhor cada criança e avaliar sua compreensão espiritual. A entrevista cria vínculo, promove escuta cuidadosa e permite discernir necessidades, preparando o caminho para ensinar o Evangelho com clareza e sensibilidade.',NULL,NULL,NULL,8),(87,'Unidade 3 — O Caminho do Evangelho',NULL,3,'60 min',NULL,'Esta unidade introduz o Caminho do Evangelho como trilho seguro para explicar a salvação de modo progressivo. As crianças aprendem a recitar com gestos os seis pontos, compreendendo que boas informações guiam ao destino correto, assim como o Evangelho guia ao Céu.',NULL,NULL,NULL,8),(88,'Unidade 4 — As Boas Novas',NULL,4,'60 min',NULL,'Nesta unidade, as crianças aprendem quem é Jesus e o que Ele fez para oferecer a vida eterna. O foco é comunicar o núcleo do Evangelho de forma simples e bíblica, incentivar o compartilhamento com outras pessoas e ensinar como oferecer oportunidade de resposta com respeito e clareza.',NULL,NULL,NULL,8),(89,'Unidade 5 — Vamos Conversar',NULL,5,'60 min',NULL,'Esta unidade treina as crianças a iniciar conversas espirituais com naturalidade, compartilhar sua história (testemunho) e usar perguntas de diagnóstico para entender em que a pessoa confia. O conteúdo reforça postura respeitosa e ajuda a conduzir o diálogo para o Evangelho sem constrangimento.',NULL,NULL,NULL,8),(90,'Unidade 6 — Céu',NULL,6,'60 min',NULL,'Nesta unidade, as crianças entendem o conceito bíblico de graça e aprendem que o Céu (vida eterna) é presente de Deus, não conquistado nem merecido. Por ilustrações e textos bíblicos, elas são encorajadas a confiar somente em Jesus e a explicar o ponto “Céu” com clareza.',NULL,NULL,NULL,8),(91,'Unidade 7 — Pecado',NULL,7,'60 min',NULL,'Esta unidade ensina o que é pecado, por que todos pecam e como o pecado separa o ser humano de Deus. As crianças aprendem a explicar o ponto “Pecado” de maneira adequada, entendendo a necessidade de salvação e preparando o terreno para compreender a obra de Cristo.',NULL,NULL,NULL,8),(92,'Unidade 8 — Deus',NULL,8,'60 min',NULL,'Nesta unidade, as crianças aprendem quem Deus é, enfatizando Seu amor e Sua justiça. O conteúdo fortalece a compreensão de que Deus é santo e correto, e que Seu amor não anula Sua justiça, preparando uma visão equilibrada do Evangelho.',NULL,NULL,NULL,8),(93,'Unidade 9 — Cristo',NULL,9,'60 min',NULL,'Esta unidade apresenta Jesus Cristo como o centro do Evangelho: Deus que veio ao mundo, viveu sem pecado, morreu em nosso lugar e ressuscitou. As crianças aprendem a explicar a obra de Cristo como a única provisão suficiente para o perdão e a vida eterna.',NULL,NULL,NULL,8),(94,'Unidade 10 — Fé',NULL,10,'60 min',NULL,'Nesta unidade, as crianças compreendem o significado de fé bíblica: confiar em Jesus, e não em esforço próprio, religiosidade ou boas obras. O objetivo é que elas saibam explicar o ponto “Fé” com simplicidade e segurança, chamando o ouvinte a depender de Cristo.',NULL,NULL,NULL,8),(95,'Unidade 11 — Resposta',NULL,11,'60 min',NULL,'Esta unidade orienta como dar oportunidade para a pessoa responder ao Evangelho, com perguntas claras e postura respeitosa. As crianças aprendem que a decisão não é pressionada, mas apresentada com amor, reconhecendo que o Espírito Santo é quem convence o coração.',NULL,NULL,NULL,8),(96,'Unidade 12 — Crescendo em Jesus',NULL,12,'60 min',NULL,'A unidade final consolida o discipulado básico, ensinando práticas essenciais para crescer em Jesus: leitura da Bíblia, oração, comunhão e testemunho. O foco é ajudar as crianças a perseverarem na fé e a continuarem compartilhando o Evangelho como estilo de vida.',NULL,NULL,NULL,8);
/*!40000 ALTER TABLE `sections` ENABLE KEYS */;
UNLOCK TABLES;

--
-- Table structure for table `sessions`
--

DROP TABLE IF EXISTS `sessions`;
/*!40101 SET @saved_cs_client     = @@character_set_client */;
/*!50503 SET character_set_client = utf8mb4 */;
CREATE TABLE `sessions` (
  `id` varchar(255) COLLATE utf8mb4_unicode_ci NOT NULL,
  `user_id` bigint unsigned DEFAULT NULL,
  `ip_address` varchar(45) COLLATE utf8mb4_unicode_ci DEFAULT NULL,
  `user_agent` text COLLATE utf8mb4_unicode_ci,
  `payload` longtext COLLATE utf8mb4_unicode_ci NOT NULL,
  `last_activity` int NOT NULL,
  PRIMARY KEY (`id`),
  KEY `sessions_user_id_index` (`user_id`),
  KEY `sessions_last_activity_index` (`last_activity`)
) ENGINE=InnoDB DEFAULT CHARSET=utf8mb4 COLLATE=utf8mb4_unicode_ci;
/*!40101 SET character_set_client = @saved_cs_client */;

--
-- Dumping data for table `sessions`
--

LOCK TABLES `sessions` WRITE;
/*!40000 ALTER TABLE `sessions` DISABLE KEYS */;
/*!40000 ALTER TABLE `sessions` ENABLE KEYS */;
UNLOCK TABLES;

--
-- Table structure for table `shippings`
--

DROP TABLE IF EXISTS `shippings`;
/*!40101 SET @saved_cs_client     = @@character_set_client */;
/*!50503 SET character_set_client = utf8mb4 */;
CREATE TABLE `shippings` (
  `id` bigint unsigned NOT NULL AUTO_INCREMENT,
  `name` varchar(255) COLLATE utf8mb4_unicode_ci NOT NULL,
  `phone` varchar(255) COLLATE utf8mb4_unicode_ci DEFAULT NULL,
  `email` varchar(255) COLLATE utf8mb4_unicode_ci DEFAULT NULL,
  `street` varchar(255) COLLATE utf8mb4_unicode_ci DEFAULT NULL,
  `number` varchar(255) COLLATE utf8mb4_unicode_ci DEFAULT NULL,
  `complement` varchar(255) COLLATE utf8mb4_unicode_ci DEFAULT NULL,
  `district` varchar(255) COLLATE utf8mb4_unicode_ci DEFAULT NULL,
  `city` varchar(255) COLLATE utf8mb4_unicode_ci DEFAULT NULL,
  `state` varchar(255) COLLATE utf8mb4_unicode_ci DEFAULT NULL,
  `postal_code` varchar(255) COLLATE utf8mb4_unicode_ci DEFAULT NULL,
  `notes` varchar(255) COLLATE utf8mb4_unicode_ci DEFAULT NULL,
  `created_at` timestamp NULL DEFAULT NULL,
  `updated_at` timestamp NULL DEFAULT NULL,
  PRIMARY KEY (`id`)
) ENGINE=InnoDB DEFAULT CHARSET=utf8mb4 COLLATE=utf8mb4_unicode_ci;
/*!40101 SET character_set_client = @saved_cs_client */;

--
-- Dumping data for table `shippings`
--

LOCK TABLES `shippings` WRITE;
/*!40000 ALTER TABLE `shippings` DISABLE KEYS */;
/*!40000 ALTER TABLE `shippings` ENABLE KEYS */;
UNLOCK TABLES;

--
-- Table structure for table `suppliers`
--

DROP TABLE IF EXISTS `suppliers`;
/*!40101 SET @saved_cs_client     = @@character_set_client */;
/*!50503 SET character_set_client = utf8mb4 */;
CREATE TABLE `suppliers` (
  `id` bigint unsigned NOT NULL AUTO_INCREMENT,
  `name` varchar(255) COLLATE utf8mb4_unicode_ci NOT NULL,
  `phone` varchar(255) COLLATE utf8mb4_unicode_ci DEFAULT NULL,
  `email` varchar(255) COLLATE utf8mb4_unicode_ci DEFAULT NULL,
  `street` varchar(255) COLLATE utf8mb4_unicode_ci DEFAULT NULL,
  `number` varchar(255) COLLATE utf8mb4_unicode_ci DEFAULT NULL,
  `complement` varchar(255) COLLATE utf8mb4_unicode_ci DEFAULT NULL,
  `district` varchar(255) COLLATE utf8mb4_unicode_ci DEFAULT NULL,
  `city` varchar(255) COLLATE utf8mb4_unicode_ci DEFAULT NULL,
  `state` varchar(255) COLLATE utf8mb4_unicode_ci DEFAULT NULL,
  `postal_code` varchar(255) COLLATE utf8mb4_unicode_ci DEFAULT NULL,
  `notes` varchar(255) COLLATE utf8mb4_unicode_ci DEFAULT NULL,
  `created_at` timestamp NULL DEFAULT NULL,
  `updated_at` timestamp NULL DEFAULT NULL,
  PRIMARY KEY (`id`)
) ENGINE=InnoDB DEFAULT CHARSET=utf8mb4 COLLATE=utf8mb4_unicode_ci;
/*!40101 SET character_set_client = @saved_cs_client */;

--
-- Dumping data for table `suppliers`
--

LOCK TABLES `suppliers` WRITE;
/*!40000 ALTER TABLE `suppliers` DISABLE KEYS */;
/*!40000 ALTER TABLE `suppliers` ENABLE KEYS */;
UNLOCK TABLES;

--
-- Table structure for table `training_schedule_items`
--

DROP TABLE IF EXISTS `training_schedule_items`;
/*!40101 SET @saved_cs_client     = @@character_set_client */;
/*!50503 SET character_set_client = utf8mb4 */;
CREATE TABLE `training_schedule_items` (
  `id` bigint unsigned NOT NULL AUTO_INCREMENT,
  `training_id` bigint unsigned NOT NULL,
  `section_id` bigint unsigned DEFAULT NULL,
  `date` date NOT NULL,
  `starts_at` datetime NOT NULL,
  `ends_at` datetime NOT NULL,
  `type` varchar(30) COLLATE utf8mb4_unicode_ci NOT NULL,
  `title` varchar(255) COLLATE utf8mb4_unicode_ci NOT NULL,
  `planned_duration_minutes` int unsigned NOT NULL,
  `suggested_duration_minutes` int unsigned DEFAULT NULL,
  `min_duration_minutes` int unsigned DEFAULT NULL,
  `origin` varchar(10) COLLATE utf8mb4_unicode_ci NOT NULL DEFAULT 'AUTO',
  `is_locked` tinyint(1) NOT NULL DEFAULT '0',
  `status` varchar(10) COLLATE utf8mb4_unicode_ci NOT NULL DEFAULT 'OK',
  `conflict_reason` json DEFAULT NULL,
  `meta` json DEFAULT NULL,
  `created_at` timestamp NULL DEFAULT NULL,
  `updated_at` timestamp NULL DEFAULT NULL,
  PRIMARY KEY (`id`),
  KEY `training_schedule_items_section_id_foreign` (`section_id`),
  KEY `training_schedule_items_training_id_date_starts_at_index` (`training_id`,`date`,`starts_at`),
  KEY `training_schedule_items_training_id_date_type_index` (`training_id`,`date`,`type`),
  CONSTRAINT `training_schedule_items_section_id_foreign` FOREIGN KEY (`section_id`) REFERENCES `sections` (`id`) ON DELETE SET NULL ON UPDATE CASCADE,
  CONSTRAINT `training_schedule_items_training_id_foreign` FOREIGN KEY (`training_id`) REFERENCES `trainings` (`id`) ON DELETE CASCADE ON UPDATE CASCADE
) ENGINE=InnoDB DEFAULT CHARSET=utf8mb4 COLLATE=utf8mb4_unicode_ci;
/*!40101 SET character_set_client = @saved_cs_client */;

--
-- Dumping data for table `training_schedule_items`
--

LOCK TABLES `training_schedule_items` WRITE;
/*!40000 ALTER TABLE `training_schedule_items` DISABLE KEYS */;
/*!40000 ALTER TABLE `training_schedule_items` ENABLE KEYS */;
UNLOCK TABLES;

--
-- Table structure for table `training_user`
--

DROP TABLE IF EXISTS `training_user`;
/*!40101 SET @saved_cs_client     = @@character_set_client */;
/*!50503 SET character_set_client = utf8mb4 */;
CREATE TABLE `training_user` (
  `user_id` bigint unsigned DEFAULT NULL,
  `training_id` bigint unsigned DEFAULT NULL,
  `payment_receipt` varchar(255) COLLATE utf8mb4_unicode_ci DEFAULT NULL,
  `accredited` tinyint NOT NULL DEFAULT '0',
  `kit` tinyint NOT NULL DEFAULT '0',
  `payment` tinyint NOT NULL DEFAULT '0',
  KEY `training_user_user_id_foreign` (`user_id`),
  KEY `training_user_training_id_foreign` (`training_id`),
  CONSTRAINT `training_user_training_id_foreign` FOREIGN KEY (`training_id`) REFERENCES `trainings` (`id`) ON DELETE CASCADE ON UPDATE CASCADE,
  CONSTRAINT `training_user_user_id_foreign` FOREIGN KEY (`user_id`) REFERENCES `users` (`id`) ON DELETE CASCADE ON UPDATE CASCADE
) ENGINE=InnoDB DEFAULT CHARSET=utf8mb4 COLLATE=utf8mb4_unicode_ci;
/*!40101 SET character_set_client = @saved_cs_client */;

--
-- Dumping data for table `training_user`
--

LOCK TABLES `training_user` WRITE;
/*!40000 ALTER TABLE `training_user` DISABLE KEYS */;
/*!40000 ALTER TABLE `training_user` ENABLE KEYS */;
UNLOCK TABLES;

--
-- Table structure for table `trainings`
--

DROP TABLE IF EXISTS `trainings`;
/*!40101 SET @saved_cs_client     = @@character_set_client */;
/*!50503 SET character_set_client = utf8mb4 */;
CREATE TABLE `trainings` (
  `id` bigint unsigned NOT NULL AUTO_INCREMENT,
  `banner` varchar(255) COLLATE utf8mb4_unicode_ci DEFAULT NULL,
  `coordinator` varchar(255) COLLATE utf8mb4_unicode_ci DEFAULT NULL,
  `phone` varchar(20) COLLATE utf8mb4_unicode_ci DEFAULT NULL,
  `email` varchar(100) COLLATE utf8mb4_unicode_ci DEFAULT NULL,
  `street` varchar(100) COLLATE utf8mb4_unicode_ci DEFAULT NULL,
  `number` varchar(20) COLLATE utf8mb4_unicode_ci DEFAULT NULL,
  `complement` varchar(100) COLLATE utf8mb4_unicode_ci DEFAULT NULL,
  `district` varchar(100) COLLATE utf8mb4_unicode_ci DEFAULT NULL,
  `city` varchar(100) COLLATE utf8mb4_unicode_ci DEFAULT NULL,
  `state` varchar(255) COLLATE utf8mb4_unicode_ci DEFAULT NULL,
  `postal_code` varchar(10) COLLATE utf8mb4_unicode_ci DEFAULT NULL,
  `url` varchar(255) COLLATE utf8mb4_unicode_ci DEFAULT NULL,
  `gpwhatsapp` varchar(255) COLLATE utf8mb4_unicode_ci DEFAULT NULL,
  `price` varchar(255) COLLATE utf8mb4_unicode_ci DEFAULT '0,00',
  `price_church` varchar(255) COLLATE utf8mb4_unicode_ci DEFAULT '0,00',
  `discount` varchar(255) COLLATE utf8mb4_unicode_ci DEFAULT '0,00',
  `kits` int DEFAULT '0',
  `totStudents` int NOT NULL DEFAULT '0',
  `totChurches` int NOT NULL DEFAULT '0',
  `totNewChurches` int NOT NULL DEFAULT '0',
  `totPastors` int NOT NULL DEFAULT '0',
  `totKitsUsed` int NOT NULL DEFAULT '0',
  `totListeners` int NOT NULL DEFAULT '0',
  `totKitsReceived` int NOT NULL DEFAULT '0',
  `totApproaches` int NOT NULL DEFAULT '0',
  `totDecisions` int NOT NULL DEFAULT '0',
  `notes` text COLLATE utf8mb4_unicode_ci,
  `status` int DEFAULT NULL,
  `created_at` timestamp NULL DEFAULT NULL,
  `updated_at` timestamp NULL DEFAULT NULL,
  `course_id` bigint unsigned DEFAULT NULL,
  `teacher_id` bigint unsigned DEFAULT NULL,
  `church_id` bigint unsigned DEFAULT NULL,
  `welcome_duration_minutes` smallint unsigned NOT NULL DEFAULT '30',
  `schedule_settings` json DEFAULT NULL,
  `ojt_count_override` smallint unsigned DEFAULT NULL,
  `ojt_policy_override` varchar(10) COLLATE utf8mb4_unicode_ci DEFAULT NULL,
  PRIMARY KEY (`id`),
  KEY `trainings_course_id_foreign` (`course_id`),
  KEY `trainings_teacher_id_foreign` (`teacher_id`),
  KEY `trainings_church_id_foreign` (`church_id`),
  CONSTRAINT `trainings_church_id_foreign` FOREIGN KEY (`church_id`) REFERENCES `churches` (`id`) ON DELETE CASCADE ON UPDATE CASCADE,
  CONSTRAINT `trainings_course_id_foreign` FOREIGN KEY (`course_id`) REFERENCES `courses` (`id`) ON DELETE CASCADE ON UPDATE CASCADE,
  CONSTRAINT `trainings_teacher_id_foreign` FOREIGN KEY (`teacher_id`) REFERENCES `users` (`id`) ON DELETE SET NULL ON UPDATE CASCADE
) ENGINE=InnoDB AUTO_INCREMENT=311 DEFAULT CHARSET=utf8mb4 COLLATE=utf8mb4_unicode_ci;
/*!40101 SET character_set_client = @saved_cs_client */;

--
-- Dumping data for table `trainings`
--

LOCK TABLES `trainings` WRITE;
/*!40000 ALTER TABLE `trainings` DISABLE KEYS */;
INSERT INTO `trainings` VALUES (1,NULL,'Secretaria','21972765535','secretaria@pibinga.org.br','Rua Dr. Paulo Alves','125',NULL,'Ingá','Niterói','RJ','24365170',NULL,NULL,'180.00','20.00','0.00',NULL,0,0,0,0,0,0,0,0,0,NULL,1,'2026-01-29 19:37:01','2026-01-29 19:37:01',1,1,1,30,NULL,NULL,NULL),(2,NULL,'Pr. Patricia Costa','41900374880','treinamento.belo.horizonte@ministerio.com.br','Avenida Getulio Vargas','1085','Bloco B','Boa Vista','Belo Horizonte','MG','87673603','https://www.treinamento-belo-horizonte.org.br',NULL,'50,00','50,00',NULL,216,112,59,19,2,93,275,141,21,122,'Autem sunt expedita omnis sed nam blanditiis est et et exercitationem nisi esse fuga.',3,'2026-01-29 19:37:01','2026-01-29 19:37:01',1,88,13,30,NULL,NULL,NULL),(3,NULL,'Pr. Henrique Ramos','31904276192','treinamento.salvador@ministerio.com.br','Alameda Independencia','4641','Sala 101','Bela Vista','Salvador','BA','96652934','https://www.treinamento-salvador.org.br',NULL,'150,00','150,00',NULL,272,217,53,23,18,30,136,90,368,139,NULL,0,'2026-01-29 19:37:01','2026-01-29 19:37:01',1,41,10,30,NULL,NULL,NULL),(4,NULL,'Pr. Tiago Ramos','81905672290','treinamento.brasilia@igreja.org.br','Travessa Getulio Vargas','410',NULL,'Santa Clara','Brasilia','DF','46943334','https://www.treinamento-brasilia.org.br',NULL,'200,00','50,00',NULL,168,243,49,0,0,144,283,161,169,55,NULL,2,'2026-01-29 19:37:01','2026-01-29 19:37:01',1,42,1,30,NULL,NULL,NULL),(5,NULL,'Pr. Amanda Silva','61980290388','treinamento.salvador@igreja.org.br','Alameda Getulio Vargas','6245',NULL,'Boa Vista','Salvador','BA','21817295','https://www.treinamento-salvador.org.br',NULL,'0,00','150,00',NULL,295,194,52,28,43,141,86,215,98,32,NULL,1,'2026-01-29 19:37:01','2026-01-29 19:37:01',1,16,5,30,NULL,NULL,NULL),(6,NULL,'Pr. Camila Rocha','21953211294','treinamento.manaus@comunidade.com.br','Rua das Flores','7168',NULL,'Boa Vista','Manaus','AM','36580876','https://www.treinamento-manaus.org.br',NULL,'50,00','0,00','20,00',69,6,61,26,58,37,265,103,127,127,NULL,2,'2026-01-29 19:37:01','2026-01-29 19:37:01',1,73,12,30,NULL,NULL,NULL),(7,NULL,'Pr. Renata Pereira','85963800151','treinamento.goiania@ministerio.com.br','Avenida Brasil','6781','Casa 2','Bela Vista','Goiania','GO','75454188','https://www.treinamento-goiania.org.br',NULL,'50,00','0,00','20,00',276,94,7,33,36,219,75,64,225,47,NULL,1,'2026-01-29 19:37:01','2026-01-29 19:37:01',1,30,24,30,NULL,NULL,NULL),(8,NULL,'Pr. Joao Pereira','11929022689','treinamento.porto.alegre@comunidade.com.br','Travessa Dom Pedro II','4480',NULL,'Santa Clara','Porto Alegre','RS','28828452','https://www.treinamento-porto-alegre.org.br',NULL,'150,00','100,00',NULL,261,2,118,38,26,249,60,133,2,54,'Alias et quis delectus molestiae officia impedit at qui fugiat ut.',1,'2026-01-29 19:37:01','2026-01-29 19:37:01',1,102,13,30,NULL,NULL,NULL),(9,NULL,'Pr. Joao Moura','31984490981','treinamento.brasilia@ministerio.com.br','Avenida Paulista','9336','Casa 2','Bela Vista','Brasilia','DF','97600093','https://www.treinamento-brasilia.org.br',NULL,'100,00','0,00',NULL,299,129,67,9,52,20,174,195,257,43,NULL,3,'2026-01-29 19:37:01','2026-01-29 19:37:01',1,8,5,30,NULL,NULL,NULL),(10,NULL,'Pr. Juliana Carvalho','21969359532','treinamento.fortaleza@comunidade.com.br','Alameda Dom Pedro II','4757',NULL,'Bela Vista','Fortaleza','CE','56343936','https://www.treinamento-fortaleza.org.br',NULL,'50,00','200,00','10,00',47,122,74,48,56,19,169,99,119,99,NULL,2,'2026-01-29 19:37:01','2026-01-29 19:37:01',1,102,13,30,NULL,NULL,NULL),(11,NULL,'Pr. Carlos Costa','81936588352','treinamento.rio.de.janeiro@comunidade.com.br','Avenida Independencia','2428',NULL,'Santa Clara','Rio de Janeiro','RJ','24919620','https://www.treinamento-rio-de-janeiro.org.br',NULL,'50,00','150,00','5,00',34,90,73,17,22,198,23,234,12,136,NULL,1,'2026-01-29 19:37:01','2026-01-29 19:37:01',1,30,9,30,NULL,NULL,NULL),(12,NULL,'Pr. Renata Barbosa','31963699610','treinamento.curitiba@comunidade.com.br','Alameda Getulio Vargas','1918',NULL,'Boa Vista','Curitiba','PR','45157755','https://www.treinamento-curitiba.org.br',NULL,'100,00','100,00',NULL,259,103,105,19,45,150,36,70,204,88,'Aut vitae non occaecati omnis eos laborum non doloremque dolore eius.',3,'2026-01-29 19:37:01','2026-01-29 19:37:01',1,90,26,30,NULL,NULL,NULL),(13,NULL,'Pr. Carlos Dias','31932064060','treinamento.curitiba@comunidade.com.br','Travessa Dom Pedro II','5974','Anexo A','Bela Vista','Curitiba','PR','23450753','https://www.treinamento-curitiba.org.br',NULL,'200,00','0,00','5,00',218,8,83,48,52,250,75,128,387,129,NULL,0,'2026-01-29 19:37:01','2026-01-29 19:37:01',1,29,6,30,NULL,NULL,NULL),(14,NULL,'Pr. Paulo Lima','51997095574','treinamento.brasilia@comunidade.com.br','Travessa Paulista','792',NULL,'Santa Clara','Brasilia','DF','98796092','https://www.treinamento-brasilia.org.br',NULL,'100,00','50,00',NULL,276,217,115,46,31,93,164,277,189,149,'Autem rem dolor ut sapiente perferendis ipsam alias aut.',3,'2026-01-29 19:37:01','2026-01-29 19:37:01',1,27,7,30,NULL,NULL,NULL),(15,NULL,'Pr. Beatriz Santana','11968262747','treinamento.manaus@comunidade.com.br','Travessa Rio Branco','443','Casa 2','Jardim das Oliveiras','Manaus','AM','95400173','https://www.treinamento-manaus.org.br',NULL,'150,00','150,00',NULL,6,176,73,38,52,0,164,246,327,37,NULL,1,'2026-01-29 19:37:01','2026-01-29 19:37:01',1,74,25,30,NULL,NULL,NULL),(16,NULL,'Pr. Lucas Cardoso','51996623984','treinamento.curitiba@ministerio.com.br','Alameda das Flores','4592',NULL,'Bela Vista','Curitiba','PR','78717907','https://www.treinamento-curitiba.org.br',NULL,'100,00','150,00','15,00',194,210,45,27,13,235,94,247,171,122,NULL,3,'2026-01-29 19:37:01','2026-01-29 19:37:01',1,3,12,30,NULL,NULL,NULL),(17,NULL,'Pr. Henrique Rezende','61952310337','treinamento.manaus@ministerio.com.br','Rua Dom Pedro II','3040',NULL,'Boa Vista','Manaus','AM','74108414','https://www.treinamento-manaus.org.br',NULL,'100,00','200,00',NULL,283,249,115,12,0,186,184,53,121,96,NULL,1,'2026-01-29 19:37:01','2026-01-29 19:37:01',1,62,10,30,NULL,NULL,NULL),(18,NULL,'Pr. Rafael Dias','71924687997','treinamento.belem@ministerio.com.br','Travessa dos Ipes','8909',NULL,'Vila Esperanca','Belem','PA','33735481','https://www.treinamento-belem.org.br',NULL,'50,00','0,00',NULL,170,236,71,29,11,130,257,199,92,192,'Corrupti quis facere dolorem sunt praesentium ea quasi dolore reprehenderit.',3,'2026-01-29 19:37:01','2026-01-29 19:37:01',1,45,22,30,NULL,NULL,NULL),(19,NULL,'Pr. Tiago Ribeiro','91983519579','treinamento.sao.paulo@ministerio.com.br','Avenida dos Ipes','780',NULL,'Vila Nova','Sao Paulo','SP','93944490','https://www.treinamento-sao-paulo.org.br',NULL,'100,00','50,00',NULL,166,156,50,47,14,10,29,256,71,27,NULL,3,'2026-01-29 19:37:01','2026-01-29 19:37:01',1,96,2,30,NULL,NULL,NULL),(20,NULL,'Pr. Gabriel Dias','61999938286','treinamento.manaus@igreja.org.br','Avenida Rio Branco','6738',NULL,'Nova Esperanca','Manaus','AM','65674525','https://www.treinamento-manaus.org.br',NULL,'50,00','200,00',NULL,165,135,1,43,54,194,71,123,80,132,'Maxime et nesciunt natus autem iure velit quia harum veritatis perferendis non.',1,'2026-01-29 19:37:02','2026-01-29 19:37:02',2,36,3,30,NULL,NULL,NULL),(21,NULL,'Pr. Camila Rezende','81977404256','treinamento.porto.alegre@ministerio.com.br','Rua das Flores','9833',NULL,'Parque das Nacoes','Porto Alegre','RS','59219286','https://www.treinamento-porto-alegre.org.br',NULL,'0,00','50,00',NULL,212,202,17,34,59,61,244,60,254,168,NULL,0,'2026-01-29 19:37:02','2026-01-29 19:37:02',2,18,11,30,NULL,NULL,NULL),(22,NULL,'Pr. Andre Silva','91938129395','treinamento.belo.horizonte@comunidade.com.br','Avenida Independencia','4839','Sala 101','Vila Nova','Belo Horizonte','MG','26346481','https://www.treinamento-belo-horizonte.org.br',NULL,'150,00','100,00',NULL,252,60,60,46,39,16,43,176,288,107,NULL,2,'2026-01-29 19:37:02','2026-01-29 19:37:02',2,92,5,30,NULL,NULL,NULL),(23,NULL,'Pr. Gabriel Carvalho','71950326203','treinamento.belo.horizonte@ministerio.com.br','Avenida das Flores','1632',NULL,'Vila Esperanca','Belo Horizonte','MG','77290943','https://www.treinamento-belo-horizonte.org.br',NULL,'0,00','50,00',NULL,154,75,23,20,30,219,170,115,84,137,'Atque nemo nisi consequatur repellat ut velit non at veritatis.',3,'2026-01-29 19:37:02','2026-01-29 19:37:02',2,11,11,30,NULL,NULL,NULL),(24,NULL,'Pr. Juliana Gomes','51908324694','treinamento.belo.horizonte@igreja.org.br','Rua Brasil','8440',NULL,'Boa Vista','Belo Horizonte','MG','90440836','https://www.treinamento-belo-horizonte.org.br',NULL,'150,00','100,00','20,00',19,190,53,5,25,208,160,9,7,179,'Et iure incidunt natus fuga et ex omnis et molestiae fugiat laboriosam minus perferendis.',3,'2026-01-29 19:37:02','2026-01-29 19:37:02',2,57,25,30,NULL,NULL,NULL),(25,NULL,'Pr. Rafael Barbosa','21904199512','treinamento.goiania@igreja.org.br','Avenida Paulista','7735','Casa 2','Bela Vista','Goiania','GO','28969764','https://www.treinamento-goiania.org.br',NULL,'150,00','200,00','10,00',184,75,2,17,17,213,222,269,31,142,NULL,0,'2026-01-29 19:37:02','2026-01-29 19:37:02',2,13,18,30,NULL,NULL,NULL),(26,NULL,'Pr. Camila Martins','21970341138','treinamento.recife@comunidade.com.br','Travessa Santos Dumont','5388',NULL,'Santa Clara','Recife','PE','46655064','https://www.treinamento-recife.org.br',NULL,'200,00','0,00',NULL,145,177,119,20,17,182,265,270,293,90,NULL,3,'2026-01-29 19:37:02','2026-01-29 19:37:02',2,69,2,30,NULL,NULL,NULL),(27,NULL,'Pr. Vitor Almeida','61951827550','treinamento.recife@ministerio.com.br','Rua Getulio Vargas','2906',NULL,'Boa Vista','Recife','PE','96052441','https://www.treinamento-recife.org.br',NULL,'0,00','100,00',NULL,143,156,10,28,3,83,201,297,231,0,'Porro sed blanditiis ipsa quia et est id nostrum ab expedita velit ut eos sequi rerum.',0,'2026-01-29 19:37:02','2026-01-29 19:37:02',2,62,15,30,NULL,NULL,NULL),(28,NULL,'Pr. Isabela Cardoso','11918127906','treinamento.curitiba@ministerio.com.br','Avenida Paulista','4430',NULL,'Parque das Nacoes','Curitiba','PR','12597809','https://www.treinamento-curitiba.org.br',NULL,'100,00','200,00',NULL,239,167,77,20,25,161,135,153,154,187,NULL,2,'2026-01-29 19:37:02','2026-01-29 19:37:02',2,80,18,30,NULL,NULL,NULL),(29,NULL,'Pr. Gabriel Souza','91906861086','treinamento.rio.de.janeiro@ministerio.com.br','Alameda Rio Branco','7958',NULL,'Bela Vista','Rio de Janeiro','RJ','87348144','https://www.treinamento-rio-de-janeiro.org.br',NULL,'50,00','50,00','10,00',99,142,64,26,28,221,167,183,26,56,NULL,1,'2026-01-29 19:37:02','2026-01-29 19:37:02',2,55,8,30,NULL,NULL,NULL),(30,NULL,'Pr. Vitor Cardoso','31938719841','treinamento.recife@comunidade.com.br','Rua das Flores','8778',NULL,'Jardim America','Recife','PE','01956119','https://www.treinamento-recife.org.br',NULL,'200,00','0,00',NULL,186,268,22,55,27,109,169,192,86,38,NULL,2,'2026-01-29 19:37:02','2026-01-29 19:37:02',2,29,1,30,NULL,NULL,NULL),(31,NULL,'Pr. Beatriz Martins','81936837484','treinamento.fortaleza@igreja.org.br','Avenida Getulio Vargas','876',NULL,'Boa Vista','Fortaleza','CE','05925730','https://www.treinamento-fortaleza.org.br',NULL,'150,00','0,00','5,00',97,136,1,4,19,230,71,82,395,120,NULL,0,'2026-01-29 19:37:02','2026-01-29 19:37:02',2,19,18,30,NULL,NULL,NULL),(32,NULL,'Pr. Marcos Rocha','71977761860','treinamento.rio.de.janeiro@ministerio.com.br','Alameda dos Ipes','9940','Sala 101','Jardim America','Rio de Janeiro','RJ','75980185','https://www.treinamento-rio-de-janeiro.org.br',NULL,'50,00','150,00','10,00',199,55,104,28,8,245,88,249,175,184,NULL,2,'2026-01-29 19:37:02','2026-01-29 19:37:02',2,1,8,30,NULL,NULL,NULL),(33,NULL,'Pr. Camila Dias','85950031136','treinamento.brasilia@comunidade.com.br','Alameda Sete de Setembro','6384','Anexo A','Vila Nova','Brasilia','DF','04763005','https://www.treinamento-brasilia.org.br',NULL,'0,00','0,00','15,00',35,23,28,44,58,138,243,82,293,119,NULL,1,'2026-01-29 19:37:02','2026-01-29 19:37:02',2,69,18,30,NULL,NULL,NULL),(34,NULL,'Pr. Tiago Cardoso','85961347156','treinamento.fortaleza@ministerio.com.br','Alameda Santos Dumont','3872',NULL,'Nova Esperanca','Fortaleza','CE','12792484','https://www.treinamento-fortaleza.org.br',NULL,'0,00','100,00',NULL,12,92,71,36,53,120,295,272,49,50,NULL,3,'2026-01-29 19:37:02','2026-01-29 19:37:02',2,93,5,30,NULL,NULL,NULL),(35,NULL,'Pr. Paulo Almeida','11941360357','treinamento.rio.de.janeiro@comunidade.com.br','Travessa Santos Dumont','5260','Anexo A','Bela Vista','Rio de Janeiro','RJ','39097873','https://www.treinamento-rio-de-janeiro.org.br',NULL,'50,00','150,00',NULL,124,284,34,44,26,53,121,62,46,7,NULL,1,'2026-01-29 19:37:02','2026-01-29 19:37:02',2,56,19,30,NULL,NULL,NULL),(36,NULL,'Pr. Beatriz Cardoso','51977259629','treinamento.rio.de.janeiro@igreja.org.br','Alameda Sete de Setembro','5320',NULL,'Santa Clara','Rio de Janeiro','RJ','16471457','https://www.treinamento-rio-de-janeiro.org.br',NULL,'100,00','0,00',NULL,1,6,34,8,17,203,9,44,144,169,NULL,2,'2026-01-29 19:37:02','2026-01-29 19:37:02',2,85,24,30,NULL,NULL,NULL),(37,NULL,'Pr. Mariana Cardoso','85942316105','treinamento.manaus@ministerio.com.br','Alameda dos Ipes','5427',NULL,'Jardim America','Manaus','AM','51893891','https://www.treinamento-manaus.org.br',NULL,'200,00','50,00',NULL,24,0,114,38,44,169,280,1,237,73,NULL,2,'2026-01-29 19:37:02','2026-01-29 19:37:02',2,86,12,30,NULL,NULL,NULL),(38,NULL,'Pr. Isabela Moura','51900323532','treinamento.sao.paulo@comunidade.com.br','Avenida dos Ipes','2419',NULL,'Parque das Nacoes','Sao Paulo','SP','93472811','https://www.treinamento-sao-paulo.org.br',NULL,'100,00','50,00',NULL,35,215,40,8,27,53,80,133,96,46,NULL,2,'2026-01-29 19:37:02','2026-01-29 19:37:02',3,95,5,30,NULL,NULL,NULL),(39,NULL,'Pr. Eduardo Gomes','91907282873','treinamento.sao.paulo@ministerio.com.br','Alameda Getulio Vargas','4533','Bloco B','Santa Clara','Sao Paulo','SP','64360012','https://www.treinamento-sao-paulo.org.br',NULL,'200,00','100,00',NULL,180,46,70,42,41,162,48,289,159,197,NULL,1,'2026-01-29 19:37:02','2026-01-29 19:37:02',3,36,25,30,NULL,NULL,NULL),(40,NULL,'Pr. Marcos Santana','51970853663','treinamento.rio.de.janeiro@comunidade.com.br','Travessa Paulista','6948','Fundos','Centro','Rio de Janeiro','RJ','97143227','https://www.treinamento-rio-de-janeiro.org.br',NULL,'100,00','150,00','15,00',259,253,45,13,8,226,147,150,162,41,'Et omnis quasi aut error quo eos explicabo qui quis tempora saepe ab.',0,'2026-01-29 19:37:02','2026-01-29 19:37:02',3,90,26,30,NULL,NULL,NULL),(41,NULL,'Pr. Larissa Pereira','11903989030','treinamento.sao.paulo@ministerio.com.br','Travessa Paulista','140','Fundos','Jardim das Oliveiras','Sao Paulo','SP','30822568','https://www.treinamento-sao-paulo.org.br',NULL,'50,00','150,00','15,00',134,158,111,26,5,127,26,273,97,18,NULL,2,'2026-01-29 19:37:02','2026-01-29 19:37:02',3,1,23,30,NULL,NULL,NULL),(42,NULL,'Pr. Fernanda Lima','31925147661','treinamento.salvador@ministerio.com.br','Alameda Sete de Setembro','4681',NULL,'Santa Clara','Salvador','BA','14923133','https://www.treinamento-salvador.org.br',NULL,'100,00','150,00',NULL,108,147,65,9,38,225,168,204,349,184,'Quo et non dicta modi fugiat sint et libero voluptates sit et aliquid.',1,'2026-01-29 19:37:02','2026-01-29 19:37:02',3,94,10,30,NULL,NULL,NULL),(43,NULL,'Pr. Amanda Barbosa','81935096116','treinamento.brasilia@ministerio.com.br','Alameda Brasil','5195','Sala 101','Bela Vista','Brasilia','DF','18698720','https://www.treinamento-brasilia.org.br',NULL,'50,00','100,00',NULL,155,103,9,57,3,113,226,94,102,102,'Omnis non blanditiis ab officiis non assumenda quo quod.',0,'2026-01-29 19:37:02','2026-01-29 19:37:02',3,75,14,30,NULL,NULL,NULL),(44,NULL,'Pr. Vitor Rocha','81956324632','treinamento.porto.alegre@igreja.org.br','Rua Paulista','4986','Bloco B','Nova Esperanca','Porto Alegre','RS','10385167','https://www.treinamento-porto-alegre.org.br',NULL,'100,00','200,00','15,00',7,127,38,46,31,76,173,285,214,87,NULL,0,'2026-01-29 19:37:02','2026-01-29 19:37:02',3,89,26,30,NULL,NULL,NULL),(45,NULL,'Pr. Carolina Cardoso','71982052393','treinamento.belo.horizonte@comunidade.com.br','Avenida Santos Dumont','4068',NULL,'Boa Vista','Belo Horizonte','MG','19834695','https://www.treinamento-belo-horizonte.org.br',NULL,'50,00','150,00',NULL,285,190,102,14,53,46,150,275,26,140,'Sunt ut qui neque quia repellat quo dolor inventore saepe maxime dolorem voluptatem facilis aut.',3,'2026-01-29 19:37:02','2026-01-29 19:37:02',3,49,25,30,NULL,NULL,NULL),(46,NULL,'Pr. Henrique Rezende','31902819874','treinamento.salvador@ministerio.com.br','Alameda Santos Dumont','1150',NULL,'Centro','Salvador','BA','88920006','https://www.treinamento-salvador.org.br',NULL,'50,00','150,00','10,00',203,162,51,11,12,180,291,150,99,82,NULL,0,'2026-01-29 19:37:02','2026-01-29 19:37:02',3,68,14,30,NULL,NULL,NULL),(47,NULL,'Pr. Isabela Oliveira','11977600211','treinamento.curitiba@igreja.org.br','Alameda Santos Dumont','1633','Fundos','Centro','Curitiba','PR','56040471','https://www.treinamento-curitiba.org.br',NULL,'50,00','50,00',NULL,246,159,60,42,41,113,171,107,392,1,NULL,0,'2026-01-29 19:37:02','2026-01-29 19:37:02',3,54,12,30,NULL,NULL,NULL),(48,NULL,'Pr. Carolina Costa','11981005565','treinamento.rio.de.janeiro@comunidade.com.br','Travessa dos Ipes','6209',NULL,'Vila Nova','Rio de Janeiro','RJ','81597279','https://www.treinamento-rio-de-janeiro.org.br',NULL,'200,00','0,00',NULL,36,242,101,49,19,148,66,179,45,129,NULL,2,'2026-01-29 19:37:02','2026-01-29 19:37:02',3,90,18,30,NULL,NULL,NULL),(49,NULL,'Pr. Tiago Carvalho','11997412462','treinamento.brasilia@comunidade.com.br','Alameda Independencia','7182',NULL,'Vila Nova','Brasilia','DF','97601398','https://www.treinamento-brasilia.org.br',NULL,'200,00','0,00','5,00',245,95,114,36,55,175,282,60,346,164,NULL,2,'2026-01-29 19:37:02','2026-01-29 19:37:02',3,77,24,30,NULL,NULL,NULL),(50,NULL,'Pr. Andre Costa','51954761052','treinamento.belo.horizonte@igreja.org.br','Avenida Sete de Setembro','7265',NULL,'Boa Vista','Belo Horizonte','MG','99594820','https://www.treinamento-belo-horizonte.org.br',NULL,'200,00','50,00',NULL,186,238,89,43,43,24,236,272,244,186,'Veritatis laboriosam enim omnis et laudantium est sint aperiam dolorem.',2,'2026-01-29 19:37:02','2026-01-29 19:37:02',3,5,18,30,NULL,NULL,NULL),(51,NULL,'Pr. Daniel Costa','31921970719','treinamento.brasilia@comunidade.com.br','Travessa Sete de Setembro','4130',NULL,'Jardim das Oliveiras','Brasilia','DF','87915435','https://www.treinamento-brasilia.org.br',NULL,'150,00','200,00','10,00',16,196,111,6,33,173,296,293,220,98,NULL,0,'2026-01-29 19:37:02','2026-01-29 19:37:02',3,45,20,30,NULL,NULL,NULL),(52,NULL,'Pr. Renata Rezende','41942698746','treinamento.belem@igreja.org.br','Travessa Rio Branco','6759',NULL,'Bela Vista','Belem','PA','22502217','https://www.treinamento-belem.org.br',NULL,'100,00','200,00','20,00',220,172,62,50,41,86,295,69,67,148,NULL,2,'2026-01-29 19:37:02','2026-01-29 19:37:02',3,94,2,30,NULL,NULL,NULL),(53,NULL,'Pr. Renata Ribeiro','91959328132','treinamento.porto.alegre@comunidade.com.br','Avenida Brasil','2520',NULL,'Boa Vista','Porto Alegre','RS','05661598','https://www.treinamento-porto-alegre.org.br',NULL,'200,00','50,00',NULL,8,201,28,3,39,1,250,138,261,112,NULL,0,'2026-01-29 19:37:02','2026-01-29 19:37:02',3,23,5,30,NULL,NULL,NULL),(54,NULL,'Pr. Joao Silva','81963468086','treinamento.fortaleza@igreja.org.br','Rua Getulio Vargas','6919','Bloco B','Bela Vista','Fortaleza','CE','20766904','https://www.treinamento-fortaleza.org.br',NULL,'0,00','100,00','15,00',104,223,91,17,2,28,295,294,307,117,NULL,3,'2026-01-29 19:37:02','2026-01-29 19:37:02',3,50,4,30,NULL,NULL,NULL),(55,NULL,'Pr. Mariana Ramos','11965530134','treinamento.fortaleza@igreja.org.br','Avenida Santos Dumont','5606','Fundos','Centro','Fortaleza','CE','77262639','https://www.treinamento-fortaleza.org.br',NULL,'150,00','150,00',NULL,220,190,90,50,39,105,218,63,254,196,NULL,2,'2026-01-29 19:37:02','2026-01-29 19:37:02',3,21,3,30,NULL,NULL,NULL),(56,NULL,'Pr. Marcos Souza','85951758045','treinamento.fortaleza@comunidade.com.br','Rua Independencia','3176','Anexo A','Jardim America','Fortaleza','CE','17998484','https://www.treinamento-fortaleza.org.br',NULL,'50,00','0,00',NULL,122,297,87,26,50,207,11,181,117,102,'Iusto atque veniam praesentium expedita minus placeat aut placeat voluptas sit.',0,'2026-01-29 19:37:02','2026-01-29 19:37:02',7,13,22,30,NULL,NULL,NULL),(57,NULL,'Pr. Juliana Lima','81920854038','treinamento.recife@comunidade.com.br','Travessa Brasil','3636',NULL,'Boa Vista','Recife','PE','86044344','https://www.treinamento-recife.org.br',NULL,'150,00','200,00',NULL,223,290,91,45,37,200,209,233,107,104,NULL,3,'2026-01-29 19:37:02','2026-01-29 19:37:02',8,96,15,30,NULL,NULL,NULL),(58,NULL,'Pr. Bruno Lima','21926909512','treinamento.salvador@igreja.org.br','Avenida Independencia','6854',NULL,'Santa Clara','Salvador','BA','08388047','https://www.treinamento-salvador.org.br',NULL,'200,00','100,00',NULL,131,231,22,7,36,53,94,255,395,20,NULL,1,'2026-01-29 19:37:02','2026-01-29 19:37:02',8,41,6,30,NULL,NULL,NULL),(59,NULL,'Pr. Daniel Rocha','21929150311','treinamento.manaus@comunidade.com.br','Alameda Brasil','9170',NULL,'Centro','Manaus','AM','12160971','https://www.treinamento-manaus.org.br',NULL,'100,00','50,00','10,00',248,223,113,53,35,7,236,299,189,124,'Dolores culpa fugiat sint laborum sequi rerum quia delectus soluta consectetur.',0,'2026-01-29 19:37:02','2026-01-29 19:37:02',3,30,2,30,NULL,NULL,NULL),(60,NULL,'Pr. Joao Costa','31910663267','treinamento.sao.paulo@ministerio.com.br','Travessa Brasil','6235',NULL,'Centro','Sao Paulo','SP','85841607','https://www.treinamento-sao-paulo.org.br',NULL,'150,00','200,00','20,00',58,54,111,26,18,225,45,48,333,29,'Aperiam minus eveniet hic nihil explicabo voluptatem quo atque qui saepe veniam illum quibusdam voluptatem omnis est.',1,'2026-01-29 19:37:02','2026-01-29 19:37:02',3,52,22,30,NULL,NULL,NULL),(61,NULL,'Pr. Camila Dias','11956082173','treinamento.porto.alegre@ministerio.com.br','Alameda Sete de Setembro','8524',NULL,'Santa Clara','Porto Alegre','RS','27601076','https://www.treinamento-porto-alegre.org.br',NULL,'150,00','50,00',NULL,93,232,77,27,48,187,141,218,199,115,'Dolorem autem similique et blanditiis et non inventore neque est repellat dolorem quam.',1,'2026-01-29 19:37:02','2026-01-29 19:37:02',8,45,6,30,NULL,NULL,NULL),(62,NULL,'Pr. Joao Pereira','51991473951','treinamento.brasilia@comunidade.com.br','Travessa Paulista','9595',NULL,'Jardim America','Brasilia','DF','33503991','https://www.treinamento-brasilia.org.br',NULL,'200,00','150,00',NULL,132,36,30,6,34,137,227,3,211,112,NULL,1,'2026-01-29 19:37:02','2026-01-29 19:37:02',6,43,24,30,NULL,NULL,NULL),(63,NULL,'Pr. Joao Pereira','51937503712','treinamento.manaus@comunidade.com.br','Rua Sete de Setembro','7784',NULL,'Santa Clara','Manaus','AM','68783245','https://www.treinamento-manaus.org.br',NULL,'100,00','50,00',NULL,15,59,69,2,4,75,77,77,387,68,'Dicta perferendis voluptas occaecati sint est officiis minus.',1,'2026-01-29 19:37:02','2026-01-29 19:37:02',1,46,13,30,NULL,NULL,NULL),(64,NULL,'Pr. Eduardo Lima','71994900957','treinamento.goiania@ministerio.com.br','Travessa Dom Pedro II','3529','Anexo A','Boa Vista','Goiania','GO','08548544','https://www.treinamento-goiania.org.br',NULL,'0,00','0,00',NULL,19,187,84,12,2,243,149,44,160,72,NULL,1,'2026-01-29 19:37:02','2026-01-29 19:37:02',3,7,2,30,NULL,NULL,NULL),(65,NULL,'Pr. Marcos Rocha','11982286013','treinamento.manaus@igreja.org.br','Avenida Getulio Vargas','8986',NULL,'Vila Esperanca','Manaus','AM','28366935','https://www.treinamento-manaus.org.br',NULL,'200,00','200,00',NULL,148,150,76,17,3,139,163,296,353,72,'Qui exercitationem facilis reprehenderit dolores alias eos inventore voluptatum non reiciendis adipisci dolor temporibus quia.',1,'2026-01-29 19:37:02','2026-01-29 19:37:02',2,80,26,30,NULL,NULL,NULL),(66,NULL,'Pr. Paulo Santana','31900155262','treinamento.brasilia@ministerio.com.br','Alameda Getulio Vargas','4798','Sala 101','Jardim America','Brasilia','DF','40815605','https://www.treinamento-brasilia.org.br',NULL,'100,00','200,00',NULL,248,192,117,35,26,47,32,21,355,10,NULL,2,'2026-01-29 19:37:02','2026-01-29 19:37:02',4,13,3,30,NULL,NULL,NULL),(67,NULL,'Pr. Paulo Pereira','41957835157','treinamento.goiania@ministerio.com.br','Alameda Dom Pedro II','3938','Bloco B','Vila Nova','Goiania','GO','84593960','https://www.treinamento-goiania.org.br',NULL,'150,00','200,00',NULL,213,233,40,1,23,88,181,152,47,81,'Beatae temporibus iure corrupti placeat architecto aliquam voluptatum qui necessitatibus consequatur saepe est quasi.',3,'2026-01-29 19:37:02','2026-01-29 19:37:02',6,104,22,30,NULL,NULL,NULL),(68,NULL,'Pr. Felipe Rezende','51995165749','treinamento.sao.paulo@comunidade.com.br','Rua Rio Branco','4725',NULL,'Jardim das Oliveiras','Sao Paulo','SP','85665834','https://www.treinamento-sao-paulo.org.br',NULL,'0,00','100,00',NULL,220,26,24,56,48,233,257,218,299,22,NULL,3,'2026-01-29 19:37:02','2026-01-29 19:37:02',2,18,7,30,NULL,NULL,NULL),(69,NULL,'Pr. Camila Barbosa','81914293542','treinamento.fortaleza@comunidade.com.br','Avenida Getulio Vargas','2687','Anexo A','Vila Nova','Fortaleza','CE','36239101','https://www.treinamento-fortaleza.org.br',NULL,'150,00','0,00','15,00',127,187,8,44,12,215,196,192,183,80,NULL,3,'2026-01-29 19:37:03','2026-01-29 19:37:03',1,89,20,30,NULL,NULL,NULL),(70,NULL,'Pr. Larissa Ferreira','21920191298','treinamento.belem@igreja.org.br','Travessa Rio Branco','5478',NULL,'Jardim das Oliveiras','Belem','PA','16273079','https://www.treinamento-belem.org.br',NULL,'150,00','200,00','20,00',46,84,33,30,23,56,47,179,388,176,NULL,1,'2026-01-29 19:37:03','2026-01-29 19:37:03',7,92,24,30,NULL,NULL,NULL),(71,NULL,'Pr. Lucas Gomes','85954504713','treinamento.fortaleza@comunidade.com.br','Avenida Rio Branco','4500',NULL,'Santa Clara','Fortaleza','CE','35619810','https://www.treinamento-fortaleza.org.br',NULL,'0,00','100,00',NULL,100,223,5,37,35,188,122,251,363,20,NULL,1,'2026-01-29 19:37:03','2026-01-29 19:37:03',4,13,19,30,NULL,NULL,NULL),(72,NULL,'Pr. Renata Moura','81971323041','treinamento.fortaleza@comunidade.com.br','Alameda Dom Pedro II','3507',NULL,'Jardim das Oliveiras','Fortaleza','CE','85089331','https://www.treinamento-fortaleza.org.br',NULL,'200,00','150,00',NULL,260,52,78,18,12,127,291,37,108,103,'Illum eos magnam ipsam enim modi ut magni qui ut.',3,'2026-01-29 19:37:03','2026-01-29 19:37:03',6,28,20,30,NULL,NULL,NULL),(73,NULL,'Pr. Henrique Ferreira','11973329132','treinamento.manaus@ministerio.com.br','Alameda das Flores','8691','Casa 2','Jardim das Oliveiras','Manaus','AM','30445502','https://www.treinamento-manaus.org.br',NULL,'200,00','0,00',NULL,285,162,30,0,50,208,151,279,297,124,'Aut qui harum quas aut possimus et veniam aperiam iusto aspernatur modi sit suscipit.',0,'2026-01-29 19:37:03','2026-01-29 19:37:03',7,64,3,30,NULL,NULL,NULL),(74,NULL,'Pr. Carolina Oliveira','71904380850','treinamento.manaus@igreja.org.br','Rua das Flores','164',NULL,'Santa Clara','Manaus','AM','87772800','https://www.treinamento-manaus.org.br',NULL,'0,00','100,00',NULL,218,148,120,44,13,238,115,129,387,123,NULL,3,'2026-01-29 19:37:03','2026-01-29 19:37:03',4,6,19,30,NULL,NULL,NULL),(75,NULL,'Pr. Vitor Barbosa','85940980145','treinamento.belo.horizonte@ministerio.com.br','Avenida das Flores','4886','Sala 101','Vila Nova','Belo Horizonte','MG','21122455','https://www.treinamento-belo-horizonte.org.br',NULL,'50,00','150,00','20,00',255,137,53,48,23,227,141,161,366,69,NULL,1,'2026-01-29 19:37:03','2026-01-29 19:37:03',4,37,22,30,NULL,NULL,NULL),(76,NULL,'Pr. Beatriz Oliveira','61988554554','treinamento.fortaleza@comunidade.com.br','Rua Dom Pedro II','2075',NULL,'Jardim das Oliveiras','Fortaleza','CE','65114235','https://www.treinamento-fortaleza.org.br',NULL,'100,00','150,00',NULL,79,275,50,39,11,119,274,186,255,52,NULL,0,'2026-01-29 19:37:03','2026-01-29 19:37:03',2,4,10,30,NULL,NULL,NULL),(77,NULL,'Pr. Beatriz Rocha','71969644958','treinamento.rio.de.janeiro@igreja.org.br','Rua Dom Pedro II','9686',NULL,'Centro','Rio de Janeiro','RJ','04063535','https://www.treinamento-rio-de-janeiro.org.br',NULL,'50,00','0,00','10,00',230,243,24,57,33,191,47,184,44,84,NULL,2,'2026-01-29 19:37:03','2026-01-29 19:37:03',3,33,17,30,NULL,NULL,NULL),(78,NULL,'Pr. Joao Oliveira','51987373646','treinamento.rio.de.janeiro@comunidade.com.br','Rua dos Ipes','4453',NULL,'Parque das Nacoes','Rio de Janeiro','RJ','62411786','https://www.treinamento-rio-de-janeiro.org.br',NULL,'0,00','0,00','5,00',39,197,97,34,19,66,152,26,268,123,NULL,1,'2026-01-29 19:37:03','2026-01-29 19:37:03',6,11,25,30,NULL,NULL,NULL),(79,NULL,'Pr. Felipe Barbosa','11988955499','treinamento.brasilia@comunidade.com.br','Avenida Dom Pedro II','165','Fundos','Vila Esperanca','Brasilia','DF','29371804','https://www.treinamento-brasilia.org.br',NULL,'0,00','50,00',NULL,229,233,51,55,14,70,83,18,11,118,NULL,3,'2026-01-29 19:37:03','2026-01-29 19:37:03',7,33,26,30,NULL,NULL,NULL),(80,NULL,'Pr. Carolina Silva','81924567349','treinamento.sao.paulo@ministerio.com.br','Avenida das Flores','2669','Sala 101','Jardim America','Sao Paulo','SP','22367860','https://www.treinamento-sao-paulo.org.br',NULL,'0,00','100,00','10,00',157,176,9,8,56,219,64,159,164,55,NULL,3,'2026-01-29 19:37:03','2026-01-29 19:37:03',8,2,15,30,NULL,NULL,NULL),(81,NULL,'Pr. Mariana Dias','21983101912','treinamento.sao.paulo@comunidade.com.br','Rua Dom Pedro II','3304',NULL,'Nova Esperanca','Sao Paulo','SP','23050518','https://www.treinamento-sao-paulo.org.br',NULL,'50,00','100,00','15,00',139,83,7,28,32,195,49,297,223,156,NULL,2,'2026-01-29 19:37:03','2026-01-29 19:37:03',8,9,1,30,NULL,NULL,NULL),(82,NULL,'Pr. Vitor Gomes','71908529900','treinamento.belo.horizonte@comunidade.com.br','Alameda Paulista','7677',NULL,'Vila Nova','Belo Horizonte','MG','78367111','https://www.treinamento-belo-horizonte.org.br',NULL,'50,00','200,00',NULL,235,160,29,1,9,16,127,245,232,4,'Vel atque veniam rerum nam reprehenderit quia sint quam at blanditiis corporis dolorem autem rerum qui voluptatum.',0,'2026-01-29 19:37:03','2026-01-29 19:37:03',7,105,21,30,NULL,NULL,NULL),(83,NULL,'Pr. Carlos Ramos','61971442329','treinamento.belem@igreja.org.br','Alameda Santos Dumont','1675','Casa 2','Vila Nova','Belem','PA','35694802','https://www.treinamento-belem.org.br',NULL,'0,00','50,00',NULL,234,190,30,11,26,140,138,13,380,171,NULL,1,'2026-01-29 19:37:03','2026-01-29 19:37:03',2,70,8,30,NULL,NULL,NULL),(84,NULL,'Pr. Eduardo Almeida','81960714471','treinamento.brasilia@comunidade.com.br','Alameda Getulio Vargas','822',NULL,'Vila Esperanca','Brasilia','DF','52316925','https://www.treinamento-brasilia.org.br',NULL,'0,00','200,00',NULL,136,24,65,55,26,52,136,248,157,181,NULL,3,'2026-01-29 19:37:03','2026-01-29 19:37:03',8,82,20,30,NULL,NULL,NULL),(85,NULL,'Pr. Carolina Almeida','85909410221','treinamento.salvador@ministerio.com.br','Travessa Independencia','7372',NULL,'Nova Esperanca','Salvador','BA','52114755','https://www.treinamento-salvador.org.br',NULL,'200,00','50,00',NULL,35,131,83,54,29,157,82,25,394,114,NULL,1,'2026-01-29 19:37:03','2026-01-29 19:37:03',6,78,7,30,NULL,NULL,NULL),(86,NULL,'Pr. Bruno Pereira','85968624785','treinamento.porto.alegre@comunidade.com.br','Avenida Getulio Vargas','6980','Anexo A','Centro','Porto Alegre','RS','56147260','https://www.treinamento-porto-alegre.org.br',NULL,'200,00','0,00','5,00',67,270,106,11,24,103,106,80,251,97,NULL,0,'2026-01-29 19:37:03','2026-01-29 19:37:03',4,93,25,30,NULL,NULL,NULL),(87,NULL,'Pr. Rafael Rocha','41960963977','treinamento.curitiba@igreja.org.br','Travessa Dom Pedro II','5365','Bloco B','Centro','Curitiba','PR','92146403','https://www.treinamento-curitiba.org.br',NULL,'200,00','50,00',NULL,185,93,15,0,35,208,29,50,333,181,NULL,0,'2026-01-29 19:37:03','2026-01-29 19:37:03',2,24,18,30,NULL,NULL,NULL),(88,NULL,'Pr. Bruno Moura','71970514367','treinamento.belem@ministerio.com.br','Alameda Rio Branco','5665',NULL,'Parque das Nacoes','Belem','PA','30372272','https://www.treinamento-belem.org.br',NULL,'50,00','50,00',NULL,75,260,44,35,53,41,144,21,128,86,NULL,1,'2026-01-29 19:37:03','2026-01-29 19:37:03',7,9,10,30,NULL,NULL,NULL),(89,NULL,'Pr. Tiago Ramos','31957986106','treinamento.belem@ministerio.com.br','Travessa das Flores','2566',NULL,'Centro','Belem','PA','54132883','https://www.treinamento-belem.org.br',NULL,'0,00','100,00','10,00',216,243,60,29,0,99,140,229,192,83,'Sunt suscipit sapiente nostrum architecto molestiae temporibus vel molestias dolor.',0,'2026-01-29 19:37:03','2026-01-29 19:37:03',2,93,2,30,NULL,NULL,NULL),(90,NULL,'Pr. Eduardo Silva','71924626984','treinamento.goiania@comunidade.com.br','Travessa Brasil','1055','Fundos','Jardim America','Goiania','GO','21447293','https://www.treinamento-goiania.org.br',NULL,'150,00','50,00','15,00',264,2,108,15,15,224,201,165,314,150,NULL,2,'2026-01-29 19:37:03','2026-01-29 19:37:03',1,33,12,30,NULL,NULL,NULL),(91,NULL,'Pr. Paulo Souza','91925555638','treinamento.sao.paulo@ministerio.com.br','Travessa dos Ipes','7778',NULL,'Parque das Nacoes','Sao Paulo','SP','33451596','https://www.treinamento-sao-paulo.org.br',NULL,'200,00','150,00','15,00',253,184,48,27,22,108,245,215,114,27,NULL,2,'2026-01-29 19:37:03','2026-01-29 19:37:03',5,89,19,30,NULL,NULL,NULL),(92,NULL,'Pr. Amanda Gomes','41926811877','treinamento.fortaleza@ministerio.com.br','Avenida das Flores','3386',NULL,'Santa Clara','Fortaleza','CE','40010769','https://www.treinamento-fortaleza.org.br',NULL,'100,00','200,00',NULL,277,261,11,56,4,101,136,8,76,69,NULL,3,'2026-01-29 19:37:03','2026-01-29 19:37:03',5,16,8,30,NULL,NULL,NULL),(93,NULL,'Pr. Larissa Ribeiro','61954980750','treinamento.porto.alegre@comunidade.com.br','Travessa Brasil','9855',NULL,'Centro','Porto Alegre','RS','65457505','https://www.treinamento-porto-alegre.org.br',NULL,'50,00','50,00',NULL,162,247,88,49,39,160,89,216,120,85,NULL,2,'2026-01-29 19:37:03','2026-01-29 19:37:03',2,37,9,30,NULL,NULL,NULL),(94,NULL,'Pr. Eduardo Ferreira','31934971630','treinamento.recife@comunidade.com.br','Alameda Dom Pedro II','3692','Fundos','Vila Esperanca','Recife','PE','11004471','https://www.treinamento-recife.org.br',NULL,'150,00','50,00',NULL,6,99,38,14,34,107,285,64,385,110,NULL,3,'2026-01-29 19:37:03','2026-01-29 19:37:03',4,55,11,30,NULL,NULL,NULL),(95,NULL,'Pr. Lucas Souza','91984657332','treinamento.fortaleza@igreja.org.br','Avenida Rio Branco','6527','Fundos','Parque das Nacoes','Fortaleza','CE','78874887','https://www.treinamento-fortaleza.org.br',NULL,'200,00','0,00',NULL,255,115,27,10,49,0,218,243,263,45,NULL,2,'2026-01-29 19:37:03','2026-01-29 19:37:03',4,102,24,30,NULL,NULL,NULL),(96,NULL,'Pr. Juliana Dias','31986551106','treinamento.rio.de.janeiro@igreja.org.br','Rua das Flores','7245','Anexo A','Jardim das Oliveiras','Rio de Janeiro','RJ','95022997','https://www.treinamento-rio-de-janeiro.org.br',NULL,'100,00','200,00',NULL,153,142,49,40,42,186,153,102,181,39,'Nihil inventore quod autem perspiciatis non et quo amet aut et est repudiandae incidunt.',2,'2026-01-29 19:37:03','2026-01-29 19:37:03',7,55,4,30,NULL,NULL,NULL),(97,NULL,'Pr. Gabriel Gomes','21943576540','treinamento.fortaleza@ministerio.com.br','Rua Santos Dumont','2674',NULL,'Vila Esperanca','Fortaleza','CE','15619610','https://www.treinamento-fortaleza.org.br',NULL,'150,00','150,00',NULL,32,118,2,11,40,84,214,159,322,96,NULL,2,'2026-01-29 19:37:03','2026-01-29 19:37:03',3,89,25,30,NULL,NULL,NULL),(98,NULL,'Pr. Larissa Costa','41922968110','treinamento.goiania@igreja.org.br','Avenida das Flores','1857','Fundos','Jardim America','Goiania','GO','77927281','https://www.treinamento-goiania.org.br',NULL,'0,00','50,00','10,00',117,291,37,2,13,66,297,66,348,167,NULL,2,'2026-01-29 19:37:03','2026-01-29 19:37:03',5,105,19,30,NULL,NULL,NULL),(99,NULL,'Pr. Renata Costa','11986790630','treinamento.salvador@comunidade.com.br','Travessa Sete de Setembro','2120',NULL,'Parque das Nacoes','Salvador','BA','52284395','https://www.treinamento-salvador.org.br',NULL,'200,00','150,00','15,00',128,37,116,0,15,27,148,39,273,81,NULL,2,'2026-01-29 19:37:03','2026-01-29 19:37:03',5,41,15,30,NULL,NULL,NULL),(100,NULL,'Pr. Renata Souza','11931632254','treinamento.brasilia@ministerio.com.br','Avenida Brasil','8149',NULL,'Jardim America','Brasilia','DF','36042378','https://www.treinamento-brasilia.org.br',NULL,'0,00','100,00',NULL,41,19,17,25,21,22,163,5,76,47,NULL,1,'2026-01-29 19:37:03','2026-01-29 19:37:03',2,102,14,30,NULL,NULL,NULL),(101,NULL,'Pr. Camila Oliveira','81923608359','treinamento.fortaleza@ministerio.com.br','Rua Paulista','7478','Anexo A','Centro','Fortaleza','CE','28896805','https://www.treinamento-fortaleza.org.br',NULL,'50,00','50,00',NULL,2,157,53,34,23,6,44,256,331,62,'Ex nesciunt ullam sit voluptatem dolor ipsum placeat eaque voluptatibus reprehenderit ducimus adipisci dolore quidem dolore suscipit.',0,'2026-01-29 19:37:03','2026-01-29 19:37:03',8,59,11,30,NULL,NULL,NULL),(102,NULL,'Pr. Daniel Souza','85938420717','treinamento.brasilia@comunidade.com.br','Travessa Santos Dumont','9618',NULL,'Nova Esperanca','Brasilia','DF','49259150','https://www.treinamento-brasilia.org.br',NULL,'100,00','100,00','10,00',297,122,87,12,9,198,171,260,118,190,NULL,1,'2026-01-29 19:37:03','2026-01-29 19:37:03',6,86,1,30,NULL,NULL,NULL),(103,NULL,'Pr. Camila Almeida','21938016042','treinamento.fortaleza@ministerio.com.br','Alameda Santos Dumont','6270',NULL,'Vila Esperanca','Fortaleza','CE','93793392','https://www.treinamento-fortaleza.org.br',NULL,'100,00','0,00','10,00',159,246,49,25,3,54,93,75,291,111,NULL,0,'2026-01-29 19:37:03','2026-01-29 19:37:03',5,22,21,30,NULL,NULL,NULL),(104,NULL,'Pr. Lucas Silva','81965998722','treinamento.manaus@ministerio.com.br','Rua Dom Pedro II','7847',NULL,'Vila Esperanca','Manaus','AM','73543451','https://www.treinamento-manaus.org.br',NULL,'100,00','100,00','10,00',127,258,7,53,7,70,15,242,73,66,NULL,0,'2026-01-29 19:37:03','2026-01-29 19:37:03',4,68,1,30,NULL,NULL,NULL),(105,NULL,'Pr. Tiago Gomes','51931990493','treinamento.belo.horizonte@comunidade.com.br','Travessa Santos Dumont','1498','Fundos','Vila Nova','Belo Horizonte','MG','97552857','https://www.treinamento-belo-horizonte.org.br',NULL,'0,00','0,00',NULL,228,134,88,21,59,243,49,177,179,157,NULL,3,'2026-01-29 19:37:03','2026-01-29 19:37:03',3,74,7,30,NULL,NULL,NULL),(106,NULL,'Pr. Juliana Silva','81948105423','treinamento.rio.de.janeiro@ministerio.com.br','Travessa Brasil','2030',NULL,'Bela Vista','Rio de Janeiro','RJ','80484370','https://www.treinamento-rio-de-janeiro.org.br',NULL,'200,00','100,00','5,00',119,141,115,52,6,180,249,231,238,175,NULL,0,'2026-01-29 19:37:03','2026-01-29 19:37:03',5,55,17,30,NULL,NULL,NULL),(107,NULL,'Pr. Paulo Ramos','61912021624','treinamento.porto.alegre@igreja.org.br','Travessa Brasil','5786',NULL,'Boa Vista','Porto Alegre','RS','79932110','https://www.treinamento-porto-alegre.org.br',NULL,'100,00','200,00',NULL,176,203,51,18,36,87,183,298,343,43,NULL,0,'2026-01-29 19:37:03','2026-01-29 19:37:03',6,80,17,30,NULL,NULL,NULL),(108,NULL,'Pr. Andre Santana','21969444617','treinamento.manaus@comunidade.com.br','Travessa Getulio Vargas','8720',NULL,'Bela Vista','Manaus','AM','87504890','https://www.treinamento-manaus.org.br',NULL,'0,00','200,00',NULL,224,85,9,50,37,171,211,212,152,150,'Qui totam ipsum quas necessitatibus qui similique aut aperiam perspiciatis.',1,'2026-01-29 19:37:03','2026-01-29 19:37:03',5,27,4,30,NULL,NULL,NULL),(109,NULL,'Pr. Fernanda Cardoso','91977495054','treinamento.manaus@comunidade.com.br','Avenida Paulista','1415',NULL,'Santa Clara','Manaus','AM','60070045','https://www.treinamento-manaus.org.br',NULL,'200,00','100,00','5,00',27,18,20,28,50,136,288,29,222,62,NULL,2,'2026-01-29 19:37:03','2026-01-29 19:37:03',1,91,8,30,NULL,NULL,NULL),(110,NULL,'Pr. Andre Gomes','11914821900','treinamento.salvador@igreja.org.br','Rua Getulio Vargas','1679','Casa 2','Jardim das Oliveiras','Salvador','BA','56912734','https://www.treinamento-salvador.org.br',NULL,'100,00','50,00',NULL,285,107,55,19,9,74,27,148,340,37,NULL,1,'2026-01-29 19:37:03','2026-01-29 19:37:03',8,29,16,30,NULL,NULL,NULL),(111,NULL,'Pr. Mariana Costa','91973037944','treinamento.rio.de.janeiro@comunidade.com.br','Travessa Brasil','5579',NULL,'Jardim America','Rio de Janeiro','RJ','69891549','https://www.treinamento-rio-de-janeiro.org.br',NULL,'150,00','100,00',NULL,102,17,45,32,12,165,50,112,49,186,NULL,0,'2026-01-29 19:37:03','2026-01-29 19:37:03',3,101,10,30,NULL,NULL,NULL),(112,NULL,'Pr. Marcos Silva','21974364194','treinamento.goiania@igreja.org.br','Alameda Dom Pedro II','3968','Bloco B','Centro','Goiania','GO','36115584','https://www.treinamento-goiania.org.br',NULL,'150,00','100,00',NULL,75,89,39,32,49,166,96,291,352,119,NULL,0,'2026-01-29 19:37:03','2026-01-29 19:37:03',5,62,8,30,NULL,NULL,NULL),(113,NULL,'Pr. Mariana Carvalho','51968095857','treinamento.porto.alegre@ministerio.com.br','Rua Santos Dumont','6389',NULL,'Jardim America','Porto Alegre','RS','09953958','https://www.treinamento-porto-alegre.org.br',NULL,'50,00','0,00',NULL,48,233,97,0,3,185,168,104,46,196,NULL,3,'2026-01-29 19:37:03','2026-01-29 19:37:03',1,29,24,30,NULL,NULL,NULL),(114,NULL,'Pr. Patricia Santana','61979604328','treinamento.manaus@comunidade.com.br','Travessa Dom Pedro II','1908','Fundos','Boa Vista','Manaus','AM','59563054','https://www.treinamento-manaus.org.br',NULL,'150,00','0,00','15,00',125,281,118,51,2,218,12,165,218,154,NULL,0,'2026-01-29 19:37:03','2026-01-29 19:37:03',6,100,10,30,NULL,NULL,NULL),(115,NULL,'Pr. Lucas Silva','91942019192','treinamento.salvador@ministerio.com.br','Avenida Santos Dumont','9201',NULL,'Parque das Nacoes','Salvador','BA','66472268','https://www.treinamento-salvador.org.br',NULL,'200,00','50,00','5,00',279,252,26,41,59,192,28,19,189,62,NULL,2,'2026-01-29 19:37:03','2026-01-29 19:37:03',8,22,19,30,NULL,NULL,NULL),(116,NULL,'Pr. Andre Lima','41991896470','treinamento.salvador@ministerio.com.br','Avenida Sete de Setembro','4206',NULL,'Vila Esperanca','Salvador','BA','91903201','https://www.treinamento-salvador.org.br',NULL,'150,00','200,00','15,00',274,209,27,54,28,176,119,48,394,180,'Reprehenderit nemo et omnis illo velit maxime ullam id est consectetur sint.',1,'2026-01-29 19:37:03','2026-01-29 19:37:03',8,39,9,30,NULL,NULL,NULL),(117,NULL,'Pr. Mariana Cardoso','71929774737','treinamento.belem@ministerio.com.br','Avenida Independencia','5656',NULL,'Santa Clara','Belem','PA','34140683','https://www.treinamento-belem.org.br',NULL,'100,00','100,00','10,00',255,54,22,9,51,90,217,245,305,187,'Expedita non ut dignissimos aperiam eaque illum et amet et non.',1,'2026-01-29 19:37:03','2026-01-29 19:37:03',5,12,24,30,NULL,NULL,NULL),(118,NULL,'Pr. Larissa Barbosa','21952129575','treinamento.belem@comunidade.com.br','Avenida Independencia','1667',NULL,'Vila Esperanca','Belem','PA','98741308','https://www.treinamento-belem.org.br',NULL,'150,00','100,00',NULL,298,64,33,4,33,170,91,245,171,162,NULL,1,'2026-01-29 19:37:03','2026-01-29 19:37:03',1,102,3,30,NULL,NULL,NULL),(119,NULL,'Pr. Camila Ferreira','31955400356','treinamento.brasilia@comunidade.com.br','Avenida Dom Pedro II','6382',NULL,'Vila Nova','Brasilia','DF','23431519','https://www.treinamento-brasilia.org.br',NULL,'150,00','200,00',NULL,84,169,20,14,0,114,218,10,218,41,NULL,0,'2026-01-29 19:37:03','2026-01-29 19:37:03',3,60,12,30,NULL,NULL,NULL),(120,NULL,'Pr. Rafael Rocha','81984506121','treinamento.salvador@comunidade.com.br','Avenida Independencia','4807',NULL,'Vila Nova','Salvador','BA','72624677','https://www.treinamento-salvador.org.br',NULL,'150,00','50,00','10,00',219,117,93,7,46,20,35,194,369,140,'Eaque in quisquam nihil corrupti aperiam quasi nam ut laudantium.',2,'2026-01-29 19:37:03','2026-01-29 19:37:03',3,85,9,30,NULL,NULL,NULL),(121,NULL,'Pr. Carlos Almeida','91947582191','treinamento.sao.paulo@comunidade.com.br','Travessa Brasil','6857',NULL,'Bela Vista','Sao Paulo','SP','47801959','https://www.treinamento-sao-paulo.org.br',NULL,'50,00','100,00','15,00',131,80,41,8,22,188,37,270,3,51,'Nihil harum eum ea ex sed nesciunt deserunt itaque nemo sed.',3,'2026-01-29 19:37:03','2026-01-29 19:37:03',1,57,17,30,NULL,NULL,NULL),(122,NULL,'Pr. Juliana Dias','81976357826','treinamento.goiania@igreja.org.br','Rua Santos Dumont','7393',NULL,'Vila Esperanca','Goiania','GO','04772682','https://www.treinamento-goiania.org.br',NULL,'150,00','100,00','10,00',6,291,36,31,14,153,136,105,193,119,NULL,3,'2026-01-29 19:37:03','2026-01-29 19:37:03',6,96,5,30,NULL,NULL,NULL),(123,NULL,'Pr. Carolina Rocha','31989338293','treinamento.salvador@ministerio.com.br','Avenida Brasil','8009','Sala 101','Vila Nova','Salvador','BA','35496942','https://www.treinamento-salvador.org.br',NULL,'0,00','150,00',NULL,62,275,21,20,38,173,35,21,95,74,NULL,0,'2026-01-29 19:37:03','2026-01-29 19:37:03',2,69,2,30,NULL,NULL,NULL),(124,NULL,'Pr. Eduardo Costa','21988994596','treinamento.belem@ministerio.com.br','Alameda Santos Dumont','3805','Fundos','Bela Vista','Belem','PA','78788855','https://www.treinamento-belem.org.br',NULL,'200,00','0,00',NULL,67,164,102,26,0,26,279,222,195,164,NULL,2,'2026-01-29 19:37:03','2026-01-29 19:37:03',8,104,22,30,NULL,NULL,NULL),(125,NULL,'Pr. Renata Oliveira','85965178541','treinamento.recife@igreja.org.br','Travessa Brasil','9311','Casa 2','Centro','Recife','PE','42346386','https://www.treinamento-recife.org.br',NULL,'200,00','200,00','20,00',229,85,113,5,9,155,80,275,103,103,NULL,0,'2026-01-29 19:37:03','2026-01-29 19:37:03',2,32,8,30,NULL,NULL,NULL),(126,NULL,'Pr. Tiago Oliveira','41933176245','treinamento.curitiba@ministerio.com.br','Travessa Paulista','7717',NULL,'Nova Esperanca','Curitiba','PR','46869167','https://www.treinamento-curitiba.org.br',NULL,'200,00','150,00','15,00',242,185,31,42,9,181,212,178,389,115,NULL,2,'2026-01-29 19:37:03','2026-01-29 19:37:03',8,49,2,30,NULL,NULL,NULL),(127,NULL,'Pr. Amanda Lima','71978319281','treinamento.salvador@ministerio.com.br','Travessa Brasil','2889',NULL,'Bela Vista','Salvador','BA','49807555','https://www.treinamento-salvador.org.br',NULL,'200,00','50,00',NULL,35,166,34,46,27,196,202,42,18,20,NULL,2,'2026-01-29 19:37:03','2026-01-29 19:37:03',1,4,9,30,NULL,NULL,NULL),(128,NULL,'Pr. Patricia Silva','71917373838','treinamento.recife@ministerio.com.br','Travessa das Flores','2557',NULL,'Santa Clara','Recife','PE','96683108','https://www.treinamento-recife.org.br',NULL,'0,00','0,00',NULL,80,161,48,60,59,199,291,8,185,184,NULL,0,'2026-01-29 19:37:03','2026-01-29 19:37:03',1,47,1,30,NULL,NULL,NULL),(129,NULL,'Pr. Fernanda Carvalho','91920993041','treinamento.fortaleza@ministerio.com.br','Alameda das Flores','3414','Sala 101','Vila Esperanca','Fortaleza','CE','22260785','https://www.treinamento-fortaleza.org.br',NULL,'0,00','150,00','20,00',162,86,21,6,36,36,290,111,213,133,NULL,3,'2026-01-29 19:37:03','2026-01-29 19:37:03',1,45,2,30,NULL,NULL,NULL),(130,NULL,'Pr. Patricia Ferreira','11927087147','treinamento.belo.horizonte@ministerio.com.br','Avenida Rio Branco','3324',NULL,'Vila Esperanca','Belo Horizonte','MG','14605770','https://www.treinamento-belo-horizonte.org.br',NULL,'0,00','50,00','5,00',91,1,6,33,7,148,1,164,162,117,NULL,2,'2026-01-29 19:37:03','2026-01-29 19:37:03',3,75,4,30,NULL,NULL,NULL),(131,NULL,'Pr. Tiago Dias','81921244712','treinamento.manaus@ministerio.com.br','Rua Dom Pedro II','7970',NULL,'Boa Vista','Manaus','AM','58832401','https://www.treinamento-manaus.org.br',NULL,'100,00','200,00','10,00',5,96,112,46,55,88,31,187,74,195,NULL,1,'2026-01-29 19:37:03','2026-01-29 19:37:03',6,69,18,30,NULL,NULL,NULL),(132,NULL,'Pr. Paulo Ramos','41930835959','treinamento.curitiba@ministerio.com.br','Alameda Getulio Vargas','4898',NULL,'Vila Nova','Curitiba','PR','21547247','https://www.treinamento-curitiba.org.br',NULL,'0,00','100,00',NULL,177,124,91,3,40,250,236,285,313,186,'Minima quia odit autem ut labore cumque commodi in.',0,'2026-01-29 19:37:03','2026-01-29 19:37:03',6,5,21,30,NULL,NULL,NULL),(133,NULL,'Pr. Mariana Ferreira','51988117518','treinamento.rio.de.janeiro@igreja.org.br','Travessa Getulio Vargas','7612',NULL,'Jardim das Oliveiras','Rio de Janeiro','RJ','54443084','https://www.treinamento-rio-de-janeiro.org.br',NULL,'200,00','0,00','10,00',50,225,115,27,0,67,4,235,185,61,NULL,2,'2026-01-29 19:37:03','2026-01-29 19:37:03',6,16,11,30,NULL,NULL,NULL),(134,NULL,'Pr. Lucas Rocha','21902765193','treinamento.fortaleza@comunidade.com.br','Rua Santos Dumont','9809',NULL,'Nova Esperanca','Fortaleza','CE','74606663','https://www.treinamento-fortaleza.org.br',NULL,'150,00','50,00','15,00',16,282,30,48,7,223,274,118,26,185,'Consequatur vitae sequi eos autem et necessitatibus excepturi aut pariatur.',3,'2026-01-29 19:37:03','2026-01-29 19:37:03',3,34,1,30,NULL,NULL,NULL),(135,NULL,'Pr. Andre Santana','51918444670','treinamento.brasilia@comunidade.com.br','Travessa Brasil','6040',NULL,'Vila Nova','Brasilia','DF','45915458','https://www.treinamento-brasilia.org.br',NULL,'0,00','0,00','5,00',192,266,105,52,31,188,98,10,359,45,NULL,1,'2026-01-29 19:37:03','2026-01-29 19:37:03',6,103,12,30,NULL,NULL,NULL),(136,NULL,'Pr. Renata Lima','91997549606','treinamento.sao.paulo@comunidade.com.br','Alameda Dom Pedro II','9642',NULL,'Nova Esperanca','Sao Paulo','SP','13894392','https://www.treinamento-sao-paulo.org.br',NULL,'50,00','50,00',NULL,23,213,69,26,10,153,113,224,10,107,NULL,3,'2026-01-29 19:37:03','2026-01-29 19:37:03',5,23,26,30,NULL,NULL,NULL),(137,NULL,'Pr. Carolina Barbosa','71989158733','treinamento.rio.de.janeiro@comunidade.com.br','Avenida Santos Dumont','5046',NULL,'Boa Vista','Rio de Janeiro','RJ','02171180','https://www.treinamento-rio-de-janeiro.org.br',NULL,'150,00','100,00','20,00',65,8,38,20,6,164,121,6,380,30,NULL,0,'2026-01-29 19:37:03','2026-01-29 19:37:03',4,17,24,30,NULL,NULL,NULL),(138,NULL,'Pr. Fernanda Silva','51964635241','treinamento.belem@igreja.org.br','Travessa Dom Pedro II','7354',NULL,'Boa Vista','Belem','PA','33289770','https://www.treinamento-belem.org.br',NULL,'100,00','150,00',NULL,51,241,6,11,9,160,159,295,25,44,NULL,0,'2026-01-29 19:37:03','2026-01-29 19:37:03',8,41,5,30,NULL,NULL,NULL),(139,NULL,'Pr. Vitor Ferreira','41981632803','treinamento.curitiba@comunidade.com.br','Avenida Dom Pedro II','2546',NULL,'Nova Esperanca','Curitiba','PR','20815554','https://www.treinamento-curitiba.org.br',NULL,'150,00','200,00',NULL,185,161,13,27,13,142,139,6,386,37,NULL,1,'2026-01-29 19:37:03','2026-01-29 19:37:03',7,51,8,30,NULL,NULL,NULL),(140,NULL,'Pr. Paulo Carvalho','51907240653','treinamento.goiania@comunidade.com.br','Rua Getulio Vargas','2693','Anexo A','Centro','Goiania','GO','58151208','https://www.treinamento-goiania.org.br',NULL,'50,00','150,00',NULL,205,13,90,42,51,178,240,69,193,106,NULL,0,'2026-01-29 19:37:03','2026-01-29 19:37:03',6,23,7,30,NULL,NULL,NULL),(141,NULL,'Pr. Joao Almeida','85909236740','treinamento.salvador@igreja.org.br','Alameda Rio Branco','4287',NULL,'Nova Esperanca','Salvador','BA','40705662','https://www.treinamento-salvador.org.br',NULL,'200,00','200,00',NULL,178,64,113,16,5,79,8,77,159,138,NULL,3,'2026-01-29 19:37:03','2026-01-29 19:37:03',5,16,26,30,NULL,NULL,NULL),(142,NULL,'Pr. Camila Oliveira','21977487142','treinamento.porto.alegre@ministerio.com.br','Travessa Santos Dumont','4673',NULL,'Boa Vista','Porto Alegre','RS','60642958','https://www.treinamento-porto-alegre.org.br',NULL,'150,00','100,00',NULL,240,109,33,31,16,129,16,300,225,23,NULL,1,'2026-01-29 19:37:03','2026-01-29 19:37:03',3,21,6,30,NULL,NULL,NULL),(143,NULL,'Pr. Paulo Martins','81988943891','treinamento.brasilia@igreja.org.br','Avenida Paulista','993','Casa 2','Centro','Brasilia','DF','55361181','https://www.treinamento-brasilia.org.br',NULL,'150,00','200,00',NULL,243,198,65,7,28,130,211,241,85,24,'Quis consequuntur dolore voluptatem unde praesentium explicabo esse eum quia est aut doloremque dolor.',2,'2026-01-29 19:37:03','2026-01-29 19:37:03',3,33,8,30,NULL,NULL,NULL),(144,NULL,'Pr. Andre Rocha','71937013026','treinamento.belem@comunidade.com.br','Rua Getulio Vargas','4777',NULL,'Jardim das Oliveiras','Belem','PA','18768138','https://www.treinamento-belem.org.br',NULL,'200,00','100,00',NULL,153,215,39,45,35,8,58,101,126,20,NULL,1,'2026-01-29 19:37:03','2026-01-29 19:37:03',4,76,7,30,NULL,NULL,NULL),(145,NULL,'Pr. Carlos Martins','91955169538','treinamento.goiania@igreja.org.br','Rua Sete de Setembro','8667',NULL,'Vila Nova','Goiania','GO','17641497','https://www.treinamento-goiania.org.br',NULL,'50,00','0,00',NULL,299,206,118,9,56,169,98,126,305,139,NULL,0,'2026-01-29 19:37:03','2026-01-29 19:37:03',3,103,21,30,NULL,NULL,NULL),(146,NULL,'Pr. Henrique Cardoso','11966558030','treinamento.brasilia@igreja.org.br','Rua Dom Pedro II','5072',NULL,'Bela Vista','Brasilia','DF','38776103','https://www.treinamento-brasilia.org.br',NULL,'50,00','50,00',NULL,163,187,27,20,20,43,103,152,7,147,NULL,2,'2026-01-29 19:37:03','2026-01-29 19:37:03',7,64,6,30,NULL,NULL,NULL),(147,NULL,'Pr. Isabela Gomes','71980043205','treinamento.goiania@igreja.org.br','Travessa Paulista','6934',NULL,'Vila Esperanca','Goiania','GO','87554652','https://www.treinamento-goiania.org.br',NULL,'200,00','150,00',NULL,139,55,10,60,46,187,300,36,49,170,'Sit tempora aut iure asperiores beatae qui dignissimos est officia.',1,'2026-01-29 19:37:03','2026-01-29 19:37:03',8,76,20,30,NULL,NULL,NULL),(148,NULL,'Pr. Paulo Rezende','21932356258','treinamento.brasilia@comunidade.com.br','Travessa das Flores','4723',NULL,'Vila Nova','Brasilia','DF','02763145','https://www.treinamento-brasilia.org.br',NULL,'0,00','200,00','5,00',69,22,58,54,6,165,214,33,336,149,NULL,0,'2026-01-29 19:37:03','2026-01-29 19:37:03',8,52,24,30,NULL,NULL,NULL),(149,NULL,'Pr. Henrique Santana','71967937632','treinamento.salvador@comunidade.com.br','Alameda Rio Branco','1598','Fundos','Centro','Salvador','BA','09009406','https://www.treinamento-salvador.org.br',NULL,'50,00','0,00','5,00',17,21,66,25,52,29,142,247,274,31,NULL,1,'2026-01-29 19:37:03','2026-01-29 19:37:03',5,89,22,30,NULL,NULL,NULL),(150,NULL,'Pr. Joao Souza','11929331063','treinamento.sao.paulo@comunidade.com.br','Travessa Santos Dumont','7212',NULL,'Bela Vista','Sao Paulo','SP','86711468','https://www.treinamento-sao-paulo.org.br',NULL,'150,00','100,00','10,00',183,32,95,48,3,172,56,295,362,162,NULL,1,'2026-01-29 19:37:03','2026-01-29 19:37:03',2,28,5,30,NULL,NULL,NULL),(151,NULL,'Pr. Lucas Ribeiro','85956718485','treinamento.goiania@igreja.org.br','Rua Brasil','6743',NULL,'Boa Vista','Goiania','GO','04305845','https://www.treinamento-goiania.org.br',NULL,'200,00','0,00',NULL,172,167,47,60,54,205,187,180,282,181,NULL,3,'2026-01-29 19:37:03','2026-01-29 19:37:03',6,60,12,30,NULL,NULL,NULL),(152,NULL,'Pr. Joao Barbosa','85919410789','treinamento.belem@ministerio.com.br','Alameda Sete de Setembro','6484','Anexo A','Vila Esperanca','Belem','PA','88613044','https://www.treinamento-belem.org.br',NULL,'0,00','100,00',NULL,87,110,17,45,40,89,154,206,266,187,NULL,1,'2026-01-29 19:37:03','2026-01-29 19:37:03',7,42,23,30,NULL,NULL,NULL),(153,NULL,'Pr. Patricia Lima','31960993090','treinamento.fortaleza@ministerio.com.br','Avenida Paulista','363',NULL,'Jardim das Oliveiras','Fortaleza','CE','75074398','https://www.treinamento-fortaleza.org.br',NULL,'50,00','150,00',NULL,249,45,60,52,27,108,90,6,5,26,NULL,2,'2026-01-29 19:37:03','2026-01-29 19:37:03',7,105,10,30,NULL,NULL,NULL),(154,NULL,'Pr. Paulo Santana','85907360667','treinamento.curitiba@ministerio.com.br','Rua Paulista','381','Casa 2','Santa Clara','Curitiba','PR','29165725','https://www.treinamento-curitiba.org.br',NULL,'100,00','100,00','15,00',220,87,30,37,50,227,234,269,186,44,'Ipsum facilis consequatur similique quibusdam delectus autem et modi illo qui quisquam dolorum et eos neque cumque.',0,'2026-01-29 19:37:03','2026-01-29 19:37:03',4,81,22,30,NULL,NULL,NULL),(155,NULL,'Pr. Isabela Oliveira','61912926838','treinamento.sao.paulo@ministerio.com.br','Alameda dos Ipes','2877',NULL,'Vila Nova','Sao Paulo','SP','20955628','https://www.treinamento-sao-paulo.org.br',NULL,'0,00','50,00','20,00',181,287,38,41,39,189,26,227,85,81,'Maxime pariatur animi voluptatem sunt iusto inventore sint ducimus nulla omnis hic pariatur eveniet.',3,'2026-01-29 19:37:03','2026-01-29 19:37:03',3,28,4,30,NULL,NULL,NULL),(156,NULL,'Pr. Andre Ferreira','31940944887','treinamento.recife@igreja.org.br','Avenida Getulio Vargas','2068','Fundos','Parque das Nacoes','Recife','PE','70050845','https://www.treinamento-recife.org.br',NULL,'100,00','100,00',NULL,61,30,65,47,28,179,160,172,306,15,NULL,1,'2026-01-29 19:37:03','2026-01-29 19:37:03',7,75,1,30,NULL,NULL,NULL),(157,NULL,'Pr. Henrique Martins','11971010314','treinamento.curitiba@comunidade.com.br','Alameda Getulio Vargas','508',NULL,'Bela Vista','Curitiba','PR','97100853','https://www.treinamento-curitiba.org.br',NULL,'150,00','200,00',NULL,160,210,67,13,50,116,167,188,164,104,NULL,3,'2026-01-29 19:37:03','2026-01-29 19:37:03',7,14,21,30,NULL,NULL,NULL),(158,NULL,'Pr. Tiago Lima','61928334100','treinamento.sao.paulo@comunidade.com.br','Rua Rio Branco','3005',NULL,'Centro','Sao Paulo','SP','48224047','https://www.treinamento-sao-paulo.org.br',NULL,'0,00','50,00','5,00',7,151,60,56,48,185,255,93,174,88,NULL,3,'2026-01-29 19:37:03','2026-01-29 19:37:03',1,29,3,30,NULL,NULL,NULL),(159,NULL,'Pr. Patricia Cardoso','81990231094','treinamento.goiania@ministerio.com.br','Travessa Independencia','4204',NULL,'Bela Vista','Goiania','GO','81082884','https://www.treinamento-goiania.org.br',NULL,'150,00','50,00',NULL,253,20,10,22,12,141,103,192,87,43,NULL,1,'2026-01-29 19:37:03','2026-01-29 19:37:03',6,33,14,30,NULL,NULL,NULL),(160,NULL,'Pr. Eduardo Ramos','31989102209','treinamento.manaus@igreja.org.br','Alameda Santos Dumont','9883',NULL,'Santa Clara','Manaus','AM','53909524','https://www.treinamento-manaus.org.br',NULL,'50,00','50,00',NULL,18,225,23,34,55,33,135,290,287,168,NULL,1,'2026-01-29 19:37:03','2026-01-29 19:37:03',7,22,1,30,NULL,NULL,NULL),(161,NULL,'Pr. Andre Moura','51968703998','treinamento.manaus@ministerio.com.br','Rua Independencia','1367',NULL,'Vila Esperanca','Manaus','AM','20055379','https://www.treinamento-manaus.org.br',NULL,'50,00','50,00',NULL,109,161,76,50,16,87,162,299,91,180,NULL,2,'2026-01-29 19:37:03','2026-01-29 19:37:03',3,79,11,30,NULL,NULL,NULL),(162,NULL,'Pr. Carolina Carvalho','21979234827','treinamento.rio.de.janeiro@comunidade.com.br','Avenida Santos Dumont','9944',NULL,'Vila Nova','Rio de Janeiro','RJ','58981450','https://www.treinamento-rio-de-janeiro.org.br',NULL,'100,00','150,00','20,00',90,199,41,8,4,77,248,11,45,114,NULL,2,'2026-01-29 19:37:03','2026-01-29 19:37:03',7,75,21,30,NULL,NULL,NULL),(163,NULL,'Pr. Larissa Souza','71993647213','treinamento.porto.alegre@ministerio.com.br','Travessa dos Ipes','4890',NULL,'Vila Esperanca','Porto Alegre','RS','37853073','https://www.treinamento-porto-alegre.org.br',NULL,'0,00','200,00',NULL,243,119,71,55,9,165,148,296,140,170,NULL,0,'2026-01-29 19:37:03','2026-01-29 19:37:03',4,27,5,30,NULL,NULL,NULL),(164,NULL,'Pr. Juliana Pereira','61957953680','treinamento.goiania@igreja.org.br','Avenida Dom Pedro II','6290',NULL,'Centro','Goiania','GO','51729083','https://www.treinamento-goiania.org.br',NULL,'0,00','50,00',NULL,297,180,84,42,21,158,71,15,163,112,NULL,1,'2026-01-29 19:37:03','2026-01-29 19:37:03',7,13,8,30,NULL,NULL,NULL),(165,NULL,'Pr. Lucas Martins','81915018725','treinamento.porto.alegre@ministerio.com.br','Avenida Brasil','2424','Bloco B','Vila Esperanca','Porto Alegre','RS','97404837','https://www.treinamento-porto-alegre.org.br',NULL,'50,00','50,00',NULL,33,137,18,25,39,207,14,157,60,114,NULL,3,'2026-01-29 19:37:03','2026-01-29 19:37:03',4,2,20,30,NULL,NULL,NULL),(166,NULL,'Pr. Juliana Ribeiro','81901590948','treinamento.belem@ministerio.com.br','Avenida dos Ipes','2359',NULL,'Jardim das Oliveiras','Belem','PA','94254607','https://www.treinamento-belem.org.br',NULL,'50,00','200,00','10,00',157,228,66,13,44,68,157,286,38,147,NULL,3,'2026-01-29 19:37:03','2026-01-29 19:37:03',2,67,26,30,NULL,NULL,NULL),(167,NULL,'Pr. Eduardo Ramos','11956381497','treinamento.recife@comunidade.com.br','Alameda Santos Dumont','4668',NULL,'Vila Nova','Recife','PE','08956237','https://www.treinamento-recife.org.br',NULL,'50,00','0,00','15,00',34,221,73,31,42,237,73,105,201,49,'Repellat qui magnam ad voluptatibus molestiae nisi et culpa dicta voluptas aut totam illum veritatis.',1,'2026-01-29 19:37:03','2026-01-29 19:37:03',6,80,6,30,NULL,NULL,NULL),(168,NULL,'Pr. Tiago Silva','41902693267','treinamento.belem@comunidade.com.br','Alameda Santos Dumont','644',NULL,'Nova Esperanca','Belem','PA','58070756','https://www.treinamento-belem.org.br',NULL,'50,00','100,00',NULL,234,120,42,38,57,240,164,201,307,83,'Facere accusantium voluptatem occaecati in odio nihil dolor quo non dignissimos minus.',1,'2026-01-29 19:37:03','2026-01-29 19:37:03',5,100,6,30,NULL,NULL,NULL),(169,NULL,'Pr. Lucas Carvalho','31923005567','treinamento.rio.de.janeiro@comunidade.com.br','Alameda Paulista','8038',NULL,'Jardim America','Rio de Janeiro','RJ','48511653','https://www.treinamento-rio-de-janeiro.org.br',NULL,'0,00','0,00','10,00',112,81,87,33,9,119,47,209,96,28,'Quam asperiores repudiandae quo quia vel quidem eos aperiam eaque qui rem amet accusamus.',2,'2026-01-29 19:37:03','2026-01-29 19:37:03',5,37,17,30,NULL,NULL,NULL),(170,NULL,'Pr. Juliana Rocha','85963603276','treinamento.manaus@igreja.org.br','Avenida Rio Branco','6301',NULL,'Parque das Nacoes','Manaus','AM','21047656','https://www.treinamento-manaus.org.br',NULL,'100,00','50,00','10,00',105,22,107,17,44,186,95,10,396,67,NULL,3,'2026-01-29 19:37:03','2026-01-29 19:37:03',3,17,24,30,NULL,NULL,NULL),(171,NULL,'Pr. Amanda Gomes','41990574119','treinamento.goiania@ministerio.com.br','Avenida Dom Pedro II','1147',NULL,'Bela Vista','Goiania','GO','14071096','https://www.treinamento-goiania.org.br',NULL,'200,00','100,00',NULL,38,145,16,20,26,44,175,128,300,199,NULL,3,'2026-01-29 19:37:03','2026-01-29 19:37:03',8,85,26,30,NULL,NULL,NULL),(172,NULL,'Pr. Patricia Oliveira','91916968771','treinamento.sao.paulo@ministerio.com.br','Alameda dos Ipes','4041','Sala 101','Jardim das Oliveiras','Sao Paulo','SP','93943674','https://www.treinamento-sao-paulo.org.br',NULL,'150,00','0,00',NULL,248,38,53,47,51,37,36,146,297,155,NULL,1,'2026-01-29 19:37:03','2026-01-29 19:37:03',2,71,9,30,NULL,NULL,NULL),(173,NULL,'Pr. Lucas Santana','41918807623','treinamento.rio.de.janeiro@comunidade.com.br','Travessa Santos Dumont','5824',NULL,'Parque das Nacoes','Rio de Janeiro','RJ','74626087','https://www.treinamento-rio-de-janeiro.org.br',NULL,'200,00','200,00',NULL,5,156,18,30,47,156,243,113,171,95,NULL,1,'2026-01-29 19:37:03','2026-01-29 19:37:03',4,96,22,30,NULL,NULL,NULL),(174,NULL,'Pr. Fernanda Cardoso','11966240093','treinamento.belo.horizonte@ministerio.com.br','Avenida Independencia','2918',NULL,'Jardim das Oliveiras','Belo Horizonte','MG','35300166','https://www.treinamento-belo-horizonte.org.br',NULL,'0,00','150,00',NULL,224,58,95,23,53,107,74,240,255,49,NULL,0,'2026-01-29 19:37:03','2026-01-29 19:37:03',7,53,3,30,NULL,NULL,NULL),(175,NULL,'Pr. Vitor Moura','91948020217','treinamento.goiania@igreja.org.br','Avenida Independencia','2704',NULL,'Santa Clara','Goiania','GO','83771982','https://www.treinamento-goiania.org.br',NULL,'200,00','200,00',NULL,206,236,13,5,46,85,193,196,346,177,NULL,2,'2026-01-29 19:37:03','2026-01-29 19:37:03',2,5,16,30,NULL,NULL,NULL),(176,NULL,'Pr. Carolina Ferreira','91937862987','treinamento.rio.de.janeiro@igreja.org.br','Avenida dos Ipes','1563',NULL,'Vila Nova','Rio de Janeiro','RJ','01073305','https://www.treinamento-rio-de-janeiro.org.br',NULL,'100,00','150,00','5,00',103,129,62,40,53,154,78,289,129,161,NULL,1,'2026-01-29 19:37:03','2026-01-29 19:37:03',6,34,3,30,NULL,NULL,NULL),(177,NULL,'Pr. Tiago Ramos','61948198385','treinamento.fortaleza@ministerio.com.br','Rua dos Ipes','9029','Casa 2','Centro','Fortaleza','CE','22375487','https://www.treinamento-fortaleza.org.br',NULL,'100,00','200,00',NULL,227,176,111,4,15,191,285,292,176,92,NULL,0,'2026-01-29 19:37:03','2026-01-29 19:37:03',7,30,20,30,NULL,NULL,NULL),(178,NULL,'Pr. Marcos Almeida','91978166836','treinamento.goiania@igreja.org.br','Alameda Paulista','5454',NULL,'Boa Vista','Goiania','GO','29992460','https://www.treinamento-goiania.org.br',NULL,'200,00','100,00',NULL,115,33,98,28,34,1,108,170,367,71,NULL,1,'2026-01-29 19:37:03','2026-01-29 19:37:03',1,1,24,30,NULL,NULL,NULL),(179,NULL,'Pr. Juliana Oliveira','51914514466','treinamento.fortaleza@igreja.org.br','Rua Getulio Vargas','1066',NULL,'Vila Esperanca','Fortaleza','CE','66743002','https://www.treinamento-fortaleza.org.br',NULL,'150,00','50,00',NULL,73,246,34,31,60,206,63,21,126,145,NULL,1,'2026-01-29 19:37:03','2026-01-29 19:37:03',4,61,7,30,NULL,NULL,NULL),(180,NULL,'Pr. Andre Ramos','41967033969','treinamento.brasilia@igreja.org.br','Alameda Getulio Vargas','6990',NULL,'Jardim America','Brasilia','DF','57350113','https://www.treinamento-brasilia.org.br',NULL,'50,00','50,00',NULL,89,239,86,42,47,14,132,42,190,141,'Dolores aliquam quis quidem necessitatibus magni deleniti eum id iusto.',2,'2026-01-29 19:37:03','2026-01-29 19:37:03',1,49,15,30,NULL,NULL,NULL),(181,NULL,'Pr. Paulo Ferreira','51900734936','treinamento.fortaleza@comunidade.com.br','Alameda dos Ipes','5822',NULL,'Vila Esperanca','Fortaleza','CE','20819670','https://www.treinamento-fortaleza.org.br',NULL,'200,00','0,00',NULL,204,265,4,6,52,77,193,126,332,196,'Et ipsum repellat dignissimos ad quam incidunt exercitationem quae et perferendis.',1,'2026-01-29 19:37:03','2026-01-29 19:37:03',8,17,5,30,NULL,NULL,NULL),(182,NULL,'Pr. Andre Ramos','61962149923','treinamento.recife@igreja.org.br','Alameda Getulio Vargas','227',NULL,'Centro','Recife','PE','62329784','https://www.treinamento-recife.org.br',NULL,'0,00','200,00',NULL,220,270,95,47,20,1,189,168,312,184,'Et facilis voluptates ut quia ipsam vitae ex aperiam ea et sit.',0,'2026-01-29 19:37:03','2026-01-29 19:37:03',3,60,6,30,NULL,NULL,NULL),(183,NULL,'Pr. Tiago Cardoso','91995678069','treinamento.manaus@igreja.org.br','Travessa Brasil','726',NULL,'Jardim das Oliveiras','Manaus','AM','28751974','https://www.treinamento-manaus.org.br',NULL,'150,00','50,00',NULL,149,126,26,1,23,208,155,165,46,47,NULL,1,'2026-01-29 19:37:03','2026-01-29 19:37:03',6,89,19,30,NULL,NULL,NULL),(184,NULL,'Pr. Patricia Barbosa','11942697794','treinamento.curitiba@ministerio.com.br','Avenida Dom Pedro II','3215','Anexo A','Bela Vista','Curitiba','PR','77765796','https://www.treinamento-curitiba.org.br',NULL,'0,00','100,00',NULL,106,167,103,2,59,52,94,269,188,74,NULL,3,'2026-01-29 19:37:03','2026-01-29 19:37:03',8,14,1,30,NULL,NULL,NULL),(185,NULL,'Pr. Paulo Dias','41953943015','treinamento.brasilia@comunidade.com.br','Rua Paulista','753',NULL,'Parque das Nacoes','Brasilia','DF','96354507','https://www.treinamento-brasilia.org.br',NULL,'100,00','100,00',NULL,69,251,54,35,28,186,15,129,347,25,'Sapiente dolor laudantium quis saepe dolores nihil eligendi cum rem et.',1,'2026-01-29 19:37:03','2026-01-29 19:37:03',3,41,4,30,NULL,NULL,NULL),(186,NULL,'Pr. Andre Ramos','81930305958','treinamento.recife@igreja.org.br','Alameda Paulista','4300','Bloco B','Boa Vista','Recife','PE','61936883','https://www.treinamento-recife.org.br',NULL,'100,00','50,00',NULL,203,254,48,14,28,228,110,218,19,108,NULL,2,'2026-01-29 19:37:03','2026-01-29 19:37:03',8,45,13,30,NULL,NULL,NULL),(187,NULL,'Pr. Isabela Barbosa','51939643819','treinamento.brasilia@ministerio.com.br','Avenida Getulio Vargas','3208',NULL,'Vila Nova','Brasilia','DF','98464852','https://www.treinamento-brasilia.org.br',NULL,'0,00','50,00',NULL,88,296,119,40,50,114,244,165,139,62,NULL,2,'2026-01-29 19:37:03','2026-01-29 19:37:03',7,13,25,30,NULL,NULL,NULL),(188,NULL,'Pr. Amanda Gomes','71912429839','treinamento.manaus@igreja.org.br','Rua Brasil','7621','Sala 101','Jardim das Oliveiras','Manaus','AM','02992161','https://www.treinamento-manaus.org.br',NULL,'100,00','150,00','20,00',256,158,77,58,41,236,166,282,187,82,NULL,2,'2026-01-29 19:37:03','2026-01-29 19:37:03',5,19,7,30,NULL,NULL,NULL),(189,NULL,'Pr. Larissa Moura','41994120595','treinamento.manaus@igreja.org.br','Alameda Dom Pedro II','197',NULL,'Bela Vista','Manaus','AM','65397157','https://www.treinamento-manaus.org.br',NULL,'150,00','50,00','20,00',181,45,5,44,51,227,153,138,86,40,NULL,3,'2026-01-29 19:37:03','2026-01-29 19:37:03',5,1,19,30,NULL,NULL,NULL),(190,NULL,'Pr. Gabriel Carvalho','41947442058','treinamento.goiania@comunidade.com.br','Alameda Rio Branco','7792','Fundos','Jardim America','Goiania','GO','71721944','https://www.treinamento-goiania.org.br',NULL,'50,00','200,00',NULL,262,177,59,39,9,28,284,232,120,38,NULL,1,'2026-01-29 19:37:03','2026-01-29 19:37:03',2,105,26,30,NULL,NULL,NULL),(191,NULL,'Pr. Felipe Silva','85971277966','treinamento.salvador@igreja.org.br','Avenida Paulista','2833',NULL,'Nova Esperanca','Salvador','BA','02656263','https://www.treinamento-salvador.org.br',NULL,'200,00','150,00',NULL,13,16,105,0,47,38,174,165,336,4,NULL,3,'2026-01-29 19:37:03','2026-01-29 19:37:03',4,85,20,30,NULL,NULL,NULL),(192,NULL,'Pr. Renata Dias','11973340102','treinamento.brasilia@igreja.org.br','Travessa Sete de Setembro','749',NULL,'Jardim America','Brasilia','DF','72213597','https://www.treinamento-brasilia.org.br',NULL,'200,00','150,00',NULL,35,98,82,41,22,71,226,24,26,38,NULL,2,'2026-01-29 19:37:03','2026-01-29 19:37:03',2,18,22,30,NULL,NULL,NULL),(193,NULL,'Pr. Tiago Carvalho','21931006421','treinamento.recife@comunidade.com.br','Travessa Rio Branco','8704','Sala 101','Jardim America','Recife','PE','74163941','https://www.treinamento-recife.org.br',NULL,'100,00','0,00',NULL,36,202,104,42,48,32,219,9,176,62,'Perspiciatis fuga minima veritatis autem enim pariatur ea unde sed et veritatis molestiae sunt aliquid temporibus.',2,'2026-01-29 19:37:03','2026-01-29 19:37:03',6,22,9,30,NULL,NULL,NULL),(194,NULL,'Pr. Beatriz Dias','21922939235','treinamento.brasilia@ministerio.com.br','Travessa Paulista','480','Fundos','Nova Esperanca','Brasilia','DF','20024846','https://www.treinamento-brasilia.org.br',NULL,'150,00','200,00','10,00',62,193,109,26,5,221,252,121,374,17,'Non voluptas eius illum nihil illum sint reiciendis a qui omnis facilis.',0,'2026-01-29 19:37:03','2026-01-29 19:37:03',1,76,14,30,NULL,NULL,NULL),(195,NULL,'Pr. Larissa Dias','51949815897','treinamento.porto.alegre@comunidade.com.br','Rua Santos Dumont','583',NULL,'Nova Esperanca','Porto Alegre','RS','24411118','https://www.treinamento-porto-alegre.org.br',NULL,'200,00','50,00','10,00',197,273,41,36,27,130,129,90,99,62,NULL,0,'2026-01-29 19:37:03','2026-01-29 19:37:03',5,65,10,30,NULL,NULL,NULL),(196,NULL,'Pr. Fernanda Martins','21914318325','treinamento.manaus@igreja.org.br','Rua Paulista','6526',NULL,'Boa Vista','Manaus','AM','40889609','https://www.treinamento-manaus.org.br',NULL,'100,00','150,00','15,00',188,136,87,31,44,220,64,216,96,136,NULL,3,'2026-01-29 19:37:03','2026-01-29 19:37:03',4,54,15,30,NULL,NULL,NULL),(197,NULL,'Pr. Mariana Pereira','81992292903','treinamento.rio.de.janeiro@igreja.org.br','Alameda dos Ipes','5294',NULL,'Jardim America','Rio de Janeiro','RJ','42953891','https://www.treinamento-rio-de-janeiro.org.br',NULL,'0,00','150,00',NULL,112,260,98,29,56,21,184,54,208,74,NULL,2,'2026-01-29 19:37:03','2026-01-29 19:37:03',3,82,18,30,NULL,NULL,NULL),(198,NULL,'Pr. Beatriz Pereira','61926397779','treinamento.salvador@igreja.org.br','Rua das Flores','953',NULL,'Boa Vista','Salvador','BA','83732933','https://www.treinamento-salvador.org.br',NULL,'0,00','200,00','5,00',93,130,108,2,55,27,181,32,178,106,NULL,3,'2026-01-29 19:37:04','2026-01-29 19:37:04',4,67,21,30,NULL,NULL,NULL),(199,NULL,'Pr. Felipe Silva','61999075761','treinamento.fortaleza@comunidade.com.br','Travessa das Flores','992','Sala 101','Jardim das Oliveiras','Fortaleza','CE','36050789','https://www.treinamento-fortaleza.org.br',NULL,'200,00','200,00','5,00',296,233,51,7,58,201,21,219,154,5,'Qui sint et qui et quasi est voluptates deserunt iure.',1,'2026-01-29 19:37:04','2026-01-29 19:37:04',6,2,2,30,NULL,NULL,NULL),(200,NULL,'Pr. Joao Dias','61997504952','treinamento.belo.horizonte@ministerio.com.br','Avenida Brasil','4673',NULL,'Jardim das Oliveiras','Belo Horizonte','MG','54776745','https://www.treinamento-belo-horizonte.org.br',NULL,'0,00','0,00','5,00',24,233,113,0,49,70,4,5,299,89,NULL,2,'2026-01-29 19:37:04','2026-01-29 19:37:04',2,52,17,30,NULL,NULL,NULL),(201,NULL,'Pr. Daniel Rocha','21938290903','treinamento.manaus@igreja.org.br','Alameda Getulio Vargas','6164','Fundos','Jardim das Oliveiras','Manaus','AM','39899962','https://www.treinamento-manaus.org.br',NULL,'200,00','50,00',NULL,128,139,115,36,35,133,121,176,307,74,NULL,1,'2026-01-29 19:37:04','2026-01-29 19:37:04',6,26,20,30,NULL,NULL,NULL),(202,NULL,'Pr. Carlos Dias','31967012246','treinamento.rio.de.janeiro@comunidade.com.br','Alameda Brasil','3419',NULL,'Nova Esperanca','Rio de Janeiro','RJ','36498433','https://www.treinamento-rio-de-janeiro.org.br',NULL,'200,00','200,00',NULL,57,187,91,4,56,87,173,155,40,58,NULL,0,'2026-01-29 19:37:04','2026-01-29 19:37:04',5,42,20,30,NULL,NULL,NULL),(203,NULL,'Pr. Henrique Moura','71941938267','treinamento.porto.alegre@ministerio.com.br','Rua Getulio Vargas','3737',NULL,'Jardim America','Porto Alegre','RS','98205819','https://www.treinamento-porto-alegre.org.br',NULL,'100,00','50,00',NULL,293,120,21,9,46,23,247,163,89,134,NULL,1,'2026-01-29 19:37:04','2026-01-29 19:37:04',2,77,21,30,NULL,NULL,NULL),(204,NULL,'Pr. Larissa Rocha','61957895176','treinamento.belem@comunidade.com.br','Alameda Dom Pedro II','5592','Bloco B','Boa Vista','Belem','PA','43119368','https://www.treinamento-belem.org.br',NULL,'150,00','150,00',NULL,142,85,104,0,1,249,185,271,211,43,NULL,2,'2026-01-29 19:37:04','2026-01-29 19:37:04',2,73,6,30,NULL,NULL,NULL),(205,NULL,'Pr. Fernanda Lima','61986597460','treinamento.curitiba@igreja.org.br','Avenida Independencia','5672','Fundos','Nova Esperanca','Curitiba','PR','96504136','https://www.treinamento-curitiba.org.br',NULL,'100,00','100,00',NULL,284,8,45,33,53,77,93,118,52,22,NULL,3,'2026-01-29 19:37:04','2026-01-29 19:37:04',4,102,13,30,NULL,NULL,NULL),(206,NULL,'Pr. Larissa Gomes','61937859820','treinamento.manaus@igreja.org.br','Travessa Dom Pedro II','6145',NULL,'Jardim America','Manaus','AM','06430972','https://www.treinamento-manaus.org.br',NULL,'200,00','50,00','10,00',97,98,90,24,12,246,79,232,205,36,NULL,2,'2026-01-29 19:37:04','2026-01-29 19:37:04',6,53,14,30,NULL,NULL,NULL),(207,NULL,'Pr. Beatriz Cardoso','41972829946','treinamento.recife@comunidade.com.br','Avenida Dom Pedro II','2488','Fundos','Jardim das Oliveiras','Recife','PE','47602981','https://www.treinamento-recife.org.br',NULL,'150,00','50,00','20,00',234,243,120,12,22,210,265,137,76,83,'Dolore inventore et doloribus nesciunt laudantium harum et eum omnis quasi qui possimus vel totam temporibus a.',0,'2026-01-29 19:37:04','2026-01-29 19:37:04',6,39,26,30,NULL,NULL,NULL),(208,NULL,'Pr. Lucas Rezende','71988081382','treinamento.fortaleza@comunidade.com.br','Travessa Rio Branco','1441',NULL,'Nova Esperanca','Fortaleza','CE','02173836','https://www.treinamento-fortaleza.org.br',NULL,'100,00','50,00',NULL,66,50,7,21,27,249,11,134,358,199,NULL,1,'2026-01-29 19:37:04','2026-01-29 19:37:04',4,29,25,30,NULL,NULL,NULL),(209,NULL,'Pr. Camila Martins','71915087224','treinamento.manaus@ministerio.com.br','Alameda Getulio Vargas','536',NULL,'Jardim America','Manaus','AM','45469063','https://www.treinamento-manaus.org.br',NULL,'150,00','150,00','5,00',18,23,48,7,2,250,232,7,143,120,NULL,0,'2026-01-29 19:37:04','2026-01-29 19:37:04',7,17,17,30,NULL,NULL,NULL),(210,NULL,'Pr. Andre Dias','31929099040','treinamento.fortaleza@igreja.org.br','Avenida Rio Branco','1203',NULL,'Santa Clara','Fortaleza','CE','21348538','https://www.treinamento-fortaleza.org.br',NULL,'200,00','100,00',NULL,33,62,25,54,47,55,107,226,314,61,NULL,0,'2026-01-29 19:37:04','2026-01-29 19:37:04',3,30,5,30,NULL,NULL,NULL),(211,NULL,'Pr. Carlos Moura','51949265712','treinamento.goiania@comunidade.com.br','Alameda Brasil','2426',NULL,'Jardim das Oliveiras','Goiania','GO','67698921','https://www.treinamento-goiania.org.br',NULL,'200,00','100,00',NULL,65,201,43,19,32,194,181,184,311,86,'Rerum aut provident facere alias facere odit sed rerum.',1,'2026-01-29 19:37:04','2026-01-29 19:37:04',6,68,5,30,NULL,NULL,NULL),(212,NULL,'Pr. Marcos Souza','51907001367','treinamento.fortaleza@ministerio.com.br','Alameda Getulio Vargas','6892','Sala 101','Centro','Fortaleza','CE','47005030','https://www.treinamento-fortaleza.org.br',NULL,'50,00','200,00',NULL,289,247,113,38,20,54,294,133,102,95,NULL,1,'2026-01-29 19:37:04','2026-01-29 19:37:04',6,9,23,30,NULL,NULL,NULL),(213,NULL,'Pr. Joao Barbosa','51925416110','treinamento.belem@igreja.org.br','Alameda dos Ipes','7222','Bloco B','Vila Nova','Belem','PA','65629831','https://www.treinamento-belem.org.br',NULL,'150,00','200,00',NULL,45,279,81,44,41,2,71,280,202,52,NULL,3,'2026-01-29 19:37:04','2026-01-29 19:37:04',8,91,11,30,NULL,NULL,NULL),(214,NULL,'Pr. Andre Carvalho','21984476387','treinamento.manaus@ministerio.com.br','Avenida dos Ipes','6135',NULL,'Vila Nova','Manaus','AM','17293862','https://www.treinamento-manaus.org.br',NULL,'150,00','100,00','15,00',177,189,64,56,45,100,237,98,376,100,NULL,3,'2026-01-29 19:37:04','2026-01-29 19:37:04',1,48,6,30,NULL,NULL,NULL),(215,NULL,'Pr. Larissa Costa','31904435709','treinamento.rio.de.janeiro@comunidade.com.br','Avenida dos Ipes','3754',NULL,'Centro','Rio de Janeiro','RJ','36701557','https://www.treinamento-rio-de-janeiro.org.br',NULL,'100,00','50,00','10,00',296,138,96,54,8,11,94,74,217,49,NULL,1,'2026-01-29 19:37:04','2026-01-29 19:37:04',7,24,19,30,NULL,NULL,NULL),(216,NULL,'Pr. Vitor Almeida','61936418768','treinamento.recife@ministerio.com.br','Alameda Independencia','4545',NULL,'Vila Nova','Recife','PE','16539412','https://www.treinamento-recife.org.br',NULL,'150,00','200,00','5,00',281,54,95,48,7,89,265,139,42,169,'Consectetur placeat sit commodi dolorem labore modi ipsum incidunt.',0,'2026-01-29 19:37:04','2026-01-29 19:37:04',3,42,13,30,NULL,NULL,NULL),(217,NULL,'Pr. Andre Silva','61954049713','treinamento.curitiba@comunidade.com.br','Alameda Rio Branco','8768',NULL,'Vila Esperanca','Curitiba','PR','27078484','https://www.treinamento-curitiba.org.br',NULL,'0,00','100,00','10,00',210,78,68,11,18,117,137,276,316,103,NULL,2,'2026-01-29 19:37:04','2026-01-29 19:37:04',5,85,4,30,NULL,NULL,NULL),(218,NULL,'Pr. Felipe Martins','41974232279','treinamento.curitiba@comunidade.com.br','Travessa Santos Dumont','4806','Sala 101','Parque das Nacoes','Curitiba','PR','07628409','https://www.treinamento-curitiba.org.br',NULL,'100,00','0,00','15,00',5,111,21,43,6,1,14,169,292,124,NULL,1,'2026-01-29 19:37:04','2026-01-29 19:37:04',5,30,7,30,NULL,NULL,NULL),(219,NULL,'Pr. Beatriz Martins','41911312163','treinamento.sao.paulo@comunidade.com.br','Rua Sete de Setembro','6026',NULL,'Vila Esperanca','Sao Paulo','SP','99675635','https://www.treinamento-sao-paulo.org.br',NULL,'50,00','0,00',NULL,246,202,30,39,20,134,185,277,229,85,NULL,2,'2026-01-29 19:37:04','2026-01-29 19:37:04',1,65,18,30,NULL,NULL,NULL),(220,NULL,'Pr. Renata Moura','61948517672','treinamento.manaus@comunidade.com.br','Alameda dos Ipes','5000',NULL,'Boa Vista','Manaus','AM','57113409','https://www.treinamento-manaus.org.br',NULL,'150,00','150,00','20,00',277,168,8,31,22,190,270,188,388,168,NULL,3,'2026-01-29 19:37:04','2026-01-29 19:37:04',8,102,14,30,NULL,NULL,NULL),(221,NULL,'Pr. Lucas Souza','71955395814','treinamento.brasilia@comunidade.com.br','Avenida dos Ipes','8534',NULL,'Jardim America','Brasilia','DF','06077406','https://www.treinamento-brasilia.org.br',NULL,'150,00','150,00',NULL,186,16,104,39,43,176,277,125,98,5,'Laudantium voluptates laborum et quia suscipit excepturi eos est rerum qui mollitia nihil nesciunt ea et deleniti.',0,'2026-01-29 19:37:04','2026-01-29 19:37:04',8,83,10,30,NULL,NULL,NULL),(222,NULL,'Pr. Renata Oliveira','51907073093','treinamento.belo.horizonte@comunidade.com.br','Alameda Getulio Vargas','4153',NULL,'Bela Vista','Belo Horizonte','MG','00664390','https://www.treinamento-belo-horizonte.org.br',NULL,'50,00','150,00',NULL,111,263,91,1,8,216,141,286,130,48,NULL,2,'2026-01-29 19:37:04','2026-01-29 19:37:04',8,22,19,30,NULL,NULL,NULL),(223,NULL,'Pr. Henrique Ferreira','91947863066','treinamento.sao.paulo@ministerio.com.br','Alameda Independencia','4046',NULL,'Parque das Nacoes','Sao Paulo','SP','07887682','https://www.treinamento-sao-paulo.org.br',NULL,'200,00','150,00',NULL,12,272,31,27,48,46,50,210,146,97,NULL,1,'2026-01-29 19:37:04','2026-01-29 19:37:04',2,46,1,30,NULL,NULL,NULL),(224,NULL,'Pr. Amanda Souza','61940814385','treinamento.recife@comunidade.com.br','Avenida Dom Pedro II','1143',NULL,'Jardim America','Recife','PE','19029393','https://www.treinamento-recife.org.br',NULL,'200,00','0,00','15,00',54,214,62,46,34,85,151,104,379,164,NULL,2,'2026-01-29 19:37:04','2026-01-29 19:37:04',2,38,26,30,NULL,NULL,NULL),(225,NULL,'Pr. Larissa Souza','85933168173','treinamento.manaus@igreja.org.br','Travessa Sete de Setembro','2357',NULL,'Vila Esperanca','Manaus','AM','19918992','https://www.treinamento-manaus.org.br',NULL,'0,00','0,00',NULL,146,211,64,53,56,206,224,260,55,41,NULL,3,'2026-01-29 19:37:04','2026-01-29 19:37:04',4,52,13,30,NULL,NULL,NULL),(226,NULL,'Pr. Camila Santana','41943772233','treinamento.fortaleza@ministerio.com.br','Avenida Brasil','6377',NULL,'Boa Vista','Fortaleza','CE','95456617','https://www.treinamento-fortaleza.org.br',NULL,'150,00','150,00',NULL,253,286,94,52,54,214,23,217,268,7,NULL,1,'2026-01-29 19:37:04','2026-01-29 19:37:04',7,61,26,30,NULL,NULL,NULL),(227,NULL,'Pr. Daniel Santana','81998869998','treinamento.rio.de.janeiro@igreja.org.br','Rua dos Ipes','3903',NULL,'Vila Nova','Rio de Janeiro','RJ','71349309','https://www.treinamento-rio-de-janeiro.org.br',NULL,'50,00','200,00',NULL,191,147,27,44,35,17,171,207,232,138,NULL,0,'2026-01-29 19:37:04','2026-01-29 19:37:04',3,1,15,30,NULL,NULL,NULL),(228,NULL,'Pr. Camila Lima','85964908447','treinamento.porto.alegre@ministerio.com.br','Avenida Sete de Setembro','9430',NULL,'Jardim America','Porto Alegre','RS','45643692','https://www.treinamento-porto-alegre.org.br',NULL,'50,00','200,00','15,00',223,244,31,43,49,147,154,238,351,164,NULL,1,'2026-01-29 19:37:04','2026-01-29 19:37:04',6,16,6,30,NULL,NULL,NULL),(229,NULL,'Pr. Isabela Rocha','51922964277','treinamento.belem@comunidade.com.br','Alameda Sete de Setembro','4551','Sala 101','Boa Vista','Belem','PA','09148213','https://www.treinamento-belem.org.br',NULL,'50,00','200,00',NULL,293,273,69,51,30,167,295,178,107,7,NULL,3,'2026-01-29 19:37:04','2026-01-29 19:37:04',1,39,12,30,NULL,NULL,NULL),(230,NULL,'Pr. Mariana Lima','11932626440','treinamento.fortaleza@igreja.org.br','Rua Brasil','5752',NULL,'Vila Nova','Fortaleza','CE','52952245','https://www.treinamento-fortaleza.org.br',NULL,'100,00','100,00','5,00',140,151,100,3,39,39,145,84,29,142,NULL,1,'2026-01-29 19:37:04','2026-01-29 19:37:04',2,17,19,30,NULL,NULL,NULL),(231,NULL,'Pr. Lucas Oliveira','51969269695','treinamento.sao.paulo@ministerio.com.br','Alameda Brasil','7745','Casa 2','Vila Esperanca','Sao Paulo','SP','20317294','https://www.treinamento-sao-paulo.org.br',NULL,'150,00','0,00','20,00',20,103,26,0,54,82,133,131,195,93,NULL,1,'2026-01-29 19:37:04','2026-01-29 19:37:04',6,18,26,30,NULL,NULL,NULL),(232,NULL,'Pr. Beatriz Almeida','81962567706','treinamento.manaus@igreja.org.br','Avenida Santos Dumont','1802','Sala 101','Nova Esperanca','Manaus','AM','72171765','https://www.treinamento-manaus.org.br',NULL,'200,00','150,00','10,00',74,271,105,24,45,132,39,70,32,194,NULL,1,'2026-01-29 19:37:05','2026-01-29 19:37:05',5,42,4,30,NULL,NULL,NULL),(233,NULL,'Pr. Carlos Ferreira','31913917270','treinamento.belo.horizonte@igreja.org.br','Rua Santos Dumont','2674',NULL,'Jardim America','Belo Horizonte','MG','45026570','https://www.treinamento-belo-horizonte.org.br',NULL,'50,00','150,00','10,00',139,300,112,42,13,58,25,38,356,174,NULL,2,'2026-01-29 19:37:05','2026-01-29 19:37:05',5,28,18,30,NULL,NULL,NULL),(234,NULL,'Pr. Patricia Martins','11934305827','treinamento.belo.horizonte@igreja.org.br','Avenida Paulista','5807','Sala 101','Vila Nova','Belo Horizonte','MG','27271564','https://www.treinamento-belo-horizonte.org.br',NULL,'150,00','100,00','10,00',23,243,7,39,21,214,188,283,191,85,NULL,0,'2026-01-29 19:37:05','2026-01-29 19:37:05',8,9,19,30,NULL,NULL,NULL),(235,NULL,'Pr. Fernanda Lima','61988954161','treinamento.fortaleza@igreja.org.br','Rua Dom Pedro II','7838',NULL,'Bela Vista','Fortaleza','CE','02811656','https://www.treinamento-fortaleza.org.br',NULL,'0,00','50,00','5,00',16,191,63,40,28,28,287,33,379,125,NULL,0,'2026-01-29 19:37:05','2026-01-29 19:37:05',4,97,23,30,NULL,NULL,NULL),(236,NULL,'Pr. Patricia Silva','71948758067','treinamento.brasilia@comunidade.com.br','Travessa Brasil','1950',NULL,'Centro','Brasilia','DF','96885309','https://www.treinamento-brasilia.org.br',NULL,'50,00','200,00',NULL,93,268,98,5,10,203,221,224,344,69,NULL,0,'2026-01-29 19:37:05','2026-01-29 19:37:05',6,70,18,30,NULL,NULL,NULL),(237,NULL,'Pr. Camila Souza','91990922040','treinamento.brasilia@ministerio.com.br','Travessa Paulista','7216',NULL,'Boa Vista','Brasilia','DF','13437711','https://www.treinamento-brasilia.org.br',NULL,'150,00','150,00',NULL,287,218,68,46,52,36,90,42,138,83,NULL,2,'2026-01-29 19:37:05','2026-01-29 19:37:05',4,70,9,30,NULL,NULL,NULL),(238,NULL,'Pr. Renata Silva','61976459254','treinamento.manaus@igreja.org.br','Rua das Flores','8519',NULL,'Centro','Manaus','AM','11400159','https://www.treinamento-manaus.org.br',NULL,'200,00','50,00',NULL,159,169,101,16,45,59,287,291,186,3,NULL,1,'2026-01-29 19:37:05','2026-01-29 19:37:05',2,20,1,30,NULL,NULL,NULL),(239,NULL,'Pr. Mariana Oliveira','51930670219','treinamento.goiania@ministerio.com.br','Rua Brasil','4167',NULL,'Nova Esperanca','Goiania','GO','50129644','https://www.treinamento-goiania.org.br',NULL,'0,00','50,00',NULL,201,105,55,46,40,211,162,95,395,94,NULL,0,'2026-01-29 19:37:05','2026-01-29 19:37:05',6,9,1,30,NULL,NULL,NULL),(240,NULL,'Pr. Mariana Rocha','11999804147','treinamento.porto.alegre@comunidade.com.br','Rua Santos Dumont','6045',NULL,'Boa Vista','Porto Alegre','RS','94100411','https://www.treinamento-porto-alegre.org.br',NULL,'200,00','150,00',NULL,277,296,85,6,25,37,118,245,329,35,'Non accusamus sint vitae minus qui ut deserunt.',2,'2026-01-29 19:37:05','2026-01-29 19:37:05',2,64,8,30,NULL,NULL,NULL),(241,NULL,'Pr. Camila Moura','81939939295','treinamento.fortaleza@igreja.org.br','Travessa Santos Dumont','4568',NULL,'Parque das Nacoes','Fortaleza','CE','81200590','https://www.treinamento-fortaleza.org.br',NULL,'200,00','200,00','15,00',233,247,55,4,19,56,123,179,50,88,NULL,3,'2026-01-29 19:37:05','2026-01-29 19:37:05',8,65,16,30,NULL,NULL,NULL),(242,NULL,'Pr. Carolina Barbosa','11916328429','treinamento.curitiba@ministerio.com.br','Avenida Independencia','9235','Fundos','Boa Vista','Curitiba','PR','56861108','https://www.treinamento-curitiba.org.br',NULL,'100,00','100,00',NULL,113,101,111,48,2,232,45,35,288,110,NULL,0,'2026-01-29 19:37:05','2026-01-29 19:37:05',3,101,22,30,NULL,NULL,NULL),(243,NULL,'Pr. Carlos Lima','31945518437','treinamento.porto.alegre@ministerio.com.br','Avenida Santos Dumont','8424',NULL,'Nova Esperanca','Porto Alegre','RS','84431930','https://www.treinamento-porto-alegre.org.br',NULL,'150,00','0,00','10,00',100,122,6,36,19,185,5,202,155,120,NULL,2,'2026-01-29 19:37:05','2026-01-29 19:37:05',8,51,16,30,NULL,NULL,NULL),(244,NULL,'Pr. Bruno Pereira','31939098522','treinamento.goiania@comunidade.com.br','Travessa das Flores','6479',NULL,'Nova Esperanca','Goiania','GO','62369121','https://www.treinamento-goiania.org.br',NULL,'100,00','50,00','10,00',82,128,59,39,12,157,219,186,80,110,NULL,3,'2026-01-29 19:37:05','2026-01-29 19:37:05',5,1,4,30,NULL,NULL,NULL),(245,NULL,'Pr. Andre Oliveira','31947285547','treinamento.salvador@comunidade.com.br','Travessa Rio Branco','5979',NULL,'Boa Vista','Salvador','BA','03006367','https://www.treinamento-salvador.org.br',NULL,'100,00','150,00',NULL,287,229,110,52,0,164,83,13,38,92,NULL,3,'2026-01-29 19:37:05','2026-01-29 19:37:05',1,102,13,30,NULL,NULL,NULL),(246,NULL,'Pr. Isabela Ferreira','85977244628','treinamento.manaus@comunidade.com.br','Rua Rio Branco','6280','Fundos','Parque das Nacoes','Manaus','AM','60289896','https://www.treinamento-manaus.org.br',NULL,'200,00','100,00',NULL,155,181,2,22,9,67,0,38,40,107,NULL,3,'2026-01-29 19:37:05','2026-01-29 19:37:05',3,60,7,30,NULL,NULL,NULL),(247,NULL,'Pr. Tiago Oliveira','85968218673','treinamento.belo.horizonte@igreja.org.br','Alameda Dom Pedro II','7691',NULL,'Centro','Belo Horizonte','MG','66100784','https://www.treinamento-belo-horizonte.org.br',NULL,'150,00','0,00','20,00',82,214,65,13,35,140,86,155,204,164,NULL,0,'2026-01-29 19:37:05','2026-01-29 19:37:05',3,28,5,30,NULL,NULL,NULL),(248,NULL,'Pr. Bruno Moura','11948978088','treinamento.goiania@igreja.org.br','Rua Brasil','3004',NULL,'Parque das Nacoes','Goiania','GO','35449711','https://www.treinamento-goiania.org.br',NULL,'100,00','150,00','10,00',114,118,27,50,7,178,49,148,80,164,NULL,3,'2026-01-29 19:37:05','2026-01-29 19:37:05',4,33,14,30,NULL,NULL,NULL),(249,NULL,'Pr. Joao Silva','21986914646','treinamento.curitiba@igreja.org.br','Alameda Independencia','377',NULL,'Jardim das Oliveiras','Curitiba','PR','61182970','https://www.treinamento-curitiba.org.br',NULL,'0,00','50,00',NULL,53,182,16,13,21,82,77,177,339,106,NULL,3,'2026-01-29 19:37:05','2026-01-29 19:37:05',3,80,26,30,NULL,NULL,NULL),(250,NULL,'Pr. Carlos Almeida','81951640318','treinamento.porto.alegre@ministerio.com.br','Avenida Rio Branco','2094',NULL,'Santa Clara','Porto Alegre','RS','24474844','https://www.treinamento-porto-alegre.org.br',NULL,'0,00','150,00','10,00',38,131,73,41,56,129,186,297,166,198,NULL,1,'2026-01-29 19:37:05','2026-01-29 19:37:05',8,79,7,30,NULL,NULL,NULL),(251,NULL,'Pr. Juliana Rocha','21948479858','treinamento.belem@comunidade.com.br','Rua Paulista','1784',NULL,'Vila Esperanca','Belem','PA','11647939','https://www.treinamento-belem.org.br',NULL,'150,00','50,00','20,00',209,163,111,35,36,166,124,128,119,14,NULL,2,'2026-01-29 19:37:05','2026-01-29 19:37:05',2,32,18,30,NULL,NULL,NULL),(252,NULL,'Pr. Vitor Santana','41955585906','treinamento.belo.horizonte@igreja.org.br','Avenida Paulista','8178',NULL,'Centro','Belo Horizonte','MG','79170730','https://www.treinamento-belo-horizonte.org.br',NULL,'0,00','200,00','15,00',253,90,71,12,22,240,77,35,58,88,NULL,3,'2026-01-29 19:37:05','2026-01-29 19:37:05',6,94,3,30,NULL,NULL,NULL),(253,NULL,'Pr. Carolina Martins','81987308243','treinamento.rio.de.janeiro@ministerio.com.br','Rua Independencia','1036','Anexo A','Vila Esperanca','Rio de Janeiro','RJ','76138598','https://www.treinamento-rio-de-janeiro.org.br',NULL,'100,00','50,00',NULL,10,11,55,22,40,125,1,280,268,121,'Dolores quas cum est ipsam velit adipisci inventore aut incidunt exercitationem.',2,'2026-01-29 19:37:05','2026-01-29 19:37:05',4,37,13,30,NULL,NULL,NULL),(254,NULL,'Pr. Vitor Carvalho','85914846898','treinamento.manaus@ministerio.com.br','Alameda dos Ipes','803',NULL,'Jardim America','Manaus','AM','44824867','https://www.treinamento-manaus.org.br',NULL,'150,00','100,00',NULL,57,284,94,27,43,92,90,275,217,189,'Expedita qui nam quisquam non accusantium quos quod aut vero et neque quaerat consequatur alias consequatur.',3,'2026-01-29 19:37:05','2026-01-29 19:37:05',1,14,5,30,NULL,NULL,NULL),(255,NULL,'Pr. Vitor Martins','41989010675','treinamento.goiania@ministerio.com.br','Rua das Flores','1453',NULL,'Nova Esperanca','Goiania','GO','36314256','https://www.treinamento-goiania.org.br',NULL,'0,00','100,00','20,00',96,96,117,59,21,177,199,183,287,103,NULL,2,'2026-01-29 19:37:05','2026-01-29 19:37:05',3,86,3,30,NULL,NULL,NULL),(256,NULL,'Pr. Isabela Rezende','61978418426','treinamento.curitiba@ministerio.com.br','Rua Santos Dumont','2966',NULL,'Nova Esperanca','Curitiba','PR','22554005','https://www.treinamento-curitiba.org.br',NULL,'150,00','50,00',NULL,124,298,73,44,20,237,203,86,277,124,NULL,3,'2026-01-29 19:37:05','2026-01-29 19:37:05',1,65,15,30,NULL,NULL,NULL),(257,NULL,'Pr. Amanda Carvalho','85951427659','treinamento.manaus@comunidade.com.br','Rua Santos Dumont','4687','Anexo A','Jardim America','Manaus','AM','60451059','https://www.treinamento-manaus.org.br',NULL,'50,00','0,00','10,00',78,171,40,38,4,150,87,69,167,135,NULL,1,'2026-01-29 19:37:05','2026-01-29 19:37:05',7,101,23,30,NULL,NULL,NULL),(258,NULL,'Pr. Lucas Barbosa','51945738954','treinamento.goiania@comunidade.com.br','Rua Santos Dumont','5439',NULL,'Santa Clara','Goiania','GO','58587910','https://www.treinamento-goiania.org.br',NULL,'100,00','0,00','20,00',192,283,75,46,15,61,1,299,127,114,NULL,2,'2026-01-29 19:37:05','2026-01-29 19:37:05',4,53,5,30,NULL,NULL,NULL),(259,NULL,'Pr. Carolina Almeida','81972877818','treinamento.curitiba@ministerio.com.br','Alameda Sete de Setembro','7984','Fundos','Jardim America','Curitiba','PR','13580324','https://www.treinamento-curitiba.org.br',NULL,'150,00','50,00','20,00',209,273,26,35,52,27,110,34,209,64,NULL,0,'2026-01-29 19:37:05','2026-01-29 19:37:05',8,25,13,30,NULL,NULL,NULL),(260,NULL,'Pr. Juliana Lima','91988612423','treinamento.salvador@igreja.org.br','Rua Sete de Setembro','9229','Sala 101','Bela Vista','Salvador','BA','30330695','https://www.treinamento-salvador.org.br',NULL,'50,00','200,00',NULL,95,107,92,6,47,146,154,110,92,180,NULL,3,'2026-01-29 19:37:05','2026-01-29 19:37:05',1,16,19,30,NULL,NULL,NULL),(261,NULL,'Pr. Lucas Carvalho','81978602509','treinamento.belo.horizonte@igreja.org.br','Rua Getulio Vargas','5023','Fundos','Nova Esperanca','Belo Horizonte','MG','35359398','https://www.treinamento-belo-horizonte.org.br',NULL,'50,00','150,00','20,00',3,167,57,7,0,39,136,148,365,170,NULL,0,'2026-01-29 19:37:05','2026-01-29 19:37:05',5,1,5,30,NULL,NULL,NULL),(262,NULL,'Pr. Vitor Ferreira','41909409146','treinamento.belem@ministerio.com.br','Travessa Rio Branco','4177',NULL,'Nova Esperanca','Belem','PA','98042813','https://www.treinamento-belem.org.br',NULL,'150,00','0,00','20,00',210,51,27,13,19,17,228,124,24,154,NULL,0,'2026-01-29 19:37:05','2026-01-29 19:37:05',7,103,6,30,NULL,NULL,NULL),(263,NULL,'Pr. Andre Santana','81985877121','treinamento.belem@comunidade.com.br','Alameda das Flores','7394','Anexo A','Vila Nova','Belem','PA','68876171','https://www.treinamento-belem.org.br',NULL,'100,00','200,00','10,00',245,180,79,5,44,199,52,205,27,28,NULL,3,'2026-01-29 19:37:05','2026-01-29 19:37:05',5,21,19,30,NULL,NULL,NULL),(264,NULL,'Pr. Renata Lima','41968605453','treinamento.curitiba@comunidade.com.br','Rua Sete de Setembro','7689',NULL,'Bela Vista','Curitiba','PR','65077141','https://www.treinamento-curitiba.org.br',NULL,'0,00','50,00',NULL,45,19,104,25,58,69,220,120,53,74,NULL,0,'2026-01-29 19:37:05','2026-01-29 19:37:05',2,81,5,30,NULL,NULL,NULL),(265,NULL,'Pr. Vitor Gomes','31972892564','treinamento.porto.alegre@comunidade.com.br','Avenida das Flores','8231',NULL,'Santa Clara','Porto Alegre','RS','45665204','https://www.treinamento-porto-alegre.org.br',NULL,'0,00','150,00',NULL,254,35,59,43,42,128,46,246,99,148,'Hic fugiat qui numquam laborum est omnis aliquam fugiat et voluptatibus voluptates.',3,'2026-01-29 19:37:05','2026-01-29 19:37:05',4,5,26,30,NULL,NULL,NULL),(266,NULL,'Pr. Beatriz Barbosa','85909862233','treinamento.porto.alegre@ministerio.com.br','Avenida Paulista','3590','Casa 2','Centro','Porto Alegre','RS','19233426','https://www.treinamento-porto-alegre.org.br',NULL,'100,00','0,00',NULL,56,111,25,15,42,203,78,207,38,76,NULL,3,'2026-01-29 19:37:05','2026-01-29 19:37:05',3,55,26,30,NULL,NULL,NULL),(267,NULL,'Pr. Fernanda Souza','61954733606','treinamento.curitiba@igreja.org.br','Rua Brasil','4681','Fundos','Centro','Curitiba','PR','74584968','https://www.treinamento-curitiba.org.br',NULL,'200,00','150,00','15,00',94,152,8,16,23,49,106,170,226,81,NULL,0,'2026-01-29 19:37:05','2026-01-29 19:37:05',4,100,7,30,NULL,NULL,NULL),(268,NULL,'Pr. Camila Dias','11950880145','treinamento.recife@igreja.org.br','Avenida das Flores','1774',NULL,'Parque das Nacoes','Recife','PE','81224445','https://www.treinamento-recife.org.br',NULL,'100,00','0,00',NULL,162,12,84,32,51,124,77,134,337,109,'Modi provident ducimus iste accusamus mollitia quo dolorem velit ut recusandae.',2,'2026-01-29 19:37:05','2026-01-29 19:37:05',6,47,12,30,NULL,NULL,NULL),(269,NULL,'Pr. Henrique Rocha','41961345867','treinamento.curitiba@igreja.org.br','Avenida dos Ipes','6610','Sala 101','Vila Nova','Curitiba','PR','75723071','https://www.treinamento-curitiba.org.br',NULL,'0,00','150,00','5,00',272,127,11,45,15,9,110,273,48,33,NULL,0,'2026-01-29 19:37:05','2026-01-29 19:37:05',8,37,2,30,NULL,NULL,NULL),(270,NULL,'Pr. Andre Carvalho','85981986490','treinamento.sao.paulo@ministerio.com.br','Alameda Sete de Setembro','9238',NULL,'Centro','Sao Paulo','SP','30406423','https://www.treinamento-sao-paulo.org.br',NULL,'50,00','200,00','20,00',38,300,24,40,45,93,277,85,188,100,NULL,0,'2026-01-29 19:37:05','2026-01-29 19:37:05',2,38,16,30,NULL,NULL,NULL),(271,NULL,'Pr. Andre Dias','11985661471','treinamento.salvador@comunidade.com.br','Alameda dos Ipes','6403',NULL,'Nova Esperanca','Salvador','BA','39281774','https://www.treinamento-salvador.org.br',NULL,'100,00','200,00',NULL,264,111,86,46,8,170,241,64,203,38,NULL,3,'2026-01-29 19:37:05','2026-01-29 19:37:05',8,43,23,30,NULL,NULL,NULL),(272,NULL,'Pr. Rafael Moura','81935731998','treinamento.salvador@ministerio.com.br','Alameda Rio Branco','3414',NULL,'Boa Vista','Salvador','BA','41067408','https://www.treinamento-salvador.org.br',NULL,'200,00','150,00',NULL,257,248,100,36,38,234,205,28,347,132,NULL,2,'2026-01-29 19:37:05','2026-01-29 19:37:05',2,35,25,30,NULL,NULL,NULL),(273,NULL,'Pr. Eduardo Silva','81991654806','treinamento.belem@ministerio.com.br','Rua Santos Dumont','1836',NULL,'Centro','Belem','PA','14608590','https://www.treinamento-belem.org.br',NULL,'50,00','100,00','10,00',296,239,100,11,55,68,53,201,190,84,'Voluptatum repellat iusto sunt tempora blanditiis vero repellat quo consectetur autem modi repellat ut placeat molestiae.',1,'2026-01-29 19:37:05','2026-01-29 19:37:05',2,30,24,30,NULL,NULL,NULL),(274,NULL,'Pr. Amanda Dias','71999330226','treinamento.sao.paulo@comunidade.com.br','Travessa Rio Branco','5792','Sala 101','Jardim das Oliveiras','Sao Paulo','SP','16646054','https://www.treinamento-sao-paulo.org.br',NULL,'50,00','200,00',NULL,294,265,36,58,60,132,232,21,334,139,NULL,2,'2026-01-29 19:37:05','2026-01-29 19:37:05',7,93,11,30,NULL,NULL,NULL),(275,NULL,'Pr. Felipe Pereira','91909773568','treinamento.goiania@ministerio.com.br','Avenida Brasil','5173','Anexo A','Jardim das Oliveiras','Goiania','GO','05254734','https://www.treinamento-goiania.org.br',NULL,'200,00','200,00',NULL,109,237,21,53,52,198,240,276,32,44,NULL,0,'2026-01-29 19:37:05','2026-01-29 19:37:05',5,23,4,30,NULL,NULL,NULL),(276,NULL,'Pr. Rafael Pereira','31956889385','treinamento.goiania@comunidade.com.br','Travessa Getulio Vargas','7434',NULL,'Nova Esperanca','Goiania','GO','12304509','https://www.treinamento-goiania.org.br',NULL,'50,00','100,00','20,00',117,102,23,40,36,114,18,282,132,42,'Aut ea quod occaecati nihil officia earum expedita consequuntur dolorum.',1,'2026-01-29 19:37:05','2026-01-29 19:37:05',4,100,17,30,NULL,NULL,NULL),(277,NULL,'Pr. Beatriz Ferreira','51913650564','treinamento.fortaleza@igreja.org.br','Travessa Paulista','344','Sala 101','Vila Nova','Fortaleza','CE','60679000','https://www.treinamento-fortaleza.org.br',NULL,'0,00','150,00','5,00',240,210,103,48,52,182,90,245,251,117,NULL,1,'2026-01-29 19:37:05','2026-01-29 19:37:05',2,83,21,30,NULL,NULL,NULL),(278,NULL,'Pr. Eduardo Rezende','31996744596','treinamento.salvador@comunidade.com.br','Travessa Rio Branco','345',NULL,'Santa Clara','Salvador','BA','85053439','https://www.treinamento-salvador.org.br',NULL,'150,00','200,00',NULL,90,276,63,37,12,23,29,179,155,152,NULL,3,'2026-01-29 19:37:05','2026-01-29 19:37:05',5,103,21,30,NULL,NULL,NULL),(279,NULL,'Pr. Carlos Ferreira','31967150663','treinamento.fortaleza@igreja.org.br','Alameda Rio Branco','4004','Sala 101','Santa Clara','Fortaleza','CE','67402324','https://www.treinamento-fortaleza.org.br',NULL,'150,00','200,00',NULL,54,298,39,38,60,58,9,296,30,176,NULL,2,'2026-01-29 19:37:05','2026-01-29 19:37:05',8,67,3,30,NULL,NULL,NULL),(280,NULL,'Pr. Carlos Carvalho','91935626127','treinamento.rio.de.janeiro@igreja.org.br','Rua Paulista','8734','Casa 2','Jardim das Oliveiras','Rio de Janeiro','RJ','18156165','https://www.treinamento-rio-de-janeiro.org.br',NULL,'100,00','100,00','5,00',198,204,116,10,59,106,31,198,71,95,NULL,1,'2026-01-29 19:37:05','2026-01-29 19:37:05',5,92,17,30,NULL,NULL,NULL),(281,NULL,'Pr. Fernanda Oliveira','81930123032','treinamento.belem@ministerio.com.br','Avenida Independencia','2728','Casa 2','Parque das Nacoes','Belem','PA','70751895','https://www.treinamento-belem.org.br',NULL,'100,00','200,00',NULL,111,296,17,43,12,41,49,105,192,102,'Aut sint asperiores occaecati minus dolorem dolore facere sunt sit dolorem consequatur.',3,'2026-01-29 19:37:05','2026-01-29 19:37:05',1,34,15,30,NULL,NULL,NULL),(282,NULL,'Pr. Andre Silva','21957161894','treinamento.belo.horizonte@igreja.org.br','Rua Rio Branco','398',NULL,'Jardim America','Belo Horizonte','MG','63405033','https://www.treinamento-belo-horizonte.org.br',NULL,'0,00','0,00',NULL,243,12,25,40,5,99,195,236,367,125,'Excepturi ratione a consectetur unde dolor quis aut occaecati eligendi error aliquam exercitationem ducimus temporibus illum nulla.',3,'2026-01-29 19:37:05','2026-01-29 19:37:05',5,85,18,30,NULL,NULL,NULL),(283,NULL,'Pr. Tiago Rezende','51988921693','treinamento.rio.de.janeiro@comunidade.com.br','Travessa dos Ipes','3887',NULL,'Bela Vista','Rio de Janeiro','RJ','38700448','https://www.treinamento-rio-de-janeiro.org.br',NULL,'200,00','50,00',NULL,213,218,98,51,45,209,289,46,3,197,NULL,2,'2026-01-29 19:37:05','2026-01-29 19:37:05',8,31,13,30,NULL,NULL,NULL),(284,NULL,'Pr. Daniel Lima','61957661720','treinamento.sao.paulo@ministerio.com.br','Travessa Independencia','5769',NULL,'Boa Vista','Sao Paulo','SP','71529587','https://www.treinamento-sao-paulo.org.br',NULL,'0,00','150,00',NULL,226,209,114,12,38,112,196,198,296,18,NULL,1,'2026-01-29 19:37:05','2026-01-29 19:37:05',8,78,2,30,NULL,NULL,NULL),(285,NULL,'Pr. Carlos Costa','31955257170','treinamento.rio.de.janeiro@igreja.org.br','Rua Brasil','1297',NULL,'Centro','Rio de Janeiro','RJ','06747111','https://www.treinamento-rio-de-janeiro.org.br',NULL,'200,00','200,00','20,00',147,59,58,5,32,198,57,220,256,150,NULL,3,'2026-01-29 19:37:05','2026-01-29 19:37:05',7,1,23,30,NULL,NULL,NULL),(286,NULL,'Pr. Rafael Dias','51949052805','treinamento.curitiba@comunidade.com.br','Alameda das Flores','7232',NULL,'Vila Nova','Curitiba','PR','66976498','https://www.treinamento-curitiba.org.br',NULL,'200,00','50,00',NULL,201,106,33,39,40,139,197,172,170,98,NULL,3,'2026-01-29 19:37:05','2026-01-29 19:37:05',8,89,11,30,NULL,NULL,NULL),(287,NULL,'Pr. Isabela Ramos','61914136328','treinamento.porto.alegre@comunidade.com.br','Alameda dos Ipes','8389',NULL,'Vila Esperanca','Porto Alegre','RS','21887591','https://www.treinamento-porto-alegre.org.br',NULL,'0,00','50,00',NULL,239,244,104,42,3,129,73,38,101,136,NULL,0,'2026-01-29 19:37:05','2026-01-29 19:37:05',6,42,2,30,NULL,NULL,NULL),(288,NULL,'Pr. Paulo Cardoso','31920014359','treinamento.goiania@comunidade.com.br','Alameda das Flores','7490','Casa 2','Santa Clara','Goiania','GO','51681271','https://www.treinamento-goiania.org.br',NULL,'100,00','150,00',NULL,6,295,58,49,24,157,73,52,298,91,NULL,0,'2026-01-29 19:37:05','2026-01-29 19:37:05',4,57,4,30,NULL,NULL,NULL),(289,NULL,'Pr. Carlos Ramos','21906714607','treinamento.porto.alegre@ministerio.com.br','Alameda Getulio Vargas','4152','Fundos','Vila Esperanca','Porto Alegre','RS','32393760','https://www.treinamento-porto-alegre.org.br',NULL,'50,00','50,00',NULL,262,179,23,26,36,77,50,90,380,177,NULL,0,'2026-01-29 19:37:05','2026-01-29 19:37:05',5,35,11,30,NULL,NULL,NULL),(290,NULL,'Pr. Carolina Ferreira','91905731071','treinamento.salvador@ministerio.com.br','Alameda Sete de Setembro','8684',NULL,'Vila Nova','Salvador','BA','92778063','https://www.treinamento-salvador.org.br',NULL,'50,00','50,00','10,00',163,174,97,59,26,58,106,67,124,158,'Eum quia eum mollitia voluptatibus voluptas ut alias officiis eos sint repellendus ullam.',3,'2026-01-29 19:37:05','2026-01-29 19:37:05',8,91,16,30,NULL,NULL,NULL),(291,NULL,'Pr. Mariana Pereira','61951175500','treinamento.manaus@ministerio.com.br','Alameda Dom Pedro II','1633',NULL,'Nova Esperanca','Manaus','AM','95217764','https://www.treinamento-manaus.org.br',NULL,'50,00','0,00',NULL,185,278,44,49,56,51,5,185,251,193,NULL,1,'2026-01-29 19:37:05','2026-01-29 19:37:05',2,96,6,30,NULL,NULL,NULL),(292,NULL,'Pr. Larissa Carvalho','41947100197','treinamento.salvador@igreja.org.br','Alameda Rio Branco','70',NULL,'Centro','Salvador','BA','35847312','https://www.treinamento-salvador.org.br',NULL,'200,00','50,00',NULL,37,29,47,45,3,6,49,183,315,72,NULL,2,'2026-01-29 19:37:05','2026-01-29 19:37:05',5,44,20,30,NULL,NULL,NULL),(293,NULL,'Pr. Isabela Almeida','61990409786','treinamento.sao.paulo@igreja.org.br','Travessa das Flores','3924',NULL,'Centro','Sao Paulo','SP','45874855','https://www.treinamento-sao-paulo.org.br',NULL,'100,00','100,00','15,00',16,246,115,56,46,21,92,295,38,149,'Sequi nihil odio incidunt est quo ut ad enim voluptatem.',3,'2026-01-29 19:37:05','2026-01-29 19:37:05',6,56,21,30,NULL,NULL,NULL),(294,NULL,'Pr. Marcos Cardoso','21987853873','treinamento.rio.de.janeiro@comunidade.com.br','Rua Sete de Setembro','189',NULL,'Boa Vista','Rio de Janeiro','RJ','26243530','https://www.treinamento-rio-de-janeiro.org.br',NULL,'100,00','0,00','5,00',190,85,68,44,5,245,132,128,283,190,NULL,0,'2026-01-29 19:37:05','2026-01-29 19:37:05',4,40,3,30,NULL,NULL,NULL),(295,NULL,'Pr. Andre Costa','91956938553','treinamento.manaus@igreja.org.br','Travessa Getulio Vargas','1018',NULL,'Centro','Manaus','AM','25266734','https://www.treinamento-manaus.org.br',NULL,'200,00','100,00',NULL,214,77,46,15,17,2,164,109,338,49,NULL,3,'2026-01-29 19:37:05','2026-01-29 19:37:05',4,18,24,30,NULL,NULL,NULL),(296,NULL,'Pr. Carolina Souza','61955243081','treinamento.rio.de.janeiro@ministerio.com.br','Rua Getulio Vargas','2535',NULL,'Parque das Nacoes','Rio de Janeiro','RJ','14321779','https://www.treinamento-rio-de-janeiro.org.br',NULL,'0,00','150,00',NULL,33,207,95,52,47,193,256,214,364,152,NULL,3,'2026-01-29 19:37:05','2026-01-29 19:37:05',6,42,15,30,NULL,NULL,NULL),(297,NULL,'Pr. Renata Oliveira','91969539058','treinamento.porto.alegre@comunidade.com.br','Travessa Rio Branco','7343',NULL,'Bela Vista','Porto Alegre','RS','84100385','https://www.treinamento-porto-alegre.org.br',NULL,'50,00','200,00',NULL,18,80,9,11,56,4,294,178,226,200,NULL,2,'2026-01-29 19:37:05','2026-01-29 19:37:05',4,82,19,30,NULL,NULL,NULL),(298,NULL,'Pr. Gabriel Almeida','81907544387','treinamento.curitiba@comunidade.com.br','Alameda Paulista','1313','Anexo A','Santa Clara','Curitiba','PR','63264647','https://www.treinamento-curitiba.org.br',NULL,'150,00','50,00',NULL,13,275,54,2,7,115,252,151,80,79,NULL,1,'2026-01-29 19:37:05','2026-01-29 19:37:05',6,45,1,30,NULL,NULL,NULL),(299,NULL,'Pr. Andre Rocha','31922113351','treinamento.porto.alegre@igreja.org.br','Alameda Santos Dumont','4101',NULL,'Nova Esperanca','Porto Alegre','RS','92933291','https://www.treinamento-porto-alegre.org.br',NULL,'200,00','100,00','10,00',256,252,29,46,13,47,276,145,392,12,NULL,3,'2026-01-29 19:37:05','2026-01-29 19:37:05',4,100,17,30,NULL,NULL,NULL),(300,NULL,'Pr. Larissa Almeida','61947852764','treinamento.fortaleza@comunidade.com.br','Travessa das Flores','5728',NULL,'Vila Nova','Fortaleza','CE','94974739','https://www.treinamento-fortaleza.org.br',NULL,'200,00','100,00',NULL,228,0,32,39,5,232,198,182,85,143,NULL,0,'2026-01-29 19:37:05','2026-01-29 19:37:05',7,8,16,30,NULL,NULL,NULL),(301,NULL,'Pr. Rafael Almeida','71968121447','treinamento.manaus@ministerio.com.br','Rua Dom Pedro II','9521',NULL,'Boa Vista','Manaus','AM','75697448','https://www.treinamento-manaus.org.br',NULL,'200,00','100,00','20,00',63,165,93,55,34,91,135,208,162,51,NULL,3,'2026-01-29 19:37:05','2026-01-29 19:37:05',7,12,21,30,NULL,NULL,NULL),(302,NULL,'Pr. Carolina Santana','21901670618','treinamento.goiania@comunidade.com.br','Rua Independencia','8635',NULL,'Boa Vista','Goiania','GO','17226360','https://www.treinamento-goiania.org.br',NULL,'200,00','150,00',NULL,46,295,61,44,43,18,121,299,98,77,NULL,2,'2026-01-29 19:37:05','2026-01-29 19:37:05',4,85,16,30,NULL,NULL,NULL),(303,NULL,'Pr. Joao Ferreira','61996222603','treinamento.fortaleza@ministerio.com.br','Travessa Independencia','9872',NULL,'Boa Vista','Fortaleza','CE','72748525','https://www.treinamento-fortaleza.org.br',NULL,'0,00','100,00',NULL,155,44,27,31,2,54,257,82,10,176,NULL,2,'2026-01-29 19:37:05','2026-01-29 19:37:05',5,78,26,30,NULL,NULL,NULL),(304,NULL,'Pr. Fernanda Gomes','11929588251','treinamento.curitiba@ministerio.com.br','Avenida Santos Dumont','3190',NULL,'Jardim America','Curitiba','PR','31169542','https://www.treinamento-curitiba.org.br',NULL,'100,00','150,00','10,00',125,201,4,43,31,115,147,9,56,196,NULL,0,'2026-01-29 19:37:05','2026-01-29 19:37:05',7,105,5,30,NULL,NULL,NULL),(305,NULL,'Pr. Felipe Barbosa','31905080257','treinamento.rio.de.janeiro@ministerio.com.br','Travessa Sete de Setembro','980',NULL,'Vila Nova','Rio de Janeiro','RJ','87204023','https://www.treinamento-rio-de-janeiro.org.br',NULL,'100,00','0,00','5,00',30,131,48,10,12,109,258,276,293,125,NULL,1,'2026-01-29 19:37:05','2026-01-29 19:37:05',2,88,13,30,NULL,NULL,NULL),(306,NULL,'Pr. Amanda Moura','71957310382','treinamento.manaus@comunidade.com.br','Avenida Getulio Vargas','8177',NULL,'Jardim das Oliveiras','Manaus','AM','65934294','https://www.treinamento-manaus.org.br',NULL,'50,00','200,00',NULL,105,76,88,41,34,158,215,286,43,30,'Ut nam quaerat non earum cupiditate voluptas id enim consequatur suscipit voluptatem vitae dolor eveniet iusto harum.',1,'2026-01-29 19:37:05','2026-01-29 19:37:05',4,89,18,30,NULL,NULL,NULL),(307,NULL,'Pr. Larissa Pereira','91923839616','treinamento.curitiba@igreja.org.br','Alameda Paulista','4891','Bloco B','Nova Esperanca','Curitiba','PR','07393960','https://www.treinamento-curitiba.org.br',NULL,'100,00','150,00','5,00',64,296,77,2,30,157,150,133,236,180,NULL,1,'2026-01-29 19:37:05','2026-01-29 19:37:05',7,5,26,30,NULL,NULL,NULL),(308,NULL,'Pr. Camila Ferreira','51946153504','treinamento.brasilia@ministerio.com.br','Travessa Getulio Vargas','8520',NULL,'Bela Vista','Brasilia','DF','03424994','https://www.treinamento-brasilia.org.br',NULL,'200,00','100,00','15,00',24,11,105,8,32,4,110,12,73,188,NULL,2,'2026-01-29 19:37:05','2026-01-29 19:37:05',2,97,24,30,NULL,NULL,NULL),(309,NULL,'Pr. Bruno Almeida','85936415969','treinamento.sao.paulo@comunidade.com.br','Travessa Santos Dumont','8371',NULL,'Nova Esperanca','Sao Paulo','SP','98238724','https://www.treinamento-sao-paulo.org.br',NULL,'150,00','150,00','5,00',166,43,42,32,53,23,276,196,175,153,'Sunt nemo placeat similique tempore inventore incidunt vel necessitatibus et iste neque sint.',3,'2026-01-29 19:37:05','2026-01-29 19:37:05',6,75,15,30,NULL,NULL,NULL),(310,NULL,'Pr. Paulo Ribeiro','71992146087','treinamento.belem@comunidade.com.br','Alameda Paulista','9608',NULL,'Jardim das Oliveiras','Belem','PA','97961725','https://www.treinamento-belem.org.br',NULL,'100,00','100,00',NULL,186,248,31,44,44,231,19,158,367,131,'Sed quibusdam iste accusamus ut et quaerat similique repudiandae illo.',0,'2026-01-29 19:37:05','2026-01-29 19:37:05',2,48,1,30,NULL,NULL,NULL);
/*!40000 ALTER TABLE `trainings` ENABLE KEYS */;
UNLOCK TABLES;

--
-- Table structure for table `users`
--

DROP TABLE IF EXISTS `users`;
/*!40101 SET @saved_cs_client     = @@character_set_client */;
/*!50503 SET character_set_client = utf8mb4 */;
CREATE TABLE `users` (
  `id` bigint unsigned NOT NULL AUTO_INCREMENT,
  `pastor` varchar(255) COLLATE utf8mb4_unicode_ci DEFAULT NULL,
  `name` varchar(255) COLLATE utf8mb4_unicode_ci NOT NULL,
  `birthdate` varchar(255) COLLATE utf8mb4_unicode_ci DEFAULT NULL,
  `gender` varchar(255) COLLATE utf8mb4_unicode_ci DEFAULT NULL,
  `profile_photo_path` varchar(255) COLLATE utf8mb4_unicode_ci DEFAULT NULL,
  `phone` varchar(255) COLLATE utf8mb4_unicode_ci DEFAULT NULL,
  `email` varchar(255) COLLATE utf8mb4_unicode_ci NOT NULL,
  `street` varchar(255) COLLATE utf8mb4_unicode_ci DEFAULT NULL,
  `number` varchar(255) COLLATE utf8mb4_unicode_ci DEFAULT NULL,
  `complement` varchar(255) COLLATE utf8mb4_unicode_ci DEFAULT NULL,
  `district` varchar(255) COLLATE utf8mb4_unicode_ci DEFAULT NULL,
  `city` varchar(255) COLLATE utf8mb4_unicode_ci DEFAULT NULL,
  `state` varchar(255) COLLATE utf8mb4_unicode_ci DEFAULT NULL,
  `postal_code` varchar(255) COLLATE utf8mb4_unicode_ci DEFAULT NULL,
  `notes` text COLLATE utf8mb4_unicode_ci,
  `email_verified_at` timestamp NULL DEFAULT NULL,
  `password` varchar(255) COLLATE utf8mb4_unicode_ci NOT NULL,
  `two_factor_secret` text COLLATE utf8mb4_unicode_ci,
  `two_factor_recovery_codes` text COLLATE utf8mb4_unicode_ci,
  `two_factor_confirmed_at` timestamp NULL DEFAULT NULL,
  `remember_token` varchar(100) COLLATE utf8mb4_unicode_ci DEFAULT NULL,
  `created_at` timestamp NULL DEFAULT NULL,
  `updated_at` timestamp NULL DEFAULT NULL,
  `church_id` bigint unsigned DEFAULT NULL,
  `church_temp_id` bigint unsigned DEFAULT NULL,
  PRIMARY KEY (`id`),
  UNIQUE KEY `users_email_unique` (`email`),
  KEY `users_church_id_foreign` (`church_id`),
  KEY `users_church_temp_id_foreign` (`church_temp_id`),
  CONSTRAINT `users_church_id_foreign` FOREIGN KEY (`church_id`) REFERENCES `churches` (`id`) ON DELETE SET NULL ON UPDATE CASCADE,
  CONSTRAINT `users_church_temp_id_foreign` FOREIGN KEY (`church_temp_id`) REFERENCES `church_temps` (`id`) ON DELETE SET NULL ON UPDATE CASCADE
) ENGINE=InnoDB AUTO_INCREMENT=106 DEFAULT CHARSET=utf8mb4 COLLATE=utf8mb4_unicode_ci;
/*!40101 SET character_set_client = @saved_cs_client */;

--
-- Dumping data for table `users`
--

LOCK TABLES `users` WRITE;
/*!40000 ALTER TABLE `users` DISABLE KEYS */;
INSERT INTO `users` VALUES (1,NULL,'Cleiton dos Santos',NULL,NULL,NULL,'21972765535','csilva@eeworks.org',NULL,NULL,NULL,NULL,NULL,NULL,NULL,NULL,NULL,'$2y$12$FO.xXEq.pf3kdxDfFWeO4um/CLDOk03lEyI284LfYoiXv8RavrD2m',NULL,NULL,NULL,NULL,'2026-01-29 19:36:58','2026-01-29 19:36:58',1,NULL),(2,NULL,'Jailton Barreto Rangel',NULL,NULL,NULL,'21991046211','jailtonbarreto@eeworks.org',NULL,NULL,NULL,NULL,NULL,NULL,NULL,NULL,NULL,'$2y$12$jiiBNfK/TYiY08YBAoyzRus/qnl4F6fsP06DdpS3AXlWdsuN36zd6',NULL,NULL,NULL,NULL,'2026-01-29 19:36:59','2026-01-29 19:36:59',4,NULL),(3,NULL,'Cleverson Rodrigues',NULL,NULL,NULL,'6692603673','cleverson@eebrasil.org.br',NULL,NULL,NULL,NULL,NULL,NULL,NULL,NULL,NULL,'$2y$12$Y07nmNr5ApsGRy6MWidlJOO.72F5Sx/LgtokLcTa29wH96F3UcO6y',NULL,NULL,NULL,NULL,'2026-01-29 19:36:59','2026-01-29 19:36:59',5,NULL),(4,NULL,'Davdsion Freitas',NULL,NULL,NULL,'21992192082','davidsonfreitas@eebrasil.org.br',NULL,NULL,NULL,NULL,NULL,NULL,NULL,NULL,NULL,'$2y$12$kojv6/4He5M3IkYz.8ZpMellnQQrBc8PGcD7Q/qRB5a03zSZYm/Uq',NULL,NULL,NULL,NULL,'2026-01-29 19:36:59','2026-01-29 19:36:59',3,NULL),(5,NULL,'Robert D. Foster',NULL,NULL,NULL,'6787364150','rfoster@eeworks.org',NULL,NULL,NULL,NULL,NULL,NULL,NULL,NULL,NULL,'$2y$12$BtJMdXhTii26njBwROeAeeymbcpVX6PrFYTc24/tNO0gjhrvSLWDi',NULL,NULL,NULL,NULL,'2026-01-29 19:36:59','2026-01-29 19:36:59',6,NULL),(6,NULL,'Patricia Rezende','2002-03-20','Masculino',NULL,'85903607418','cleber66@example.org','Rua dos Ipes','9957',NULL,'Nova Esperanca','Belo Horizonte','AM','48508357',NULL,'2026-01-29 19:36:59','$2y$12$J3gDxHhzvh2BLQsGRL5ggu4ZpxIzQ25T5gviWpzuuOa/NeryqH/aG',NULL,NULL,NULL,'TUGPgKXLm3','2026-01-29 19:37:00','2026-01-29 19:37:00',4,NULL),(7,NULL,'Marcos Rezende','2016-09-02','Masculino',NULL,'21911082320','leandro39@example.org','Rua das Flores','7043',NULL,'Jardim das Oliveiras','Brasilia','DF','72219045','Rem laboriosam architecto molestiae delectus laboriosam qui distinctio magnam sint et dolor eos similique exercitationem sint ut.','2026-01-29 19:37:00','$2y$12$J3gDxHhzvh2BLQsGRL5ggu4ZpxIzQ25T5gviWpzuuOa/NeryqH/aG',NULL,NULL,NULL,'JZvzj6QGpW','2026-01-29 19:37:00','2026-01-29 19:37:00',9,NULL),(8,NULL,'Carlos Oliveira','2003-10-15',NULL,NULL,'71918538559','svalentin@example.net','Alameda Brasil','8949',NULL,'Jardim America','Fortaleza','PA','20755218',NULL,'2026-01-29 19:37:00','$2y$12$J3gDxHhzvh2BLQsGRL5ggu4ZpxIzQ25T5gviWpzuuOa/NeryqH/aG',NULL,NULL,NULL,'9H2AWKSgDj','2026-01-29 19:37:00','2026-01-29 19:37:00',3,NULL),(9,NULL,'Gabriel Dias','2025-12-06','Feminino',NULL,'85980570800','qsepulveda@example.com','Avenida Independencia','9882',NULL,'Parque das Nacoes','Sao Paulo','SP','75647751',NULL,'2026-01-29 19:37:00','$2y$12$J3gDxHhzvh2BLQsGRL5ggu4ZpxIzQ25T5gviWpzuuOa/NeryqH/aG',NULL,NULL,NULL,'q4ujIJjkJI','2026-01-29 19:37:00','2026-01-29 19:37:00',8,NULL),(10,NULL,'Felipe Dias','1980-04-06','Outro',NULL,'31917289790','ramires.otavio@example.net','Alameda Santos Dumont','9109',NULL,'Nova Esperanca','Recife','PE','22615900',NULL,'2026-01-29 19:37:00','$2y$12$J3gDxHhzvh2BLQsGRL5ggu4ZpxIzQ25T5gviWpzuuOa/NeryqH/aG',NULL,NULL,NULL,'jw72vy3VsL','2026-01-29 19:37:00','2026-01-29 19:37:00',12,NULL),(11,NULL,'Camila Martins','1989-03-17','Feminino',NULL,'11990600190','nayara60@example.org','Rua Santos Dumont','5020','Apto 101','Bela Vista','Sao Paulo','PA','69110477','Maxime nihil atque aut dignissimos aliquid dolores deleniti.','2026-01-29 19:37:00','$2y$12$J3gDxHhzvh2BLQsGRL5ggu4ZpxIzQ25T5gviWpzuuOa/NeryqH/aG',NULL,NULL,NULL,'D0q12rpGei','2026-01-29 19:37:00','2026-01-29 19:37:00',7,NULL),(12,NULL,'Mariana Silva','1997-04-05','Feminino',NULL,'51908415683','danielle.azevedo@example.net','Alameda Brasil','5459',NULL,'Santa Clara','Curitiba','PR','53563306','Praesentium illum voluptas molestias nihil est ut porro exercitationem animi nesciunt.','2026-01-29 19:37:00','$2y$12$J3gDxHhzvh2BLQsGRL5ggu4ZpxIzQ25T5gviWpzuuOa/NeryqH/aG',NULL,NULL,NULL,'8LAg4XRglV','2026-01-29 19:37:00','2026-01-29 19:37:00',4,NULL),(13,NULL,'Renata Gomes','2012-10-22',NULL,NULL,'31914519314','laura.ortega@example.net','Rua Sete de Setembro','9876',NULL,'Jardim America','Rio de Janeiro','MG','37519733',NULL,'2026-01-29 19:37:00','$2y$12$J3gDxHhzvh2BLQsGRL5ggu4ZpxIzQ25T5gviWpzuuOa/NeryqH/aG',NULL,NULL,NULL,'gY0g0hHUG2','2026-01-29 19:37:00','2026-01-29 19:37:00',13,NULL),(14,'Pra. Henrique Carvalho','Beatriz Dias','1971-09-02','Outro',NULL,'81991862490','bonilha.michele@example.net','Travessa dos Ipes','3539',NULL,'Parque das Nacoes','Fortaleza','AM','33636858',NULL,'2026-01-29 19:37:00','$2y$12$J3gDxHhzvh2BLQsGRL5ggu4ZpxIzQ25T5gviWpzuuOa/NeryqH/aG',NULL,NULL,NULL,'yJJiW6Vg98','2026-01-29 19:37:00','2026-01-29 19:37:00',24,NULL),(15,NULL,'Beatriz Souza','1993-05-15','Feminino',NULL,'21986599130','qgil@example.org','Avenida Independencia','3045',NULL,'Jardim America','Brasilia','BA','01645625',NULL,'2026-01-29 19:37:00','$2y$12$J3gDxHhzvh2BLQsGRL5ggu4ZpxIzQ25T5gviWpzuuOa/NeryqH/aG',NULL,NULL,NULL,'mhez1dqQ23','2026-01-29 19:37:00','2026-01-29 19:37:00',5,NULL),(16,NULL,'Andre Pereira','1987-09-06','Feminino',NULL,'71953609245','marcos.camacho@example.net','Avenida Rio Branco','6907',NULL,'Jardim das Oliveiras','Fortaleza','RS','80011583',NULL,'2026-01-29 19:37:00','$2y$12$J3gDxHhzvh2BLQsGRL5ggu4ZpxIzQ25T5gviWpzuuOa/NeryqH/aG',NULL,NULL,NULL,'T6Oxr3UUml','2026-01-29 19:37:00','2026-01-29 19:37:00',25,NULL),(17,'Pra. Daniel Lima','Carolina Gomes','1981-08-05','Feminino',NULL,'91967447545','barreto.christian@example.org','Avenida Brasil','8277',NULL,'Centro','Curitiba','PE','09376175',NULL,'2026-01-29 19:37:00','$2y$12$J3gDxHhzvh2BLQsGRL5ggu4ZpxIzQ25T5gviWpzuuOa/NeryqH/aG',NULL,NULL,NULL,'ew74zxbTo6','2026-01-29 19:37:00','2026-01-29 19:37:00',9,NULL),(18,NULL,'Marcos Ribeiro','2025-10-13','Feminino',NULL,'71986228303','jtorres@example.net','Alameda Sete de Setembro','8166',NULL,'Jardim America','Fortaleza','PR','59516266',NULL,'2026-01-29 19:37:00','$2y$12$J3gDxHhzvh2BLQsGRL5ggu4ZpxIzQ25T5gviWpzuuOa/NeryqH/aG',NULL,NULL,NULL,'plAjtNrEU5','2026-01-29 19:37:00','2026-01-29 19:37:00',6,NULL),(19,NULL,'Eduardo Cardoso','2014-12-01','Outro',NULL,'41913140622','rafael04@example.org','Rua Independencia','5866','Bloco B','Centro','Sao Paulo','MG','29058623',NULL,'2026-01-29 19:37:00','$2y$12$J3gDxHhzvh2BLQsGRL5ggu4ZpxIzQ25T5gviWpzuuOa/NeryqH/aG',NULL,NULL,NULL,'qNRrfNrMow','2026-01-29 19:37:00','2026-01-29 19:37:00',16,NULL),(20,NULL,'Renata Souza',NULL,'Masculino',NULL,'91942126331','vdasneves@example.org','Rua Dom Pedro II','4968','Casa 2','Nova Esperanca','Brasilia','PE','90006126',NULL,'2026-01-29 19:37:00','$2y$12$J3gDxHhzvh2BLQsGRL5ggu4ZpxIzQ25T5gviWpzuuOa/NeryqH/aG',NULL,NULL,NULL,'aGrXypz0Pt','2026-01-29 19:37:00','2026-01-29 19:37:00',12,NULL),(21,NULL,'Larissa Martins','1986-06-16','Masculino',NULL,'85965684535','yrivera@example.org','Alameda Rio Branco','9682','Fundos','Parque das Nacoes','Goiania','BA','82108860',NULL,'2026-01-29 19:37:00','$2y$12$J3gDxHhzvh2BLQsGRL5ggu4ZpxIzQ25T5gviWpzuuOa/NeryqH/aG',NULL,NULL,NULL,'SA6vvRnN0o','2026-01-29 19:37:00','2026-01-29 19:37:00',7,NULL),(22,NULL,'Eduardo Dias','1987-01-03','Outro',NULL,'61930657266','claudio.romero@example.org','Avenida dos Ipes','5080',NULL,'Santa Clara','Goiania','PA','83691953',NULL,'2026-01-29 19:37:00','$2y$12$J3gDxHhzvh2BLQsGRL5ggu4ZpxIzQ25T5gviWpzuuOa/NeryqH/aG',NULL,NULL,NULL,'xe44LNMbxw','2026-01-29 19:37:00','2026-01-29 19:37:00',15,NULL),(23,NULL,'Beatriz Cardoso','1999-08-12','Outro',NULL,'71938177368','zcaldeira@example.com','Travessa das Flores','7185',NULL,'Santa Clara','Sao Paulo','DF','97365576','Consequatur nesciunt deleniti asperiores quis vel eum ex est veritatis enim.','2026-01-29 19:37:00','$2y$12$J3gDxHhzvh2BLQsGRL5ggu4ZpxIzQ25T5gviWpzuuOa/NeryqH/aG',NULL,NULL,NULL,'dMZwYZVdUB','2026-01-29 19:37:00','2026-01-29 19:37:00',3,NULL),(24,NULL,'Renata Rocha','1970-09-10',NULL,NULL,'51915406750','noeli.aguiar@example.com','Rua Dom Pedro II','954',NULL,'Nova Esperanca','Goiania','MG','40907060',NULL,'2026-01-29 19:37:00','$2y$12$J3gDxHhzvh2BLQsGRL5ggu4ZpxIzQ25T5gviWpzuuOa/NeryqH/aG',NULL,NULL,NULL,'djiJJ58ntV','2026-01-29 19:37:00','2026-01-29 19:37:00',11,NULL),(25,NULL,'Vitor Pereira','2023-04-14','Outro',NULL,'91911924816','isabella64@example.com','Avenida Independencia','5911',NULL,'Parque das Nacoes','Curitiba','SP','69880067',NULL,'2026-01-29 19:37:00','$2y$12$J3gDxHhzvh2BLQsGRL5ggu4ZpxIzQ25T5gviWpzuuOa/NeryqH/aG',NULL,NULL,NULL,'ZMOXSFaonz','2026-01-29 19:37:00','2026-01-29 19:37:00',6,NULL),(26,NULL,'Beatriz Lima','1972-01-04','Feminino',NULL,'91934883900','ealves@example.net','Travessa Brasil','6026','Bloco B','Centro','Salvador','RS','10730284',NULL,'2026-01-29 19:37:00','$2y$12$J3gDxHhzvh2BLQsGRL5ggu4ZpxIzQ25T5gviWpzuuOa/NeryqH/aG',NULL,NULL,NULL,'xzBkXejIok','2026-01-29 19:37:00','2026-01-29 19:37:00',11,NULL),(27,NULL,'Fernanda Lima','1974-11-01',NULL,NULL,'31935644414','clarice.caldeira@example.com','Travessa Sete de Setembro','6613',NULL,'Bela Vista','Belo Horizonte','MG','21914923',NULL,'2026-01-29 19:37:00','$2y$12$J3gDxHhzvh2BLQsGRL5ggu4ZpxIzQ25T5gviWpzuuOa/NeryqH/aG',NULL,NULL,NULL,'KYXEtogYDi','2026-01-29 19:37:00','2026-01-29 19:37:00',11,NULL),(28,NULL,'Bruno Pereira','2025-08-26','Feminino',NULL,'71998587697','aragao.anita@example.net','Travessa das Flores','988',NULL,'Boa Vista','Goiania','AM','27605647',NULL,'2026-01-29 19:37:00','$2y$12$J3gDxHhzvh2BLQsGRL5ggu4ZpxIzQ25T5gviWpzuuOa/NeryqH/aG',NULL,NULL,NULL,'HwiqENh4n9','2026-01-29 19:37:00','2026-01-29 19:37:00',13,NULL),(29,NULL,'Patricia Rezende','1973-05-29',NULL,NULL,'11949669855','goncalves.ricardo@example.net','Travessa Paulista','4941',NULL,'Bela Vista','Belo Horizonte','AM','74306452',NULL,'2026-01-29 19:37:00','$2y$12$J3gDxHhzvh2BLQsGRL5ggu4ZpxIzQ25T5gviWpzuuOa/NeryqH/aG',NULL,NULL,NULL,'hch2KJW1zs','2026-01-29 19:37:00','2026-01-29 19:37:00',18,NULL),(30,NULL,'Amanda Souza',NULL,'Feminino',NULL,'71938453582','andreia71@example.net','Travessa Santos Dumont','7827','Casa 2','Nova Esperanca','Sao Paulo','RJ','63951963','Suscipit sunt saepe eveniet nam expedita est pariatur consequuntur veritatis iste.','2026-01-29 19:37:00','$2y$12$J3gDxHhzvh2BLQsGRL5ggu4ZpxIzQ25T5gviWpzuuOa/NeryqH/aG',NULL,NULL,NULL,'R9lX9k0WXp','2026-01-29 19:37:00','2026-01-29 19:37:00',23,NULL),(31,'Pra. Vitor Ribeiro','Renata Martins',NULL,'Outro',NULL,'21946657905','santacruz.heloise@example.com','Travessa Brasil','9723','Apto 101','Boa Vista','Salvador','BA','91318075',NULL,'2026-01-29 19:37:00','$2y$12$J3gDxHhzvh2BLQsGRL5ggu4ZpxIzQ25T5gviWpzuuOa/NeryqH/aG',NULL,NULL,NULL,'TLf5u4ESNV','2026-01-29 19:37:00','2026-01-29 19:37:00',5,NULL),(32,NULL,'Carolina Cardoso',NULL,'Feminino',NULL,'91988277155','cervantes.denise@example.org','Travessa Rio Branco','653',NULL,'Centro','Belem','PE','69695132',NULL,'2026-01-29 19:37:00','$2y$12$J3gDxHhzvh2BLQsGRL5ggu4ZpxIzQ25T5gviWpzuuOa/NeryqH/aG',NULL,NULL,NULL,'96vyXp6EZe','2026-01-29 19:37:00','2026-01-29 19:37:00',23,NULL),(33,'Pra. Andre Santana','Patricia Santana','1984-06-17','Outro',NULL,'71958107014','jzamana@example.net','Avenida Independencia','9602','Bloco B','Nova Esperanca','Curitiba','BA','86404888',NULL,'2026-01-29 19:37:00','$2y$12$J3gDxHhzvh2BLQsGRL5ggu4ZpxIzQ25T5gviWpzuuOa/NeryqH/aG',NULL,NULL,NULL,'fBjhk8aKGp','2026-01-29 19:37:00','2026-01-29 19:37:00',7,NULL),(34,NULL,'Isabela Cardoso','1991-11-05','Feminino',NULL,'21937345157','maite.sandoval@example.org','Travessa Sete de Setembro','8006',NULL,'Jardim das Oliveiras','Rio de Janeiro','DF','51729063',NULL,'2026-01-29 19:37:00','$2y$12$J3gDxHhzvh2BLQsGRL5ggu4ZpxIzQ25T5gviWpzuuOa/NeryqH/aG',NULL,NULL,NULL,'G0rD9bZOdG','2026-01-29 19:37:00','2026-01-29 19:37:00',22,NULL),(35,NULL,'Marcos Costa','2023-08-27','Outro',NULL,'21964123749','sandro71@example.net','Rua Sete de Setembro','2340',NULL,'Vila Nova','Manaus','SP','86712449',NULL,'2026-01-29 19:37:00','$2y$12$J3gDxHhzvh2BLQsGRL5ggu4ZpxIzQ25T5gviWpzuuOa/NeryqH/aG',NULL,NULL,NULL,'JvveXrA4jn','2026-01-29 19:37:00','2026-01-29 19:37:00',23,NULL),(36,NULL,'Henrique Souza',NULL,'Feminino',NULL,'11943022415','cervantes.caio@example.com','Alameda Santos Dumont','6628','Bloco B','Jardim America','Porto Alegre','CE','88500921',NULL,'2026-01-29 19:37:00','$2y$12$J3gDxHhzvh2BLQsGRL5ggu4ZpxIzQ25T5gviWpzuuOa/NeryqH/aG',NULL,NULL,NULL,'ICDUKHDzR8','2026-01-29 19:37:00','2026-01-29 19:37:00',22,NULL),(37,NULL,'Juliana Pereira','1991-05-21','Outro',NULL,'31910503872','alessandra05@example.com','Rua Paulista','4145',NULL,'Parque das Nacoes','Recife','DF','85786478',NULL,'2026-01-29 19:37:00','$2y$12$J3gDxHhzvh2BLQsGRL5ggu4ZpxIzQ25T5gviWpzuuOa/NeryqH/aG',NULL,NULL,NULL,'kSGzLjMYEr','2026-01-29 19:37:00','2026-01-29 19:37:00',2,NULL),(38,NULL,'Amanda Cardoso','2025-03-30','Masculino',NULL,'71978463114','ferminiano.henrique@example.org','Alameda Brasil','143',NULL,'Vila Nova','Rio de Janeiro','BA','84159074','Dignissimos libero ipsam debitis nisi possimus qui soluta vel accusantium quae ut libero sit.','2026-01-29 19:37:00','$2y$12$J3gDxHhzvh2BLQsGRL5ggu4ZpxIzQ25T5gviWpzuuOa/NeryqH/aG',NULL,NULL,NULL,'iDBySgCW4V','2026-01-29 19:37:00','2026-01-29 19:37:00',15,NULL),(39,NULL,'Isabela Moura','2015-07-24','Feminino',NULL,'51958475283','goncalves.deivid@example.net','Rua Santos Dumont','7067',NULL,'Nova Esperanca','Fortaleza','PR','46158243',NULL,'2026-01-29 19:37:00','$2y$12$J3gDxHhzvh2BLQsGRL5ggu4ZpxIzQ25T5gviWpzuuOa/NeryqH/aG',NULL,NULL,NULL,'4blgEupIIx','2026-01-29 19:37:00','2026-01-29 19:37:00',9,NULL),(40,NULL,'Bruno Almeida','2023-07-25','Outro',NULL,'31937164121','alessandra.vega@example.org','Avenida dos Ipes','3539',NULL,'Boa Vista','Fortaleza','RS','04854684',NULL,'2026-01-29 19:37:00','$2y$12$J3gDxHhzvh2BLQsGRL5ggu4ZpxIzQ25T5gviWpzuuOa/NeryqH/aG',NULL,NULL,NULL,'yv6DxRrBT9','2026-01-29 19:37:00','2026-01-29 19:37:00',15,NULL),(41,NULL,'Carolina Silva','2021-06-17','Outro',NULL,'71902478810','isoto@example.net','Travessa Santos Dumont','1154',NULL,'Vila Esperanca','Curitiba','SP','43408427',NULL,'2026-01-29 19:37:00','$2y$12$J3gDxHhzvh2BLQsGRL5ggu4ZpxIzQ25T5gviWpzuuOa/NeryqH/aG',NULL,NULL,NULL,'bi2s7YlAVe','2026-01-29 19:37:00','2026-01-29 19:37:00',13,NULL),(42,NULL,'Joao Carvalho',NULL,'Masculino',NULL,'61957170983','manuela23@example.com','Travessa das Flores','6087',NULL,'Santa Clara','Porto Alegre','DF','89753774','Totam suscipit et eum nihil voluptatem iusto facere ut officiis recusandae rerum quasi quasi molestiae quis unde.','2026-01-29 19:37:00','$2y$12$J3gDxHhzvh2BLQsGRL5ggu4ZpxIzQ25T5gviWpzuuOa/NeryqH/aG',NULL,NULL,NULL,'AopIjtIZUw','2026-01-29 19:37:00','2026-01-29 19:37:00',1,NULL),(43,NULL,'Daniel Moura','1994-12-19','Feminino',NULL,'31902568473','beltrao.gustavo@example.net','Avenida das Flores','3285',NULL,'Santa Clara','Belo Horizonte','PR','54296684','Tenetur debitis ratione soluta est ut ut totam laboriosam saepe velit a rerum.','2026-01-29 19:37:00','$2y$12$J3gDxHhzvh2BLQsGRL5ggu4ZpxIzQ25T5gviWpzuuOa/NeryqH/aG',NULL,NULL,NULL,'1pSSJ0Nk7b','2026-01-29 19:37:00','2026-01-29 19:37:00',22,NULL),(44,NULL,'Daniel Carvalho','1978-04-12','Feminino',NULL,'31912459392','ariane65@example.net','Alameda Sete de Setembro','3089',NULL,'Parque das Nacoes','Curitiba','MG','86282954',NULL,'2026-01-29 19:37:00','$2y$12$J3gDxHhzvh2BLQsGRL5ggu4ZpxIzQ25T5gviWpzuuOa/NeryqH/aG',NULL,NULL,NULL,'5hJDnqB0H8','2026-01-29 19:37:00','2026-01-29 19:37:00',24,NULL),(45,NULL,'Carlos Costa','2002-03-30',NULL,NULL,'91915409606','tiago.dominato@example.com','Alameda Brasil','8559','Apto 101','Vila Nova','Fortaleza','SP','75101393','Nisi odit eum accusamus quam atque error non rem.','2026-01-29 19:37:00','$2y$12$J3gDxHhzvh2BLQsGRL5ggu4ZpxIzQ25T5gviWpzuuOa/NeryqH/aG',NULL,NULL,NULL,'z4DQ0434ss','2026-01-29 19:37:00','2026-01-29 19:37:00',3,NULL),(46,NULL,'Fernanda Martins','2018-10-17','Outro',NULL,'71902808588','emilia.matias@example.net','Alameda das Flores','3701','Fundos','Vila Nova','Belo Horizonte','MG','58333348',NULL,'2026-01-29 19:37:00','$2y$12$J3gDxHhzvh2BLQsGRL5ggu4ZpxIzQ25T5gviWpzuuOa/NeryqH/aG',NULL,NULL,NULL,'EU7AuIMOWY','2026-01-29 19:37:00','2026-01-29 19:37:00',5,NULL),(47,'Pr. Mariana Ribeiro','Marcos Pereira','1970-08-19','Outro',NULL,'91909915071','joaquim.balestero@example.org','Avenida Getulio Vargas','1943',NULL,'Jardim das Oliveiras','Brasilia','AM','47551813',NULL,'2026-01-29 19:37:00','$2y$12$J3gDxHhzvh2BLQsGRL5ggu4ZpxIzQ25T5gviWpzuuOa/NeryqH/aG',NULL,NULL,NULL,'DNAkClkhI4','2026-01-29 19:37:00','2026-01-29 19:37:00',15,NULL),(48,'Pr. Vitor Costa','Mariana Ramos','2012-12-12','Masculino',NULL,'61984117623','dasilva.valentin@example.net','Rua Paulista','4119',NULL,'Santa Clara','Salvador','CE','70812618',NULL,'2026-01-29 19:37:00','$2y$12$J3gDxHhzvh2BLQsGRL5ggu4ZpxIzQ25T5gviWpzuuOa/NeryqH/aG',NULL,NULL,NULL,'HQJl9f4q2y','2026-01-29 19:37:00','2026-01-29 19:37:00',7,NULL),(49,NULL,'Camila Souza','2011-01-25','Masculino',NULL,'11998871874','mauro89@example.net','Alameda dos Ipes','6001',NULL,'Vila Nova','Belem','DF','96554183',NULL,'2026-01-29 19:37:00','$2y$12$J3gDxHhzvh2BLQsGRL5ggu4ZpxIzQ25T5gviWpzuuOa/NeryqH/aG',NULL,NULL,NULL,'RoijZFQ3ab','2026-01-29 19:37:00','2026-01-29 19:37:00',19,NULL),(50,NULL,'Juliana Carvalho','1986-05-10','Feminino',NULL,'91936667791','jasmin.roque@example.org','Avenida das Flores','9865',NULL,'Boa Vista','Belem','PR','97798755',NULL,'2026-01-29 19:37:00','$2y$12$J3gDxHhzvh2BLQsGRL5ggu4ZpxIzQ25T5gviWpzuuOa/NeryqH/aG',NULL,NULL,NULL,'6BAjk7e0FS','2026-01-29 19:37:00','2026-01-29 19:37:00',26,NULL),(51,NULL,'Vitor Pereira',NULL,NULL,NULL,'81958599545','danielle10@example.org','Alameda Getulio Vargas','8809',NULL,'Bela Vista','Manaus','CE','08558524',NULL,'2026-01-29 19:37:00','$2y$12$J3gDxHhzvh2BLQsGRL5ggu4ZpxIzQ25T5gviWpzuuOa/NeryqH/aG',NULL,NULL,NULL,'IkOTljGP6f','2026-01-29 19:37:00','2026-01-29 19:37:00',17,NULL),(52,NULL,'Mariana Ramos',NULL,'Masculino',NULL,'11985639375','clara10@example.com','Avenida Independencia','6505',NULL,'Vila Nova','Belo Horizonte','BA','76781389','Perferendis occaecati sapiente est expedita voluptatem quia et ut ex qui non dolores error numquam.','2026-01-29 19:37:00','$2y$12$J3gDxHhzvh2BLQsGRL5ggu4ZpxIzQ25T5gviWpzuuOa/NeryqH/aG',NULL,NULL,NULL,'K3TP8SBrhI','2026-01-29 19:37:00','2026-01-29 19:37:00',15,NULL),(53,'Pra. Fernanda Ramos','Patricia Costa','1982-03-17',NULL,NULL,'51910717316','antonieta.galhardo@example.net','Travessa Getulio Vargas','1471','Fundos','Vila Nova','Manaus','SP','50078056',NULL,'2026-01-29 19:37:00','$2y$12$J3gDxHhzvh2BLQsGRL5ggu4ZpxIzQ25T5gviWpzuuOa/NeryqH/aG',NULL,NULL,NULL,'Lm0ACg6LtC','2026-01-29 19:37:00','2026-01-29 19:37:00',5,NULL),(54,NULL,'Rafael Santana',NULL,'Masculino',NULL,'11960208067','jaqueline.galvao@example.org','Alameda das Flores','7493',NULL,'Nova Esperanca','Brasilia','PA','43940847',NULL,'2026-01-29 19:37:00','$2y$12$J3gDxHhzvh2BLQsGRL5ggu4ZpxIzQ25T5gviWpzuuOa/NeryqH/aG',NULL,NULL,NULL,'cqHezK2vR4','2026-01-29 19:37:00','2026-01-29 19:37:00',5,NULL),(55,NULL,'Vitor Rocha',NULL,'Feminino',NULL,'71909638771','tatiane.ferminiano@example.net','Rua Dom Pedro II','1877',NULL,'Vila Esperanca','Salvador','PA','40559948',NULL,'2026-01-29 19:37:00','$2y$12$J3gDxHhzvh2BLQsGRL5ggu4ZpxIzQ25T5gviWpzuuOa/NeryqH/aG',NULL,NULL,NULL,'0odXvLpA76','2026-01-29 19:37:00','2026-01-29 19:37:00',23,NULL),(56,'Pr. Beatriz Santana','Vitor Barbosa',NULL,'Feminino',NULL,'71947729169','moises.galvao@example.com','Avenida Paulista','2965','Bloco B','Vila Esperanca','Brasilia','PE','18652555','Similique quos ea itaque quo quia voluptatem quis sunt id consequuntur est perferendis magni ut eos.','2026-01-29 19:37:00','$2y$12$J3gDxHhzvh2BLQsGRL5ggu4ZpxIzQ25T5gviWpzuuOa/NeryqH/aG',NULL,NULL,NULL,'ouJigMFtOe','2026-01-29 19:37:00','2026-01-29 19:37:00',22,NULL),(57,NULL,'Daniel Souza','2001-08-01','Outro',NULL,'71920084949','pontes.noemi@example.com','Rua Sete de Setembro','5353',NULL,'Bela Vista','Salvador','PE','62946204',NULL,'2026-01-29 19:37:00','$2y$12$J3gDxHhzvh2BLQsGRL5ggu4ZpxIzQ25T5gviWpzuuOa/NeryqH/aG',NULL,NULL,NULL,'3oDEzVjghh','2026-01-29 19:37:00','2026-01-29 19:37:00',8,NULL),(58,NULL,'Eduardo Oliveira','1986-09-03','Feminino',NULL,'21948837103','saraiva.christopher@example.org','Travessa dos Ipes','2573','Bloco B','Parque das Nacoes','Curitiba','BA','23066409',NULL,'2026-01-29 19:37:00','$2y$12$J3gDxHhzvh2BLQsGRL5ggu4ZpxIzQ25T5gviWpzuuOa/NeryqH/aG',NULL,NULL,NULL,'ErT3lZGYqI','2026-01-29 19:37:00','2026-01-29 19:37:00',10,NULL),(59,NULL,'Bruno Barbosa','1974-11-13','Masculino',NULL,'81944815882','ivana74@example.net','Alameda Santos Dumont','4829',NULL,'Jardim das Oliveiras','Brasilia','PR','46502655',NULL,'2026-01-29 19:37:00','$2y$12$J3gDxHhzvh2BLQsGRL5ggu4ZpxIzQ25T5gviWpzuuOa/NeryqH/aG',NULL,NULL,NULL,'NJsfxXCJ6Q','2026-01-29 19:37:00','2026-01-29 19:37:00',6,NULL),(60,'Pr. Fernanda Moura','Juliana Almeida','2022-08-10','Outro',NULL,'85915281823','santana.mauricio@example.net','Travessa das Flores','9779',NULL,'Jardim das Oliveiras','Curitiba','SP','63848619',NULL,'2026-01-29 19:37:00','$2y$12$J3gDxHhzvh2BLQsGRL5ggu4ZpxIzQ25T5gviWpzuuOa/NeryqH/aG',NULL,NULL,NULL,'2QxqkFCFNL','2026-01-29 19:37:00','2026-01-29 19:37:00',3,NULL),(61,NULL,'Mariana Souza','2021-12-03','Masculino',NULL,'81942549002','aaron.rocha@example.org','Travessa Getulio Vargas','7247',NULL,'Jardim das Oliveiras','Manaus','RS','14217217','Cum maiores sint accusamus laudantium impedit voluptas laudantium odit maiores.','2026-01-29 19:37:00','$2y$12$J3gDxHhzvh2BLQsGRL5ggu4ZpxIzQ25T5gviWpzuuOa/NeryqH/aG',NULL,NULL,NULL,'dNs0tfHh0x','2026-01-29 19:37:00','2026-01-29 19:37:00',18,NULL),(62,NULL,'Gabriel Pereira',NULL,'Masculino',NULL,'81983218554','ricardo54@example.org','Avenida das Flores','6628','Casa 2','Vila Nova','Porto Alegre','PR','65174078',NULL,'2026-01-29 19:37:00','$2y$12$J3gDxHhzvh2BLQsGRL5ggu4ZpxIzQ25T5gviWpzuuOa/NeryqH/aG',NULL,NULL,NULL,'DdA7yJtVtw','2026-01-29 19:37:00','2026-01-29 19:37:00',1,NULL),(63,NULL,'Lucas Oliveira','2011-10-30','Feminino',NULL,'61930280719','htamoio@example.net','Avenida Paulista','4847','Casa 2','Santa Clara','Belo Horizonte','DF','81254805','Ut ut aut et autem architecto iusto consequatur et molestiae et et consequatur.','2026-01-29 19:37:00','$2y$12$J3gDxHhzvh2BLQsGRL5ggu4ZpxIzQ25T5gviWpzuuOa/NeryqH/aG',NULL,NULL,NULL,'7AC0DxLQA6','2026-01-29 19:37:00','2026-01-29 19:37:00',2,NULL),(64,NULL,'Lucas Cardoso','2013-04-26','Outro',NULL,'85926581832','prado.tiago@example.org','Rua Getulio Vargas','373',NULL,'Centro','Goiania','PR','90914595',NULL,'2026-01-29 19:37:00','$2y$12$J3gDxHhzvh2BLQsGRL5ggu4ZpxIzQ25T5gviWpzuuOa/NeryqH/aG',NULL,NULL,NULL,'rHYjHy7xMt','2026-01-29 19:37:00','2026-01-29 19:37:00',23,NULL),(65,NULL,'Carolina Cardoso',NULL,'Outro',NULL,'85977973626','rdesouza@example.com','Alameda das Flores','8045',NULL,'Jardim America','Sao Paulo','CE','89608151',NULL,'2026-01-29 19:37:00','$2y$12$J3gDxHhzvh2BLQsGRL5ggu4ZpxIzQ25T5gviWpzuuOa/NeryqH/aG',NULL,NULL,NULL,'41DS0ULuK1','2026-01-29 19:37:00','2026-01-29 19:37:00',23,NULL),(66,NULL,'Carolina Martins','1999-09-02','Feminino',NULL,'21995184063','melina67@example.com','Alameda das Flores','2319','Fundos','Boa Vista','Porto Alegre','DF','68274784','Sed libero libero quas occaecati et itaque autem tempore iure sit qui officia earum provident similique laudantium.','2026-01-29 19:37:00','$2y$12$J3gDxHhzvh2BLQsGRL5ggu4ZpxIzQ25T5gviWpzuuOa/NeryqH/aG',NULL,NULL,NULL,'EEqBQ6yvUQ','2026-01-29 19:37:00','2026-01-29 19:37:00',7,NULL),(67,NULL,'Mariana Carvalho','1978-04-07','Feminino',NULL,'71985460479','jonas44@example.com','Alameda Independencia','3108',NULL,'Jardim America','Rio de Janeiro','RJ','30573034','Porro saepe voluptatem voluptatum illum aut deleniti aliquid quo dolor est alias quibusdam.','2026-01-29 19:37:00','$2y$12$J3gDxHhzvh2BLQsGRL5ggu4ZpxIzQ25T5gviWpzuuOa/NeryqH/aG',NULL,NULL,NULL,'G0CpAb63Fm','2026-01-29 19:37:00','2026-01-29 19:37:00',19,NULL),(68,NULL,'Larissa Barbosa','2016-05-09','Outro',NULL,'71954422381','lfidalgo@example.net','Rua Sete de Setembro','3088',NULL,'Boa Vista','Salvador','MG','58753373',NULL,'2026-01-29 19:37:00','$2y$12$J3gDxHhzvh2BLQsGRL5ggu4ZpxIzQ25T5gviWpzuuOa/NeryqH/aG',NULL,NULL,NULL,'nNCi4b6oKV','2026-01-29 19:37:00','2026-01-29 19:37:00',18,NULL),(69,NULL,'Juliana Ribeiro','1972-07-24',NULL,NULL,'61905014547','adriel.grego@example.net','Avenida das Flores','6795','Apto 101','Parque das Nacoes','Belo Horizonte','PA','08354185',NULL,'2026-01-29 19:37:00','$2y$12$J3gDxHhzvh2BLQsGRL5ggu4ZpxIzQ25T5gviWpzuuOa/NeryqH/aG',NULL,NULL,NULL,'ecDLjjGzQc','2026-01-29 19:37:00','2026-01-29 19:37:00',20,NULL),(70,NULL,'Larissa Martins','1982-07-28','Feminino',NULL,'41907682247','adriana.salgado@example.org','Alameda das Flores','5862',NULL,'Vila Nova','Fortaleza','RS','99953499',NULL,'2026-01-29 19:37:00','$2y$12$J3gDxHhzvh2BLQsGRL5ggu4ZpxIzQ25T5gviWpzuuOa/NeryqH/aG',NULL,NULL,NULL,'XGeWyubGPy','2026-01-29 19:37:00','2026-01-29 19:37:00',4,NULL),(71,NULL,'Daniel Moura','1988-01-11','Outro',NULL,'31927026278','fernando11@example.org','Alameda dos Ipes','5431',NULL,'Boa Vista','Salvador','DF','45739743',NULL,'2026-01-29 19:37:00','$2y$12$J3gDxHhzvh2BLQsGRL5ggu4ZpxIzQ25T5gviWpzuuOa/NeryqH/aG',NULL,NULL,NULL,'UFjyonPEw9','2026-01-29 19:37:00','2026-01-29 19:37:00',12,NULL),(72,NULL,'Carolina Cardoso','1999-07-09','Outro',NULL,'71957610629','noeli.beltrao@example.org','Travessa Independencia','8970',NULL,'Vila Nova','Belo Horizonte','RJ','40463458',NULL,'2026-01-29 19:37:00','$2y$12$J3gDxHhzvh2BLQsGRL5ggu4ZpxIzQ25T5gviWpzuuOa/NeryqH/aG',NULL,NULL,NULL,'ryeUhhiCOJ','2026-01-29 19:37:00','2026-01-29 19:37:00',16,NULL),(73,NULL,'Fernanda Costa','2023-04-15','Outro',NULL,'91913278931','nayara98@example.net','Alameda dos Ipes','4829',NULL,'Vila Esperanca','Porto Alegre','RS','93859532',NULL,'2026-01-29 19:37:00','$2y$12$J3gDxHhzvh2BLQsGRL5ggu4ZpxIzQ25T5gviWpzuuOa/NeryqH/aG',NULL,NULL,NULL,'m40V8bIQvr','2026-01-29 19:37:00','2026-01-29 19:37:00',21,NULL),(74,NULL,'Daniel Almeida','1971-12-14','Outro',NULL,'91959425182','gael.deaguiar@example.org','Avenida Getulio Vargas','2495','Apto 101','Santa Clara','Rio de Janeiro','DF','86351791',NULL,'2026-01-29 19:37:00','$2y$12$J3gDxHhzvh2BLQsGRL5ggu4ZpxIzQ25T5gviWpzuuOa/NeryqH/aG',NULL,NULL,NULL,'K1VfLohgLx','2026-01-29 19:37:00','2026-01-29 19:37:00',25,NULL),(75,NULL,'Vitor Carvalho',NULL,'Outro',NULL,'41934642344','solano.william@example.com','Avenida Santos Dumont','1004',NULL,'Vila Esperanca','Sao Paulo','RJ','22918167',NULL,'2026-01-29 19:37:00','$2y$12$J3gDxHhzvh2BLQsGRL5ggu4ZpxIzQ25T5gviWpzuuOa/NeryqH/aG',NULL,NULL,NULL,'yu4TTSYIbH','2026-01-29 19:37:00','2026-01-29 19:37:00',20,NULL),(76,NULL,'Mariana Rezende','1992-12-29','Masculino',NULL,'61961851560','franco.ingrid@example.net','Alameda Independencia','1442','Fundos','Jardim America','Salvador','PE','74929729',NULL,'2026-01-29 19:37:00','$2y$12$J3gDxHhzvh2BLQsGRL5ggu4ZpxIzQ25T5gviWpzuuOa/NeryqH/aG',NULL,NULL,NULL,'0WwFpyhqnk','2026-01-29 19:37:00','2026-01-29 19:37:00',21,NULL),(77,'Pra. Isabela Barbosa','Joao Ramos','2002-07-11','Feminino',NULL,'81974255529','oliveira.bella@example.com','Avenida dos Ipes','1650',NULL,'Jardim America','Belo Horizonte','GO','84381957',NULL,'2026-01-29 19:37:00','$2y$12$J3gDxHhzvh2BLQsGRL5ggu4ZpxIzQ25T5gviWpzuuOa/NeryqH/aG',NULL,NULL,NULL,'hsElmeHxfh','2026-01-29 19:37:00','2026-01-29 19:37:00',10,NULL),(78,'Pr. Marcos Lima','Isabela Lima',NULL,NULL,NULL,'91920615314','constancia64@example.net','Travessa Independencia','1685',NULL,'Jardim America','Brasilia','SP','41698411','Voluptas exercitationem commodi velit nihil voluptatem non nihil ullam.','2026-01-29 19:37:00','$2y$12$J3gDxHhzvh2BLQsGRL5ggu4ZpxIzQ25T5gviWpzuuOa/NeryqH/aG',NULL,NULL,NULL,'P2EHG2XuQ7','2026-01-29 19:37:00','2026-01-29 19:37:00',22,NULL),(79,'Pr. Isabela Barbosa','Daniel Ribeiro','2009-01-13','Feminino',NULL,'31989997439','mares.constancia@example.org','Rua Dom Pedro II','2575',NULL,'Nova Esperanca','Recife','RJ','94095123',NULL,'2026-01-29 19:37:00','$2y$12$J3gDxHhzvh2BLQsGRL5ggu4ZpxIzQ25T5gviWpzuuOa/NeryqH/aG',NULL,NULL,NULL,'6dRcF3KnIA','2026-01-29 19:37:00','2026-01-29 19:37:00',17,NULL),(80,NULL,'Fernanda Costa','2004-06-04','Masculino',NULL,'85962968751','ariana13@example.net','Rua Sete de Setembro','7892',NULL,'Nova Esperanca','Rio de Janeiro','SP','62580445',NULL,'2026-01-29 19:37:00','$2y$12$J3gDxHhzvh2BLQsGRL5ggu4ZpxIzQ25T5gviWpzuuOa/NeryqH/aG',NULL,NULL,NULL,'ezjyRqlyXy','2026-01-29 19:37:00','2026-01-29 19:37:00',3,NULL),(81,'Pr. Carlos Cardoso','Beatriz Ferreira','1999-03-24','Feminino',NULL,'41923566899','abreu.italo@example.net','Rua Santos Dumont','447',NULL,'Jardim das Oliveiras','Rio de Janeiro','AM','09289685',NULL,'2026-01-29 19:37:00','$2y$12$J3gDxHhzvh2BLQsGRL5ggu4ZpxIzQ25T5gviWpzuuOa/NeryqH/aG',NULL,NULL,NULL,'AFpYXngnsv','2026-01-29 19:37:00','2026-01-29 19:37:00',7,NULL),(82,NULL,'Beatriz Silva','2017-06-14',NULL,NULL,'91970612257','romero.andre@example.com','Travessa Paulista','9542',NULL,'Parque das Nacoes','Porto Alegre','MG','67995794',NULL,'2026-01-29 19:37:00','$2y$12$J3gDxHhzvh2BLQsGRL5ggu4ZpxIzQ25T5gviWpzuuOa/NeryqH/aG',NULL,NULL,NULL,'889dEA0XrP','2026-01-29 19:37:00','2026-01-29 19:37:00',17,NULL),(83,NULL,'Henrique Almeida','2004-03-10','Feminino',NULL,'21966860461','rmendes@example.com','Avenida Rio Branco','6357','Bloco B','Jardim das Oliveiras','Curitiba','RJ','12172498','Aliquam sed et corporis aut impedit quod delectus est dolore ut et expedita culpa.','2026-01-29 19:37:00','$2y$12$J3gDxHhzvh2BLQsGRL5ggu4ZpxIzQ25T5gviWpzuuOa/NeryqH/aG',NULL,NULL,NULL,'fuEcw6Zh6r','2026-01-29 19:37:00','2026-01-29 19:37:00',12,NULL),(84,NULL,'Eduardo Ramos','2007-03-01','Outro',NULL,'11942671000','lira.melissa@example.org','Alameda Paulista','2723',NULL,'Santa Clara','Recife','RJ','07593016',NULL,'2026-01-29 19:37:00','$2y$12$J3gDxHhzvh2BLQsGRL5ggu4ZpxIzQ25T5gviWpzuuOa/NeryqH/aG',NULL,NULL,NULL,'OEAaBYC7s4','2026-01-29 19:37:00','2026-01-29 19:37:00',5,NULL),(85,NULL,'Marcos Rocha',NULL,'Masculino',NULL,'91972896739','dayana95@example.org','Alameda Paulista','6171',NULL,'Centro','Belem','AM','40781787',NULL,'2026-01-29 19:37:00','$2y$12$J3gDxHhzvh2BLQsGRL5ggu4ZpxIzQ25T5gviWpzuuOa/NeryqH/aG',NULL,NULL,NULL,'wdqFjedB1n','2026-01-29 19:37:00','2026-01-29 19:37:00',11,NULL),(86,NULL,'Carlos Moura','2021-01-31','Masculino',NULL,'91947264163','clara.cruz@example.net','Alameda dos Ipes','8284',NULL,'Vila Esperanca','Fortaleza','PA','31376518',NULL,'2026-01-29 19:37:00','$2y$12$J3gDxHhzvh2BLQsGRL5ggu4ZpxIzQ25T5gviWpzuuOa/NeryqH/aG',NULL,NULL,NULL,'tauAOcL9OD','2026-01-29 19:37:00','2026-01-29 19:37:00',20,NULL),(87,NULL,'Daniel Souza','1989-12-13',NULL,NULL,'61918177416','rangel.fernando@example.org','Avenida Santos Dumont','4127',NULL,'Santa Clara','Belo Horizonte','PA','55255701','Et qui qui voluptates architecto ut quia harum qui quos distinctio.','2026-01-29 19:37:00','$2y$12$J3gDxHhzvh2BLQsGRL5ggu4ZpxIzQ25T5gviWpzuuOa/NeryqH/aG',NULL,NULL,NULL,'wxwPTMSD9s','2026-01-29 19:37:00','2026-01-29 19:37:00',2,NULL),(88,NULL,'Juliana Ferreira','2022-11-10','Outro',NULL,'51908890187','qromero@example.org','Alameda das Flores','2808',NULL,'Nova Esperanca','Rio de Janeiro','CE','18741778','Debitis reprehenderit qui cum delectus facere et dicta saepe tenetur placeat placeat sunt.','2026-01-29 19:37:00','$2y$12$J3gDxHhzvh2BLQsGRL5ggu4ZpxIzQ25T5gviWpzuuOa/NeryqH/aG',NULL,NULL,NULL,'p0Nq3VY006','2026-01-29 19:37:00','2026-01-29 19:37:00',23,NULL),(89,NULL,'Henrique Carvalho','2011-01-22','Feminino',NULL,'31944723119','zsantiago@example.net','Travessa Independencia','4763','Casa 2','Jardim America','Belo Horizonte','RS','95781741','Praesentium sed et sit excepturi est repudiandae qui nobis modi qui occaecati saepe sed accusantium a temporibus.','2026-01-29 19:37:00','$2y$12$J3gDxHhzvh2BLQsGRL5ggu4ZpxIzQ25T5gviWpzuuOa/NeryqH/aG',NULL,NULL,NULL,'nyHHjkdFbb','2026-01-29 19:37:00','2026-01-29 19:37:00',8,NULL),(90,NULL,'Juliana Almeida','2012-08-09','Outro',NULL,'81936877496','serrano.katherine@example.org','Rua Rio Branco','7879',NULL,'Nova Esperanca','Brasilia','AM','12788269','Reprehenderit commodi ut delectus aut et alias quam reprehenderit nam eum est ad.','2026-01-29 19:37:00','$2y$12$J3gDxHhzvh2BLQsGRL5ggu4ZpxIzQ25T5gviWpzuuOa/NeryqH/aG',NULL,NULL,NULL,'jbeu7V9PSt','2026-01-29 19:37:00','2026-01-29 19:37:00',5,NULL),(91,'Pr. Fernanda Souza','Vitor Santana','1994-04-21','Outro',NULL,'51930761716','marinho.dante@example.com','Avenida Independencia','9785',NULL,'Jardim America','Fortaleza','RJ','10793979','Distinctio iure dolores ut deserunt eius est sed consequuntur.','2026-01-29 19:37:00','$2y$12$J3gDxHhzvh2BLQsGRL5ggu4ZpxIzQ25T5gviWpzuuOa/NeryqH/aG',NULL,NULL,NULL,'qzfEFcDYge','2026-01-29 19:37:00','2026-01-29 19:37:00',26,NULL),(92,NULL,'Juliana Cardoso',NULL,'Outro',NULL,'91941818993','lcarmona@example.net','Alameda Rio Branco','1092',NULL,'Parque das Nacoes','Belem','CE','50137792',NULL,'2026-01-29 19:37:00','$2y$12$J3gDxHhzvh2BLQsGRL5ggu4ZpxIzQ25T5gviWpzuuOa/NeryqH/aG',NULL,NULL,NULL,'NQPiQylQJK','2026-01-29 19:37:00','2026-01-29 19:37:00',26,NULL),(93,NULL,'Beatriz Santana','2021-07-07','Outro',NULL,'81912998348','rivera.helena@example.net','Alameda Dom Pedro II','8491','Fundos','Boa Vista','Porto Alegre','PR','28294896',NULL,'2026-01-29 19:37:00','$2y$12$J3gDxHhzvh2BLQsGRL5ggu4ZpxIzQ25T5gviWpzuuOa/NeryqH/aG',NULL,NULL,NULL,'CMDVkfHmp4','2026-01-29 19:37:00','2026-01-29 19:37:00',17,NULL),(94,NULL,'Patricia Rezende','2004-04-18','Masculino',NULL,'91907339455','maximiano95@example.com','Avenida Sete de Setembro','2508','Casa 2','Jardim das Oliveiras','Belem','PE','18664673',NULL,'2026-01-29 19:37:00','$2y$12$J3gDxHhzvh2BLQsGRL5ggu4ZpxIzQ25T5gviWpzuuOa/NeryqH/aG',NULL,NULL,NULL,'dKzKaInbsA','2026-01-29 19:37:00','2026-01-29 19:37:00',1,NULL),(95,NULL,'Lucas Santana',NULL,'Outro',NULL,'51941536926','mario64@example.org','Travessa Brasil','9860','Bloco B','Bela Vista','Brasilia','PA','77718073',NULL,'2026-01-29 19:37:00','$2y$12$J3gDxHhzvh2BLQsGRL5ggu4ZpxIzQ25T5gviWpzuuOa/NeryqH/aG',NULL,NULL,NULL,'RKEdBBtEzQ','2026-01-29 19:37:00','2026-01-29 19:37:00',10,NULL),(96,NULL,'Gabriel Silva','2015-03-24','Feminino',NULL,'91988024353','aranda.filipe@example.net','Travessa Dom Pedro II','9395',NULL,'Vila Nova','Rio de Janeiro','MG','47678735',NULL,'2026-01-29 19:37:00','$2y$12$J3gDxHhzvh2BLQsGRL5ggu4ZpxIzQ25T5gviWpzuuOa/NeryqH/aG',NULL,NULL,NULL,'vHM3BeP4iI','2026-01-29 19:37:00','2026-01-29 19:37:00',3,NULL),(97,NULL,'Joao Ramos','2014-09-04','Outro',NULL,'61953631553','agatha.serrano@example.com','Alameda Brasil','4452',NULL,'Vila Esperanca','Porto Alegre','PA','75423629',NULL,'2026-01-29 19:37:00','$2y$12$J3gDxHhzvh2BLQsGRL5ggu4ZpxIzQ25T5gviWpzuuOa/NeryqH/aG',NULL,NULL,NULL,'V4ahbZUpew','2026-01-29 19:37:00','2026-01-29 19:37:00',8,NULL),(98,NULL,'Vitor Ribeiro','1976-08-05','Outro',NULL,'31970250474','eduardo.neves@example.net','Rua Brasil','5925',NULL,'Centro','Sao Paulo','SP','46789171',NULL,'2026-01-29 19:37:00','$2y$12$J3gDxHhzvh2BLQsGRL5ggu4ZpxIzQ25T5gviWpzuuOa/NeryqH/aG',NULL,NULL,NULL,'RZsGkglSVk','2026-01-29 19:37:00','2026-01-29 19:37:00',6,NULL),(99,NULL,'Larissa Almeida','1986-10-30','Masculino',NULL,'21922443087','msoto@example.net','Alameda dos Ipes','9951',NULL,'Centro','Rio de Janeiro','SP','02974276',NULL,'2026-01-29 19:37:00','$2y$12$J3gDxHhzvh2BLQsGRL5ggu4ZpxIzQ25T5gviWpzuuOa/NeryqH/aG',NULL,NULL,NULL,'f7LJqsjM2O','2026-01-29 19:37:00','2026-01-29 19:37:00',9,NULL),(100,NULL,'Larissa Cardoso',NULL,NULL,NULL,'31931088597','karen95@example.com','Avenida Paulista','8437',NULL,'Parque das Nacoes','Recife','MG','17481257','Voluptatem vel praesentium eos dolore voluptatibus voluptas autem consequatur aut voluptatum ut aut vero dolores mollitia eos.','2026-01-29 19:37:00','$2y$12$J3gDxHhzvh2BLQsGRL5ggu4ZpxIzQ25T5gviWpzuuOa/NeryqH/aG',NULL,NULL,NULL,'telfeLidvZ','2026-01-29 19:37:00','2026-01-29 19:37:00',10,NULL),(101,NULL,'Felipe Lima','1972-12-09',NULL,NULL,'91983753629','dayana90@example.com','Rua das Flores','3538',NULL,'Nova Esperanca','Porto Alegre','PR','34191395',NULL,'2026-01-29 19:37:00','$2y$12$J3gDxHhzvh2BLQsGRL5ggu4ZpxIzQ25T5gviWpzuuOa/NeryqH/aG',NULL,NULL,NULL,'J8Eam30DhD','2026-01-29 19:37:00','2026-01-29 19:37:00',17,NULL),(102,NULL,'Renata Silva','1980-08-03','Masculino',NULL,'11938512289','gomes.eric@example.com','Rua Dom Pedro II','6411',NULL,'Vila Esperanca','Sao Paulo','BA','26127459',NULL,'2026-01-29 19:37:00','$2y$12$J3gDxHhzvh2BLQsGRL5ggu4ZpxIzQ25T5gviWpzuuOa/NeryqH/aG',NULL,NULL,NULL,'bpYNJD0ZDa','2026-01-29 19:37:00','2026-01-29 19:37:00',11,NULL),(103,NULL,'Larissa Ribeiro','2019-07-31','Outro',NULL,'41914028037','ycorreia@example.com','Avenida Dom Pedro II','4437',NULL,'Vila Nova','Fortaleza','SP','45670706','Atque iure quo et architecto assumenda harum non laborum ullam rerum odio illo laboriosam veritatis.','2026-01-29 19:37:00','$2y$12$J3gDxHhzvh2BLQsGRL5ggu4ZpxIzQ25T5gviWpzuuOa/NeryqH/aG',NULL,NULL,NULL,'HXUaX8vPrE','2026-01-29 19:37:00','2026-01-29 19:37:00',24,NULL),(104,NULL,'Paulo Carvalho','1996-06-03','Outro',NULL,'21934619348','carla01@example.org','Travessa Sete de Setembro','6918',NULL,'Boa Vista','Brasilia','PR','95375538',NULL,'2026-01-29 19:37:00','$2y$12$J3gDxHhzvh2BLQsGRL5ggu4ZpxIzQ25T5gviWpzuuOa/NeryqH/aG',NULL,NULL,NULL,'I39SG1krv3','2026-01-29 19:37:00','2026-01-29 19:37:00',8,NULL),(105,NULL,'Vitor Ribeiro',NULL,'Outro',NULL,'81946114184','acarmona@example.org','Avenida Dom Pedro II','7127','Apto 101','Parque das Nacoes','Goiania','PR','56222204',NULL,'2026-01-29 19:37:00','$2y$12$J3gDxHhzvh2BLQsGRL5ggu4ZpxIzQ25T5gviWpzuuOa/NeryqH/aG',NULL,NULL,NULL,'YC8wHFCKB4','2026-01-29 19:37:00','2026-01-29 19:37:00',8,NULL);
/*!40000 ALTER TABLE `users` ENABLE KEYS */;
UNLOCK TABLES;

--
-- Table structure for table `vouchers`
--

DROP TABLE IF EXISTS `vouchers`;
/*!40101 SET @saved_cs_client     = @@character_set_client */;
/*!50503 SET character_set_client = utf8mb4 */;
CREATE TABLE `vouchers` (
  `id` bigint unsigned NOT NULL AUTO_INCREMENT,
  `training_id` bigint unsigned DEFAULT NULL,
  `name` varchar(255) COLLATE utf8mb4_unicode_ci NOT NULL,
  `value` varchar(255) COLLATE utf8mb4_unicode_ci NOT NULL,
  `created_at` timestamp NULL DEFAULT NULL,
  `updated_at` timestamp NULL DEFAULT NULL,
  PRIMARY KEY (`id`),
  KEY `vouchers_training_id_foreign` (`training_id`),
  CONSTRAINT `vouchers_training_id_foreign` FOREIGN KEY (`training_id`) REFERENCES `trainings` (`id`) ON DELETE CASCADE ON UPDATE CASCADE
) ENGINE=InnoDB DEFAULT CHARSET=utf8mb4 COLLATE=utf8mb4_unicode_ci;
/*!40101 SET character_set_client = @saved_cs_client */;

--
-- Dumping data for table `vouchers`
--

LOCK TABLES `vouchers` WRITE;
/*!40000 ALTER TABLE `vouchers` DISABLE KEYS */;
/*!40000 ALTER TABLE `vouchers` ENABLE KEYS */;
UNLOCK TABLES;
/*!40103 SET TIME_ZONE=@OLD_TIME_ZONE */;

/*!40101 SET SQL_MODE=@OLD_SQL_MODE */;
/*!40014 SET FOREIGN_KEY_CHECKS=@OLD_FOREIGN_KEY_CHECKS */;
/*!40014 SET UNIQUE_CHECKS=@OLD_UNIQUE_CHECKS */;
/*!40101 SET CHARACTER_SET_CLIENT=@OLD_CHARACTER_SET_CLIENT */;
/*!40101 SET CHARACTER_SET_RESULTS=@OLD_CHARACTER_SET_RESULTS */;
/*!40101 SET COLLATION_CONNECTION=@OLD_COLLATION_CONNECTION */;
/*!40111 SET SQL_NOTES=@OLD_SQL_NOTES */;

-- Dump completed on 2026-01-29 13:44:10
